10000 30000
1 2 15
2 3 18
3 4 8
4 5 10
5 6 13
6 7 17
7 8 8
8 9 1
9 10 9
10 11 2
11 12 13
12 13 15
13 14 12
14 15 8
15 16 14
16 17 20
17 18 8
18 19 6
19 20 7
20 21 12
21 22 8
22 23 16
23 24 9
24 25 12
25 26 19
26 27 18
27 28 18
28 29 20
29 30 11
30 31 16
31 32 3
32 33 6
33 34 16
34 35 9
35 36 1
36 37 18
37 38 6
38 39 8
39 40 13
40 41 9
41 42 17
42 43 18
43 44 4
44 45 5
45 46 17
46 47 15
47 48 20
48 49 11
49 50 3
50 51 12
51 52 17
52 53 16
53 54 20
54 55 18
55 56 12
56 57 14
57 58 12
58 59 8
59 60 18
60 61 14
61 62 9
62 63 19
63 64 8
64 65 8
65 66 2
66 67 2
67 68 19
68 69 15
69 70 11
70 71 10
71 72 15
72 73 3
73 74 16
74 75 4
75 76 18
76 77 9
77 78 6
78 79 15
79 80 19
80 81 8
81 82 6
82 83 9
83 84 12
84 85 3
85 86 9
86 87 1
87 88 9
88 89 20
89 90 5
90 91 15
91 92 14
92 93 17
93 94 19
94 95 11
95 96 9
96 97 14
97 98 1
98 99 10
99 100 6
100 101 13
101 102 11
102 103 3
103 104 20
104 105 10
105 106 13
106 107 6
107 108 2
108 109 19
109 110 13
110 111 1
111 112 14
112 113 13
113 114 7
114 115 3
115 116 13
116 117 18
117 118 1
118 119 20
119 120 8
120 121 2
121 122 6
122 123 4
123 124 3
124 125 12
125 126 3
126 127 5
127 128 13
128 129 17
129 130 2
130 131 11
131 132 11
132 133 5
133 134 6
134 135 10
135 136 14
136 137 15
137 138 19
138 139 10
139 140 8
140 141 16
141 142 3
142 143 12
143 144 3
144 145 16
145 146 3
146 147 13
147 148 10
148 149 11
149 150 10
150 151 12
151 152 5
152 153 7
153 154 7
154 155 17
155 156 20
156 157 19
157 158 5
158 159 13
159 160 11
160 161 6
161 162 11
162 163 18
163 164 17
164 165 6
165 166 18
166 167 19
167 168 3
168 169 2
169 170 16
170 171 18
171 172 5
172 173 3
173 174 7
174 175 14
175 176 4
176 177 2
177 178 11
178 179 15
179 180 7
180 181 17
181 182 9
182 183 8
183 184 3
184 185 9
185 186 5
186 187 16
187 188 1
188 189 11
189 190 14
190 191 2
191 192 20
192 193 6
193 194 10
194 195 12
195 196 9
196 197 12
197 198 1
198 199 4
199 200 12
200 201 15
201 202 12
202 203 20
203 204 16
204 205 4
205 206 7
206 207 19
207 208 2
208 209 15
209 210 6
210 211 9
211 212 11
212 213 9
213 214 1
214 215 1
215 216 8
216 217 14
217 218 11
218 219 19
219 220 11
220 221 19
221 222 6
222 223 9
223 224 9
224 225 16
225 226 2
226 227 11
227 228 18
228 229 20
229 230 8
230 231 10
231 232 1
232 233 9
233 234 1
234 235 14
235 236 17
236 237 16
237 238 4
238 239 16
239 240 18
240 241 6
241 242 4
242 243 7
243 244 14
244 245 17
245 246 11
246 247 19
247 248 19
248 249 15
249 250 5
250 251 16
251 252 17
252 253 15
253 254 5
254 255 17
255 256 8
256 257 7
257 258 7
258 259 17
259 260 4
260 261 13
261 262 18
262 263 8
263 264 18
264 265 2
265 266 12
266 267 10
267 268 9
268 269 9
269 270 1
270 271 5
271 272 10
272 273 9
273 274 13
274 275 13
275 276 4
276 277 4
277 278 11
278 279 13
279 280 3
280 281 15
281 282 3
282 283 17
283 284 8
284 285 7
285 286 14
286 287 7
287 288 18
288 289 6
289 290 13
290 291 12
291 292 20
292 293 7
293 294 4
294 295 19
295 296 15
296 297 12
297 298 10
298 299 10
299 300 4
300 301 18
301 302 19
302 303 17
303 304 15
304 305 6
305 306 13
306 307 3
307 308 18
308 309 2
309 310 16
310 311 7
311 312 2
312 313 16
313 314 1
314 315 8
315 316 7
316 317 4
317 318 2
318 319 14
319 320 7
320 321 10
321 322 9
322 323 14
323 324 1
324 325 6
325 326 18
326 327 18
327 328 20
328 329 4
329 330 6
330 331 1
331 332 4
332 333 20
333 334 2
334 335 20
335 336 13
336 337 14
337 338 9
338 339 9
339 340 4
340 341 20
341 342 7
342 343 15
343 344 2
344 345 20
345 346 11
346 347 20
347 348 2
348 349 9
349 350 13
350 351 19
351 352 19
352 353 19
353 354 1
354 355 13
355 356 20
356 357 15
357 358 15
358 359 7
359 360 1
360 361 5
361 362 8
362 363 2
363 364 11
364 365 1
365 366 17
366 367 11
367 368 8
368 369 17
369 370 12
370 371 11
371 372 1
372 373 16
373 374 8
374 375 18
375 376 12
376 377 20
377 378 6
378 379 9
379 380 14
380 381 2
381 382 14
382 383 17
383 384 14
384 385 16
385 386 11
386 387 11
387 388 4
388 389 1
389 390 8
390 391 18
391 392 6
392 393 17
393 394 8
394 395 15
395 396 17
396 397 3
397 398 5
398 399 6
399 400 19
400 401 10
401 402 5
402 403 5
403 404 13
404 405 16
405 406 14
406 407 14
407 408 12
408 409 8
409 410 9
410 411 14
411 412 6
412 413 12
413 414 10
414 415 1
415 416 11
416 417 7
417 418 14
418 419 2
419 420 18
420 421 8
421 422 1
422 423 4
423 424 18
424 425 2
425 426 2
426 427 3
427 428 1
428 429 9
429 430 6
430 431 20
431 432 8
432 433 2
433 434 6
434 435 19
435 436 5
436 437 20
437 438 6
438 439 19
439 440 2
440 441 7
441 442 15
442 443 17
443 444 7
444 445 18
445 446 8
446 447 19
447 448 20
448 449 2
449 450 18
450 451 20
451 452 12
452 453 1
453 454 5
454 455 12
455 456 11
456 457 9
457 458 19
458 459 2
459 460 11
460 461 20
461 462 7
462 463 2
463 464 5
464 465 13
465 466 10
466 467 17
467 468 16
468 469 3
469 470 20
470 471 16
471 472 6
472 473 11
473 474 6
474 475 1
475 476 12
476 477 4
477 478 5
478 479 10
479 480 3
480 481 2
481 482 19
482 483 20
483 484 13
484 485 10
485 486 1
486 487 3
487 488 3
488 489 18
489 490 13
490 491 7
491 492 16
492 493 18
493 494 5
494 495 3
495 496 20
496 497 7
497 498 6
498 499 3
499 500 10
500 501 13
501 502 19
502 503 14
503 504 12
504 505 18
505 506 6
506 507 18
507 508 2
508 509 10
509 510 5
510 511 2
511 512 2
512 513 10
513 514 9
514 515 1
515 516 18
516 517 9
517 518 13
518 519 13
519 520 7
520 521 8
521 522 6
522 523 20
523 524 19
524 525 14
525 526 4
526 527 8
527 528 15
528 529 4
529 530 12
530 531 10
531 532 4
532 533 14
533 534 20
534 535 8
535 536 16
536 537 17
537 538 13
538 539 3
539 540 3
540 541 1
541 542 16
542 543 4
543 544 7
544 545 4
545 546 13
546 547 1
547 548 14
548 549 10
549 550 16
550 551 1
551 552 19
552 553 20
553 554 1
554 555 16
555 556 5
556 557 16
557 558 11
558 559 12
559 560 16
560 561 3
561 562 10
562 563 12
563 564 5
564 565 6
565 566 7
566 567 3
567 568 17
568 569 15
569 570 20
570 571 18
571 572 6
572 573 16
573 574 9
574 575 12
575 576 7
576 577 14
577 578 5
578 579 7
579 580 14
580 581 20
581 582 3
582 583 11
583 584 15
584 585 2
585 586 14
586 587 3
587 588 17
588 589 9
589 590 7
590 591 4
591 592 1
592 593 5
593 594 14
594 595 14
595 596 10
596 597 14
597 598 3
598 599 18
599 600 9
600 601 18
601 602 16
602 603 14
603 604 4
604 605 3
605 606 9
606 607 17
607 608 14
608 609 5
609 610 15
610 611 3
611 612 20
612 613 14
613 614 13
614 615 4
615 616 11
616 617 14
617 618 13
618 619 17
619 620 7
620 621 4
621 622 12
622 623 15
623 624 19
624 625 18
625 626 10
626 627 5
627 628 18
628 629 13
629 630 17
630 631 6
631 632 10
632 633 16
633 634 8
634 635 3
635 636 11
636 637 7
637 638 19
638 639 19
639 640 16
640 641 17
641 642 6
642 643 20
643 644 15
644 645 3
645 646 4
646 647 20
647 648 15
648 649 20
649 650 6
650 651 14
651 652 12
652 653 1
653 654 1
654 655 6
655 656 14
656 657 18
657 658 9
658 659 11
659 660 18
660 661 16
661 662 4
662 663 10
663 664 13
664 665 14
665 666 8
666 667 13
667 668 11
668 669 3
669 670 16
670 671 8
671 672 5
672 673 10
673 674 2
674 675 12
675 676 8
676 677 20
677 678 2
678 679 6
679 680 11
680 681 7
681 682 10
682 683 14
683 684 15
684 685 12
685 686 7
686 687 17
687 688 2
688 689 1
689 690 15
690 691 1
691 692 9
692 693 1
693 694 2
694 695 15
695 696 19
696 697 20
697 698 20
698 699 16
699 700 19
700 701 7
701 702 8
702 703 9
703 704 17
704 705 15
705 706 11
706 707 6
707 708 10
708 709 11
709 710 15
710 711 3
711 712 11
712 713 17
713 714 4
714 715 9
715 716 9
716 717 10
717 718 18
718 719 10
719 720 15
720 721 14
721 722 13
722 723 12
723 724 19
724 725 14
725 726 1
726 727 1
727 728 6
728 729 10
729 730 16
730 731 20
731 732 7
732 733 7
733 734 14
734 735 17
735 736 12
736 737 17
737 738 6
738 739 2
739 740 14
740 741 11
741 742 20
742 743 10
743 744 2
744 745 20
745 746 7
746 747 7
747 748 13
748 749 10
749 750 17
750 751 12
751 752 20
752 753 6
753 754 5
754 755 18
755 756 9
756 757 10
757 758 13
758 759 7
759 760 11
760 761 7
761 762 4
762 763 13
763 764 12
764 765 16
765 766 16
766 767 5
767 768 6
768 769 16
769 770 1
770 771 4
771 772 19
772 773 20
773 774 1
774 775 4
775 776 18
776 777 20
777 778 5
778 779 4
779 780 15
780 781 20
781 782 13
782 783 9
783 784 15
784 785 9
785 786 9
786 787 5
787 788 6
788 789 14
789 790 7
790 791 1
791 792 18
792 793 12
793 794 13
794 795 15
795 796 9
796 797 1
797 798 15
798 799 12
799 800 2
800 801 8
801 802 14
802 803 12
803 804 5
804 805 11
805 806 14
806 807 8
807 808 9
808 809 19
809 810 2
810 811 16
811 812 16
812 813 5
813 814 9
814 815 5
815 816 6
816 817 2
817 818 12
818 819 15
819 820 18
820 821 13
821 822 7
822 823 8
823 824 3
824 825 1
825 826 18
826 827 7
827 828 18
828 829 10
829 830 10
830 831 19
831 832 14
832 833 1
833 834 12
834 835 6
835 836 9
836 837 11
837 838 14
838 839 15
839 840 17
840 841 11
841 842 4
842 843 15
843 844 3
844 845 16
845 846 19
846 847 18
847 848 15
848 849 15
849 850 6
850 851 10
851 852 6
852 853 19
853 854 13
854 855 8
855 856 2
856 857 10
857 858 11
858 859 3
859 860 4
860 861 7
861 862 19
862 863 9
863 864 16
864 865 6
865 866 19
866 867 6
867 868 6
868 869 16
869 870 14
870 871 16
871 872 16
872 873 10
873 874 12
874 875 10
875 876 13
876 877 9
877 878 12
878 879 13
879 880 4
880 881 6
881 882 11
882 883 16
883 884 10
884 885 16
885 886 8
886 887 8
887 888 6
888 889 11
889 890 4
890 891 16
891 892 19
892 893 17
893 894 10
894 895 16
895 896 17
896 897 4
897 898 19
898 899 12
899 900 16
900 901 19
901 902 5
902 903 4
903 904 15
904 905 13
905 906 15
906 907 3
907 908 9
908 909 4
909 910 11
910 911 4
911 912 6
912 913 16
913 914 11
914 915 11
915 916 12
916 917 5
917 918 17
918 919 13
919 920 5
920 921 11
921 922 1
922 923 2
923 924 9
924 925 3
925 926 1
926 927 4
927 928 2
928 929 15
929 930 16
930 931 16
931 932 4
932 933 18
933 934 4
934 935 6
935 936 2
936 937 11
937 938 12
938 939 11
939 940 7
940 941 10
941 942 14
942 943 15
943 944 2
944 945 9
945 946 10
946 947 1
947 948 7
948 949 4
949 950 11
950 951 10
951 952 13
952 953 11
953 954 14
954 955 5
955 956 13
956 957 13
957 958 10
958 959 10
959 960 9
960 961 2
961 962 19
962 963 3
963 964 2
964 965 3
965 966 15
966 967 19
967 968 1
968 969 7
969 970 15
970 971 14
971 972 16
972 973 18
973 974 10
974 975 17
975 976 6
976 977 20
977 978 17
978 979 8
979 980 16
980 981 4
981 982 3
982 983 4
983 984 4
984 985 7
985 986 20
986 987 2
987 988 8
988 989 8
989 990 5
990 991 13
991 992 15
992 993 15
993 994 11
994 995 7
995 996 12
996 997 14
997 998 10
998 999 15
999 1000 12
1000 1001 16
1001 1002 8
1002 1003 1
1003 1004 11
1004 1005 16
1005 1006 19
1006 1007 3
1007 1008 19
1008 1009 19
1009 1010 15
1010 1011 3
1011 1012 9
1012 1013 10
1013 1014 9
1014 1015 6
1015 1016 8
1016 1017 10
1017 1018 9
1018 1019 19
1019 1020 12
1020 1021 11
1021 1022 4
1022 1023 14
1023 1024 16
1024 1025 20
1025 1026 3
1026 1027 9
1027 1028 13
1028 1029 9
1029 1030 8
1030 1031 17
1031 1032 11
1032 1033 15
1033 1034 11
1034 1035 2
1035 1036 9
1036 1037 1
1037 1038 4
1038 1039 4
1039 1040 20
1040 1041 16
1041 1042 12
1042 1043 10
1043 1044 17
1044 1045 16
1045 1046 16
1046 1047 5
1047 1048 10
1048 1049 10
1049 1050 15
1050 1051 13
1051 1052 12
1052 1053 10
1053 1054 5
1054 1055 13
1055 1056 11
1056 1057 2
1057 1058 17
1058 1059 5
1059 1060 6
1060 1061 14
1061 1062 10
1062 1063 5
1063 1064 9
1064 1065 20
1065 1066 16
1066 1067 6
1067 1068 5
1068 1069 16
1069 1070 18
1070 1071 13
1071 1072 7
1072 1073 4
1073 1074 8
1074 1075 4
1075 1076 17
1076 1077 1
1077 1078 14
1078 1079 20
1079 1080 6
1080 1081 1
1081 1082 9
1082 1083 13
1083 1084 1
1084 1085 14
1085 1086 8
1086 1087 1
1087 1088 6
1088 1089 13
1089 1090 1
1090 1091 3
1091 1092 17
1092 1093 8
1093 1094 11
1094 1095 12
1095 1096 20
1096 1097 10
1097 1098 8
1098 1099 14
1099 1100 11
1100 1101 13
1101 1102 12
1102 1103 1
1103 1104 11
1104 1105 14
1105 1106 11
1106 1107 19
1107 1108 8
1108 1109 1
1109 1110 4
1110 1111 16
1111 1112 12
1112 1113 12
1113 1114 7
1114 1115 9
1115 1116 6
1116 1117 1
1117 1118 19
1118 1119 18
1119 1120 4
1120 1121 16
1121 1122 9
1122 1123 16
1123 1124 10
1124 1125 4
1125 1126 20
1126 1127 18
1127 1128 6
1128 1129 11
1129 1130 14
1130 1131 16
1131 1132 16
1132 1133 12
1133 1134 7
1134 1135 17
1135 1136 7
1136 1137 16
1137 1138 5
1138 1139 6
1139 1140 19
1140 1141 13
1141 1142 17
1142 1143 16
1143 1144 12
1144 1145 3
1145 1146 1
1146 1147 11
1147 1148 12
1148 1149 13
1149 1150 20
1150 1151 10
1151 1152 20
1152 1153 1
1153 1154 14
1154 1155 6
1155 1156 19
1156 1157 20
1157 1158 9
1158 1159 18
1159 1160 13
1160 1161 5
1161 1162 13
1162 1163 14
1163 1164 8
1164 1165 6
1165 1166 19
1166 1167 16
1167 1168 9
1168 1169 20
1169 1170 19
1170 1171 5
1171 1172 1
1172 1173 16
1173 1174 15
1174 1175 13
1175 1176 18
1176 1177 17
1177 1178 16
1178 1179 9
1179 1180 6
1180 1181 18
1181 1182 15
1182 1183 10
1183 1184 8
1184 1185 6
1185 1186 9
1186 1187 6
1187 1188 7
1188 1189 14
1189 1190 1
1190 1191 1
1191 1192 11
1192 1193 13
1193 1194 3
1194 1195 18
1195 1196 17
1196 1197 2
1197 1198 7
1198 1199 11
1199 1200 15
1200 1201 3
1201 1202 15
1202 1203 12
1203 1204 6
1204 1205 10
1205 1206 19
1206 1207 14
1207 1208 10
1208 1209 16
1209 1210 11
1210 1211 13
1211 1212 4
1212 1213 2
1213 1214 10
1214 1215 4
1215 1216 6
1216 1217 8
1217 1218 1
1218 1219 5
1219 1220 7
1220 1221 10
1221 1222 9
1222 1223 18
1223 1224 1
1224 1225 15
1225 1226 8
1226 1227 6
1227 1228 13
1228 1229 20
1229 1230 12
1230 1231 10
1231 1232 11
1232 1233 9
1233 1234 15
1234 1235 3
1235 1236 11
1236 1237 11
1237 1238 4
1238 1239 12
1239 1240 16
1240 1241 18
1241 1242 13
1242 1243 13
1243 1244 7
1244 1245 3
1245 1246 19
1246 1247 12
1247 1248 19
1248 1249 6
1249 1250 10
1250 1251 13
1251 1252 1
1252 1253 6
1253 1254 9
1254 1255 18
1255 1256 7
1256 1257 6
1257 1258 18
1258 1259 20
1259 1260 20
1260 1261 16
1261 1262 18
1262 1263 20
1263 1264 3
1264 1265 17
1265 1266 2
1266 1267 2
1267 1268 12
1268 1269 16
1269 1270 11
1270 1271 3
1271 1272 11
1272 1273 8
1273 1274 8
1274 1275 19
1275 1276 2
1276 1277 12
1277 1278 6
1278 1279 9
1279 1280 16
1280 1281 2
1281 1282 12
1282 1283 8
1283 1284 5
1284 1285 16
1285 1286 12
1286 1287 8
1287 1288 17
1288 1289 7
1289 1290 18
1290 1291 10
1291 1292 1
1292 1293 7
1293 1294 9
1294 1295 1
1295 1296 16
1296 1297 13
1297 1298 20
1298 1299 12
1299 1300 19
1300 1301 20
1301 1302 8
1302 1303 10
1303 1304 5
1304 1305 17
1305 1306 15
1306 1307 5
1307 1308 2
1308 1309 2
1309 1310 4
1310 1311 16
1311 1312 15
1312 1313 2
1313 1314 19
1314 1315 8
1315 1316 1
1316 1317 3
1317 1318 11
1318 1319 5
1319 1320 15
1320 1321 10
1321 1322 17
1322 1323 10
1323 1324 20
1324 1325 16
1325 1326 16
1326 1327 18
1327 1328 6
1328 1329 7
1329 1330 18
1330 1331 3
1331 1332 14
1332 1333 19
1333 1334 10
1334 1335 1
1335 1336 8
1336 1337 15
1337 1338 10
1338 1339 5
1339 1340 6
1340 1341 3
1341 1342 13
1342 1343 20
1343 1344 17
1344 1345 11
1345 1346 7
1346 1347 19
1347 1348 8
1348 1349 4
1349 1350 2
1350 1351 20
1351 1352 1
1352 1353 11
1353 1354 18
1354 1355 18
1355 1356 18
1356 1357 12
1357 1358 15
1358 1359 15
1359 1360 17
1360 1361 16
1361 1362 10
1362 1363 11
1363 1364 9
1364 1365 14
1365 1366 2
1366 1367 13
1367 1368 5
1368 1369 4
1369 1370 6
1370 1371 14
1371 1372 6
1372 1373 5
1373 1374 9
1374 1375 10
1375 1376 17
1376 1377 5
1377 1378 13
1378 1379 7
1379 1380 19
1380 1381 13
1381 1382 16
1382 1383 10
1383 1384 15
1384 1385 10
1385 1386 9
1386 1387 17
1387 1388 10
1388 1389 17
1389 1390 20
1390 1391 15
1391 1392 9
1392 1393 3
1393 1394 2
1394 1395 18
1395 1396 18
1396 1397 11
1397 1398 20
1398 1399 14
1399 1400 12
1400 1401 5
1401 1402 13
1402 1403 11
1403 1404 19
1404 1405 16
1405 1406 7
1406 1407 10
1407 1408 9
1408 1409 16
1409 1410 11
1410 1411 10
1411 1412 12
1412 1413 16
1413 1414 18
1414 1415 6
1415 1416 8
1416 1417 18
1417 1418 14
1418 1419 10
1419 1420 9
1420 1421 5
1421 1422 13
1422 1423 11
1423 1424 13
1424 1425 14
1425 1426 13
1426 1427 13
1427 1428 12
1428 1429 13
1429 1430 11
1430 1431 3
1431 1432 18
1432 1433 14
1433 1434 1
1434 1435 14
1435 1436 16
1436 1437 14
1437 1438 20
1438 1439 2
1439 1440 4
1440 1441 15
1441 1442 3
1442 1443 3
1443 1444 3
1444 1445 1
1445 1446 16
1446 1447 13
1447 1448 14
1448 1449 12
1449 1450 1
1450 1451 3
1451 1452 17
1452 1453 19
1453 1454 15
1454 1455 2
1455 1456 11
1456 1457 19
1457 1458 2
1458 1459 12
1459 1460 20
1460 1461 5
1461 1462 12
1462 1463 5
1463 1464 17
1464 1465 6
1465 1466 17
1466 1467 2
1467 1468 2
1468 1469 5
1469 1470 15
1470 1471 9
1471 1472 10
1472 1473 19
1473 1474 8
1474 1475 17
1475 1476 3
1476 1477 14
1477 1478 17
1478 1479 3
1479 1480 7
1480 1481 12
1481 1482 7
1482 1483 7
1483 1484 1
1484 1485 12
1485 1486 5
1486 1487 4
1487 1488 2
1488 1489 3
1489 1490 8
1490 1491 11
1491 1492 8
1492 1493 13
1493 1494 3
1494 1495 19
1495 1496 13
1496 1497 3
1497 1498 13
1498 1499 19
1499 1500 8
1500 1501 8
1501 1502 18
1502 1503 17
1503 1504 18
1504 1505 20
1505 1506 3
1506 1507 14
1507 1508 4
1508 1509 17
1509 1510 18
1510 1511 3
1511 1512 5
1512 1513 10
1513 1514 2
1514 1515 6
1515 1516 3
1516 1517 3
1517 1518 16
1518 1519 19
1519 1520 1
1520 1521 14
1521 1522 8
1522 1523 2
1523 1524 20
1524 1525 4
1525 1526 19
1526 1527 6
1527 1528 4
1528 1529 7
1529 1530 5
1530 1531 1
1531 1532 3
1532 1533 16
1533 1534 10
1534 1535 18
1535 1536 9
1536 1537 10
1537 1538 14
1538 1539 1
1539 1540 3
1540 1541 1
1541 1542 11
1542 1543 17
1543 1544 14
1544 1545 10
1545 1546 12
1546 1547 8
1547 1548 19
1548 1549 20
1549 1550 20
1550 1551 12
1551 1552 13
1552 1553 16
1553 1554 11
1554 1555 5
1555 1556 19
1556 1557 2
1557 1558 5
1558 1559 13
1559 1560 17
1560 1561 11
1561 1562 17
1562 1563 15
1563 1564 1
1564 1565 15
1565 1566 6
1566 1567 1
1567 1568 4
1568 1569 4
1569 1570 10
1570 1571 1
1571 1572 7
1572 1573 2
1573 1574 19
1574 1575 18
1575 1576 3
1576 1577 15
1577 1578 4
1578 1579 20
1579 1580 5
1580 1581 15
1581 1582 20
1582 1583 6
1583 1584 15
1584 1585 16
1585 1586 14
1586 1587 9
1587 1588 17
1588 1589 3
1589 1590 13
1590 1591 1
1591 1592 16
1592 1593 19
1593 1594 14
1594 1595 7
1595 1596 1
1596 1597 3
1597 1598 16
1598 1599 6
1599 1600 17
1600 1601 8
1601 1602 4
1602 1603 8
1603 1604 8
1604 1605 13
1605 1606 7
1606 1607 6
1607 1608 12
1608 1609 14
1609 1610 6
1610 1611 8
1611 1612 6
1612 1613 1
1613 1614 17
1614 1615 2
1615 1616 13
1616 1617 7
1617 1618 15
1618 1619 16
1619 1620 15
1620 1621 4
1621 1622 14
1622 1623 1
1623 1624 8
1624 1625 14
1625 1626 6
1626 1627 4
1627 1628 4
1628 1629 20
1629 1630 13
1630 1631 16
1631 1632 5
1632 1633 4
1633 1634 7
1634 1635 17
1635 1636 7
1636 1637 17
1637 1638 3
1638 1639 20
1639 1640 9
1640 1641 7
1641 1642 2
1642 1643 19
1643 1644 6
1644 1645 16
1645 1646 14
1646 1647 15
1647 1648 20
1648 1649 5
1649 1650 16
1650 1651 7
1651 1652 4
1652 1653 20
1653 1654 17
1654 1655 14
1655 1656 7
1656 1657 13
1657 1658 7
1658 1659 18
1659 1660 20
1660 1661 4
1661 1662 4
1662 1663 20
1663 1664 4
1664 1665 4
1665 1666 3
1666 1667 16
1667 1668 12
1668 1669 14
1669 1670 18
1670 1671 16
1671 1672 18
1672 1673 2
1673 1674 16
1674 1675 9
1675 1676 11
1676 1677 11
1677 1678 17
1678 1679 19
1679 1680 12
1680 1681 10
1681 1682 4
1682 1683 3
1683 1684 12
1684 1685 4
1685 1686 17
1686 1687 15
1687 1688 19
1688 1689 4
1689 1690 20
1690 1691 17
1691 1692 9
1692 1693 17
1693 1694 6
1694 1695 5
1695 1696 18
1696 1697 2
1697 1698 4
1698 1699 5
1699 1700 5
1700 1701 17
1701 1702 5
1702 1703 19
1703 1704 15
1704 1705 6
1705 1706 5
1706 1707 14
1707 1708 12
1708 1709 11
1709 1710 4
1710 1711 18
1711 1712 9
1712 1713 17
1713 1714 16
1714 1715 2
1715 1716 12
1716 1717 18
1717 1718 11
1718 1719 17
1719 1720 13
1720 1721 19
1721 1722 13
1722 1723 5
1723 1724 18
1724 1725 18
1725 1726 19
1726 1727 11
1727 1728 3
1728 1729 5
1729 1730 10
1730 1731 11
1731 1732 8
1732 1733 4
1733 1734 15
1734 1735 9
1735 1736 12
1736 1737 12
1737 1738 4
1738 1739 6
1739 1740 10
1740 1741 18
1741 1742 19
1742 1743 13
1743 1744 15
1744 1745 20
1745 1746 10
1746 1747 1
1747 1748 12
1748 1749 16
1749 1750 7
1750 1751 16
1751 1752 17
1752 1753 2
1753 1754 15
1754 1755 6
1755 1756 3
1756 1757 15
1757 1758 15
1758 1759 12
1759 1760 7
1760 1761 20
1761 1762 9
1762 1763 12
1763 1764 17
1764 1765 10
1765 1766 18
1766 1767 1
1767 1768 8
1768 1769 4
1769 1770 20
1770 1771 17
1771 1772 3
1772 1773 11
1773 1774 20
1774 1775 8
1775 1776 1
1776 1777 13
1777 1778 15
1778 1779 13
1779 1780 14
1780 1781 9
1781 1782 17
1782 1783 19
1783 1784 19
1784 1785 4
1785 1786 20
1786 1787 16
1787 1788 5
1788 1789 9
1789 1790 13
1790 1791 5
1791 1792 1
1792 1793 8
1793 1794 2
1794 1795 3
1795 1796 15
1796 1797 4
1797 1798 16
1798 1799 20
1799 1800 1
1800 1801 18
1801 1802 11
1802 1803 15
1803 1804 19
1804 1805 10
1805 1806 8
1806 1807 2
1807 1808 13
1808 1809 1
1809 1810 20
1810 1811 20
1811 1812 17
1812 1813 18
1813 1814 4
1814 1815 10
1815 1816 19
1816 1817 14
1817 1818 1
1818 1819 7
1819 1820 19
1820 1821 3
1821 1822 5
1822 1823 17
1823 1824 7
1824 1825 12
1825 1826 4
1826 1827 16
1827 1828 18
1828 1829 7
1829 1830 13
1830 1831 1
1831 1832 17
1832 1833 18
1833 1834 5
1834 1835 5
1835 1836 16
1836 1837 8
1837 1838 10
1838 1839 7
1839 1840 2
1840 1841 11
1841 1842 8
1842 1843 8
1843 1844 6
1844 1845 14
1845 1846 5
1846 1847 2
1847 1848 1
1848 1849 4
1849 1850 7
1850 1851 20
1851 1852 5
1852 1853 13
1853 1854 17
1854 1855 5
1855 1856 15
1856 1857 18
1857 1858 15
1858 1859 3
1859 1860 15
1860 1861 4
1861 1862 10
1862 1863 5
1863 1864 2
1864 1865 15
1865 1866 16
1866 1867 17
1867 1868 1
1868 1869 16
1869 1870 12
1870 1871 4
1871 1872 3
1872 1873 9
1873 1874 11
1874 1875 11
1875 1876 7
1876 1877 13
1877 1878 15
1878 1879 3
1879 1880 13
1880 1881 2
1881 1882 17
1882 1883 13
1883 1884 8
1884 1885 4
1885 1886 7
1886 1887 4
1887 1888 15
1888 1889 4
1889 1890 15
1890 1891 8
1891 1892 13
1892 1893 15
1893 1894 15
1894 1895 16
1895 1896 14
1896 1897 2
1897 1898 17
1898 1899 4
1899 1900 7
1900 1901 18
1901 1902 15
1902 1903 5
1903 1904 9
1904 1905 1
1905 1906 5
1906 1907 19
1907 1908 19
1908 1909 11
1909 1910 8
1910 1911 12
1911 1912 11
1912 1913 16
1913 1914 19
1914 1915 11
1915 1916 12
1916 1917 2
1917 1918 12
1918 1919 20
1919 1920 5
1920 1921 19
1921 1922 8
1922 1923 19
1923 1924 9
1924 1925 14
1925 1926 12
1926 1927 8
1927 1928 10
1928 1929 11
1929 1930 17
1930 1931 10
1931 1932 12
1932 1933 2
1933 1934 7
1934 1935 17
1935 1936 13
1936 1937 8
1937 1938 10
1938 1939 3
1939 1940 7
1940 1941 17
1941 1942 1
1942 1943 2
1943 1944 10
1944 1945 1
1945 1946 13
1946 1947 10
1947 1948 15
1948 1949 17
1949 1950 11
1950 1951 9
1951 1952 10
1952 1953 7
1953 1954 6
1954 1955 9
1955 1956 10
1956 1957 11
1957 1958 20
1958 1959 8
1959 1960 10
1960 1961 2
1961 1962 15
1962 1963 3
1963 1964 20
1964 1965 13
1965 1966 3
1966 1967 12
1967 1968 17
1968 1969 2
1969 1970 15
1970 1971 2
1971 1972 2
1972 1973 17
1973 1974 9
1974 1975 20
1975 1976 20
1976 1977 10
1977 1978 4
1978 1979 14
1979 1980 8
1980 1981 1
1981 1982 9
1982 1983 8
1983 1984 2
1984 1985 8
1985 1986 18
1986 1987 16
1987 1988 16
1988 1989 5
1989 1990 20
1990 1991 6
1991 1992 18
1992 1993 6
1993 1994 3
1994 1995 16
1995 1996 10
1996 1997 18
1997 1998 4
1998 1999 20
1999 2000 14
2000 2001 14
2001 2002 18
2002 2003 10
2003 2004 13
2004 2005 14
2005 2006 14
2006 2007 18
2007 2008 7
2008 2009 15
2009 2010 2
2010 2011 20
2011 2012 20
2012 2013 8
2013 2014 2
2014 2015 12
2015 2016 5
2016 2017 9
2017 2018 6
2018 2019 13
2019 2020 8
2020 2021 8
2021 2022 15
2022 2023 6
2023 2024 10
2024 2025 8
2025 2026 17
2026 2027 11
2027 2028 10
2028 2029 1
2029 2030 17
2030 2031 14
2031 2032 12
2032 2033 18
2033 2034 5
2034 2035 18
2035 2036 7
2036 2037 1
2037 2038 17
2038 2039 18
2039 2040 4
2040 2041 16
2041 2042 17
2042 2043 2
2043 2044 17
2044 2045 8
2045 2046 13
2046 2047 6
2047 2048 19
2048 2049 7
2049 2050 8
2050 2051 16
2051 2052 13
2052 2053 1
2053 2054 10
2054 2055 13
2055 2056 18
2056 2057 13
2057 2058 9
2058 2059 13
2059 2060 16
2060 2061 3
2061 2062 7
2062 2063 9
2063 2064 19
2064 2065 8
2065 2066 11
2066 2067 1
2067 2068 8
2068 2069 16
2069 2070 5
2070 2071 17
2071 2072 20
2072 2073 20
2073 2074 16
2074 2075 13
2075 2076 6
2076 2077 16
2077 2078 19
2078 2079 6
2079 2080 4
2080 2081 10
2081 2082 19
2082 2083 5
2083 2084 11
2084 2085 15
2085 2086 1
2086 2087 11
2087 2088 17
2088 2089 18
2089 2090 19
2090 2091 11
2091 2092 18
2092 2093 14
2093 2094 2
2094 2095 6
2095 2096 18
2096 2097 1
2097 2098 16
2098 2099 5
2099 2100 17
2100 2101 18
2101 2102 15
2102 2103 10
2103 2104 17
2104 2105 12
2105 2106 19
2106 2107 14
2107 2108 20
2108 2109 5
2109 2110 4
2110 2111 15
2111 2112 16
2112 2113 6
2113 2114 7
2114 2115 17
2115 2116 11
2116 2117 10
2117 2118 7
2118 2119 19
2119 2120 5
2120 2121 10
2121 2122 8
2122 2123 11
2123 2124 17
2124 2125 20
2125 2126 18
2126 2127 12
2127 2128 7
2128 2129 8
2129 2130 4
2130 2131 5
2131 2132 17
2132 2133 19
2133 2134 19
2134 2135 2
2135 2136 20
2136 2137 4
2137 2138 6
2138 2139 19
2139 2140 6
2140 2141 18
2141 2142 15
2142 2143 17
2143 2144 2
2144 2145 11
2145 2146 17
2146 2147 6
2147 2148 17
2148 2149 14
2149 2150 17
2150 2151 17
2151 2152 16
2152 2153 15
2153 2154 19
2154 2155 11
2155 2156 3
2156 2157 13
2157 2158 18
2158 2159 9
2159 2160 5
2160 2161 7
2161 2162 7
2162 2163 5
2163 2164 5
2164 2165 16
2165 2166 1
2166 2167 20
2167 2168 17
2168 2169 12
2169 2170 5
2170 2171 6
2171 2172 17
2172 2173 19
2173 2174 1
2174 2175 6
2175 2176 16
2176 2177 20
2177 2178 19
2178 2179 9
2179 2180 20
2180 2181 20
2181 2182 3
2182 2183 14
2183 2184 20
2184 2185 6
2185 2186 15
2186 2187 9
2187 2188 7
2188 2189 12
2189 2190 15
2190 2191 5
2191 2192 3
2192 2193 16
2193 2194 2
2194 2195 4
2195 2196 4
2196 2197 12
2197 2198 4
2198 2199 2
2199 2200 20
2200 2201 15
2201 2202 4
2202 2203 13
2203 2204 16
2204 2205 16
2205 2206 17
2206 2207 7
2207 2208 8
2208 2209 2
2209 2210 7
2210 2211 7
2211 2212 4
2212 2213 11
2213 2214 9
2214 2215 18
2215 2216 11
2216 2217 11
2217 2218 6
2218 2219 15
2219 2220 10
2220 2221 4
2221 2222 4
2222 2223 5
2223 2224 14
2224 2225 4
2225 2226 16
2226 2227 8
2227 2228 6
2228 2229 15
2229 2230 12
2230 2231 8
2231 2232 8
2232 2233 7
2233 2234 8
2234 2235 2
2235 2236 19
2236 2237 2
2237 2238 9
2238 2239 14
2239 2240 12
2240 2241 1
2241 2242 19
2242 2243 6
2243 2244 9
2244 2245 19
2245 2246 6
2246 2247 8
2247 2248 6
2248 2249 18
2249 2250 8
2250 2251 11
2251 2252 15
2252 2253 16
2253 2254 18
2254 2255 20
2255 2256 19
2256 2257 3
2257 2258 16
2258 2259 12
2259 2260 20
2260 2261 1
2261 2262 11
2262 2263 15
2263 2264 11
2264 2265 6
2265 2266 8
2266 2267 11
2267 2268 3
2268 2269 19
2269 2270 7
2270 2271 11
2271 2272 2
2272 2273 17
2273 2274 5
2274 2275 15
2275 2276 13
2276 2277 5
2277 2278 2
2278 2279 9
2279 2280 9
2280 2281 19
2281 2282 11
2282 2283 15
2283 2284 18
2284 2285 17
2285 2286 17
2286 2287 3
2287 2288 20
2288 2289 20
2289 2290 4
2290 2291 16
2291 2292 13
2292 2293 7
2293 2294 7
2294 2295 7
2295 2296 8
2296 2297 17
2297 2298 4
2298 2299 2
2299 2300 7
2300 2301 10
2301 2302 19
2302 2303 1
2303 2304 7
2304 2305 5
2305 2306 20
2306 2307 11
2307 2308 9
2308 2309 12
2309 2310 3
2310 2311 16
2311 2312 8
2312 2313 5
2313 2314 16
2314 2315 17
2315 2316 12
2316 2317 5
2317 2318 12
2318 2319 14
2319 2320 18
2320 2321 9
2321 2322 20
2322 2323 12
2323 2324 6
2324 2325 4
2325 2326 1
2326 2327 19
2327 2328 18
2328 2329 11
2329 2330 20
2330 2331 1
2331 2332 8
2332 2333 12
2333 2334 2
2334 2335 9
2335 2336 15
2336 2337 15
2337 2338 9
2338 2339 20
2339 2340 15
2340 2341 16
2341 2342 19
2342 2343 2
2343 2344 15
2344 2345 9
2345 2346 12
2346 2347 3
2347 2348 5
2348 2349 7
2349 2350 12
2350 2351 16
2351 2352 5
2352 2353 20
2353 2354 2
2354 2355 20
2355 2356 14
2356 2357 4
2357 2358 20
2358 2359 19
2359 2360 14
2360 2361 6
2361 2362 16
2362 2363 2
2363 2364 1
2364 2365 11
2365 2366 4
2366 2367 6
2367 2368 18
2368 2369 9
2369 2370 14
2370 2371 16
2371 2372 2
2372 2373 5
2373 2374 6
2374 2375 14
2375 2376 6
2376 2377 3
2377 2378 2
2378 2379 3
2379 2380 11
2380 2381 7
2381 2382 17
2382 2383 13
2383 2384 13
2384 2385 2
2385 2386 15
2386 2387 20
2387 2388 17
2388 2389 4
2389 2390 1
2390 2391 8
2391 2392 1
2392 2393 4
2393 2394 16
2394 2395 20
2395 2396 2
2396 2397 18
2397 2398 13
2398 2399 1
2399 2400 8
2400 2401 11
2401 2402 9
2402 2403 5
2403 2404 7
2404 2405 12
2405 2406 10
2406 2407 17
2407 2408 9
2408 2409 6
2409 2410 6
2410 2411 15
2411 2412 17
2412 2413 14
2413 2414 14
2414 2415 6
2415 2416 18
2416 2417 18
2417 2418 16
2418 2419 20
2419 2420 4
2420 2421 14
2421 2422 20
2422 2423 2
2423 2424 17
2424 2425 14
2425 2426 9
2426 2427 18
2427 2428 16
2428 2429 5
2429 2430 16
2430 2431 18
2431 2432 1
2432 2433 19
2433 2434 8
2434 2435 17
2435 2436 9
2436 2437 8
2437 2438 17
2438 2439 15
2439 2440 3
2440 2441 16
2441 2442 20
2442 2443 6
2443 2444 16
2444 2445 3
2445 2446 8
2446 2447 3
2447 2448 8
2448 2449 2
2449 2450 20
2450 2451 20
2451 2452 11
2452 2453 1
2453 2454 20
2454 2455 20
2455 2456 15
2456 2457 12
2457 2458 18
2458 2459 14
2459 2460 10
2460 2461 1
2461 2462 14
2462 2463 4
2463 2464 1
2464 2465 7
2465 2466 13
2466 2467 15
2467 2468 16
2468 2469 5
2469 2470 7
2470 2471 14
2471 2472 10
2472 2473 19
2473 2474 12
2474 2475 4
2475 2476 18
2476 2477 14
2477 2478 3
2478 2479 19
2479 2480 14
2480 2481 4
2481 2482 7
2482 2483 17
2483 2484 12
2484 2485 14
2485 2486 10
2486 2487 3
2487 2488 19
2488 2489 10
2489 2490 10
2490 2491 15
2491 2492 17
2492 2493 16
2493 2494 18
2494 2495 15
2495 2496 19
2496 2497 13
2497 2498 3
2498 2499 2
2499 2500 1
2500 2501 4
2501 2502 18
2502 2503 17
2503 2504 4
2504 2505 20
2505 2506 11
2506 2507 12
2507 2508 14
2508 2509 12
2509 2510 6
2510 2511 7
2511 2512 10
2512 2513 1
2513 2514 13
2514 2515 9
2515 2516 9
2516 2517 15
2517 2518 14
2518 2519 6
2519 2520 17
2520 2521 19
2521 2522 3
2522 2523 13
2523 2524 4
2524 2525 20
2525 2526 14
2526 2527 20
2527 2528 1
2528 2529 10
2529 2530 14
2530 2531 16
2531 2532 3
2532 2533 7
2533 2534 8
2534 2535 18
2535 2536 3
2536 2537 11
2537 2538 15
2538 2539 20
2539 2540 9
2540 2541 15
2541 2542 6
2542 2543 6
2543 2544 2
2544 2545 17
2545 2546 2
2546 2547 9
2547 2548 18
2548 2549 15
2549 2550 7
2550 2551 18
2551 2552 17
2552 2553 16
2553 2554 9
2554 2555 8
2555 2556 16
2556 2557 5
2557 2558 19
2558 2559 18
2559 2560 13
2560 2561 17
2561 2562 19
2562 2563 16
2563 2564 3
2564 2565 20
2565 2566 9
2566 2567 17
2567 2568 9
2568 2569 7
2569 2570 10
2570 2571 11
2571 2572 18
2572 2573 9
2573 2574 7
2574 2575 5
2575 2576 12
2576 2577 8
2577 2578 2
2578 2579 1
2579 2580 10
2580 2581 18
2581 2582 2
2582 2583 10
2583 2584 2
2584 2585 9
2585 2586 18
2586 2587 15
2587 2588 3
2588 2589 2
2589 2590 20
2590 2591 10
2591 2592 12
2592 2593 5
2593 2594 20
2594 2595 5
2595 2596 4
2596 2597 11
2597 2598 7
2598 2599 15
2599 2600 3
2600 2601 18
2601 2602 7
2602 2603 1
2603 2604 10
2604 2605 18
2605 2606 20
2606 2607 19
2607 2608 6
2608 2609 9
2609 2610 6
2610 2611 9
2611 2612 1
2612 2613 8
2613 2614 10
2614 2615 3
2615 2616 18
2616 2617 6
2617 2618 7
2618 2619 16
2619 2620 12
2620 2621 15
2621 2622 11
2622 2623 20
2623 2624 11
2624 2625 9
2625 2626 3
2626 2627 5
2627 2628 11
2628 2629 11
2629 2630 8
2630 2631 16
2631 2632 9
2632 2633 14
2633 2634 6
2634 2635 6
2635 2636 8
2636 2637 20
2637 2638 2
2638 2639 1
2639 2640 17
2640 2641 5
2641 2642 1
2642 2643 6
2643 2644 12
2644 2645 2
2645 2646 1
2646 2647 20
2647 2648 7
2648 2649 2
2649 2650 5
2650 2651 2
2651 2652 8
2652 2653 12
2653 2654 9
2654 2655 15
2655 2656 12
2656 2657 2
2657 2658 6
2658 2659 3
2659 2660 15
2660 2661 11
2661 2662 20
2662 2663 3
2663 2664 19
2664 2665 12
2665 2666 3
2666 2667 18
2667 2668 12
2668 2669 1
2669 2670 1
2670 2671 18
2671 2672 13
2672 2673 16
2673 2674 3
2674 2675 10
2675 2676 18
2676 2677 15
2677 2678 5
2678 2679 6
2679 2680 7
2680 2681 2
2681 2682 19
2682 2683 5
2683 2684 18
2684 2685 9
2685 2686 17
2686 2687 20
2687 2688 20
2688 2689 12
2689 2690 11
2690 2691 19
2691 2692 20
2692 2693 2
2693 2694 12
2694 2695 17
2695 2696 5
2696 2697 19
2697 2698 2
2698 2699 1
2699 2700 19
2700 2701 20
2701 2702 16
2702 2703 7
2703 2704 10
2704 2705 6
2705 2706 4
2706 2707 10
2707 2708 15
2708 2709 20
2709 2710 18
2710 2711 12
2711 2712 12
2712 2713 7
2713 2714 1
2714 2715 13
2715 2716 3
2716 2717 7
2717 2718 8
2718 2719 6
2719 2720 7
2720 2721 10
2721 2722 9
2722 2723 5
2723 2724 7
2724 2725 17
2725 2726 12
2726 2727 5
2727 2728 15
2728 2729 9
2729 2730 12
2730 2731 11
2731 2732 8
2732 2733 6
2733 2734 4
2734 2735 12
2735 2736 16
2736 2737 2
2737 2738 16
2738 2739 3
2739 2740 8
2740 2741 7
2741 2742 17
2742 2743 3
2743 2744 16
2744 2745 2
2745 2746 15
2746 2747 14
2747 2748 17
2748 2749 9
2749 2750 10
2750 2751 17
2751 2752 13
2752 2753 14
2753 2754 17
2754 2755 17
2755 2756 3
2756 2757 2
2757 2758 4
2758 2759 11
2759 2760 5
2760 2761 4
2761 2762 16
2762 2763 8
2763 2764 16
2764 2765 14
2765 2766 9
2766 2767 20
2767 2768 19
2768 2769 14
2769 2770 7
2770 2771 15
2771 2772 16
2772 2773 2
2773 2774 18
2774 2775 14
2775 2776 1
2776 2777 18
2777 2778 1
2778 2779 12
2779 2780 19
2780 2781 20
2781 2782 15
2782 2783 19
2783 2784 5
2784 2785 2
2785 2786 17
2786 2787 7
2787 2788 20
2788 2789 12
2789 2790 3
2790 2791 5
2791 2792 6
2792 2793 1
2793 2794 1
2794 2795 4
2795 2796 6
2796 2797 4
2797 2798 2
2798 2799 19
2799 2800 19
2800 2801 20
2801 2802 6
2802 2803 12
2803 2804 8
2804 2805 16
2805 2806 9
2806 2807 2
2807 2808 4
2808 2809 1
2809 2810 11
2810 2811 15
2811 2812 18
2812 2813 14
2813 2814 2
2814 2815 17
2815 2816 13
2816 2817 15
2817 2818 3
2818 2819 15
2819 2820 15
2820 2821 15
2821 2822 10
2822 2823 8
2823 2824 8
2824 2825 8
2825 2826 1
2826 2827 7
2827 2828 10
2828 2829 20
2829 2830 16
2830 2831 14
2831 2832 19
2832 2833 5
2833 2834 7
2834 2835 4
2835 2836 3
2836 2837 2
2837 2838 9
2838 2839 3
2839 2840 5
2840 2841 13
2841 2842 2
2842 2843 19
2843 2844 13
2844 2845 17
2845 2846 7
2846 2847 18
2847 2848 16
2848 2849 17
2849 2850 13
2850 2851 17
2851 2852 7
2852 2853 4
2853 2854 8
2854 2855 11
2855 2856 5
2856 2857 20
2857 2858 12
2858 2859 5
2859 2860 5
2860 2861 2
2861 2862 15
2862 2863 5
2863 2864 5
2864 2865 12
2865 2866 16
2866 2867 13
2867 2868 6
2868 2869 15
2869 2870 3
2870 2871 12
2871 2872 4
2872 2873 8
2873 2874 9
2874 2875 1
2875 2876 9
2876 2877 20
2877 2878 8
2878 2879 3
2879 2880 13
2880 2881 15
2881 2882 17
2882 2883 9
2883 2884 1
2884 2885 2
2885 2886 15
2886 2887 7
2887 2888 14
2888 2889 3
2889 2890 16
2890 2891 10
2891 2892 6
2892 2893 19
2893 2894 10
2894 2895 11
2895 2896 11
2896 2897 3
2897 2898 4
2898 2899 5
2899 2900 12
2900 2901 15
2901 2902 10
2902 2903 10
2903 2904 4
2904 2905 10
2905 2906 8
2906 2907 7
2907 2908 16
2908 2909 12
2909 2910 19
2910 2911 15
2911 2912 13
2912 2913 15
2913 2914 6
2914 2915 11
2915 2916 16
2916 2917 17
2917 2918 12
2918 2919 15
2919 2920 16
2920 2921 11
2921 2922 10
2922 2923 6
2923 2924 18
2924 2925 18
2925 2926 10
2926 2927 8
2927 2928 2
2928 2929 8
2929 2930 3
2930 2931 14
2931 2932 1
2932 2933 18
2933 2934 7
2934 2935 12
2935 2936 11
2936 2937 1
2937 2938 11
2938 2939 14
2939 2940 17
2940 2941 20
2941 2942 1
2942 2943 4
2943 2944 9
2944 2945 7
2945 2946 1
2946 2947 19
2947 2948 1
2948 2949 18
2949 2950 18
2950 2951 5
2951 2952 17
2952 2953 5
2953 2954 3
2954 2955 10
2955 2956 8
2956 2957 20
2957 2958 2
2958 2959 5
2959 2960 19
2960 2961 8
2961 2962 13
2962 2963 10
2963 2964 10
2964 2965 17
2965 2966 10
2966 2967 6
2967 2968 4
2968 2969 11
2969 2970 2
2970 2971 6
2971 2972 10
2972 2973 16
2973 2974 13
2974 2975 18
2975 2976 7
2976 2977 12
2977 2978 20
2978 2979 9
2979 2980 15
2980 2981 19
2981 2982 7
2982 2983 9
2983 2984 2
2984 2985 8
2985 2986 2
2986 2987 16
2987 2988 12
2988 2989 8
2989 2990 7
2990 2991 6
2991 2992 4
2992 2993 3
2993 2994 7
2994 2995 3
2995 2996 18
2996 2997 14
2997 2998 19
2998 2999 2
2999 3000 2
3000 3001 9
3001 3002 1
3002 3003 7
3003 3004 3
3004 3005 12
3005 3006 8
3006 3007 14
3007 3008 4
3008 3009 17
3009 3010 4
3010 3011 17
3011 3012 10
3012 3013 18
3013 3014 12
3014 3015 20
3015 3016 7
3016 3017 10
3017 3018 7
3018 3019 9
3019 3020 7
3020 3021 10
3021 3022 1
3022 3023 14
3023 3024 2
3024 3025 12
3025 3026 7
3026 3027 12
3027 3028 2
3028 3029 12
3029 3030 1
3030 3031 13
3031 3032 11
3032 3033 11
3033 3034 9
3034 3035 18
3035 3036 20
3036 3037 5
3037 3038 2
3038 3039 15
3039 3040 8
3040 3041 12
3041 3042 10
3042 3043 19
3043 3044 7
3044 3045 3
3045 3046 16
3046 3047 13
3047 3048 4
3048 3049 9
3049 3050 6
3050 3051 9
3051 3052 12
3052 3053 2
3053 3054 12
3054 3055 18
3055 3056 5
3056 3057 16
3057 3058 19
3058 3059 20
3059 3060 5
3060 3061 12
3061 3062 17
3062 3063 9
3063 3064 17
3064 3065 1
3065 3066 16
3066 3067 9
3067 3068 14
3068 3069 2
3069 3070 10
3070 3071 14
3071 3072 7
3072 3073 11
3073 3074 1
3074 3075 15
3075 3076 5
3076 3077 8
3077 3078 16
3078 3079 13
3079 3080 4
3080 3081 14
3081 3082 15
3082 3083 13
3083 3084 8
3084 3085 4
3085 3086 11
3086 3087 9
3087 3088 1
3088 3089 20
3089 3090 6
3090 3091 17
3091 3092 11
3092 3093 12
3093 3094 10
3094 3095 6
3095 3096 17
3096 3097 10
3097 3098 16
3098 3099 17
3099 3100 5
3100 3101 3
3101 3102 1
3102 3103 7
3103 3104 5
3104 3105 11
3105 3106 17
3106 3107 18
3107 3108 17
3108 3109 3
3109 3110 4
3110 3111 4
3111 3112 1
3112 3113 5
3113 3114 2
3114 3115 3
3115 3116 14
3116 3117 5
3117 3118 15
3118 3119 4
3119 3120 5
3120 3121 17
3121 3122 20
3122 3123 10
3123 3124 17
3124 3125 7
3125 3126 5
3126 3127 11
3127 3128 15
3128 3129 11
3129 3130 4
3130 3131 11
3131 3132 11
3132 3133 16
3133 3134 3
3134 3135 5
3135 3136 17
3136 3137 8
3137 3138 6
3138 3139 2
3139 3140 10
3140 3141 11
3141 3142 12
3142 3143 9
3143 3144 10
3144 3145 2
3145 3146 16
3146 3147 5
3147 3148 3
3148 3149 4
3149 3150 15
3150 3151 18
3151 3152 15
3152 3153 18
3153 3154 13
3154 3155 18
3155 3156 6
3156 3157 9
3157 3158 14
3158 3159 5
3159 3160 7
3160 3161 4
3161 3162 4
3162 3163 9
3163 3164 2
3164 3165 6
3165 3166 11
3166 3167 5
3167 3168 5
3168 3169 1
3169 3170 8
3170 3171 20
3171 3172 4
3172 3173 5
3173 3174 7
3174 3175 17
3175 3176 6
3176 3177 12
3177 3178 12
3178 3179 1
3179 3180 9
3180 3181 6
3181 3182 4
3182 3183 20
3183 3184 14
3184 3185 2
3185 3186 10
3186 3187 19
3187 3188 15
3188 3189 19
3189 3190 16
3190 3191 4
3191 3192 9
3192 3193 1
3193 3194 20
3194 3195 17
3195 3196 6
3196 3197 8
3197 3198 18
3198 3199 2
3199 3200 20
3200 3201 8
3201 3202 16
3202 3203 20
3203 3204 20
3204 3205 15
3205 3206 2
3206 3207 19
3207 3208 11
3208 3209 8
3209 3210 13
3210 3211 20
3211 3212 7
3212 3213 9
3213 3214 18
3214 3215 2
3215 3216 13
3216 3217 12
3217 3218 5
3218 3219 4
3219 3220 19
3220 3221 4
3221 3222 5
3222 3223 15
3223 3224 9
3224 3225 14
3225 3226 17
3226 3227 13
3227 3228 2
3228 3229 14
3229 3230 20
3230 3231 4
3231 3232 9
3232 3233 11
3233 3234 20
3234 3235 19
3235 3236 1
3236 3237 15
3237 3238 8
3238 3239 19
3239 3240 19
3240 3241 10
3241 3242 5
3242 3243 15
3243 3244 14
3244 3245 15
3245 3246 13
3246 3247 18
3247 3248 10
3248 3249 1
3249 3250 20
3250 3251 1
3251 3252 10
3252 3253 12
3253 3254 6
3254 3255 18
3255 3256 15
3256 3257 14
3257 3258 17
3258 3259 19
3259 3260 10
3260 3261 5
3261 3262 16
3262 3263 4
3263 3264 1
3264 3265 11
3265 3266 18
3266 3267 3
3267 3268 8
3268 3269 9
3269 3270 10
3270 3271 3
3271 3272 7
3272 3273 2
3273 3274 16
3274 3275 5
3275 3276 17
3276 3277 3
3277 3278 12
3278 3279 19
3279 3280 15
3280 3281 1
3281 3282 14
3282 3283 14
3283 3284 5
3284 3285 11
3285 3286 18
3286 3287 2
3287 3288 6
3288 3289 10
3289 3290 6
3290 3291 9
3291 3292 19
3292 3293 4
3293 3294 11
3294 3295 10
3295 3296 17
3296 3297 19
3297 3298 9
3298 3299 10
3299 3300 8
3300 3301 3
3301 3302 4
3302 3303 20
3303 3304 15
3304 3305 3
3305 3306 12
3306 3307 13
3307 3308 9
3308 3309 14
3309 3310 11
3310 3311 3
3311 3312 17
3312 3313 19
3313 3314 19
3314 3315 7
3315 3316 11
3316 3317 6
3317 3318 7
3318 3319 14
3319 3320 12
3320 3321 6
3321 3322 3
3322 3323 1
3323 3324 8
3324 3325 19
3325 3326 8
3326 3327 13
3327 3328 19
3328 3329 17
3329 3330 13
3330 3331 10
3331 3332 9
3332 3333 15
3333 3334 13
3334 3335 17
3335 3336 19
3336 3337 7
3337 3338 10
3338 3339 9
3339 3340 12
3340 3341 11
3341 3342 4
3342 3343 18
3343 3344 12
3344 3345 17
3345 3346 19
3346 3347 20
3347 3348 1
3348 3349 20
3349 3350 9
3350 3351 19
3351 3352 3
3352 3353 10
3353 3354 8
3354 3355 5
3355 3356 6
3356 3357 10
3357 3358 13
3358 3359 6
3359 3360 20
3360 3361 3
3361 3362 6
3362 3363 17
3363 3364 8
3364 3365 4
3365 3366 14
3366 3367 15
3367 3368 19
3368 3369 8
3369 3370 15
3370 3371 15
3371 3372 5
3372 3373 2
3373 3374 9
3374 3375 9
3375 3376 20
3376 3377 1
3377 3378 18
3378 3379 1
3379 3380 2
3380 3381 5
3381 3382 2
3382 3383 1
3383 3384 1
3384 3385 5
3385 3386 9
3386 3387 11
3387 3388 8
3388 3389 6
3389 3390 3
3390 3391 12
3391 3392 20
3392 3393 14
3393 3394 17
3394 3395 5
3395 3396 20
3396 3397 15
3397 3398 3
3398 3399 9
3399 3400 7
3400 3401 2
3401 3402 2
3402 3403 1
3403 3404 17
3404 3405 7
3405 3406 11
3406 3407 12
3407 3408 13
3408 3409 16
3409 3410 13
3410 3411 2
3411 3412 18
3412 3413 14
3413 3414 12
3414 3415 11
3415 3416 12
3416 3417 12
3417 3418 19
3418 3419 14
3419 3420 10
3420 3421 14
3421 3422 9
3422 3423 8
3423 3424 19
3424 3425 18
3425 3426 16
3426 3427 20
3427 3428 18
3428 3429 6
3429 3430 3
3430 3431 8
3431 3432 3
3432 3433 19
3433 3434 15
3434 3435 18
3435 3436 19
3436 3437 7
3437 3438 5
3438 3439 2
3439 3440 15
3440 3441 13
3441 3442 18
3442 3443 11
3443 3444 6
3444 3445 5
3445 3446 11
3446 3447 14
3447 3448 1
3448 3449 19
3449 3450 16
3450 3451 17
3451 3452 17
3452 3453 10
3453 3454 1
3454 3455 18
3455 3456 1
3456 3457 18
3457 3458 13
3458 3459 8
3459 3460 5
3460 3461 19
3461 3462 7
3462 3463 7
3463 3464 2
3464 3465 6
3465 3466 6
3466 3467 13
3467 3468 12
3468 3469 9
3469 3470 12
3470 3471 16
3471 3472 10
3472 3473 18
3473 3474 15
3474 3475 8
3475 3476 13
3476 3477 17
3477 3478 1
3478 3479 5
3479 3480 20
3480 3481 18
3481 3482 10
3482 3483 18
3483 3484 9
3484 3485 19
3485 3486 12
3486 3487 1
3487 3488 1
3488 3489 12
3489 3490 3
3490 3491 7
3491 3492 17
3492 3493 18
3493 3494 7
3494 3495 12
3495 3496 10
3496 3497 10
3497 3498 15
3498 3499 12
3499 3500 7
3500 3501 1
3501 3502 16
3502 3503 1
3503 3504 17
3504 3505 17
3505 3506 11
3506 3507 17
3507 3508 8
3508 3509 19
3509 3510 12
3510 3511 8
3511 3512 17
3512 3513 13
3513 3514 20
3514 3515 16
3515 3516 16
3516 3517 20
3517 3518 2
3518 3519 9
3519 3520 9
3520 3521 2
3521 3522 14
3522 3523 12
3523 3524 7
3524 3525 9
3525 3526 14
3526 3527 7
3527 3528 9
3528 3529 12
3529 3530 15
3530 3531 18
3531 3532 16
3532 3533 15
3533 3534 8
3534 3535 2
3535 3536 6
3536 3537 7
3537 3538 10
3538 3539 2
3539 3540 2
3540 3541 5
3541 3542 12
3542 3543 9
3543 3544 12
3544 3545 15
3545 3546 2
3546 3547 19
3547 3548 8
3548 3549 1
3549 3550 6
3550 3551 11
3551 3552 3
3552 3553 17
3553 3554 2
3554 3555 10
3555 3556 19
3556 3557 2
3557 3558 9
3558 3559 1
3559 3560 1
3560 3561 11
3561 3562 16
3562 3563 19
3563 3564 20
3564 3565 20
3565 3566 9
3566 3567 18
3567 3568 15
3568 3569 12
3569 3570 20
3570 3571 20
3571 3572 12
3572 3573 6
3573 3574 11
3574 3575 17
3575 3576 5
3576 3577 9
3577 3578 8
3578 3579 2
3579 3580 17
3580 3581 6
3581 3582 9
3582 3583 18
3583 3584 13
3584 3585 9
3585 3586 7
3586 3587 7
3587 3588 15
3588 3589 4
3589 3590 16
3590 3591 14
3591 3592 16
3592 3593 1
3593 3594 12
3594 3595 11
3595 3596 10
3596 3597 15
3597 3598 19
3598 3599 6
3599 3600 14
3600 3601 3
3601 3602 14
3602 3603 17
3603 3604 20
3604 3605 6
3605 3606 3
3606 3607 3
3607 3608 16
3608 3609 19
3609 3610 14
3610 3611 3
3611 3612 14
3612 3613 8
3613 3614 18
3614 3615 15
3615 3616 1
3616 3617 1
3617 3618 10
3618 3619 10
3619 3620 13
3620 3621 7
3621 3622 6
3622 3623 5
3623 3624 19
3624 3625 8
3625 3626 10
3626 3627 17
3627 3628 10
3628 3629 1
3629 3630 1
3630 3631 9
3631 3632 17
3632 3633 14
3633 3634 14
3634 3635 6
3635 3636 5
3636 3637 1
3637 3638 8
3638 3639 20
3639 3640 8
3640 3641 13
3641 3642 1
3642 3643 5
3643 3644 19
3644 3645 6
3645 3646 14
3646 3647 2
3647 3648 20
3648 3649 2
3649 3650 5
3650 3651 18
3651 3652 9
3652 3653 20
3653 3654 4
3654 3655 10
3655 3656 10
3656 3657 13
3657 3658 18
3658 3659 11
3659 3660 13
3660 3661 12
3661 3662 4
3662 3663 16
3663 3664 9
3664 3665 3
3665 3666 14
3666 3667 3
3667 3668 4
3668 3669 16
3669 3670 11
3670 3671 7
3671 3672 3
3672 3673 6
3673 3674 11
3674 3675 4
3675 3676 20
3676 3677 8
3677 3678 5
3678 3679 10
3679 3680 10
3680 3681 12
3681 3682 18
3682 3683 17
3683 3684 10
3684 3685 2
3685 3686 5
3686 3687 2
3687 3688 9
3688 3689 20
3689 3690 12
3690 3691 8
3691 3692 7
3692 3693 14
3693 3694 8
3694 3695 2
3695 3696 14
3696 3697 15
3697 3698 5
3698 3699 5
3699 3700 16
3700 3701 6
3701 3702 20
3702 3703 10
3703 3704 15
3704 3705 16
3705 3706 14
3706 3707 8
3707 3708 11
3708 3709 7
3709 3710 6
3710 3711 4
3711 3712 11
3712 3713 19
3713 3714 4
3714 3715 14
3715 3716 4
3716 3717 1
3717 3718 11
3718 3719 9
3719 3720 20
3720 3721 5
3721 3722 4
3722 3723 20
3723 3724 14
3724 3725 18
3725 3726 16
3726 3727 20
3727 3728 4
3728 3729 6
3729 3730 15
3730 3731 18
3731 3732 2
3732 3733 16
3733 3734 19
3734 3735 13
3735 3736 2
3736 3737 1
3737 3738 1
3738 3739 9
3739 3740 5
3740 3741 17
3741 3742 3
3742 3743 11
3743 3744 7
3744 3745 7
3745 3746 11
3746 3747 9
3747 3748 16
3748 3749 14
3749 3750 20
3750 3751 6
3751 3752 7
3752 3753 3
3753 3754 7
3754 3755 19
3755 3756 9
3756 3757 13
3757 3758 9
3758 3759 9
3759 3760 11
3760 3761 19
3761 3762 16
3762 3763 15
3763 3764 16
3764 3765 20
3765 3766 15
3766 3767 5
3767 3768 10
3768 3769 10
3769 3770 12
3770 3771 15
3771 3772 4
3772 3773 16
3773 3774 9
3774 3775 12
3775 3776 10
3776 3777 11
3777 3778 11
3778 3779 18
3779 3780 13
3780 3781 7
3781 3782 8
3782 3783 2
3783 3784 2
3784 3785 4
3785 3786 20
3786 3787 5
3787 3788 13
3788 3789 13
3789 3790 18
3790 3791 2
3791 3792 3
3792 3793 12
3793 3794 8
3794 3795 5
3795 3796 5
3796 3797 8
3797 3798 9
3798 3799 5
3799 3800 16
3800 3801 6
3801 3802 11
3802 3803 18
3803 3804 19
3804 3805 12
3805 3806 3
3806 3807 2
3807 3808 8
3808 3809 16
3809 3810 9
3810 3811 1
3811 3812 7
3812 3813 19
3813 3814 20
3814 3815 12
3815 3816 16
3816 3817 10
3817 3818 18
3818 3819 2
3819 3820 20
3820 3821 20
3821 3822 9
3822 3823 3
3823 3824 4
3824 3825 11
3825 3826 12
3826 3827 2
3827 3828 10
3828 3829 11
3829 3830 17
3830 3831 18
3831 3832 12
3832 3833 11
3833 3834 3
3834 3835 10
3835 3836 15
3836 3837 19
3837 3838 11
3838 3839 13
3839 3840 13
3840 3841 2
3841 3842 11
3842 3843 6
3843 3844 7
3844 3845 15
3845 3846 20
3846 3847 17
3847 3848 15
3848 3849 9
3849 3850 7
3850 3851 10
3851 3852 18
3852 3853 6
3853 3854 4
3854 3855 7
3855 3856 13
3856 3857 20
3857 3858 2
3858 3859 4
3859 3860 2
3860 3861 6
3861 3862 18
3862 3863 4
3863 3864 18
3864 3865 15
3865 3866 2
3866 3867 3
3867 3868 11
3868 3869 3
3869 3870 6
3870 3871 15
3871 3872 12
3872 3873 17
3873 3874 3
3874 3875 5
3875 3876 17
3876 3877 8
3877 3878 4
3878 3879 4
3879 3880 9
3880 3881 3
3881 3882 3
3882 3883 13
3883 3884 1
3884 3885 1
3885 3886 7
3886 3887 10
3887 3888 20
3888 3889 9
3889 3890 20
3890 3891 9
3891 3892 6
3892 3893 12
3893 3894 9
3894 3895 14
3895 3896 18
3896 3897 15
3897 3898 6
3898 3899 9
3899 3900 12
3900 3901 8
3901 3902 11
3902 3903 10
3903 3904 7
3904 3905 5
3905 3906 12
3906 3907 6
3907 3908 11
3908 3909 19
3909 3910 11
3910 3911 10
3911 3912 19
3912 3913 6
3913 3914 20
3914 3915 4
3915 3916 8
3916 3917 19
3917 3918 7
3918 3919 13
3919 3920 3
3920 3921 4
3921 3922 5
3922 3923 11
3923 3924 13
3924 3925 13
3925 3926 1
3926 3927 12
3927 3928 12
3928 3929 18
3929 3930 2
3930 3931 9
3931 3932 8
3932 3933 8
3933 3934 3
3934 3935 10
3935 3936 8
3936 3937 13
3937 3938 2
3938 3939 1
3939 3940 16
3940 3941 20
3941 3942 6
3942 3943 10
3943 3944 14
3944 3945 11
3945 3946 11
3946 3947 9
3947 3948 8
3948 3949 3
3949 3950 12
3950 3951 20
3951 3952 4
3952 3953 3
3953 3954 13
3954 3955 20
3955 3956 19
3956 3957 17
3957 3958 15
3958 3959 20
3959 3960 19
3960 3961 6
3961 3962 2
3962 3963 17
3963 3964 6
3964 3965 1
3965 3966 6
3966 3967 4
3967 3968 12
3968 3969 10
3969 3970 17
3970 3971 10
3971 3972 13
3972 3973 9
3973 3974 12
3974 3975 1
3975 3976 12
3976 3977 6
3977 3978 1
3978 3979 1
3979 3980 15
3980 3981 10
3981 3982 10
3982 3983 6
3983 3984 13
3984 3985 20
3985 3986 1
3986 3987 6
3987 3988 5
3988 3989 13
3989 3990 11
3990 3991 3
3991 3992 1
3992 3993 9
3993 3994 6
3994 3995 10
3995 3996 16
3996 3997 18
3997 3998 3
3998 3999 7
3999 4000 4
4000 4001 12
4001 4002 14
4002 4003 17
4003 4004 16
4004 4005 12
4005 4006 6
4006 4007 2
4007 4008 6
4008 4009 7
4009 4010 9
4010 4011 4
4011 4012 13
4012 4013 10
4013 4014 20
4014 4015 4
4015 4016 7
4016 4017 15
4017 4018 11
4018 4019 16
4019 4020 2
4020 4021 11
4021 4022 1
4022 4023 15
4023 4024 9
4024 4025 12
4025 4026 15
4026 4027 4
4027 4028 10
4028 4029 19
4029 4030 3
4030 4031 16
4031 4032 2
4032 4033 15
4033 4034 3
4034 4035 6
4035 4036 20
4036 4037 8
4037 4038 8
4038 4039 10
4039 4040 4
4040 4041 13
4041 4042 11
4042 4043 3
4043 4044 13
4044 4045 13
4045 4046 19
4046 4047 9
4047 4048 10
4048 4049 14
4049 4050 1
4050 4051 1
4051 4052 18
4052 4053 10
4053 4054 4
4054 4055 16
4055 4056 2
4056 4057 11
4057 4058 7
4058 4059 16
4059 4060 12
4060 4061 1
4061 4062 6
4062 4063 18
4063 4064 7
4064 4065 10
4065 4066 2
4066 4067 1
4067 4068 10
4068 4069 9
4069 4070 14
4070 4071 1
4071 4072 18
4072 4073 6
4073 4074 19
4074 4075 8
4075 4076 11
4076 4077 7
4077 4078 18
4078 4079 6
4079 4080 2
4080 4081 11
4081 4082 13
4082 4083 15
4083 4084 18
4084 4085 15
4085 4086 5
4086 4087 17
4087 4088 1
4088 4089 10
4089 4090 12
4090 4091 4
4091 4092 7
4092 4093 19
4093 4094 19
4094 4095 14
4095 4096 19
4096 4097 18
4097 4098 2
4098 4099 15
4099 4100 13
4100 4101 12
4101 4102 7
4102 4103 14
4103 4104 11
4104 4105 4
4105 4106 5
4106 4107 20
4107 4108 16
4108 4109 10
4109 4110 19
4110 4111 10
4111 4112 15
4112 4113 19
4113 4114 9
4114 4115 5
4115 4116 2
4116 4117 4
4117 4118 15
4118 4119 11
4119 4120 14
4120 4121 4
4121 4122 17
4122 4123 17
4123 4124 11
4124 4125 13
4125 4126 15
4126 4127 8
4127 4128 1
4128 4129 15
4129 4130 11
4130 4131 2
4131 4132 6
4132 4133 4
4133 4134 20
4134 4135 13
4135 4136 9
4136 4137 8
4137 4138 1
4138 4139 16
4139 4140 15
4140 4141 12
4141 4142 3
4142 4143 6
4143 4144 17
4144 4145 18
4145 4146 20
4146 4147 10
4147 4148 17
4148 4149 4
4149 4150 11
4150 4151 9
4151 4152 18
4152 4153 2
4153 4154 18
4154 4155 4
4155 4156 6
4156 4157 7
4157 4158 14
4158 4159 3
4159 4160 15
4160 4161 1
4161 4162 5
4162 4163 3
4163 4164 12
4164 4165 5
4165 4166 8
4166 4167 3
4167 4168 7
4168 4169 1
4169 4170 12
4170 4171 14
4171 4172 12
4172 4173 4
4173 4174 17
4174 4175 1
4175 4176 3
4176 4177 8
4177 4178 19
4178 4179 12
4179 4180 11
4180 4181 11
4181 4182 13
4182 4183 16
4183 4184 3
4184 4185 20
4185 4186 19
4186 4187 19
4187 4188 14
4188 4189 14
4189 4190 7
4190 4191 20
4191 4192 16
4192 4193 20
4193 4194 12
4194 4195 2
4195 4196 11
4196 4197 7
4197 4198 12
4198 4199 16
4199 4200 12
4200 4201 17
4201 4202 5
4202 4203 19
4203 4204 8
4204 4205 10
4205 4206 3
4206 4207 20
4207 4208 15
4208 4209 16
4209 4210 4
4210 4211 18
4211 4212 4
4212 4213 18
4213 4214 12
4214 4215 11
4215 4216 2
4216 4217 18
4217 4218 16
4218 4219 20
4219 4220 11
4220 4221 9
4221 4222 15
4222 4223 2
4223 4224 7
4224 4225 11
4225 4226 16
4226 4227 20
4227 4228 8
4228 4229 3
4229 4230 20
4230 4231 15
4231 4232 1
4232 4233 2
4233 4234 15
4234 4235 20
4235 4236 18
4236 4237 7
4237 4238 18
4238 4239 6
4239 4240 19
4240 4241 8
4241 4242 20
4242 4243 16
4243 4244 5
4244 4245 8
4245 4246 5
4246 4247 19
4247 4248 2
4248 4249 12
4249 4250 17
4250 4251 17
4251 4252 8
4252 4253 12
4253 4254 18
4254 4255 5
4255 4256 10
4256 4257 3
4257 4258 14
4258 4259 11
4259 4260 6
4260 4261 12
4261 4262 19
4262 4263 17
4263 4264 7
4264 4265 5
4265 4266 8
4266 4267 3
4267 4268 19
4268 4269 10
4269 4270 17
4270 4271 16
4271 4272 1
4272 4273 10
4273 4274 4
4274 4275 18
4275 4276 18
4276 4277 1
4277 4278 8
4278 4279 4
4279 4280 5
4280 4281 13
4281 4282 19
4282 4283 12
4283 4284 17
4284 4285 4
4285 4286 15
4286 4287 7
4287 4288 19
4288 4289 16
4289 4290 17
4290 4291 12
4291 4292 14
4292 4293 18
4293 4294 18
4294 4295 1
4295 4296 16
4296 4297 17
4297 4298 12
4298 4299 10
4299 4300 10
4300 4301 15
4301 4302 9
4302 4303 5
4303 4304 3
4304 4305 10
4305 4306 15
4306 4307 4
4307 4308 14
4308 4309 5
4309 4310 8
4310 4311 17
4311 4312 10
4312 4313 14
4313 4314 9
4314 4315 7
4315 4316 19
4316 4317 20
4317 4318 15
4318 4319 13
4319 4320 11
4320 4321 10
4321 4322 5
4322 4323 12
4323 4324 3
4324 4325 18
4325 4326 5
4326 4327 20
4327 4328 17
4328 4329 8
4329 4330 13
4330 4331 20
4331 4332 16
4332 4333 15
4333 4334 2
4334 4335 14
4335 4336 6
4336 4337 18
4337 4338 9
4338 4339 6
4339 4340 17
4340 4341 5
4341 4342 7
4342 4343 2
4343 4344 8
4344 4345 19
4345 4346 7
4346 4347 4
4347 4348 1
4348 4349 8
4349 4350 9
4350 4351 14
4351 4352 7
4352 4353 4
4353 4354 10
4354 4355 5
4355 4356 6
4356 4357 19
4357 4358 3
4358 4359 5
4359 4360 18
4360 4361 12
4361 4362 4
4362 4363 20
4363 4364 19
4364 4365 13
4365 4366 15
4366 4367 11
4367 4368 14
4368 4369 4
4369 4370 6
4370 4371 8
4371 4372 8
4372 4373 20
4373 4374 6
4374 4375 4
4375 4376 13
4376 4377 16
4377 4378 17
4378 4379 5
4379 4380 8
4380 4381 17
4381 4382 15
4382 4383 19
4383 4384 1
4384 4385 11
4385 4386 4
4386 4387 13
4387 4388 13
4388 4389 5
4389 4390 17
4390 4391 9
4391 4392 19
4392 4393 6
4393 4394 14
4394 4395 12
4395 4396 18
4396 4397 5
4397 4398 18
4398 4399 3
4399 4400 15
4400 4401 18
4401 4402 14
4402 4403 14
4403 4404 6
4404 4405 6
4405 4406 8
4406 4407 3
4407 4408 19
4408 4409 16
4409 4410 19
4410 4411 20
4411 4412 11
4412 4413 5
4413 4414 11
4414 4415 3
4415 4416 18
4416 4417 3
4417 4418 3
4418 4419 6
4419 4420 19
4420 4421 20
4421 4422 19
4422 4423 3
4423 4424 4
4424 4425 6
4425 4426 2
4426 4427 14
4427 4428 14
4428 4429 19
4429 4430 20
4430 4431 7
4431 4432 1
4432 4433 1
4433 4434 14
4434 4435 4
4435 4436 19
4436 4437 8
4437 4438 11
4438 4439 2
4439 4440 3
4440 4441 8
4441 4442 17
4442 4443 12
4443 4444 10
4444 4445 2
4445 4446 5
4446 4447 19
4447 4448 13
4448 4449 16
4449 4450 8
4450 4451 10
4451 4452 13
4452 4453 5
4453 4454 20
4454 4455 16
4455 4456 5
4456 4457 12
4457 4458 8
4458 4459 8
4459 4460 14
4460 4461 16
4461 4462 8
4462 4463 6
4463 4464 20
4464 4465 16
4465 4466 12
4466 4467 10
4467 4468 4
4468 4469 20
4469 4470 7
4470 4471 17
4471 4472 2
4472 4473 16
4473 4474 16
4474 4475 4
4475 4476 2
4476 4477 7
4477 4478 10
4478 4479 10
4479 4480 4
4480 4481 14
4481 4482 14
4482 4483 7
4483 4484 17
4484 4485 3
4485 4486 13
4486 4487 11
4487 4488 5
4488 4489 11
4489 4490 20
4490 4491 1
4491 4492 3
4492 4493 6
4493 4494 12
4494 4495 8
4495 4496 20
4496 4497 10
4497 4498 6
4498 4499 12
4499 4500 12
4500 4501 13
4501 4502 6
4502 4503 6
4503 4504 6
4504 4505 12
4505 4506 2
4506 4507 14
4507 4508 19
4508 4509 9
4509 4510 18
4510 4511 18
4511 4512 6
4512 4513 8
4513 4514 1
4514 4515 15
4515 4516 7
4516 4517 14
4517 4518 10
4518 4519 17
4519 4520 6
4520 4521 8
4521 4522 10
4522 4523 1
4523 4524 15
4524 4525 4
4525 4526 16
4526 4527 2
4527 4528 9
4528 4529 2
4529 4530 19
4530 4531 2
4531 4532 8
4532 4533 4
4533 4534 10
4534 4535 10
4535 4536 16
4536 4537 8
4537 4538 17
4538 4539 17
4539 4540 3
4540 4541 3
4541 4542 13
4542 4543 7
4543 4544 11
4544 4545 15
4545 4546 13
4546 4547 5
4547 4548 18
4548 4549 15
4549 4550 6
4550 4551 6
4551 4552 18
4552 4553 3
4553 4554 19
4554 4555 11
4555 4556 1
4556 4557 15
4557 4558 10
4558 4559 20
4559 4560 14
4560 4561 9
4561 4562 15
4562 4563 16
4563 4564 3
4564 4565 7
4565 4566 7
4566 4567 7
4567 4568 16
4568 4569 19
4569 4570 4
4570 4571 13
4571 4572 8
4572 4573 9
4573 4574 18
4574 4575 2
4575 4576 6
4576 4577 11
4577 4578 10
4578 4579 4
4579 4580 2
4580 4581 4
4581 4582 2
4582 4583 12
4583 4584 7
4584 4585 20
4585 4586 17
4586 4587 13
4587 4588 18
4588 4589 1
4589 4590 4
4590 4591 17
4591 4592 1
4592 4593 7
4593 4594 10
4594 4595 18
4595 4596 9
4596 4597 5
4597 4598 7
4598 4599 5
4599 4600 9
4600 4601 14
4601 4602 3
4602 4603 9
4603 4604 18
4604 4605 7
4605 4606 6
4606 4607 19
4607 4608 20
4608 4609 16
4609 4610 16
4610 4611 10
4611 4612 8
4612 4613 12
4613 4614 2
4614 4615 6
4615 4616 3
4616 4617 19
4617 4618 6
4618 4619 6
4619 4620 17
4620 4621 9
4621 4622 18
4622 4623 2
4623 4624 12
4624 4625 15
4625 4626 5
4626 4627 20
4627 4628 15
4628 4629 14
4629 4630 11
4630 4631 19
4631 4632 9
4632 4633 1
4633 4634 3
4634 4635 7
4635 4636 20
4636 4637 6
4637 4638 8
4638 4639 1
4639 4640 18
4640 4641 17
4641 4642 11
4642 4643 6
4643 4644 7
4644 4645 20
4645 4646 9
4646 4647 18
4647 4648 19
4648 4649 15
4649 4650 13
4650 4651 18
4651 4652 3
4652 4653 19
4653 4654 6
4654 4655 18
4655 4656 4
4656 4657 19
4657 4658 18
4658 4659 15
4659 4660 17
4660 4661 6
4661 4662 6
4662 4663 6
4663 4664 15
4664 4665 4
4665 4666 14
4666 4667 10
4667 4668 14
4668 4669 13
4669 4670 17
4670 4671 12
4671 4672 10
4672 4673 8
4673 4674 16
4674 4675 16
4675 4676 7
4676 4677 2
4677 4678 4
4678 4679 13
4679 4680 3
4680 4681 5
4681 4682 2
4682 4683 17
4683 4684 19
4684 4685 4
4685 4686 18
4686 4687 6
4687 4688 9
4688 4689 1
4689 4690 15
4690 4691 17
4691 4692 17
4692 4693 10
4693 4694 14
4694 4695 18
4695 4696 14
4696 4697 10
4697 4698 18
4698 4699 14
4699 4700 17
4700 4701 12
4701 4702 1
4702 4703 5
4703 4704 9
4704 4705 19
4705 4706 10
4706 4707 19
4707 4708 13
4708 4709 20
4709 4710 11
4710 4711 18
4711 4712 19
4712 4713 13
4713 4714 1
4714 4715 3
4715 4716 13
4716 4717 11
4717 4718 2
4718 4719 14
4719 4720 8
4720 4721 2
4721 4722 7
4722 4723 11
4723 4724 5
4724 4725 13
4725 4726 8
4726 4727 5
4727 4728 4
4728 4729 17
4729 4730 6
4730 4731 11
4731 4732 20
4732 4733 12
4733 4734 16
4734 4735 12
4735 4736 19
4736 4737 19
4737 4738 13
4738 4739 1
4739 4740 12
4740 4741 5
4741 4742 17
4742 4743 13
4743 4744 11
4744 4745 7
4745 4746 10
4746 4747 12
4747 4748 18
4748 4749 16
4749 4750 8
4750 4751 16
4751 4752 18
4752 4753 10
4753 4754 6
4754 4755 6
4755 4756 13
4756 4757 12
4757 4758 16
4758 4759 10
4759 4760 19
4760 4761 3
4761 4762 18
4762 4763 13
4763 4764 3
4764 4765 16
4765 4766 17
4766 4767 16
4767 4768 12
4768 4769 3
4769 4770 13
4770 4771 9
4771 4772 13
4772 4773 18
4773 4774 11
4774 4775 3
4775 4776 7
4776 4777 10
4777 4778 6
4778 4779 8
4779 4780 13
4780 4781 11
4781 4782 9
4782 4783 19
4783 4784 18
4784 4785 16
4785 4786 12
4786 4787 4
4787 4788 16
4788 4789 5
4789 4790 17
4790 4791 11
4791 4792 16
4792 4793 13
4793 4794 18
4794 4795 16
4795 4796 11
4796 4797 4
4797 4798 12
4798 4799 18
4799 4800 4
4800 4801 17
4801 4802 2
4802 4803 19
4803 4804 19
4804 4805 1
4805 4806 9
4806 4807 20
4807 4808 18
4808 4809 7
4809 4810 20
4810 4811 3
4811 4812 7
4812 4813 5
4813 4814 4
4814 4815 9
4815 4816 15
4816 4817 13
4817 4818 2
4818 4819 2
4819 4820 10
4820 4821 14
4821 4822 12
4822 4823 16
4823 4824 11
4824 4825 18
4825 4826 2
4826 4827 12
4827 4828 19
4828 4829 16
4829 4830 19
4830 4831 13
4831 4832 7
4832 4833 3
4833 4834 9
4834 4835 7
4835 4836 15
4836 4837 9
4837 4838 2
4838 4839 11
4839 4840 2
4840 4841 6
4841 4842 11
4842 4843 13
4843 4844 15
4844 4845 13
4845 4846 19
4846 4847 6
4847 4848 13
4848 4849 13
4849 4850 10
4850 4851 5
4851 4852 8
4852 4853 6
4853 4854 20
4854 4855 14
4855 4856 5
4856 4857 8
4857 4858 6
4858 4859 5
4859 4860 8
4860 4861 13
4861 4862 8
4862 4863 2
4863 4864 12
4864 4865 10
4865 4866 12
4866 4867 13
4867 4868 16
4868 4869 2
4869 4870 7
4870 4871 1
4871 4872 6
4872 4873 19
4873 4874 17
4874 4875 2
4875 4876 17
4876 4877 11
4877 4878 19
4878 4879 3
4879 4880 8
4880 4881 12
4881 4882 14
4882 4883 3
4883 4884 9
4884 4885 18
4885 4886 3
4886 4887 9
4887 4888 12
4888 4889 9
4889 4890 15
4890 4891 3
4891 4892 17
4892 4893 14
4893 4894 8
4894 4895 12
4895 4896 9
4896 4897 6
4897 4898 13
4898 4899 5
4899 4900 2
4900 4901 9
4901 4902 15
4902 4903 13
4903 4904 9
4904 4905 10
4905 4906 9
4906 4907 10
4907 4908 2
4908 4909 20
4909 4910 8
4910 4911 20
4911 4912 11
4912 4913 6
4913 4914 20
4914 4915 14
4915 4916 13
4916 4917 13
4917 4918 3
4918 4919 20
4919 4920 16
4920 4921 6
4921 4922 8
4922 4923 10
4923 4924 15
4924 4925 3
4925 4926 10
4926 4927 12
4927 4928 4
4928 4929 14
4929 4930 3
4930 4931 3
4931 4932 14
4932 4933 5
4933 4934 7
4934 4935 12
4935 4936 16
4936 4937 6
4937 4938 8
4938 4939 1
4939 4940 1
4940 4941 19
4941 4942 9
4942 4943 16
4943 4944 15
4944 4945 6
4945 4946 6
4946 4947 20
4947 4948 5
4948 4949 15
4949 4950 12
4950 4951 3
4951 4952 7
4952 4953 7
4953 4954 13
4954 4955 11
4955 4956 9
4956 4957 16
4957 4958 19
4958 4959 17
4959 4960 15
4960 4961 15
4961 4962 18
4962 4963 15
4963 4964 7
4964 4965 6
4965 4966 7
4966 4967 1
4967 4968 12
4968 4969 8
4969 4970 20
4970 4971 11
4971 4972 19
4972 4973 8
4973 4974 3
4974 4975 15
4975 4976 13
4976 4977 2
4977 4978 20
4978 4979 3
4979 4980 13
4980 4981 12
4981 4982 11
4982 4983 3
4983 4984 8
4984 4985 11
4985 4986 6
4986 4987 4
4987 4988 19
4988 4989 10
4989 4990 15
4990 4991 12
4991 4992 20
4992 4993 13
4993 4994 2
4994 4995 5
4995 4996 9
4996 4997 5
4997 4998 7
4998 4999 13
4999 5000 15
5000 5001 4
5001 5002 7
5002 5003 17
5003 5004 7
5004 5005 11
5005 5006 9
5006 5007 3
5007 5008 19
5008 5009 16
5009 5010 8
5010 5011 18
5011 5012 16
5012 5013 17
5013 5014 4
5014 5015 12
5015 5016 18
5016 5017 11
5017 5018 3
5018 5019 18
5019 5020 10
5020 5021 12
5021 5022 13
5022 5023 4
5023 5024 8
5024 5025 12
5025 5026 11
5026 5027 9
5027 5028 1
5028 5029 8
5029 5030 6
5030 5031 16
5031 5032 6
5032 5033 10
5033 5034 20
5034 5035 13
5035 5036 17
5036 5037 17
5037 5038 1
5038 5039 9
5039 5040 18
5040 5041 16
5041 5042 11
5042 5043 12
5043 5044 18
5044 5045 8
5045 5046 14
5046 5047 17
5047 5048 7
5048 5049 3
5049 5050 20
5050 5051 1
5051 5052 17
5052 5053 3
5053 5054 10
5054 5055 10
5055 5056 11
5056 5057 8
5057 5058 18
5058 5059 3
5059 5060 11
5060 5061 5
5061 5062 13
5062 5063 5
5063 5064 9
5064 5065 5
5065 5066 19
5066 5067 8
5067 5068 2
5068 5069 1
5069 5070 12
5070 5071 11
5071 5072 6
5072 5073 12
5073 5074 18
5074 5075 3
5075 5076 11
5076 5077 20
5077 5078 7
5078 5079 11
5079 5080 17
5080 5081 19
5081 5082 6
5082 5083 18
5083 5084 12
5084 5085 5
5085 5086 2
5086 5087 10
5087 5088 1
5088 5089 12
5089 5090 6
5090 5091 20
5091 5092 14
5092 5093 8
5093 5094 19
5094 5095 8
5095 5096 12
5096 5097 14
5097 5098 20
5098 5099 2
5099 5100 5
5100 5101 3
5101 5102 5
5102 5103 13
5103 5104 3
5104 5105 14
5105 5106 12
5106 5107 10
5107 5108 20
5108 5109 6
5109 5110 20
5110 5111 17
5111 5112 10
5112 5113 15
5113 5114 7
5114 5115 7
5115 5116 8
5116 5117 12
5117 5118 20
5118 5119 19
5119 5120 10
5120 5121 10
5121 5122 2
5122 5123 6
5123 5124 2
5124 5125 7
5125 5126 1
5126 5127 18
5127 5128 10
5128 5129 9
5129 5130 15
5130 5131 4
5131 5132 15
5132 5133 20
5133 5134 14
5134 5135 18
5135 5136 1
5136 5137 19
5137 5138 8
5138 5139 4
5139 5140 17
5140 5141 8
5141 5142 16
5142 5143 16
5143 5144 16
5144 5145 10
5145 5146 17
5146 5147 1
5147 5148 17
5148 5149 3
5149 5150 9
5150 5151 9
5151 5152 2
5152 5153 12
5153 5154 20
5154 5155 14
5155 5156 19
5156 5157 20
5157 5158 19
5158 5159 15
5159 5160 13
5160 5161 6
5161 5162 12
5162 5163 4
5163 5164 15
5164 5165 3
5165 5166 20
5166 5167 15
5167 5168 16
5168 5169 11
5169 5170 17
5170 5171 19
5171 5172 12
5172 5173 13
5173 5174 9
5174 5175 3
5175 5176 20
5176 5177 6
5177 5178 7
5178 5179 13
5179 5180 9
5180 5181 15
5181 5182 13
5182 5183 17
5183 5184 5
5184 5185 18
5185 5186 15
5186 5187 4
5187 5188 14
5188 5189 2
5189 5190 12
5190 5191 18
5191 5192 4
5192 5193 9
5193 5194 16
5194 5195 7
5195 5196 10
5196 5197 16
5197 5198 18
5198 5199 11
5199 5200 4
5200 5201 10
5201 5202 4
5202 5203 2
5203 5204 8
5204 5205 17
5205 5206 20
5206 5207 7
5207 5208 6
5208 5209 5
5209 5210 9
5210 5211 5
5211 5212 7
5212 5213 10
5213 5214 3
5214 5215 19
5215 5216 14
5216 5217 2
5217 5218 16
5218 5219 5
5219 5220 19
5220 5221 18
5221 5222 1
5222 5223 7
5223 5224 18
5224 5225 17
5225 5226 5
5226 5227 14
5227 5228 3
5228 5229 3
5229 5230 14
5230 5231 7
5231 5232 12
5232 5233 15
5233 5234 18
5234 5235 17
5235 5236 18
5236 5237 9
5237 5238 16
5238 5239 15
5239 5240 18
5240 5241 15
5241 5242 3
5242 5243 11
5243 5244 20
5244 5245 18
5245 5246 4
5246 5247 6
5247 5248 3
5248 5249 14
5249 5250 9
5250 5251 7
5251 5252 13
5252 5253 10
5253 5254 2
5254 5255 11
5255 5256 12
5256 5257 11
5257 5258 5
5258 5259 15
5259 5260 2
5260 5261 13
5261 5262 13
5262 5263 15
5263 5264 14
5264 5265 16
5265 5266 8
5266 5267 12
5267 5268 4
5268 5269 8
5269 5270 6
5270 5271 12
5271 5272 8
5272 5273 6
5273 5274 10
5274 5275 1
5275 5276 18
5276 5277 7
5277 5278 16
5278 5279 14
5279 5280 2
5280 5281 3
5281 5282 12
5282 5283 15
5283 5284 8
5284 5285 12
5285 5286 15
5286 5287 18
5287 5288 15
5288 5289 3
5289 5290 11
5290 5291 12
5291 5292 7
5292 5293 1
5293 5294 2
5294 5295 6
5295 5296 4
5296 5297 11
5297 5298 20
5298 5299 14
5299 5300 2
5300 5301 14
5301 5302 18
5302 5303 10
5303 5304 12
5304 5305 4
5305 5306 4
5306 5307 4
5307 5308 12
5308 5309 3
5309 5310 18
5310 5311 9
5311 5312 13
5312 5313 9
5313 5314 12
5314 5315 14
5315 5316 20
5316 5317 4
5317 5318 15
5318 5319 15
5319 5320 9
5320 5321 13
5321 5322 12
5322 5323 11
5323 5324 8
5324 5325 19
5325 5326 7
5326 5327 4
5327 5328 15
5328 5329 4
5329 5330 8
5330 5331 17
5331 5332 14
5332 5333 7
5333 5334 11
5334 5335 4
5335 5336 17
5336 5337 18
5337 5338 11
5338 5339 17
5339 5340 7
5340 5341 8
5341 5342 15
5342 5343 8
5343 5344 14
5344 5345 4
5345 5346 4
5346 5347 6
5347 5348 6
5348 5349 20
5349 5350 14
5350 5351 11
5351 5352 19
5352 5353 5
5353 5354 10
5354 5355 18
5355 5356 6
5356 5357 19
5357 5358 13
5358 5359 6
5359 5360 11
5360 5361 13
5361 5362 3
5362 5363 8
5363 5364 19
5364 5365 16
5365 5366 18
5366 5367 10
5367 5368 13
5368 5369 20
5369 5370 2
5370 5371 15
5371 5372 18
5372 5373 13
5373 5374 11
5374 5375 18
5375 5376 18
5376 5377 15
5377 5378 3
5378 5379 1
5379 5380 14
5380 5381 2
5381 5382 10
5382 5383 13
5383 5384 9
5384 5385 14
5385 5386 6
5386 5387 12
5387 5388 15
5388 5389 10
5389 5390 7
5390 5391 12
5391 5392 1
5392 5393 8
5393 5394 17
5394 5395 7
5395 5396 14
5396 5397 12
5397 5398 7
5398 5399 13
5399 5400 10
5400 5401 6
5401 5402 5
5402 5403 9
5403 5404 18
5404 5405 19
5405 5406 9
5406 5407 12
5407 5408 9
5408 5409 16
5409 5410 14
5410 5411 13
5411 5412 3
5412 5413 13
5413 5414 9
5414 5415 14
5415 5416 11
5416 5417 1
5417 5418 5
5418 5419 16
5419 5420 6
5420 5421 11
5421 5422 2
5422 5423 9
5423 5424 19
5424 5425 10
5425 5426 3
5426 5427 18
5427 5428 5
5428 5429 7
5429 5430 5
5430 5431 1
5431 5432 10
5432 5433 7
5433 5434 20
5434 5435 13
5435 5436 10
5436 5437 12
5437 5438 2
5438 5439 1
5439 5440 3
5440 5441 17
5441 5442 6
5442 5443 4
5443 5444 9
5444 5445 18
5445 5446 15
5446 5447 5
5447 5448 1
5448 5449 14
5449 5450 18
5450 5451 16
5451 5452 12
5452 5453 7
5453 5454 10
5454 5455 5
5455 5456 18
5456 5457 15
5457 5458 3
5458 5459 1
5459 5460 12
5460 5461 14
5461 5462 9
5462 5463 9
5463 5464 11
5464 5465 9
5465 5466 16
5466 5467 6
5467 5468 19
5468 5469 14
5469 5470 17
5470 5471 14
5471 5472 20
5472 5473 15
5473 5474 20
5474 5475 12
5475 5476 13
5476 5477 3
5477 5478 18
5478 5479 15
5479 5480 18
5480 5481 20
5481 5482 1
5482 5483 19
5483 5484 8
5484 5485 12
5485 5486 2
5486 5487 17
5487 5488 17
5488 5489 15
5489 5490 19
5490 5491 4
5491 5492 6
5492 5493 7
5493 5494 7
5494 5495 9
5495 5496 18
5496 5497 2
5497 5498 7
5498 5499 19
5499 5500 15
5500 5501 1
5501 5502 3
5502 5503 14
5503 5504 4
5504 5505 17
5505 5506 6
5506 5507 3
5507 5508 14
5508 5509 14
5509 5510 4
5510 5511 12
5511 5512 8
5512 5513 17
5513 5514 14
5514 5515 16
5515 5516 19
5516 5517 4
5517 5518 7
5518 5519 5
5519 5520 6
5520 5521 2
5521 5522 17
5522 5523 7
5523 5524 11
5524 5525 13
5525 5526 14
5526 5527 6
5527 5528 11
5528 5529 18
5529 5530 11
5530 5531 2
5531 5532 5
5532 5533 3
5533 5534 20
5534 5535 7
5535 5536 19
5536 5537 9
5537 5538 10
5538 5539 19
5539 5540 4
5540 5541 3
5541 5542 5
5542 5543 2
5543 5544 14
5544 5545 19
5545 5546 1
5546 5547 1
5547 5548 8
5548 5549 10
5549 5550 1
5550 5551 4
5551 5552 8
5552 5553 19
5553 5554 15
5554 5555 11
5555 5556 12
5556 5557 1
5557 5558 15
5558 5559 8
5559 5560 2
5560 5561 3
5561 5562 7
5562 5563 14
5563 5564 6
5564 5565 2
5565 5566 16
5566 5567 1
5567 5568 4
5568 5569 9
5569 5570 15
5570 5571 14
5571 5572 12
5572 5573 8
5573 5574 19
5574 5575 20
5575 5576 15
5576 5577 19
5577 5578 7
5578 5579 9
5579 5580 19
5580 5581 3
5581 5582 19
5582 5583 19
5583 5584 10
5584 5585 3
5585 5586 20
5586 5587 18
5587 5588 12
5588 5589 13
5589 5590 10
5590 5591 6
5591 5592 7
5592 5593 3
5593 5594 3
5594 5595 3
5595 5596 8
5596 5597 5
5597 5598 6
5598 5599 17
5599 5600 5
5600 5601 10
5601 5602 13
5602 5603 15
5603 5604 9
5604 5605 15
5605 5606 8
5606 5607 8
5607 5608 8
5608 5609 13
5609 5610 6
5610 5611 4
5611 5612 13
5612 5613 2
5613 5614 6
5614 5615 13
5615 5616 18
5616 5617 2
5617 5618 17
5618 5619 9
5619 5620 3
5620 5621 4
5621 5622 6
5622 5623 1
5623 5624 2
5624 5625 3
5625 5626 15
5626 5627 20
5627 5628 3
5628 5629 17
5629 5630 19
5630 5631 19
5631 5632 12
5632 5633 7
5633 5634 17
5634 5635 1
5635 5636 12
5636 5637 3
5637 5638 20
5638 5639 10
5639 5640 2
5640 5641 8
5641 5642 8
5642 5643 1
5643 5644 9
5644 5645 15
5645 5646 6
5646 5647 11
5647 5648 6
5648 5649 15
5649 5650 4
5650 5651 4
5651 5652 6
5652 5653 10
5653 5654 4
5654 5655 4
5655 5656 7
5656 5657 15
5657 5658 11
5658 5659 15
5659 5660 14
5660 5661 8
5661 5662 14
5662 5663 14
5663 5664 2
5664 5665 6
5665 5666 5
5666 5667 18
5667 5668 16
5668 5669 20
5669 5670 17
5670 5671 15
5671 5672 15
5672 5673 2
5673 5674 12
5674 5675 6
5675 5676 19
5676 5677 18
5677 5678 6
5678 5679 8
5679 5680 3
5680 5681 20
5681 5682 19
5682 5683 15
5683 5684 8
5684 5685 15
5685 5686 4
5686 5687 16
5687 5688 13
5688 5689 15
5689 5690 20
5690 5691 11
5691 5692 13
5692 5693 4
5693 5694 16
5694 5695 6
5695 5696 16
5696 5697 5
5697 5698 3
5698 5699 9
5699 5700 9
5700 5701 11
5701 5702 13
5702 5703 7
5703 5704 16
5704 5705 1
5705 5706 10
5706 5707 10
5707 5708 16
5708 5709 12
5709 5710 11
5710 5711 9
5711 5712 2
5712 5713 19
5713 5714 20
5714 5715 19
5715 5716 18
5716 5717 8
5717 5718 5
5718 5719 20
5719 5720 14
5720 5721 11
5721 5722 8
5722 5723 20
5723 5724 1
5724 5725 17
5725 5726 17
5726 5727 12
5727 5728 4
5728 5729 13
5729 5730 14
5730 5731 6
5731 5732 4
5732 5733 11
5733 5734 8
5734 5735 17
5735 5736 13
5736 5737 18
5737 5738 18
5738 5739 1
5739 5740 4
5740 5741 16
5741 5742 13
5742 5743 5
5743 5744 13
5744 5745 17
5745 5746 1
5746 5747 2
5747 5748 11
5748 5749 12
5749 5750 4
5750 5751 13
5751 5752 4
5752 5753 2
5753 5754 13
5754 5755 14
5755 5756 1
5756 5757 17
5757 5758 5
5758 5759 12
5759 5760 3
5760 5761 2
5761 5762 14
5762 5763 8
5763 5764 5
5764 5765 4
5765 5766 3
5766 5767 10
5767 5768 10
5768 5769 16
5769 5770 16
5770 5771 3
5771 5772 18
5772 5773 14
5773 5774 11
5774 5775 17
5775 5776 9
5776 5777 1
5777 5778 1
5778 5779 13
5779 5780 20
5780 5781 8
5781 5782 13
5782 5783 7
5783 5784 17
5784 5785 17
5785 5786 6
5786 5787 13
5787 5788 5
5788 5789 14
5789 5790 3
5790 5791 17
5791 5792 13
5792 5793 16
5793 5794 7
5794 5795 13
5795 5796 6
5796 5797 19
5797 5798 14
5798 5799 5
5799 5800 15
5800 5801 5
5801 5802 9
5802 5803 8
5803 5804 6
5804 5805 10
5805 5806 10
5806 5807 16
5807 5808 2
5808 5809 5
5809 5810 20
5810 5811 9
5811 5812 12
5812 5813 2
5813 5814 15
5814 5815 9
5815 5816 19
5816 5817 4
5817 5818 15
5818 5819 13
5819 5820 10
5820 5821 3
5821 5822 4
5822 5823 4
5823 5824 10
5824 5825 18
5825 5826 13
5826 5827 4
5827 5828 14
5828 5829 18
5829 5830 9
5830 5831 2
5831 5832 19
5832 5833 15
5833 5834 20
5834 5835 8
5835 5836 8
5836 5837 13
5837 5838 14
5838 5839 15
5839 5840 15
5840 5841 11
5841 5842 7
5842 5843 4
5843 5844 15
5844 5845 20
5845 5846 15
5846 5847 3
5847 5848 7
5848 5849 6
5849 5850 12
5850 5851 18
5851 5852 15
5852 5853 8
5853 5854 3
5854 5855 16
5855 5856 5
5856 5857 5
5857 5858 20
5858 5859 5
5859 5860 14
5860 5861 16
5861 5862 19
5862 5863 19
5863 5864 8
5864 5865 3
5865 5866 12
5866 5867 3
5867 5868 5
5868 5869 2
5869 5870 2
5870 5871 10
5871 5872 10
5872 5873 20
5873 5874 20
5874 5875 12
5875 5876 6
5876 5877 17
5877 5878 4
5878 5879 10
5879 5880 13
5880 5881 9
5881 5882 18
5882 5883 20
5883 5884 9
5884 5885 14
5885 5886 9
5886 5887 2
5887 5888 16
5888 5889 17
5889 5890 5
5890 5891 16
5891 5892 20
5892 5893 18
5893 5894 13
5894 5895 17
5895 5896 20
5896 5897 13
5897 5898 11
5898 5899 5
5899 5900 17
5900 5901 13
5901 5902 7
5902 5903 20
5903 5904 14
5904 5905 12
5905 5906 5
5906 5907 15
5907 5908 12
5908 5909 14
5909 5910 12
5910 5911 9
5911 5912 17
5912 5913 11
5913 5914 11
5914 5915 7
5915 5916 7
5916 5917 16
5917 5918 18
5918 5919 1
5919 5920 14
5920 5921 2
5921 5922 15
5922 5923 17
5923 5924 7
5924 5925 2
5925 5926 18
5926 5927 15
5927 5928 17
5928 5929 4
5929 5930 8
5930 5931 2
5931 5932 11
5932 5933 7
5933 5934 20
5934 5935 9
5935 5936 6
5936 5937 11
5937 5938 17
5938 5939 15
5939 5940 1
5940 5941 10
5941 5942 12
5942 5943 1
5943 5944 15
5944 5945 13
5945 5946 1
5946 5947 11
5947 5948 6
5948 5949 18
5949 5950 1
5950 5951 2
5951 5952 10
5952 5953 19
5953 5954 2
5954 5955 20
5955 5956 20
5956 5957 10
5957 5958 16
5958 5959 10
5959 5960 1
5960 5961 18
5961 5962 8
5962 5963 19
5963 5964 11
5964 5965 11
5965 5966 19
5966 5967 18
5967 5968 16
5968 5969 20
5969 5970 4
5970 5971 6
5971 5972 6
5972 5973 9
5973 5974 19
5974 5975 18
5975 5976 11
5976 5977 15
5977 5978 19
5978 5979 1
5979 5980 9
5980 5981 1
5981 5982 11
5982 5983 12
5983 5984 17
5984 5985 6
5985 5986 18
5986 5987 9
5987 5988 6
5988 5989 9
5989 5990 17
5990 5991 1
5991 5992 9
5992 5993 13
5993 5994 17
5994 5995 14
5995 5996 17
5996 5997 13
5997 5998 10
5998 5999 3
5999 6000 6
6000 6001 16
6001 6002 2
6002 6003 6
6003 6004 19
6004 6005 11
6005 6006 7
6006 6007 3
6007 6008 16
6008 6009 16
6009 6010 13
6010 6011 3
6011 6012 12
6012 6013 19
6013 6014 16
6014 6015 4
6015 6016 4
6016 6017 5
6017 6018 15
6018 6019 4
6019 6020 2
6020 6021 20
6021 6022 13
6022 6023 10
6023 6024 6
6024 6025 10
6025 6026 9
6026 6027 12
6027 6028 2
6028 6029 1
6029 6030 1
6030 6031 7
6031 6032 9
6032 6033 15
6033 6034 3
6034 6035 1
6035 6036 18
6036 6037 1
6037 6038 17
6038 6039 1
6039 6040 4
6040 6041 13
6041 6042 3
6042 6043 14
6043 6044 4
6044 6045 2
6045 6046 15
6046 6047 5
6047 6048 9
6048 6049 5
6049 6050 13
6050 6051 17
6051 6052 15
6052 6053 17
6053 6054 13
6054 6055 9
6055 6056 6
6056 6057 12
6057 6058 11
6058 6059 13
6059 6060 6
6060 6061 16
6061 6062 17
6062 6063 19
6063 6064 1
6064 6065 13
6065 6066 3
6066 6067 13
6067 6068 13
6068 6069 17
6069 6070 20
6070 6071 3
6071 6072 13
6072 6073 3
6073 6074 18
6074 6075 14
6075 6076 20
6076 6077 14
6077 6078 13
6078 6079 12
6079 6080 13
6080 6081 9
6081 6082 17
6082 6083 13
6083 6084 9
6084 6085 11
6085 6086 17
6086 6087 19
6087 6088 6
6088 6089 9
6089 6090 15
6090 6091 9
6091 6092 16
6092 6093 5
6093 6094 18
6094 6095 14
6095 6096 18
6096 6097 18
6097 6098 11
6098 6099 17
6099 6100 12
6100 6101 14
6101 6102 1
6102 6103 2
6103 6104 17
6104 6105 19
6105 6106 4
6106 6107 20
6107 6108 16
6108 6109 13
6109 6110 14
6110 6111 1
6111 6112 20
6112 6113 11
6113 6114 9
6114 6115 14
6115 6116 9
6116 6117 18
6117 6118 4
6118 6119 15
6119 6120 5
6120 6121 7
6121 6122 17
6122 6123 5
6123 6124 12
6124 6125 20
6125 6126 20
6126 6127 13
6127 6128 20
6128 6129 1
6129 6130 10
6130 6131 16
6131 6132 14
6132 6133 13
6133 6134 20
6134 6135 1
6135 6136 6
6136 6137 20
6137 6138 11
6138 6139 14
6139 6140 17
6140 6141 17
6141 6142 1
6142 6143 19
6143 6144 14
6144 6145 17
6145 6146 7
6146 6147 1
6147 6148 2
6148 6149 15
6149 6150 8
6150 6151 10
6151 6152 13
6152 6153 3
6153 6154 1
6154 6155 11
6155 6156 15
6156 6157 2
6157 6158 10
6158 6159 15
6159 6160 11
6160 6161 3
6161 6162 20
6162 6163 20
6163 6164 15
6164 6165 16
6165 6166 1
6166 6167 13
6167 6168 9
6168 6169 8
6169 6170 2
6170 6171 17
6171 6172 15
6172 6173 5
6173 6174 19
6174 6175 2
6175 6176 11
6176 6177 20
6177 6178 10
6178 6179 14
6179 6180 13
6180 6181 17
6181 6182 6
6182 6183 4
6183 6184 1
6184 6185 5
6185 6186 15
6186 6187 1
6187 6188 4
6188 6189 1
6189 6190 13
6190 6191 5
6191 6192 15
6192 6193 16
6193 6194 9
6194 6195 12
6195 6196 8
6196 6197 6
6197 6198 7
6198 6199 5
6199 6200 14
6200 6201 13
6201 6202 12
6202 6203 14
6203 6204 8
6204 6205 6
6205 6206 4
6206 6207 15
6207 6208 10
6208 6209 8
6209 6210 10
6210 6211 13
6211 6212 13
6212 6213 4
6213 6214 17
6214 6215 4
6215 6216 20
6216 6217 16
6217 6218 16
6218 6219 1
6219 6220 3
6220 6221 12
6221 6222 8
6222 6223 10
6223 6224 12
6224 6225 12
6225 6226 17
6226 6227 12
6227 6228 12
6228 6229 7
6229 6230 3
6230 6231 10
6231 6232 13
6232 6233 17
6233 6234 12
6234 6235 7
6235 6236 15
6236 6237 11
6237 6238 11
6238 6239 14
6239 6240 9
6240 6241 8
6241 6242 11
6242 6243 11
6243 6244 10
6244 6245 8
6245 6246 19
6246 6247 11
6247 6248 16
6248 6249 18
6249 6250 18
6250 6251 12
6251 6252 9
6252 6253 16
6253 6254 16
6254 6255 15
6255 6256 17
6256 6257 10
6257 6258 12
6258 6259 3
6259 6260 12
6260 6261 12
6261 6262 16
6262 6263 7
6263 6264 14
6264 6265 16
6265 6266 3
6266 6267 1
6267 6268 13
6268 6269 20
6269 6270 5
6270 6271 14
6271 6272 7
6272 6273 10
6273 6274 14
6274 6275 14
6275 6276 1
6276 6277 14
6277 6278 1
6278 6279 4
6279 6280 3
6280 6281 1
6281 6282 15
6282 6283 11
6283 6284 17
6284 6285 19
6285 6286 9
6286 6287 19
6287 6288 4
6288 6289 11
6289 6290 11
6290 6291 11
6291 6292 7
6292 6293 4
6293 6294 19
6294 6295 5
6295 6296 13
6296 6297 12
6297 6298 6
6298 6299 5
6299 6300 16
6300 6301 17
6301 6302 6
6302 6303 20
6303 6304 3
6304 6305 12
6305 6306 6
6306 6307 7
6307 6308 9
6308 6309 5
6309 6310 6
6310 6311 15
6311 6312 3
6312 6313 6
6313 6314 10
6314 6315 12
6315 6316 4
6316 6317 7
6317 6318 18
6318 6319 3
6319 6320 3
6320 6321 3
6321 6322 17
6322 6323 11
6323 6324 5
6324 6325 19
6325 6326 20
6326 6327 7
6327 6328 6
6328 6329 7
6329 6330 10
6330 6331 17
6331 6332 8
6332 6333 11
6333 6334 1
6334 6335 19
6335 6336 14
6336 6337 3
6337 6338 14
6338 6339 7
6339 6340 19
6340 6341 17
6341 6342 15
6342 6343 2
6343 6344 14
6344 6345 17
6345 6346 12
6346 6347 9
6347 6348 13
6348 6349 7
6349 6350 20
6350 6351 7
6351 6352 19
6352 6353 14
6353 6354 5
6354 6355 11
6355 6356 11
6356 6357 17
6357 6358 14
6358 6359 14
6359 6360 13
6360 6361 10
6361 6362 6
6362 6363 19
6363 6364 15
6364 6365 20
6365 6366 11
6366 6367 11
6367 6368 5
6368 6369 14
6369 6370 16
6370 6371 4
6371 6372 10
6372 6373 3
6373 6374 20
6374 6375 6
6375 6376 9
6376 6377 5
6377 6378 11
6378 6379 16
6379 6380 17
6380 6381 4
6381 6382 15
6382 6383 2
6383 6384 13
6384 6385 8
6385 6386 1
6386 6387 15
6387 6388 4
6388 6389 19
6389 6390 6
6390 6391 2
6391 6392 13
6392 6393 1
6393 6394 6
6394 6395 14
6395 6396 20
6396 6397 15
6397 6398 16
6398 6399 18
6399 6400 18
6400 6401 7
6401 6402 19
6402 6403 12
6403 6404 6
6404 6405 10
6405 6406 12
6406 6407 14
6407 6408 16
6408 6409 19
6409 6410 4
6410 6411 15
6411 6412 15
6412 6413 8
6413 6414 3
6414 6415 12
6415 6416 19
6416 6417 4
6417 6418 1
6418 6419 15
6419 6420 1
6420 6421 4
6421 6422 12
6422 6423 14
6423 6424 8
6424 6425 16
6425 6426 2
6426 6427 13
6427 6428 4
6428 6429 1
6429 6430 19
6430 6431 1
6431 6432 18
6432 6433 16
6433 6434 20
6434 6435 9
6435 6436 20
6436 6437 10
6437 6438 16
6438 6439 19
6439 6440 19
6440 6441 8
6441 6442 12
6442 6443 5
6443 6444 19
6444 6445 2
6445 6446 19
6446 6447 10
6447 6448 10
6448 6449 3
6449 6450 15
6450 6451 19
6451 6452 13
6452 6453 20
6453 6454 19
6454 6455 2
6455 6456 12
6456 6457 14
6457 6458 14
6458 6459 18
6459 6460 17
6460 6461 16
6461 6462 1
6462 6463 3
6463 6464 1
6464 6465 2
6465 6466 17
6466 6467 1
6467 6468 19
6468 6469 15
6469 6470 20
6470 6471 8
6471 6472 14
6472 6473 5
6473 6474 18
6474 6475 17
6475 6476 6
6476 6477 2
6477 6478 11
6478 6479 8
6479 6480 18
6480 6481 1
6481 6482 16
6482 6483 7
6483 6484 5
6484 6485 20
6485 6486 16
6486 6487 15
6487 6488 10
6488 6489 9
6489 6490 2
6490 6491 7
6491 6492 19
6492 6493 3
6493 6494 13
6494 6495 2
6495 6496 7
6496 6497 13
6497 6498 7
6498 6499 6
6499 6500 4
6500 6501 14
6501 6502 15
6502 6503 6
6503 6504 12
6504 6505 9
6505 6506 2
6506 6507 5
6507 6508 19
6508 6509 13
6509 6510 1
6510 6511 13
6511 6512 19
6512 6513 2
6513 6514 9
6514 6515 3
6515 6516 11
6516 6517 10
6517 6518 3
6518 6519 13
6519 6520 2
6520 6521 11
6521 6522 3
6522 6523 14
6523 6524 8
6524 6525 10
6525 6526 20
6526 6527 18
6527 6528 4
6528 6529 1
6529 6530 7
6530 6531 14
6531 6532 18
6532 6533 10
6533 6534 6
6534 6535 8
6535 6536 19
6536 6537 14
6537 6538 16
6538 6539 12
6539 6540 2
6540 6541 14
6541 6542 15
6542 6543 13
6543 6544 20
6544 6545 1
6545 6546 13
6546 6547 7
6547 6548 10
6548 6549 13
6549 6550 15
6550 6551 19
6551 6552 13
6552 6553 9
6553 6554 3
6554 6555 14
6555 6556 11
6556 6557 14
6557 6558 6
6558 6559 16
6559 6560 11
6560 6561 9
6561 6562 16
6562 6563 3
6563 6564 13
6564 6565 11
6565 6566 1
6566 6567 12
6567 6568 6
6568 6569 6
6569 6570 4
6570 6571 9
6571 6572 12
6572 6573 1
6573 6574 2
6574 6575 6
6575 6576 7
6576 6577 16
6577 6578 8
6578 6579 7
6579 6580 11
6580 6581 14
6581 6582 1
6582 6583 18
6583 6584 5
6584 6585 14
6585 6586 4
6586 6587 11
6587 6588 13
6588 6589 5
6589 6590 19
6590 6591 11
6591 6592 10
6592 6593 10
6593 6594 14
6594 6595 3
6595 6596 6
6596 6597 6
6597 6598 3
6598 6599 6
6599 6600 12
6600 6601 15
6601 6602 11
6602 6603 14
6603 6604 17
6604 6605 7
6605 6606 17
6606 6607 17
6607 6608 2
6608 6609 5
6609 6610 6
6610 6611 15
6611 6612 12
6612 6613 3
6613 6614 13
6614 6615 1
6615 6616 6
6616 6617 19
6617 6618 17
6618 6619 4
6619 6620 20
6620 6621 14
6621 6622 10
6622 6623 8
6623 6624 3
6624 6625 20
6625 6626 1
6626 6627 9
6627 6628 16
6628 6629 13
6629 6630 13
6630 6631 11
6631 6632 10
6632 6633 5
6633 6634 19
6634 6635 18
6635 6636 11
6636 6637 18
6637 6638 1
6638 6639 12
6639 6640 11
6640 6641 9
6641 6642 15
6642 6643 20
6643 6644 17
6644 6645 19
6645 6646 6
6646 6647 5
6647 6648 6
6648 6649 17
6649 6650 6
6650 6651 3
6651 6652 4
6652 6653 2
6653 6654 8
6654 6655 15
6655 6656 4
6656 6657 15
6657 6658 5
6658 6659 1
6659 6660 12
6660 6661 7
6661 6662 7
6662 6663 15
6663 6664 9
6664 6665 2
6665 6666 18
6666 6667 9
6667 6668 12
6668 6669 16
6669 6670 6
6670 6671 3
6671 6672 8
6672 6673 7
6673 6674 15
6674 6675 20
6675 6676 9
6676 6677 6
6677 6678 1
6678 6679 9
6679 6680 8
6680 6681 2
6681 6682 8
6682 6683 11
6683 6684 8
6684 6685 19
6685 6686 8
6686 6687 3
6687 6688 7
6688 6689 18
6689 6690 19
6690 6691 6
6691 6692 17
6692 6693 9
6693 6694 16
6694 6695 13
6695 6696 7
6696 6697 12
6697 6698 19
6698 6699 7
6699 6700 12
6700 6701 13
6701 6702 19
6702 6703 2
6703 6704 7
6704 6705 1
6705 6706 7
6706 6707 8
6707 6708 16
6708 6709 12
6709 6710 18
6710 6711 14
6711 6712 16
6712 6713 2
6713 6714 9
6714 6715 20
6715 6716 12
6716 6717 8
6717 6718 16
6718 6719 16
6719 6720 17
6720 6721 6
6721 6722 2
6722 6723 10
6723 6724 4
6724 6725 9
6725 6726 13
6726 6727 13
6727 6728 13
6728 6729 12
6729 6730 10
6730 6731 12
6731 6732 6
6732 6733 15
6733 6734 13
6734 6735 7
6735 6736 10
6736 6737 1
6737 6738 6
6738 6739 20
6739 6740 7
6740 6741 10
6741 6742 12
6742 6743 15
6743 6744 5
6744 6745 19
6745 6746 3
6746 6747 14
6747 6748 9
6748 6749 17
6749 6750 9
6750 6751 11
6751 6752 6
6752 6753 20
6753 6754 9
6754 6755 12
6755 6756 20
6756 6757 13
6757 6758 2
6758 6759 12
6759 6760 15
6760 6761 2
6761 6762 19
6762 6763 20
6763 6764 10
6764 6765 16
6765 6766 11
6766 6767 1
6767 6768 10
6768 6769 20
6769 6770 15
6770 6771 5
6771 6772 1
6772 6773 7
6773 6774 20
6774 6775 9
6775 6776 9
6776 6777 11
6777 6778 1
6778 6779 17
6779 6780 10
6780 6781 18
6781 6782 6
6782 6783 20
6783 6784 2
6784 6785 9
6785 6786 18
6786 6787 12
6787 6788 9
6788 6789 8
6789 6790 14
6790 6791 14
6791 6792 9
6792 6793 14
6793 6794 6
6794 6795 11
6795 6796 9
6796 6797 7
6797 6798 3
6798 6799 18
6799 6800 7
6800 6801 9
6801 6802 16
6802 6803 13
6803 6804 6
6804 6805 20
6805 6806 2
6806 6807 11
6807 6808 2
6808 6809 11
6809 6810 7
6810 6811 9
6811 6812 11
6812 6813 8
6813 6814 5
6814 6815 2
6815 6816 17
6816 6817 20
6817 6818 20
6818 6819 6
6819 6820 4
6820 6821 15
6821 6822 10
6822 6823 6
6823 6824 19
6824 6825 3
6825 6826 8
6826 6827 5
6827 6828 14
6828 6829 17
6829 6830 19
6830 6831 14
6831 6832 17
6832 6833 6
6833 6834 1
6834 6835 1
6835 6836 19
6836 6837 19
6837 6838 1
6838 6839 10
6839 6840 17
6840 6841 15
6841 6842 1
6842 6843 6
6843 6844 5
6844 6845 6
6845 6846 7
6846 6847 10
6847 6848 11
6848 6849 19
6849 6850 16
6850 6851 5
6851 6852 20
6852 6853 4
6853 6854 13
6854 6855 1
6855 6856 16
6856 6857 14
6857 6858 20
6858 6859 6
6859 6860 6
6860 6861 17
6861 6862 15
6862 6863 18
6863 6864 8
6864 6865 1
6865 6866 8
6866 6867 6
6867 6868 8
6868 6869 14
6869 6870 6
6870 6871 18
6871 6872 18
6872 6873 11
6873 6874 19
6874 6875 16
6875 6876 7
6876 6877 13
6877 6878 3
6878 6879 7
6879 6880 12
6880 6881 20
6881 6882 4
6882 6883 3
6883 6884 17
6884 6885 10
6885 6886 20
6886 6887 6
6887 6888 2
6888 6889 7
6889 6890 5
6890 6891 2
6891 6892 16
6892 6893 15
6893 6894 9
6894 6895 5
6895 6896 3
6896 6897 11
6897 6898 10
6898 6899 10
6899 6900 3
6900 6901 8
6901 6902 20
6902 6903 6
6903 6904 17
6904 6905 18
6905 6906 9
6906 6907 3
6907 6908 10
6908 6909 7
6909 6910 10
6910 6911 14
6911 6912 8
6912 6913 9
6913 6914 2
6914 6915 7
6915 6916 8
6916 6917 13
6917 6918 7
6918 6919 14
6919 6920 7
6920 6921 18
6921 6922 5
6922 6923 17
6923 6924 8
6924 6925 11
6925 6926 2
6926 6927 16
6927 6928 20
6928 6929 12
6929 6930 12
6930 6931 11
6931 6932 14
6932 6933 14
6933 6934 12
6934 6935 6
6935 6936 14
6936 6937 5
6937 6938 8
6938 6939 3
6939 6940 13
6940 6941 10
6941 6942 16
6942 6943 14
6943 6944 10
6944 6945 2
6945 6946 16
6946 6947 9
6947 6948 5
6948 6949 10
6949 6950 10
6950 6951 4
6951 6952 5
6952 6953 19
6953 6954 15
6954 6955 15
6955 6956 11
6956 6957 1
6957 6958 5
6958 6959 19
6959 6960 17
6960 6961 20
6961 6962 5
6962 6963 11
6963 6964 1
6964 6965 3
6965 6966 18
6966 6967 3
6967 6968 9
6968 6969 8
6969 6970 11
6970 6971 20
6971 6972 1
6972 6973 9
6973 6974 20
6974 6975 4
6975 6976 4
6976 6977 17
6977 6978 20
6978 6979 9
6979 6980 10
6980 6981 8
6981 6982 16
6982 6983 9
6983 6984 10
6984 6985 9
6985 6986 16
6986 6987 12
6987 6988 8
6988 6989 2
6989 6990 12
6990 6991 1
6991 6992 16
6992 6993 14
6993 6994 17
6994 6995 8
6995 6996 19
6996 6997 7
6997 6998 2
6998 6999 17
6999 7000 2
7000 7001 7
7001 7002 13
7002 7003 6
7003 7004 1
7004 7005 13
7005 7006 11
7006 7007 3
7007 7008 8
7008 7009 12
7009 7010 13
7010 7011 3
7011 7012 5
7012 7013 15
7013 7014 14
7014 7015 20
7015 7016 7
7016 7017 13
7017 7018 18
7018 7019 16
7019 7020 12
7020 7021 17
7021 7022 16
7022 7023 15
7023 7024 19
7024 7025 7
7025 7026 12
7026 7027 4
7027 7028 4
7028 7029 2
7029 7030 19
7030 7031 3
7031 7032 17
7032 7033 1
7033 7034 8
7034 7035 10
7035 7036 1
7036 7037 13
7037 7038 5
7038 7039 4
7039 7040 7
7040 7041 12
7041 7042 11
7042 7043 19
7043 7044 18
7044 7045 4
7045 7046 19
7046 7047 18
7047 7048 8
7048 7049 3
7049 7050 15
7050 7051 15
7051 7052 2
7052 7053 19
7053 7054 13
7054 7055 4
7055 7056 15
7056 7057 15
7057 7058 18
7058 7059 13
7059 7060 13
7060 7061 17
7061 7062 2
7062 7063 10
7063 7064 9
7064 7065 12
7065 7066 12
7066 7067 18
7067 7068 6
7068 7069 5
7069 7070 5
7070 7071 6
7071 7072 18
7072 7073 17
7073 7074 19
7074 7075 6
7075 7076 8
7076 7077 1
7077 7078 13
7078 7079 2
7079 7080 2
7080 7081 7
7081 7082 18
7082 7083 18
7083 7084 2
7084 7085 19
7085 7086 6
7086 7087 4
7087 7088 17
7088 7089 18
7089 7090 8
7090 7091 2
7091 7092 1
7092 7093 14
7093 7094 14
7094 7095 13
7095 7096 8
7096 7097 10
7097 7098 19
7098 7099 7
7099 7100 11
7100 7101 1
7101 7102 20
7102 7103 18
7103 7104 19
7104 7105 11
7105 7106 11
7106 7107 10
7107 7108 7
7108 7109 12
7109 7110 9
7110 7111 13
7111 7112 6
7112 7113 16
7113 7114 18
7114 7115 15
7115 7116 5
7116 7117 17
7117 7118 16
7118 7119 5
7119 7120 3
7120 7121 16
7121 7122 20
7122 7123 10
7123 7124 1
7124 7125 4
7125 7126 4
7126 7127 8
7127 7128 16
7128 7129 16
7129 7130 7
7130 7131 17
7131 7132 8
7132 7133 6
7133 7134 18
7134 7135 16
7135 7136 19
7136 7137 1
7137 7138 9
7138 7139 16
7139 7140 16
7140 7141 5
7141 7142 18
7142 7143 7
7143 7144 3
7144 7145 4
7145 7146 2
7146 7147 3
7147 7148 3
7148 7149 1
7149 7150 10
7150 7151 16
7151 7152 18
7152 7153 4
7153 7154 12
7154 7155 19
7155 7156 20
7156 7157 4
7157 7158 4
7158 7159 13
7159 7160 18
7160 7161 17
7161 7162 2
7162 7163 13
7163 7164 14
7164 7165 11
7165 7166 18
7166 7167 3
7167 7168 2
7168 7169 12
7169 7170 16
7170 7171 4
7171 7172 6
7172 7173 2
7173 7174 6
7174 7175 7
7175 7176 8
7176 7177 13
7177 7178 19
7178 7179 7
7179 7180 18
7180 7181 19
7181 7182 1
7182 7183 8
7183 7184 13
7184 7185 7
7185 7186 7
7186 7187 16
7187 7188 10
7188 7189 20
7189 7190 18
7190 7191 17
7191 7192 15
7192 7193 3
7193 7194 6
7194 7195 1
7195 7196 17
7196 7197 8
7197 7198 5
7198 7199 15
7199 7200 19
7200 7201 4
7201 7202 8
7202 7203 14
7203 7204 10
7204 7205 13
7205 7206 10
7206 7207 17
7207 7208 1
7208 7209 11
7209 7210 14
7210 7211 13
7211 7212 20
7212 7213 8
7213 7214 9
7214 7215 6
7215 7216 10
7216 7217 5
7217 7218 1
7218 7219 16
7219 7220 16
7220 7221 11
7221 7222 5
7222 7223 7
7223 7224 13
7224 7225 16
7225 7226 18
7226 7227 15
7227 7228 19
7228 7229 5
7229 7230 15
7230 7231 13
7231 7232 4
7232 7233 1
7233 7234 5
7234 7235 3
7235 7236 15
7236 7237 9
7237 7238 9
7238 7239 18
7239 7240 5
7240 7241 12
7241 7242 8
7242 7243 10
7243 7244 1
7244 7245 3
7245 7246 6
7246 7247 13
7247 7248 20
7248 7249 2
7249 7250 14
7250 7251 17
7251 7252 9
7252 7253 17
7253 7254 13
7254 7255 5
7255 7256 9
7256 7257 9
7257 7258 18
7258 7259 5
7259 7260 15
7260 7261 3
7261 7262 19
7262 7263 17
7263 7264 12
7264 7265 19
7265 7266 3
7266 7267 9
7267 7268 1
7268 7269 15
7269 7270 4
7270 7271 14
7271 7272 14
7272 7273 10
7273 7274 7
7274 7275 3
7275 7276 8
7276 7277 5
7277 7278 15
7278 7279 18
7279 7280 18
7280 7281 17
7281 7282 19
7282 7283 2
7283 7284 14
7284 7285 7
7285 7286 4
7286 7287 3
7287 7288 11
7288 7289 14
7289 7290 10
7290 7291 20
7291 7292 14
7292 7293 1
7293 7294 10
7294 7295 14
7295 7296 10
7296 7297 1
7297 7298 7
7298 7299 5
7299 7300 9
7300 7301 9
7301 7302 3
7302 7303 12
7303 7304 18
7304 7305 11
7305 7306 13
7306 7307 2
7307 7308 1
7308 7309 20
7309 7310 1
7310 7311 16
7311 7312 6
7312 7313 11
7313 7314 14
7314 7315 11
7315 7316 10
7316 7317 12
7317 7318 4
7318 7319 2
7319 7320 3
7320 7321 10
7321 7322 15
7322 7323 17
7323 7324 2
7324 7325 19
7325 7326 4
7326 7327 13
7327 7328 20
7328 7329 12
7329 7330 15
7330 7331 4
7331 7332 14
7332 7333 13
7333 7334 1
7334 7335 1
7335 7336 3
7336 7337 5
7337 7338 1
7338 7339 13
7339 7340 9
7340 7341 6
7341 7342 7
7342 7343 5
7343 7344 18
7344 7345 4
7345 7346 17
7346 7347 16
7347 7348 17
7348 7349 20
7349 7350 10
7350 7351 17
7351 7352 4
7352 7353 6
7353 7354 11
7354 7355 10
7355 7356 3
7356 7357 14
7357 7358 4
7358 7359 9
7359 7360 4
7360 7361 12
7361 7362 1
7362 7363 8
7363 7364 17
7364 7365 11
7365 7366 3
7366 7367 8
7367 7368 3
7368 7369 12
7369 7370 19
7370 7371 6
7371 7372 15
7372 7373 14
7373 7374 2
7374 7375 17
7375 7376 16
7376 7377 16
7377 7378 19
7378 7379 17
7379 7380 12
7380 7381 15
7381 7382 5
7382 7383 17
7383 7384 16
7384 7385 7
7385 7386 16
7386 7387 13
7387 7388 11
7388 7389 13
7389 7390 19
7390 7391 18
7391 7392 7
7392 7393 13
7393 7394 20
7394 7395 14
7395 7396 5
7396 7397 13
7397 7398 17
7398 7399 2
7399 7400 3
7400 7401 18
7401 7402 20
7402 7403 15
7403 7404 3
7404 7405 1
7405 7406 18
7406 7407 1
7407 7408 10
7408 7409 3
7409 7410 8
7410 7411 6
7411 7412 2
7412 7413 18
7413 7414 14
7414 7415 10
7415 7416 14
7416 7417 14
7417 7418 17
7418 7419 9
7419 7420 5
7420 7421 8
7421 7422 17
7422 7423 6
7423 7424 18
7424 7425 18
7425 7426 8
7426 7427 19
7427 7428 18
7428 7429 13
7429 7430 10
7430 7431 2
7431 7432 15
7432 7433 17
7433 7434 2
7434 7435 14
7435 7436 2
7436 7437 14
7437 7438 18
7438 7439 9
7439 7440 9
7440 7441 20
7441 7442 8
7442 7443 19
7443 7444 20
7444 7445 20
7445 7446 13
7446 7447 15
7447 7448 17
7448 7449 10
7449 7450 2
7450 7451 13
7451 7452 6
7452 7453 19
7453 7454 1
7454 7455 18
7455 7456 15
7456 7457 1
7457 7458 17
7458 7459 17
7459 7460 13
7460 7461 2
7461 7462 4
7462 7463 9
7463 7464 19
7464 7465 14
7465 7466 7
7466 7467 17
7467 7468 7
7468 7469 17
7469 7470 7
7470 7471 16
7471 7472 9
7472 7473 12
7473 7474 7
7474 7475 4
7475 7476 5
7476 7477 13
7477 7478 5
7478 7479 20
7479 7480 10
7480 7481 6
7481 7482 3
7482 7483 15
7483 7484 8
7484 7485 15
7485 7486 20
7486 7487 13
7487 7488 3
7488 7489 12
7489 7490 4
7490 7491 18
7491 7492 5
7492 7493 13
7493 7494 8
7494 7495 18
7495 7496 3
7496 7497 13
7497 7498 6
7498 7499 11
7499 7500 7
7500 7501 2
7501 7502 5
7502 7503 2
7503 7504 6
7504 7505 7
7505 7506 13
7506 7507 1
7507 7508 17
7508 7509 10
7509 7510 7
7510 7511 18
7511 7512 6
7512 7513 17
7513 7514 13
7514 7515 1
7515 7516 19
7516 7517 15
7517 7518 5
7518 7519 13
7519 7520 5
7520 7521 7
7521 7522 11
7522 7523 12
7523 7524 7
7524 7525 4
7525 7526 9
7526 7527 6
7527 7528 2
7528 7529 6
7529 7530 7
7530 7531 7
7531 7532 17
7532 7533 2
7533 7534 15
7534 7535 12
7535 7536 8
7536 7537 17
7537 7538 11
7538 7539 14
7539 7540 5
7540 7541 13
7541 7542 11
7542 7543 1
7543 7544 19
7544 7545 12
7545 7546 10
7546 7547 5
7547 7548 5
7548 7549 15
7549 7550 6
7550 7551 18
7551 7552 3
7552 7553 12
7553 7554 4
7554 7555 13
7555 7556 6
7556 7557 13
7557 7558 9
7558 7559 4
7559 7560 18
7560 7561 4
7561 7562 2
7562 7563 19
7563 7564 6
7564 7565 4
7565 7566 10
7566 7567 10
7567 7568 2
7568 7569 9
7569 7570 16
7570 7571 11
7571 7572 8
7572 7573 9
7573 7574 16
7574 7575 4
7575 7576 10
7576 7577 15
7577 7578 16
7578 7579 14
7579 7580 17
7580 7581 8
7581 7582 20
7582 7583 9
7583 7584 4
7584 7585 17
7585 7586 18
7586 7587 4
7587 7588 19
7588 7589 8
7589 7590 20
7590 7591 5
7591 7592 9
7592 7593 12
7593 7594 11
7594 7595 6
7595 7596 13
7596 7597 12
7597 7598 10
7598 7599 19
7599 7600 10
7600 7601 5
7601 7602 20
7602 7603 4
7603 7604 15
7604 7605 11
7605 7606 3
7606 7607 12
7607 7608 11
7608 7609 17
7609 7610 18
7610 7611 4
7611 7612 16
7612 7613 17
7613 7614 2
7614 7615 1
7615 7616 4
7616 7617 19
7617 7618 17
7618 7619 20
7619 7620 5
7620 7621 11
7621 7622 19
7622 7623 8
7623 7624 17
7624 7625 10
7625 7626 6
7626 7627 8
7627 7628 2
7628 7629 14
7629 7630 14
7630 7631 8
7631 7632 15
7632 7633 15
7633 7634 15
7634 7635 13
7635 7636 17
7636 7637 1
7637 7638 16
7638 7639 12
7639 7640 18
7640 7641 16
7641 7642 4
7642 7643 6
7643 7644 20
7644 7645 6
7645 7646 14
7646 7647 19
7647 7648 14
7648 7649 14
7649 7650 1
7650 7651 7
7651 7652 12
7652 7653 16
7653 7654 14
7654 7655 18
7655 7656 4
7656 7657 18
7657 7658 12
7658 7659 4
7659 7660 10
7660 7661 19
7661 7662 11
7662 7663 20
7663 7664 16
7664 7665 15
7665 7666 13
7666 7667 10
7667 7668 7
7668 7669 2
7669 7670 2
7670 7671 1
7671 7672 3
7672 7673 2
7673 7674 2
7674 7675 6
7675 7676 17
7676 7677 7
7677 7678 1
7678 7679 11
7679 7680 7
7680 7681 10
7681 7682 14
7682 7683 20
7683 7684 4
7684 7685 14
7685 7686 5
7686 7687 7
7687 7688 4
7688 7689 19
7689 7690 20
7690 7691 20
7691 7692 4
7692 7693 18
7693 7694 5
7694 7695 4
7695 7696 6
7696 7697 7
7697 7698 15
7698 7699 20
7699 7700 4
7700 7701 2
7701 7702 2
7702 7703 10
7703 7704 13
7704 7705 12
7705 7706 16
7706 7707 15
7707 7708 18
7708 7709 9
7709 7710 18
7710 7711 12
7711 7712 20
7712 7713 7
7713 7714 1
7714 7715 14
7715 7716 11
7716 7717 1
7717 7718 3
7718 7719 2
7719 7720 15
7720 7721 7
7721 7722 10
7722 7723 19
7723 7724 1
7724 7725 12
7725 7726 7
7726 7727 11
7727 7728 2
7728 7729 13
7729 7730 19
7730 7731 9
7731 7732 4
7732 7733 13
7733 7734 4
7734 7735 20
7735 7736 18
7736 7737 5
7737 7738 3
7738 7739 9
7739 7740 3
7740 7741 3
7741 7742 15
7742 7743 2
7743 7744 15
7744 7745 12
7745 7746 8
7746 7747 7
7747 7748 2
7748 7749 6
7749 7750 17
7750 7751 20
7751 7752 2
7752 7753 8
7753 7754 2
7754 7755 5
7755 7756 19
7756 7757 3
7757 7758 14
7758 7759 10
7759 7760 14
7760 7761 19
7761 7762 11
7762 7763 2
7763 7764 16
7764 7765 4
7765 7766 7
7766 7767 18
7767 7768 17
7768 7769 7
7769 7770 9
7770 7771 8
7771 7772 9
7772 7773 13
7773 7774 5
7774 7775 18
7775 7776 13
7776 7777 6
7777 7778 17
7778 7779 14
7779 7780 15
7780 7781 8
7781 7782 11
7782 7783 4
7783 7784 13
7784 7785 7
7785 7786 20
7786 7787 6
7787 7788 13
7788 7789 13
7789 7790 14
7790 7791 16
7791 7792 3
7792 7793 3
7793 7794 14
7794 7795 7
7795 7796 15
7796 7797 6
7797 7798 4
7798 7799 9
7799 7800 5
7800 7801 4
7801 7802 16
7802 7803 4
7803 7804 7
7804 7805 16
7805 7806 7
7806 7807 8
7807 7808 18
7808 7809 17
7809 7810 3
7810 7811 15
7811 7812 13
7812 7813 11
7813 7814 8
7814 7815 14
7815 7816 4
7816 7817 7
7817 7818 8
7818 7819 10
7819 7820 1
7820 7821 17
7821 7822 10
7822 7823 6
7823 7824 5
7824 7825 9
7825 7826 16
7826 7827 13
7827 7828 5
7828 7829 12
7829 7830 2
7830 7831 4
7831 7832 19
7832 7833 17
7833 7834 3
7834 7835 13
7835 7836 5
7836 7837 10
7837 7838 15
7838 7839 3
7839 7840 14
7840 7841 12
7841 7842 18
7842 7843 6
7843 7844 5
7844 7845 4
7845 7846 13
7846 7847 11
7847 7848 14
7848 7849 14
7849 7850 19
7850 7851 5
7851 7852 7
7852 7853 4
7853 7854 7
7854 7855 4
7855 7856 16
7856 7857 15
7857 7858 1
7858 7859 10
7859 7860 15
7860 7861 4
7861 7862 3
7862 7863 8
7863 7864 12
7864 7865 2
7865 7866 2
7866 7867 19
7867 7868 4
7868 7869 9
7869 7870 6
7870 7871 8
7871 7872 1
7872 7873 9
7873 7874 10
7874 7875 19
7875 7876 10
7876 7877 1
7877 7878 2
7878 7879 3
7879 7880 1
7880 7881 10
7881 7882 11
7882 7883 11
7883 7884 15
7884 7885 8
7885 7886 13
7886 7887 16
7887 7888 4
7888 7889 15
7889 7890 9
7890 7891 8
7891 7892 20
7892 7893 20
7893 7894 8
7894 7895 9
7895 7896 14
7896 7897 7
7897 7898 13
7898 7899 2
7899 7900 15
7900 7901 5
7901 7902 7
7902 7903 6
7903 7904 15
7904 7905 10
7905 7906 12
7906 7907 18
7907 7908 9
7908 7909 5
7909 7910 14
7910 7911 13
7911 7912 4
7912 7913 16
7913 7914 10
7914 7915 12
7915 7916 14
7916 7917 3
7917 7918 15
7918 7919 9
7919 7920 16
7920 7921 2
7921 7922 9
7922 7923 13
7923 7924 5
7924 7925 11
7925 7926 16
7926 7927 14
7927 7928 10
7928 7929 15
7929 7930 1
7930 7931 18
7931 7932 19
7932 7933 8
7933 7934 15
7934 7935 14
7935 7936 7
7936 7937 16
7937 7938 18
7938 7939 15
7939 7940 1
7940 7941 13
7941 7942 6
7942 7943 2
7943 7944 14
7944 7945 8
7945 7946 7
7946 7947 20
7947 7948 12
7948 7949 9
7949 7950 10
7950 7951 13
7951 7952 14
7952 7953 8
7953 7954 3
7954 7955 6
7955 7956 9
7956 7957 2
7957 7958 1
7958 7959 11
7959 7960 12
7960 7961 15
7961 7962 20
7962 7963 3
7963 7964 11
7964 7965 16
7965 7966 6
7966 7967 19
7967 7968 7
7968 7969 15
7969 7970 18
7970 7971 13
7971 7972 6
7972 7973 3
7973 7974 17
7974 7975 1
7975 7976 1
7976 7977 9
7977 7978 2
7978 7979 3
7979 7980 12
7980 7981 4
7981 7982 10
7982 7983 20
7983 7984 5
7984 7985 9
7985 7986 13
7986 7987 4
7987 7988 9
7988 7989 20
7989 7990 4
7990 7991 5
7991 7992 8
7992 7993 19
7993 7994 16
7994 7995 9
7995 7996 4
7996 7997 1
7997 7998 19
7998 7999 14
7999 8000 17
8000 8001 6
8001 8002 7
8002 8003 15
8003 8004 5
8004 8005 13
8005 8006 4
8006 8007 15
8007 8008 15
8008 8009 9
8009 8010 16
8010 8011 1
8011 8012 2
8012 8013 18
8013 8014 18
8014 8015 16
8015 8016 16
8016 8017 16
8017 8018 2
8018 8019 2
8019 8020 12
8020 8021 9
8021 8022 5
8022 8023 12
8023 8024 1
8024 8025 7
8025 8026 12
8026 8027 12
8027 8028 1
8028 8029 17
8029 8030 11
8030 8031 18
8031 8032 19
8032 8033 19
8033 8034 1
8034 8035 18
8035 8036 17
8036 8037 2
8037 8038 7
8038 8039 7
8039 8040 9
8040 8041 6
8041 8042 11
8042 8043 19
8043 8044 14
8044 8045 6
8045 8046 7
8046 8047 6
8047 8048 12
8048 8049 14
8049 8050 14
8050 8051 3
8051 8052 6
8052 8053 17
8053 8054 11
8054 8055 15
8055 8056 5
8056 8057 2
8057 8058 16
8058 8059 17
8059 8060 18
8060 8061 10
8061 8062 14
8062 8063 20
8063 8064 3
8064 8065 12
8065 8066 12
8066 8067 7
8067 8068 18
8068 8069 19
8069 8070 6
8070 8071 10
8071 8072 11
8072 8073 9
8073 8074 17
8074 8075 15
8075 8076 14
8076 8077 13
8077 8078 12
8078 8079 8
8079 8080 2
8080 8081 11
8081 8082 5
8082 8083 13
8083 8084 12
8084 8085 9
8085 8086 11
8086 8087 2
8087 8088 11
8088 8089 14
8089 8090 8
8090 8091 10
8091 8092 12
8092 8093 7
8093 8094 20
8094 8095 7
8095 8096 18
8096 8097 17
8097 8098 5
8098 8099 2
8099 8100 9
8100 8101 14
8101 8102 4
8102 8103 8
8103 8104 13
8104 8105 6
8105 8106 1
8106 8107 2
8107 8108 19
8108 8109 1
8109 8110 18
8110 8111 14
8111 8112 4
8112 8113 3
8113 8114 16
8114 8115 10
8115 8116 5
8116 8117 15
8117 8118 4
8118 8119 19
8119 8120 2
8120 8121 9
8121 8122 8
8122 8123 16
8123 8124 2
8124 8125 20
8125 8126 12
8126 8127 8
8127 8128 4
8128 8129 8
8129 8130 14
8130 8131 15
8131 8132 10
8132 8133 14
8133 8134 18
8134 8135 20
8135 8136 3
8136 8137 4
8137 8138 2
8138 8139 12
8139 8140 15
8140 8141 20
8141 8142 1
8142 8143 7
8143 8144 15
8144 8145 10
8145 8146 14
8146 8147 12
8147 8148 6
8148 8149 18
8149 8150 19
8150 8151 19
8151 8152 8
8152 8153 8
8153 8154 9
8154 8155 3
8155 8156 4
8156 8157 10
8157 8158 10
8158 8159 11
8159 8160 9
8160 8161 12
8161 8162 1
8162 8163 2
8163 8164 15
8164 8165 19
8165 8166 19
8166 8167 18
8167 8168 9
8168 8169 4
8169 8170 15
8170 8171 6
8171 8172 1
8172 8173 10
8173 8174 17
8174 8175 8
8175 8176 3
8176 8177 3
8177 8178 10
8178 8179 10
8179 8180 2
8180 8181 15
8181 8182 4
8182 8183 17
8183 8184 11
8184 8185 6
8185 8186 14
8186 8187 16
8187 8188 19
8188 8189 20
8189 8190 8
8190 8191 11
8191 8192 1
8192 8193 8
8193 8194 17
8194 8195 7
8195 8196 15
8196 8197 6
8197 8198 12
8198 8199 19
8199 8200 3
8200 8201 14
8201 8202 9
8202 8203 10
8203 8204 14
8204 8205 9
8205 8206 5
8206 8207 16
8207 8208 12
8208 8209 7
8209 8210 2
8210 8211 11
8211 8212 17
8212 8213 8
8213 8214 2
8214 8215 2
8215 8216 12
8216 8217 17
8217 8218 18
8218 8219 17
8219 8220 11
8220 8221 18
8221 8222 12
8222 8223 8
8223 8224 16
8224 8225 1
8225 8226 14
8226 8227 15
8227 8228 15
8228 8229 2
8229 8230 5
8230 8231 3
8231 8232 17
8232 8233 2
8233 8234 13
8234 8235 17
8235 8236 9
8236 8237 3
8237 8238 18
8238 8239 8
8239 8240 9
8240 8241 2
8241 8242 5
8242 8243 1
8243 8244 16
8244 8245 4
8245 8246 15
8246 8247 5
8247 8248 19
8248 8249 11
8249 8250 7
8250 8251 15
8251 8252 14
8252 8253 8
8253 8254 18
8254 8255 3
8255 8256 18
8256 8257 7
8257 8258 8
8258 8259 20
8259 8260 1
8260 8261 15
8261 8262 5
8262 8263 17
8263 8264 14
8264 8265 20
8265 8266 20
8266 8267 12
8267 8268 6
8268 8269 11
8269 8270 7
8270 8271 11
8271 8272 12
8272 8273 4
8273 8274 19
8274 8275 15
8275 8276 2
8276 8277 11
8277 8278 4
8278 8279 7
8279 8280 12
8280 8281 5
8281 8282 9
8282 8283 19
8283 8284 11
8284 8285 19
8285 8286 15
8286 8287 4
8287 8288 10
8288 8289 9
8289 8290 19
8290 8291 11
8291 8292 9
8292 8293 13
8293 8294 14
8294 8295 5
8295 8296 8
8296 8297 15
8297 8298 20
8298 8299 1
8299 8300 18
8300 8301 5
8301 8302 5
8302 8303 2
8303 8304 16
8304 8305 4
8305 8306 5
8306 8307 17
8307 8308 4
8308 8309 2
8309 8310 20
8310 8311 11
8311 8312 7
8312 8313 7
8313 8314 14
8314 8315 15
8315 8316 3
8316 8317 2
8317 8318 7
8318 8319 10
8319 8320 6
8320 8321 4
8321 8322 11
8322 8323 16
8323 8324 9
8324 8325 1
8325 8326 9
8326 8327 12
8327 8328 17
8328 8329 12
8329 8330 19
8330 8331 6
8331 8332 4
8332 8333 2
8333 8334 8
8334 8335 12
8335 8336 20
8336 8337 7
8337 8338 1
8338 8339 7
8339 8340 9
8340 8341 8
8341 8342 13
8342 8343 11
8343 8344 8
8344 8345 20
8345 8346 11
8346 8347 17
8347 8348 20
8348 8349 18
8349 8350 6
8350 8351 2
8351 8352 8
8352 8353 5
8353 8354 17
8354 8355 20
8355 8356 12
8356 8357 6
8357 8358 9
8358 8359 18
8359 8360 18
8360 8361 15
8361 8362 4
8362 8363 17
8363 8364 9
8364 8365 5
8365 8366 20
8366 8367 2
8367 8368 9
8368 8369 17
8369 8370 9
8370 8371 1
8371 8372 5
8372 8373 1
8373 8374 16
8374 8375 19
8375 8376 15
8376 8377 10
8377 8378 1
8378 8379 11
8379 8380 14
8380 8381 1
8381 8382 7
8382 8383 11
8383 8384 10
8384 8385 17
8385 8386 8
8386 8387 1
8387 8388 15
8388 8389 20
8389 8390 20
8390 8391 14
8391 8392 8
8392 8393 20
8393 8394 19
8394 8395 4
8395 8396 12
8396 8397 10
8397 8398 8
8398 8399 12
8399 8400 4
8400 8401 18
8401 8402 8
8402 8403 10
8403 8404 13
8404 8405 5
8405 8406 20
8406 8407 8
8407 8408 7
8408 8409 19
8409 8410 19
8410 8411 7
8411 8412 19
8412 8413 17
8413 8414 19
8414 8415 14
8415 8416 10
8416 8417 7
8417 8418 8
8418 8419 13
8419 8420 20
8420 8421 20
8421 8422 6
8422 8423 17
8423 8424 13
8424 8425 10
8425 8426 17
8426 8427 5
8427 8428 18
8428 8429 2
8429 8430 20
8430 8431 5
8431 8432 15
8432 8433 2
8433 8434 2
8434 8435 4
8435 8436 8
8436 8437 17
8437 8438 2
8438 8439 1
8439 8440 6
8440 8441 4
8441 8442 1
8442 8443 7
8443 8444 18
8444 8445 17
8445 8446 10
8446 8447 10
8447 8448 13
8448 8449 10
8449 8450 9
8450 8451 18
8451 8452 15
8452 8453 1
8453 8454 13
8454 8455 14
8455 8456 18
8456 8457 3
8457 8458 4
8458 8459 18
8459 8460 6
8460 8461 4
8461 8462 2
8462 8463 17
8463 8464 15
8464 8465 12
8465 8466 3
8466 8467 2
8467 8468 7
8468 8469 20
8469 8470 10
8470 8471 3
8471 8472 10
8472 8473 20
8473 8474 3
8474 8475 5
8475 8476 8
8476 8477 18
8477 8478 7
8478 8479 20
8479 8480 11
8480 8481 17
8481 8482 11
8482 8483 6
8483 8484 3
8484 8485 11
8485 8486 3
8486 8487 18
8487 8488 19
8488 8489 5
8489 8490 6
8490 8491 6
8491 8492 16
8492 8493 12
8493 8494 16
8494 8495 1
8495 8496 8
8496 8497 5
8497 8498 7
8498 8499 16
8499 8500 5
8500 8501 14
8501 8502 11
8502 8503 10
8503 8504 9
8504 8505 17
8505 8506 17
8506 8507 20
8507 8508 7
8508 8509 2
8509 8510 7
8510 8511 11
8511 8512 20
8512 8513 13
8513 8514 2
8514 8515 7
8515 8516 16
8516 8517 10
8517 8518 9
8518 8519 4
8519 8520 3
8520 8521 5
8521 8522 14
8522 8523 12
8523 8524 17
8524 8525 18
8525 8526 15
8526 8527 9
8527 8528 6
8528 8529 1
8529 8530 7
8530 8531 2
8531 8532 6
8532 8533 8
8533 8534 2
8534 8535 13
8535 8536 1
8536 8537 17
8537 8538 3
8538 8539 7
8539 8540 3
8540 8541 15
8541 8542 9
8542 8543 8
8543 8544 16
8544 8545 14
8545 8546 7
8546 8547 3
8547 8548 18
8548 8549 7
8549 8550 6
8550 8551 1
8551 8552 20
8552 8553 10
8553 8554 20
8554 8555 6
8555 8556 12
8556 8557 3
8557 8558 2
8558 8559 16
8559 8560 9
8560 8561 4
8561 8562 17
8562 8563 12
8563 8564 7
8564 8565 8
8565 8566 3
8566 8567 9
8567 8568 15
8568 8569 5
8569 8570 6
8570 8571 20
8571 8572 10
8572 8573 1
8573 8574 15
8574 8575 14
8575 8576 19
8576 8577 7
8577 8578 9
8578 8579 8
8579 8580 14
8580 8581 13
8581 8582 7
8582 8583 8
8583 8584 5
8584 8585 2
8585 8586 20
8586 8587 7
8587 8588 17
8588 8589 6
8589 8590 2
8590 8591 19
8591 8592 13
8592 8593 9
8593 8594 11
8594 8595 19
8595 8596 11
8596 8597 13
8597 8598 13
8598 8599 9
8599 8600 11
8600 8601 13
8601 8602 20
8602 8603 10
8603 8604 11
8604 8605 14
8605 8606 3
8606 8607 10
8607 8608 5
8608 8609 2
8609 8610 11
8610 8611 12
8611 8612 8
8612 8613 12
8613 8614 8
8614 8615 2
8615 8616 9
8616 8617 19
8617 8618 10
8618 8619 10
8619 8620 5
8620 8621 3
8621 8622 19
8622 8623 5
8623 8624 13
8624 8625 1
8625 8626 20
8626 8627 1
8627 8628 11
8628 8629 4
8629 8630 1
8630 8631 10
8631 8632 17
8632 8633 4
8633 8634 15
8634 8635 17
8635 8636 11
8636 8637 20
8637 8638 5
8638 8639 11
8639 8640 17
8640 8641 17
8641 8642 11
8642 8643 18
8643 8644 11
8644 8645 17
8645 8646 8
8646 8647 7
8647 8648 6
8648 8649 18
8649 8650 18
8650 8651 5
8651 8652 16
8652 8653 6
8653 8654 16
8654 8655 10
8655 8656 19
8656 8657 12
8657 8658 8
8658 8659 15
8659 8660 14
8660 8661 11
8661 8662 15
8662 8663 11
8663 8664 9
8664 8665 16
8665 8666 10
8666 8667 12
8667 8668 8
8668 8669 18
8669 8670 6
8670 8671 10
8671 8672 5
8672 8673 17
8673 8674 9
8674 8675 9
8675 8676 7
8676 8677 6
8677 8678 12
8678 8679 6
8679 8680 10
8680 8681 11
8681 8682 5
8682 8683 11
8683 8684 20
8684 8685 8
8685 8686 14
8686 8687 20
8687 8688 9
8688 8689 10
8689 8690 11
8690 8691 9
8691 8692 12
8692 8693 17
8693 8694 2
8694 8695 20
8695 8696 19
8696 8697 3
8697 8698 5
8698 8699 13
8699 8700 2
8700 8701 20
8701 8702 14
8702 8703 7
8703 8704 11
8704 8705 17
8705 8706 11
8706 8707 3
8707 8708 17
8708 8709 10
8709 8710 11
8710 8711 19
8711 8712 2
8712 8713 1
8713 8714 18
8714 8715 20
8715 8716 11
8716 8717 8
8717 8718 13
8718 8719 16
8719 8720 1
8720 8721 19
8721 8722 2
8722 8723 7
8723 8724 10
8724 8725 6
8725 8726 3
8726 8727 15
8727 8728 7
8728 8729 18
8729 8730 1
8730 8731 7
8731 8732 20
8732 8733 7
8733 8734 13
8734 8735 5
8735 8736 4
8736 8737 19
8737 8738 18
8738 8739 19
8739 8740 20
8740 8741 14
8741 8742 19
8742 8743 19
8743 8744 3
8744 8745 9
8745 8746 1
8746 8747 20
8747 8748 1
8748 8749 10
8749 8750 20
8750 8751 13
8751 8752 9
8752 8753 6
8753 8754 7
8754 8755 14
8755 8756 4
8756 8757 14
8757 8758 17
8758 8759 9
8759 8760 4
8760 8761 1
8761 8762 8
8762 8763 14
8763 8764 18
8764 8765 10
8765 8766 18
8766 8767 16
8767 8768 1
8768 8769 5
8769 8770 3
8770 8771 8
8771 8772 4
8772 8773 20
8773 8774 2
8774 8775 10
8775 8776 19
8776 8777 8
8777 8778 2
8778 8779 3
8779 8780 1
8780 8781 7
8781 8782 20
8782 8783 20
8783 8784 2
8784 8785 12
8785 8786 20
8786 8787 16
8787 8788 20
8788 8789 18
8789 8790 14
8790 8791 13
8791 8792 16
8792 8793 19
8793 8794 12
8794 8795 10
8795 8796 17
8796 8797 5
8797 8798 14
8798 8799 9
8799 8800 4
8800 8801 12
8801 8802 1
8802 8803 16
8803 8804 10
8804 8805 7
8805 8806 16
8806 8807 3
8807 8808 15
8808 8809 15
8809 8810 13
8810 8811 16
8811 8812 11
8812 8813 2
8813 8814 17
8814 8815 20
8815 8816 8
8816 8817 9
8817 8818 4
8818 8819 2
8819 8820 20
8820 8821 1
8821 8822 16
8822 8823 1
8823 8824 17
8824 8825 17
8825 8826 16
8826 8827 19
8827 8828 20
8828 8829 13
8829 8830 20
8830 8831 16
8831 8832 10
8832 8833 8
8833 8834 12
8834 8835 10
8835 8836 2
8836 8837 19
8837 8838 6
8838 8839 19
8839 8840 3
8840 8841 1
8841 8842 2
8842 8843 13
8843 8844 8
8844 8845 19
8845 8846 10
8846 8847 11
8847 8848 15
8848 8849 13
8849 8850 3
8850 8851 20
8851 8852 20
8852 8853 4
8853 8854 11
8854 8855 1
8855 8856 17
8856 8857 7
8857 8858 8
8858 8859 1
8859 8860 3
8860 8861 13
8861 8862 5
8862 8863 4
8863 8864 11
8864 8865 1
8865 8866 16
8866 8867 2
8867 8868 6
8868 8869 16
8869 8870 16
8870 8871 1
8871 8872 6
8872 8873 1
8873 8874 14
8874 8875 17
8875 8876 15
8876 8877 2
8877 8878 4
8878 8879 13
8879 8880 11
8880 8881 12
8881 8882 9
8882 8883 15
8883 8884 11
8884 8885 13
8885 8886 20
8886 8887 10
8887 8888 10
8888 8889 1
8889 8890 12
8890 8891 16
8891 8892 19
8892 8893 1
8893 8894 1
8894 8895 2
8895 8896 7
8896 8897 14
8897 8898 1
8898 8899 12
8899 8900 20
8900 8901 15
8901 8902 6
8902 8903 1
8903 8904 18
8904 8905 10
8905 8906 3
8906 8907 16
8907 8908 9
8908 8909 12
8909 8910 18
8910 8911 3
8911 8912 20
8912 8913 9
8913 8914 18
8914 8915 5
8915 8916 13
8916 8917 18
8917 8918 7
8918 8919 3
8919 8920 17
8920 8921 7
8921 8922 16
8922 8923 8
8923 8924 7
8924 8925 13
8925 8926 11
8926 8927 9
8927 8928 17
8928 8929 20
8929 8930 16
8930 8931 20
8931 8932 4
8932 8933 3
8933 8934 19
8934 8935 17
8935 8936 6
8936 8937 9
8937 8938 11
8938 8939 3
8939 8940 13
8940 8941 4
8941 8942 18
8942 8943 9
8943 8944 2
8944 8945 5
8945 8946 19
8946 8947 16
8947 8948 15
8948 8949 10
8949 8950 12
8950 8951 17
8951 8952 6
8952 8953 20
8953 8954 16
8954 8955 17
8955 8956 4
8956 8957 6
8957 8958 20
8958 8959 18
8959 8960 19
8960 8961 3
8961 8962 11
8962 8963 2
8963 8964 13
8964 8965 8
8965 8966 8
8966 8967 14
8967 8968 13
8968 8969 14
8969 8970 1
8970 8971 20
8971 8972 3
8972 8973 10
8973 8974 2
8974 8975 14
8975 8976 16
8976 8977 16
8977 8978 7
8978 8979 6
8979 8980 4
8980 8981 14
8981 8982 10
8982 8983 4
8983 8984 9
8984 8985 13
8985 8986 1
8986 8987 15
8987 8988 17
8988 8989 7
8989 8990 4
8990 8991 20
8991 8992 12
8992 8993 7
8993 8994 8
8994 8995 14
8995 8996 11
8996 8997 11
8997 8998 13
8998 8999 11
8999 9000 5
9000 9001 4
9001 9002 17
9002 9003 16
9003 9004 12
9004 9005 15
9005 9006 18
9006 9007 18
9007 9008 16
9008 9009 9
9009 9010 17
9010 9011 9
9011 9012 5
9012 9013 9
9013 9014 2
9014 9015 7
9015 9016 6
9016 9017 6
9017 9018 18
9018 9019 14
9019 9020 3
9020 9021 12
9021 9022 18
9022 9023 20
9023 9024 7
9024 9025 8
9025 9026 6
9026 9027 12
9027 9028 19
9028 9029 7
9029 9030 13
9030 9031 1
9031 9032 16
9032 9033 8
9033 9034 20
9034 9035 11
9035 9036 19
9036 9037 2
9037 9038 11
9038 9039 18
9039 9040 16
9040 9041 14
9041 9042 7
9042 9043 3
9043 9044 17
9044 9045 7
9045 9046 11
9046 9047 3
9047 9048 17
9048 9049 3
9049 9050 2
9050 9051 10
9051 9052 13
9052 9053 13
9053 9054 8
9054 9055 17
9055 9056 13
9056 9057 5
9057 9058 1
9058 9059 20
9059 9060 16
9060 9061 12
9061 9062 17
9062 9063 3
9063 9064 19
9064 9065 7
9065 9066 4
9066 9067 13
9067 9068 5
9068 9069 3
9069 9070 1
9070 9071 2
9071 9072 13
9072 9073 9
9073 9074 8
9074 9075 2
9075 9076 20
9076 9077 20
9077 9078 15
9078 9079 7
9079 9080 10
9080 9081 8
9081 9082 19
9082 9083 8
9083 9084 19
9084 9085 7
9085 9086 11
9086 9087 4
9087 9088 19
9088 9089 3
9089 9090 9
9090 9091 10
9091 9092 15
9092 9093 19
9093 9094 20
9094 9095 15
9095 9096 18
9096 9097 18
9097 9098 3
9098 9099 2
9099 9100 5
9100 9101 18
9101 9102 8
9102 9103 5
9103 9104 8
9104 9105 3
9105 9106 1
9106 9107 8
9107 9108 19
9108 9109 1
9109 9110 19
9110 9111 15
9111 9112 20
9112 9113 12
9113 9114 5
9114 9115 2
9115 9116 6
9116 9117 5
9117 9118 10
9118 9119 20
9119 9120 7
9120 9121 18
9121 9122 6
9122 9123 10
9123 9124 7
9124 9125 14
9125 9126 15
9126 9127 5
9127 9128 13
9128 9129 12
9129 9130 16
9130 9131 11
9131 9132 4
9132 9133 20
9133 9134 7
9134 9135 11
9135 9136 3
9136 9137 16
9137 9138 12
9138 9139 7
9139 9140 13
9140 9141 12
9141 9142 10
9142 9143 4
9143 9144 1
9144 9145 12
9145 9146 2
9146 9147 1
9147 9148 13
9148 9149 4
9149 9150 11
9150 9151 18
9151 9152 2
9152 9153 2
9153 9154 17
9154 9155 4
9155 9156 12
9156 9157 19
9157 9158 14
9158 9159 14
9159 9160 12
9160 9161 12
9161 9162 10
9162 9163 6
9163 9164 12
9164 9165 4
9165 9166 7
9166 9167 2
9167 9168 15
9168 9169 7
9169 9170 7
9170 9171 2
9171 9172 6
9172 9173 20
9173 9174 10
9174 9175 10
9175 9176 3
9176 9177 20
9177 9178 19
9178 9179 9
9179 9180 8
9180 9181 10
9181 9182 2
9182 9183 18
9183 9184 12
9184 9185 18
9185 9186 4
9186 9187 12
9187 9188 11
9188 9189 2
9189 9190 16
9190 9191 17
9191 9192 15
9192 9193 1
9193 9194 12
9194 9195 16
9195 9196 12
9196 9197 6
9197 9198 11
9198 9199 15
9199 9200 4
9200 9201 2
9201 9202 16
9202 9203 20
9203 9204 15
9204 9205 2
9205 9206 20
9206 9207 8
9207 9208 19
9208 9209 11
9209 9210 9
9210 9211 3
9211 9212 8
9212 9213 5
9213 9214 13
9214 9215 11
9215 9216 1
9216 9217 19
9217 9218 5
9218 9219 6
9219 9220 15
9220 9221 9
9221 9222 3
9222 9223 7
9223 9224 2
9224 9225 16
9225 9226 11
9226 9227 1
9227 9228 1
9228 9229 19
9229 9230 5
9230 9231 1
9231 9232 10
9232 9233 15
9233 9234 1
9234 9235 3
9235 9236 12
9236 9237 16
9237 9238 19
9238 9239 15
9239 9240 6
9240 9241 19
9241 9242 19
9242 9243 13
9243 9244 17
9244 9245 12
9245 9246 14
9246 9247 17
9247 9248 9
9248 9249 17
9249 9250 7
9250 9251 7
9251 9252 4
9252 9253 2
9253 9254 4
9254 9255 8
9255 9256 5
9256 9257 1
9257 9258 12
9258 9259 10
9259 9260 1
9260 9261 10
9261 9262 14
9262 9263 1
9263 9264 12
9264 9265 7
9265 9266 17
9266 9267 10
9267 9268 12
9268 9269 17
9269 9270 16
9270 9271 18
9271 9272 14
9272 9273 10
9273 9274 17
9274 9275 16
9275 9276 10
9276 9277 8
9277 9278 17
9278 9279 13
9279 9280 7
9280 9281 12
9281 9282 6
9282 9283 5
9283 9284 19
9284 9285 16
9285 9286 2
9286 9287 7
9287 9288 15
9288 9289 15
9289 9290 20
9290 9291 9
9291 9292 12
9292 9293 11
9293 9294 5
9294 9295 10
9295 9296 16
9296 9297 9
9297 9298 5
9298 9299 5
9299 9300 15
9300 9301 13
9301 9302 19
9302 9303 14
9303 9304 12
9304 9305 17
9305 9306 15
9306 9307 9
9307 9308 3
9308 9309 7
9309 9310 20
9310 9311 11
9311 9312 17
9312 9313 4
9313 9314 19
9314 9315 5
9315 9316 16
9316 9317 12
9317 9318 19
9318 9319 13
9319 9320 10
9320 9321 20
9321 9322 1
9322 9323 4
9323 9324 9
9324 9325 6
9325 9326 16
9326 9327 2
9327 9328 13
9328 9329 11
9329 9330 15
9330 9331 15
9331 9332 17
9332 9333 13
9333 9334 12
9334 9335 11
9335 9336 20
9336 9337 16
9337 9338 1
9338 9339 10
9339 9340 16
9340 9341 7
9341 9342 1
9342 9343 2
9343 9344 2
9344 9345 16
9345 9346 16
9346 9347 20
9347 9348 14
9348 9349 4
9349 9350 12
9350 9351 1
9351 9352 16
9352 9353 18
9353 9354 13
9354 9355 13
9355 9356 12
9356 9357 8
9357 9358 8
9358 9359 1
9359 9360 18
9360 9361 19
9361 9362 9
9362 9363 2
9363 9364 3
9364 9365 12
9365 9366 2
9366 9367 7
9367 9368 9
9368 9369 2
9369 9370 12
9370 9371 5
9371 9372 18
9372 9373 12
9373 9374 8
9374 9375 7
9375 9376 13
9376 9377 5
9377 9378 19
9378 9379 4
9379 9380 9
9380 9381 2
9381 9382 4
9382 9383 7
9383 9384 18
9384 9385 18
9385 9386 15
9386 9387 10
9387 9388 2
9388 9389 4
9389 9390 20
9390 9391 4
9391 9392 1
9392 9393 14
9393 9394 9
9394 9395 13
9395 9396 13
9396 9397 2
9397 9398 17
9398 9399 13
9399 9400 17
9400 9401 1
9401 9402 10
9402 9403 20
9403 9404 13
9404 9405 12
9405 9406 2
9406 9407 13
9407 9408 15
9408 9409 11
9409 9410 10
9410 9411 10
9411 9412 14
9412 9413 2
9413 9414 8
9414 9415 5
9415 9416 17
9416 9417 4
9417 9418 15
9418 9419 1
9419 9420 18
9420 9421 6
9421 9422 9
9422 9423 14
9423 9424 12
9424 9425 4
9425 9426 9
9426 9427 12
9427 9428 2
9428 9429 11
9429 9430 3
9430 9431 11
9431 9432 11
9432 9433 7
9433 9434 5
9434 9435 1
9435 9436 15
9436 9437 9
9437 9438 3
9438 9439 5
9439 9440 9
9440 9441 2
9441 9442 15
9442 9443 15
9443 9444 4
9444 9445 14
9445 9446 20
9446 9447 4
9447 9448 15
9448 9449 11
9449 9450 18
9450 9451 4
9451 9452 8
9452 9453 15
9453 9454 15
9454 9455 8
9455 9456 12
9456 9457 12
9457 9458 20
9458 9459 7
9459 9460 6
9460 9461 8
9461 9462 10
9462 9463 17
9463 9464 10
9464 9465 5
9465 9466 12
9466 9467 10
9467 9468 11
9468 9469 14
9469 9470 3
9470 9471 6
9471 9472 17
9472 9473 17
9473 9474 5
9474 9475 1
9475 9476 3
9476 9477 8
9477 9478 3
9478 9479 18
9479 9480 5
9480 9481 20
9481 9482 18
9482 9483 5
9483 9484 9
9484 9485 9
9485 9486 13
9486 9487 10
9487 9488 1
9488 9489 8
9489 9490 2
9490 9491 18
9491 9492 1
9492 9493 4
9493 9494 10
9494 9495 16
9495 9496 4
9496 9497 2
9497 9498 19
9498 9499 1
9499 9500 10
9500 9501 20
9501 9502 13
9502 9503 17
9503 9504 4
9504 9505 17
9505 9506 17
9506 9507 6
9507 9508 12
9508 9509 7
9509 9510 6
9510 9511 7
9511 9512 19
9512 9513 3
9513 9514 17
9514 9515 14
9515 9516 16
9516 9517 10
9517 9518 1
9518 9519 7
9519 9520 7
9520 9521 14
9521 9522 15
9522 9523 1
9523 9524 5
9524 9525 3
9525 9526 9
9526 9527 16
9527 9528 19
9528 9529 20
9529 9530 18
9530 9531 5
9531 9532 6
9532 9533 6
9533 9534 10
9534 9535 13
9535 9536 2
9536 9537 10
9537 9538 17
9538 9539 8
9539 9540 10
9540 9541 12
9541 9542 17
9542 9543 3
9543 9544 16
9544 9545 16
9545 9546 18
9546 9547 14
9547 9548 14
9548 9549 2
9549 9550 16
9550 9551 19
9551 9552 6
9552 9553 19
9553 9554 12
9554 9555 16
9555 9556 7
9556 9557 2
9557 9558 13
9558 9559 20
9559 9560 5
9560 9561 13
9561 9562 14
9562 9563 5
9563 9564 15
9564 9565 7
9565 9566 6
9566 9567 7
9567 9568 11
9568 9569 12
9569 9570 15
9570 9571 13
9571 9572 14
9572 9573 13
9573 9574 11
9574 9575 16
9575 9576 2
9576 9577 7
9577 9578 17
9578 9579 4
9579 9580 2
9580 9581 15
9581 9582 13
9582 9583 3
9583 9584 18
9584 9585 15
9585 9586 20
9586 9587 11
9587 9588 17
9588 9589 19
9589 9590 7
9590 9591 5
9591 9592 12
9592 9593 6
9593 9594 1
9594 9595 7
9595 9596 16
9596 9597 14
9597 9598 20
9598 9599 6
9599 9600 15
9600 9601 19
9601 9602 5
9602 9603 15
9603 9604 11
9604 9605 8
9605 9606 9
9606 9607 9
9607 9608 8
9608 9609 11
9609 9610 6
9610 9611 2
9611 9612 5
9612 9613 19
9613 9614 14
9614 9615 3
9615 9616 7
9616 9617 5
9617 9618 6
9618 9619 2
9619 9620 2
9620 9621 5
9621 9622 2
9622 9623 6
9623 9624 1
9624 9625 7
9625 9626 5
9626 9627 2
9627 9628 5
9628 9629 4
9629 9630 13
9630 9631 11
9631 9632 1
9632 9633 6
9633 9634 5
9634 9635 4
9635 9636 1
9636 9637 9
9637 9638 15
9638 9639 4
9639 9640 5
9640 9641 14
9641 9642 5
9642 9643 15
9643 9644 18
9644 9645 9
9645 9646 11
9646 9647 18
9647 9648 4
9648 9649 2
9649 9650 20
9650 9651 5
9651 9652 7
9652 9653 13
9653 9654 7
9654 9655 11
9655 9656 12
9656 9657 4
9657 9658 5
9658 9659 10
9659 9660 14
9660 9661 11
9661 9662 4
9662 9663 17
9663 9664 3
9664 9665 6
9665 9666 10
9666 9667 3
9667 9668 5
9668 9669 18
9669 9670 20
9670 9671 13
9671 9672 15
9672 9673 5
9673 9674 2
9674 9675 7
9675 9676 1
9676 9677 18
9677 9678 6
9678 9679 5
9679 9680 3
9680 9681 2
9681 9682 13
9682 9683 9
9683 9684 15
9684 9685 5
9685 9686 1
9686 9687 2
9687 9688 1
9688 9689 16
9689 9690 13
9690 9691 14
9691 9692 16
9692 9693 14
9693 9694 10
9694 9695 1
9695 9696 3
9696 9697 11
9697 9698 16
9698 9699 19
9699 9700 18
9700 9701 9
9701 9702 9
9702 9703 1
9703 9704 16
9704 9705 11
9705 9706 6
9706 9707 1
9707 9708 11
9708 9709 5
9709 9710 9
9710 9711 7
9711 9712 2
9712 9713 1
9713 9714 6
9714 9715 4
9715 9716 6
9716 9717 4
9717 9718 18
9718 9719 4
9719 9720 8
9720 9721 20
9721 9722 9
9722 9723 4
9723 9724 19
9724 9725 6
9725 9726 3
9726 9727 3
9727 9728 15
9728 9729 5
9729 9730 12
9730 9731 6
9731 9732 1
9732 9733 1
9733 9734 14
9734 9735 12
9735 9736 1
9736 9737 11
9737 9738 12
9738 9739 7
9739 9740 19
9740 9741 10
9741 9742 12
9742 9743 9
9743 9744 11
9744 9745 19
9745 9746 1
9746 9747 7
9747 9748 1
9748 9749 6
9749 9750 8
9750 9751 16
9751 9752 12
9752 9753 4
9753 9754 17
9754 9755 3
9755 9756 18
9756 9757 5
9757 9758 15
9758 9759 10
9759 9760 5
9760 9761 3
9761 9762 16
9762 9763 19
9763 9764 9
9764 9765 18
9765 9766 18
9766 9767 1
9767 9768 7
9768 9769 20
9769 9770 12
9770 9771 12
9771 9772 18
9772 9773 1
9773 9774 13
9774 9775 6
9775 9776 20
9776 9777 15
9777 9778 20
9778 9779 2
9779 9780 19
9780 9781 19
9781 9782 15
9782 9783 3
9783 9784 15
9784 9785 16
9785 9786 14
9786 9787 15
9787 9788 9
9788 9789 1
9789 9790 9
9790 9791 10
9791 9792 14
9792 9793 11
9793 9794 6
9794 9795 6
9795 9796 7
9796 9797 17
9797 9798 10
9798 9799 8
9799 9800 4
9800 9801 19
9801 9802 10
9802 9803 12
9803 9804 3
9804 9805 15
9805 9806 18
9806 9807 19
9807 9808 6
9808 9809 14
9809 9810 17
9810 9811 2
9811 9812 5
9812 9813 20
9813 9814 1
9814 9815 16
9815 9816 19
9816 9817 15
9817 9818 2
9818 9819 8
9819 9820 1
9820 9821 10
9821 9822 18
9822 9823 13
9823 9824 2
9824 9825 11
9825 9826 5
9826 9827 2
9827 9828 18
9828 9829 17
9829 9830 10
9830 9831 2
9831 9832 13
9832 9833 4
9833 9834 6
9834 9835 15
9835 9836 2
9836 9837 3
9837 9838 19
9838 9839 3
9839 9840 5
9840 9841 16
9841 9842 14
9842 9843 9
9843 9844 18
9844 9845 4
9845 9846 15
9846 9847 8
9847 9848 10
9848 9849 14
9849 9850 11
9850 9851 2
9851 9852 5
9852 9853 2
9853 9854 9
9854 9855 12
9855 9856 1
9856 9857 16
9857 9858 16
9858 9859 13
9859 9860 14
9860 9861 10
9861 9862 13
9862 9863 11
9863 9864 6
9864 9865 15
9865 9866 4
9866 9867 9
9867 9868 4
9868 9869 5
9869 9870 18
9870 9871 3
9871 9872 1
9872 9873 17
9873 9874 18
9874 9875 16
9875 9876 19
9876 9877 16
9877 9878 4
9878 9879 2
9879 9880 10
9880 9881 17
9881 9882 12
9882 9883 1
9883 9884 1
9884 9885 19
9885 9886 3
9886 9887 1
9887 9888 3
9888 9889 13
9889 9890 2
9890 9891 2
9891 9892 12
9892 9893 1
9893 9894 20
9894 9895 14
9895 9896 6
9896 9897 15
9897 9898 9
9898 9899 14
9899 9900 4
9900 9901 9
9901 9902 4
9902 9903 19
9903 9904 6
9904 9905 5
9905 9906 17
9906 9907 4
9907 9908 11
9908 9909 14
9909 9910 6
9910 9911 4
9911 9912 4
9912 9913 12
9913 9914 5
9914 9915 13
9915 9916 2
9916 9917 8
9917 9918 16
9918 9919 12
9919 9920 8
9920 9921 20
9921 9922 8
9922 9923 13
9923 9924 7
9924 9925 9
9925 9926 6
9926 9927 8
9927 9928 11
9928 9929 9
9929 9930 7
9930 9931 18
9931 9932 11
9932 9933 16
9933 9934 12
9934 9935 2
9935 9936 16
9936 9937 11
9937 9938 8
9938 9939 11
9939 9940 2
9940 9941 12
9941 9942 6
9942 9943 18
9943 9944 13
9944 9945 7
9945 9946 14
9946 9947 14
9947 9948 19
9948 9949 5
9949 9950 19
9950 9951 4
9951 9952 16
9952 9953 19
9953 9954 19
9954 9955 10
9955 9956 7
9956 9957 14
9957 9958 20
9958 9959 16
9959 9960 16
9960 9961 5
9961 9962 16
9962 9963 13
9963 9964 12
9964 9965 13
9965 9966 8
9966 9967 4
9967 9968 15
9968 9969 4
9969 9970 13
9970 9971 18
9971 9972 9
9972 9973 17
9973 9974 8
9974 9975 1
9975 9976 15
9976 9977 5
9977 9978 4
9978 9979 8
9979 9980 9
9980 9981 11
9981 9982 17
9982 9983 18
9983 9984 19
9984 9985 7
9985 9986 12
9986 9987 1
9987 9988 13
9988 9989 4
9989 9990 10
9990 9991 19
9991 9992 16
9992 9993 15
9993 9994 7
9994 9995 7
9995 9996 19
9996 9997 4
9997 9998 9
9998 9999 14
9999 10000 10
10000 1 8
5358 4934 7
526 3615 5
2455 3511 1
8651 9667 9
394 1553 20
2923 7890 10
6136 7356 8
7696 8517 3
480 2992 13
8538 7967 12
2455 578 2
1941 6636 2
1512 4753 4
3297 4663 7
1198 2795 14
4606 3545 5
8892 5961 5
1536 8825 20
5689 9404 16
88 9585 14
3293 4349 12
9968 7025 5
6833 5193 18
3429 2644 7
4105 5876 1
4474 4 20
6812 1495 12
702 6311 19
4654 7298 5
8383 8353 4
3336 7560 8
6633 8643 8
839 9560 2
5695 4974 18
7354 1177 19
7938 2528 8
7640 768 6
3994 3510 9
5343 2638 18
5871 1145 16
3937 4366 17
2780 2963 17
5638 6071 20
468 6821 17
1252 2504 2
7310 2869 14
192 5939 8
8862 4152 10
5772 878 12
7007 3415 10
6925 5803 15
4883 9308 15
4676 5613 6
1321 2176 12
1981 6785 4
1838 2391 11
4503 9318 8
9623 6742 20
9880 4447 12
177 210 17
7762 9812 9
827 66 19
5506 3828 12
4732 8763 9
7724 9923 19
6422 9497 13
5558 1648 18
9603 1648 14
5238 2965 15
616 448 6
9974 1752 6
6725 2897 10
413 535 18
3999 8914 11
7605 1357 15
8351 2905 9
7152 6696 4
3989 1785 10
6617 7774 18
7111 4833 11
3334 3458 3
7433 2573 8
4825 9158 1
6717 9017 1
1320 2329 16
6567 9093 11
9783 6856 16
3652 555 9
8943 4585 3
138 5520 10
3569 6670 13
2055 7878 15
7876 5397 9
1959 3671 6
6610 5320 15
895 364 20
8970 6339 19
7966 5322 16
2264 8169 18
8905 2097 19
9696 4443 9
2081 4397 14
714 9574 18
4509 3480 15
5440 5175 17
9455 5670 16
3648 9615 14
7090 8756 19
7430 9677 11
2721 7326 11
5111 3400 16
4374 704 10
7990 10000 15
4634 3816 16
3576 9976 10
7986 4931 19
5607 2221 2
3542 3641 6
2075 8328 15
7986 7724 13
3197 6617 5
5473 4206 10
9093 7695 13
7035 1806 20
7102 3073 19
7696 6523 9
8899 2466 7
9214 1680 15
92 2882 18
6356 510 8
7595 2625 4
3409 6236 2
1330 7552 18
2177 3816 16
9462 5635 19
3829 282 8
6118 1370 18
9463 6333 17
1460 6795 17
4250 353 19
6787 627 4
1536 4624 13
1684 3420 18
5511 5745 4
9097 7860 16
2399 820 15
8405 3167 15
399 7127 2
6619 8549 12
4242 9994 2
4710 1453 14
2134 582 19
5084 8739 19
6485 7723 20
7135 3568 7
5001 9367 17
1149 3876 13
3680 1435 14
8851 2491 14
9716 6309 15
8366 5054 8
979 3522 17
4443 7058 7
8053 2048 12
6840 8846 20
7476 7134 8
6119 1788 14
503 3172 18
3532 6589 17
5315 6641 18
6587 6540 17
5522 4860 8
7683 4405 1
5677 4252 13
2716 6 7
1110 2977 14
4714 6090 13
8932 6638 5
6991 1046 12
2510 5873 5
5857 3468 14
1319 2484 2
3636 7604 3
5226 9446 15
7608 7570 13
9861 6101 7
972 5308 20
6510 7516 9
3437 4313 1
6132 1842 7
8732 8385 10
1998 1846 9
8061 8946 8
9480 9120 3
2580 9001 4
707 4599 16
7422 7538 13
7334 1354 11
9449 9436 9
4528 3776 8
7502 3771 9
3856 9055 3
6819 5037 2
9302 9027 14
6418 5040 20
2499 5469 10
1757 7011 9
9822 9882 10
726 4095 15
2324 4256 5
2575 745 4
5325 9132 13
6885 7808 17
8081 8210 18
4961 6185 3
378 1942 13
5277 1122 7
155 887 8
6662 8398 7
8580 1323 5
3914 7325 5
1752 6604 7
7514 3824 12
56 4880 7
8804 2922 11
2062 1781 1
8978 2051 18
2166 477 10
5183 391 16
1204 7545 4
8183 736 13
4939 9052 9
86 3872 3
7962 6867 16
5559 7740 11
3714 3456 15
7340 8640 12
5456 4415 20
7328 4191 18
7340 6442 18
2312 1758 2
1947 5383 8
4274 8100 15
6584 9413 17
355 6635 20
6652 80 10
3528 8375 2
7012 196 9
4744 4991 12
8723 2444 15
9562 1220 12
2969 4749 17
5088 8796 12
2152 8150 3
8491 5763 4
3534 3901 7
8352 803 4
1746 2637 16
3458 4714 10
9467 4432 4
5097 6907 14
4952 1510 7
3374 307 13
1366 6626 7
483 1945 2
7452 3001 4
1427 7764 20
5203 671 12
9021 8241 9
5343 6623 12
308 9125 12
8301 6652 20
8652 6643 5
2999 2110 14
7077 6883 10
4873 2856 18
8247 9482 14
9764 4938 3
6294 2234 15
3282 635 11
4981 5510 17
282 210 12
7909 4377 8
8745 7153 16
8299 8050 15
6401 2827 17
824 167 2
8411 8442 3
4716 9448 20
511 4867 4
5950 988 15
4333 2618 11
2422 5544 13
7199 8509 12
170 5506 19
2075 3616 12
5966 1024 15
9554 8845 12
5779 7105 17
9572 8238 4
8689 3359 20
2396 2712 5
6083 2177 1
5642 1708 10
927 4554 9
3313 6803 3
7394 8034 12
6206 6720 16
9149 6232 9
4357 3198 4
3398 1807 4
3410 8119 7
5295 8034 17
1755 6531 14
2594 5577 7
8158 3665 18
6391 8362 4
3629 4727 15
7808 6344 14
2348 36 17
3637 1365 15
4914 869 13
4628 4611 13
7896 759 10
2147 6587 15
2901 9515 16
4358 8024 2
7639 2498 14
1525 5779 10
618 6827 16
8468 7775 19
9185 4727 12
3092 3493 15
4706 39 3
7914 4816 19
7362 1270 10
1789 9872 9
1447 2977 3
5479 8829 13
1234 874 10
3569 1443 16
9628 1669 18
3910 3938 8
9582 1876 6
4770 3263 1
2403 1580 14
1437 2448 19
598 3306 4
2719 2401 20
4569 6183 5
1757 9953 19
4749 86 7
950 7254 12
1239 1390 3
4703 4109 16
424 6213 14
253 9696 14
9526 4347 6
8463 5938 5
2166 6930 12
9188 8686 18
205 4911 7
576 3738 14
6263 2502 15
5857 4448 16
319 4135 18
5205 4494 16
2735 4503 2
4352 1008 11
5269 9939 17
7039 8400 10
1282 3218 4
6639 1493 12
2419 7901 7
2095 9214 14
2402 7518 18
7786 5049 1
830 8329 20
8706 90 6
7004 5447 10
465 5923 4
3154 8087 1
1020 9086 3
7146 6860 3
5579 1816 8
5657 2921 5
4443 4212 2
7322 1294 18
510 8915 16
8847 7162 14
721 8971 6
5556 2877 17
3205 4075 5
906 244 3
4325 5726 13
2208 9832 18
6694 6716 13
2814 8677 7
3919 2886 13
9455 1081 20
86 7527 1
8166 1127 15
3606 3319 2
1497 867 12
4498 9355 3
9767 8657 13
9312 4144 8
508 3570 16
7188 701 5
7735 3063 8
2653 8451 12
3309 2117 3
4503 9916 3
818 4305 13
4697 9020 5
8175 3170 19
5793 1126 7
4740 4228 4
8212 8198 12
8377 4158 12
3235 1551 4
9434 6115 17
9959 8544 11
5084 5904 19
5063 4712 20
522 1080 6
8318 375 20
9515 3337 12
733 4101 16
9755 7948 13
7189 2581 2
5643 9274 18
7979 9679 7
9415 4311 7
4680 6574 2
4451 2570 19
9016 305 19
6900 5310 15
8051 4755 16
9542 5962 4
12 1958 8
4730 543 14
5723 9719 4
1635 2432 3
8175 9240 9
4391 9316 12
1103 38 12
6167 3044 13
3251 7996 8
8277 313 4
4967 7421 8
5041 6355 16
5928 6401 6
8292 6322 10
7950 9405 2
7195 8357 1
8803 8001 18
1868 8789 5
4423 4945 3
3345 8949 11
3363 6982 8
34 5256 16
5490 646 15
210 2917 7
4362 9478 6
7571 4688 13
4290 7681 1
8284 3235 11
8891 658 11
2519 4319 18
4565 9668 7
4893 5156 7
861 9281 14
7012 128 1
3590 3906 14
2284 7331 7
2611 7010 14
8443 5593 7
3131 2169 17
6335 6383 16
1262 9719 12
680 7285 5
9182 7175 1
2846 9815 11
3033 3829 11
6154 5108 13
6722 1453 17
381 3674 15
7127 256 9
346 856 7
8236 9192 7
3808 4023 19
612 4060 2
2191 5478 17
7012 4422 8
3359 3830 18
495 4311 2
2615 8895 11
958 3484 4
8001 633 12
7208 5819 18
7642 976 4
8929 5406 13
2029 9467 3
8659 9640 1
5745 181 10
8764 4320 3
9012 2796 3
5424 887 14
5004 1390 20
7352 7457 17
2867 2606 12
6237 5681 19
2808 8308 2
7239 9871 8
2669 6870 12
1361 8023 13
9894 5140 6
4286 4908 13
3678 6922 13
1455 8851 10
6432 3966 2
7402 2696 20
8850 4444 5
5149 4275 8
2702 33 3
1108 1360 20
4621 3945 5
679 4799 15
4767 8254 7
1274 1724 10
5772 9625 9
2795 2041 19
7147 8238 11
1925 366 3
8706 3723 9
5643 2089 3
5244 8970 13
1128 6765 14
9557 660 14
9378 9699 18
5844 5567 13
8131 4681 6
9263 524 8
7948 5481 20
625 6802 20
9885 1712 16
2665 1470 16
8158 3938 14
9557 799 10
6143 8503 6
25 9762 15
870 9461 12
411 2657 4
4587 4877 5
6902 48 1
4056 6135 16
7819 582 6
2081 9329 9
5641 171 11
8253 9656 8
3814 7546 6
6865 8251 3
876 2207 15
1553 1269 19
1348 5173 15
2186 5487 15
6535 481 2
1616 479 8
8930 6442 10
9398 3093 16
7709 5210 9
3941 4674 9
2129 7398 13
200 4317 17
4398 1671 18
3928 552 16
1441 6267 7
2860 344 14
8110 4361 11
9419 8052 5
8036 7840 12
2625 3594 16
2412 2460 12
7864 1442 8
8486 6190 10
3725 6819 14
5669 9630 10
5873 2756 8
4562 432 6
9557 5428 9
2239 2614 12
2941 3984 10
8760 174 20
9439 3238 8
4858 6022 5
7940 6062 19
3795 1439 10
3567 5470 13
2793 215 12
7614 8551 10
3726 2611 8
6946 4020 16
2375 5480 11
7765 63 10
3933 4258 9
3283 2171 6
6957 4442 5
9836 5484 7
753 7227 11
2784 6114 17
969 6771 8
9091 9335 6
1709 1699 16
9183 6016 7
3937 2213 18
3778 5479 2
3854 7329 20
3483 3078 16
8797 4275 16
4950 7141 6
671 4795 4
2973 1750 18
5691 3656 7
8788 7267 12
9874 1688 13
6656 7385 20
4708 4107 16
2912 2047 16
994 443 6
2078 2102 11
516 6779 5
5778 284 19
6877 3167 12
6521 1702 2
80 3466 1
6750 2968 11
1590 8860 12
5311 3500 1
6408 8050 5
9509 8128 20
4800 5390 8
133 1354 5
7493 761 15
5699 4983 1
4558 7333 15
8870 1030 2
4437 3114 16
9279 3823 13
2671 5814 14
5201 2466 2
8681 5674 20
7762 2103 9
63 2404 11
2532 5058 14
7064 3212 10
7213 7499 19
6464 3347 12
5937 9953 7
5589 3098 3
8243 3283 16
8351 2162 6
8452 8132 16
9780 6423 19
4167 5450 12
266 7932 2
2165 4280 11
9874 622 11
4923 6199 15
5271 8978 18
4985 4750 10
9643 937 6
7326 464 20
5463 3407 13
8551 5292 7
830 8071 18
8088 1778 2
7775 6002 19
8647 7251 10
9058 3595 2
4654 5108 16
7163 5099 8
9932 8085 16
7494 9249 2
7217 9132 18
3395 5207 9
2942 9827 18
6868 1477 14
2107 5165 15
2403 1804 20
4782 5353 6
1015 120 3
4341 9796 18
3687 3804 16
4003 1860 17
8296 9418 1
4844 8098 16
6914 36 20
3434 2619 14
275 8074 20
6891 7083 4
1139 1980 17
3808 1458 1
8036 9315 16
9755 8309 8
1563 4771 19
2086 3552 1
3346 1292 18
4049 8564 12
1906 4718 20
6649 8089 1
1696 2435 12
9789 4953 1
7200 1893 18
387 3326 1
8637 9230 6
8339 3971 2
6512 9106 19
6667 920 2
9097 4375 11
639 7733 11
9368 8591 3
109 2269 12
2384 8187 19
6258 1871 6
6731 2931 13
7950 9986 12
8122 2710 18
7452 9376 4
3384 5473 19
5911 4439 18
4136 6677 17
1277 4240 8
9748 5557 16
293 7992 4
6819 1169 5
7428 8259 11
7802 5812 13
1026 8968 10
3589 2476 13
5867 8578 13
7964 9671 20
8107 385 3
6003 9250 2
7941 523 16
2233 4219 17
3622 1791 9
6106 7207 3
3661 192 19
535 2753 3
6423 1043 20
2877 3824 3
4549 2869 17
6643 3845 7
3494 4395 15
9385 5623 10
1135 7850 11
9836 1397 7
3943 3912 13
839 8984 11
4963 7265 20
5511 9912 13
6191 1840 16
2008 2394 8
5431 2977 1
9716 5408 4
6679 7530 4
3270 4051 14
2092 8528 2
3478 9622 13
728 5745 7
4511 9700 13
5779 9974 12
4279 5128 16
7130 872 20
2133 9653 15
3059 7894 16
6930 5226 5
9682 2788 15
6024 2518 16
3725 6495 13
275 6511 9
9071 7872 12
8092 8027 5
2486 2137 7
8114 3450 14
9560 2306 16
2894 4794 5
8313 6323 12
70 4973 11
7612 2851 18
9977 282 19
1535 7024 16
9692 405 11
5518 6548 2
3599 1155 7
2787 3418 8
991 3608 20
3524 7092 12
8875 3670 12
4879 9894 7
5946 3685 15
6756 8743 19
2827 4400 18
1413 1246 10
4417 9983 11
9491 8122 5
2467 6471 11
2051 853 19
4599 4269 15
7986 4489 16
5284 6536 10
9550 9901 13
5681 2440 7
7790 4154 19
7538 7588 9
3777 7212 18
175 1098 14
3580 5211 7
92 7454 13
122 8869 14
5635 984 17
1255 4110 16
9246 1531 7
714 9882 4
3859 8036 7
3087 5518 16
4250 4413 7
6159 5318 15
8386 8810 13
6086 6386 16
7710 2677 1
8584 7697 11
3731 5437 3
7649 5863 4
1686 8460 2
1357 2101 11
3509 9285 18
7536 6706 20
6201 8901 3
8736 8581 15
787 8480 9
4803 7035 19
6873 2233 5
8748 7428 18
8699 9130 18
7394 3070 8
3355 6264 19
5232 283 2
4391 4065 13
2176 3140 8
1343 1472 4
7376 6779 16
7969 8354 12
2581 3735 12
8433 3140 5
5536 9947 19
7864 7186 14
9134 7962 12
8229 1444 19
1878 8275 10
2791 3426 3
74 3904 9
137 3500 19
9188 5662 2
9405 6059 13
795 1099 3
2283 531 3
8311 198 9
1536 1689 8
5278 8798 7
3747 8650 10
6263 8289 17
6819 8735 5
8384 1733 13
8324 1877 16
1427 9442 1
9807 1183 20
3414 8472 19
3411 9602 3
3808 8481 15
3190 3340 1
5264 1704 2
2098 6700 2
2838 2291 10
5403 4150 12
1506 9080 13
7390 3348 8
2399 2590 3
7734 6394 1
3143 9445 8
587 5348 2
5653 1052 4
3036 1979 17
4844 1193 1
137 6392 5
6894 8249 12
1636 5129 13
2430 9970 11
3239 4243 18
9311 1487 14
9149 1653 14
6169 4216 17
3965 178 12
1699 2886 13
1011 902 1
2901 4531 18
7936 2232 9
5951 6737 9
5208 4756 5
3013 756 8
1350 1406 14
7740 651 5
1112 7222 16
5942 7379 14
8817 8174 13
3687 4392 9
9278 2353 11
9930 4462 7
5456 1844 4
2673 4927 11
4555 5479 10
2520 8394 20
1288 5513 19
70 6317 13
9389 3522 19
9400 5754 18
1610 9668 12
1908 4429 1
7540 9605 7
2775 4789 10
4965 934 3
9442 5019 2
7736 7430 4
9293 7917 14
5796 3338 18
1794 767 15
9951 4321 18
6527 8290 10
6826 8830 14
3676 5646 11
2883 4916 4
7789 189 19
4705 7017 11
7041 4372 20
1801 5754 16
5425 8081 15
9913 1298 7
8322 9958 4
5268 8431 18
6057 7797 14
1797 5970 10
7282 2363 14
7345 9799 15
6506 5093 1
1546 7423 7
4758 2610 10
3924 1571 10
9370 6703 11
7496 701 3
1488 934 9
4200 5418 12
6242 4082 13
1666 9002 6
9098 3254 4
1085 3943 5
5542 6744 6
6370 5645 18
1854 2521 7
7330 5437 13
3721 5805 20
9565 6803 4
2599 534 13
2011 1756 6
5000 3168 4
7614 2655 7
1659 9097 8
6900 7686 12
2122 7087 6
8006 6116 17
4032 6761 20
9867 6827 8
5211 6536 2
232 6313 13
3359 2638 1
5972 9813 2
3147 8627 19
7018 8930 10
5362 2663 14
9023 7034 17
3134 8803 12
6927 862 10
5518 4097 8
2381 9876 14
4890 4676 19
5626 1417 6
7445 2252 8
1289 6854 9
9375 5511 6
1636 4119 2
4851 5295 17
2025 3253 16
5311 688 16
7126 9843 7
8219 3363 14
3948 5752 18
4084 3225 8
9850 762 5
4405 7653 17
2582 3669 15
7663 9416 15
8019 2624 11
4430 989 12
3966 9794 2
9787 7557 20
3093 8518 9
9524 4995 13
770 3198 17
3382 9950 18
8630 221 4
7061 1656 9
841 9730 13
8112 4116 17
1547 3923 5
523 6698 5
3871 207 18
603 9687 1
1960 5137 20
238 3705 3
7190 5164 5
8806 9636 8
5351 533 2
9998 5710 9
896 2772 1
894 5223 12
7473 5721 2
484 8899 7
3874 3507 13
4427 4020 6
3025 4937 8
7900 2917 10
6091 1172 19
1660 3449 18
2125 7058 12
9513 8269 20
650 3728 19
4759 4326 18
3352 1796 18
1357 9686 12
421 508 2
6424 5493 17
2954 3902 8
7851 7361 4
7263 5607 10
7020 4588 14
8105 297 17
2195 6108 2
3722 7495 20
5105 8247 11
4584 2460 4
9377 633 4
3427 4072 13
965 1580 14
6933 9747 8
6139 6913 14
8259 1896 19
8210 8095 6
3865 2771 7
2542 8736 15
3994 5578 6
9370 5325 18
9583 1797 7
4524 9332 13
3566 2797 15
3275 4060 2
4175 9221 14
5595 279 5
9146 8608 20
553 9912 18
1996 10000 13
8197 3413 3
8315 7981 7
3900 4305 1
8449 8767 7
4480 3742 10
4604 5255 7
9821 4968 4
4675 7436 4
1906 4740 17
3545 6761 12
5993 305 13
9127 4279 10
475 9255 3
3769 3652 20
490 9371 3
4859 1451 18
2726 4181 14
9950 6429 13
4837 3555 7
6346 5499 12
4757 8264 11
3758 7385 18
4989 47 4
7217 2444 19
3088 3119 4
5181 1854 18
731 4639 3
2742 2551 15
2354 8502 6
3930 4943 4
7839 6454 7
1919 9397 13
6489 9689 2
8110 2811 7
1886 6688 6
6680 4638 17
2736 3739 16
2188 6219 9
8353 8548 17
454 1478 1
2547 4493 8
5930 2431 7
6831 6688 14
9761 3390 10
262 4657 13
9654 4141 14
7951 7980 19
8230 7836 19
1146 4662 11
5004 7597 9
1334 5871 10
2705 1295 6
5813 9750 13
4349 3147 20
5232 599 8
7697 5450 2
6629 978 16
4258 4033 6
2197 621 19
1885 2514 20
5145 8854 16
3638 8409 17
7795 8462 17
8940 4415 14
9044 2448 5
4122 9348 9
6987 4348 19
3979 1701 6
8504 1988 13
7691 9458 19
7458 5931 11
4719 6005 5
2947 6212 1
8967 903 19
9742 7073 6
4737 7933 15
4848 9923 2
4901 1646 5
4753 909 2
912 5471 3
2692 8367 7
9226 4981 18
2222 3456 16
5322 729 4
9211 117 16
4768 1021 13
3599 7249 10
4908 249 11
2455 9368 14
1002 804 18
9911 8259 4
9585 8692 1
909 3587 10
7835 4697 7
6178 9994 17
1919 219 1
7204 8086 16
4573 4115 19
7598 5812 17
4436 9153 6
2354 246 2
4006 6886 2
6221 2987 9
9224 277 10
8909 7732 9
6621 5660 17
9362 8622 7
2323 1247 18
4979 6231 20
9138 9508 14
9021 9336 12
7639 4066 7
3231 6012 16
5428 66 15
6539 7329 9
6672 6246 20
9554 7683 17
9493 2202 17
3878 3929 7
9999 1256 19
609 9581 4
6561 7282 6
6749 2204 15
2957 6951 17
8408 2297 4
3588 6524 15
3816 2023 17
132 4884 4
1618 4519 14
2353 7157 16
2052 7953 7
7810 7534 4
7612 5451 2
1207 4692 17
9231 4526 7
5310 801 15
4590 9642 16
6375 8666 10
3752 6181 7
5317 9970 7
8509 1962 14
2010 5499 3
5245 410 18
8085 7553 6
4520 5402 19
7446 7087 18
3528 3854 12
5183 5394 16
6933 8859 7
7607 5824 11
1072 5210 5
8436 1424 8
1760 5022 19
1698 7095 14
8722 1028 7
6670 7192 17
2871 2789 15
9901 1917 5
7121 1793 6
7847 4071 2
3229 4093 5
9603 8564 20
4520 9009 18
5231 4696 5
65 9680 9
9357 7064 16
2530 7297 5
1742 6165 12
4146 8689 18
835 7965 8
3019 1249 15
7840 8673 14
937 5464 13
9735 2910 20
9390 4046 10
9256 5814 4
4923 5605 12
4347 1800 10
3426 867 14
7045 6905 1
1106 2184 15
9970 4985 11
9627 6146 2
4185 4655 20
1744 2647 15
4858 2672 10
4402 1559 1
9904 2003 17
7799 225 14
9251 5481 20
7865 4244 1
757 3279 8
5567 5271 12
1567 3213 2
7927 4191 2
8887 9243 17
3037 9089 8
8161 9197 17
7843 6687 11
3474 3310 14
1956 5382 11
6731 2370 12
1383 2639 6
722 3559 6
2084 9533 15
4216 8426 16
9643 754 2
1387 6864 10
5956 3320 3
1249 3769 7
6916 8077 19
8363 4151 3
117 7736 16
8819 5057 10
897 3275 17
9432 5073 18
124 9315 19
373 1703 6
4858 5746 13
7454 7364 1
3875 6138 18
9680 5404 16
4860 3547 13
5960 9080 4
901 3695 2
2497 3389 16
5435 887 3
3975 4899 16
4108 155 6
4641 720 6
414 9222 2
6824 9767 16
2177 2756 15
5996 8835 19
1417 7674 17
9159 1 16
8136 501 3
8262 1995 8
1682 2432 13
4729 4120 15
3646 3264 20
9378 4942 13
7915 4503 10
4224 3207 5
7896 2790 14
1621 1237 8
5088 4850 10
6031 416 19
9873 9471 5
4175 8906 2
1461 800 18
2084 1431 5
1399 1132 14
1298 8162 6
6534 5891 10
9213 8879 9
8650 3793 4
836 6783 1
8131 9174 20
2043 4108 17
8955 1256 7
7784 5693 15
2542 9712 9
7194 6525 6
4981 5688 14
8834 7742 15
3484 6830 4
8010 9132 16
9011 6332 2
5951 2540 12
9582 2437 15
928 9676 15
9238 1816 11
1802 4323 7
6786 9245 8
6205 7351 20
2536 9470 14
9252 129 8
802 8578 1
6008 7035 6
8362 6918 12
596 436 18
3263 6461 5
7375 6312 20
9823 8387 11
5093 3430 10
8242 6840 16
320 8575 19
6699 714 19
8213 7103 17
8440 9335 10
2830 1617 1
6020 8853 16
2962 3023 13
7089 5018 12
2390 1323 4
4956 1502 15
4264 3566 18
1133 3511 6
6680 978 6
8255 3791 11
3694 3098 6
3130 4973 1
8795 8200 10
9431 9149 11
295 4469 7
3365 8476 1
7745 754 5
9074 7580 15
5724 2593 3
9876 473 3
2977 2507 3
4069 1573 15
2079 1713 14
5893 133 2
9115 3458 12
6215 4508 16
739 7509 15
7774 6294 8
9437 7125 14
3092 6437 17
9600 873 4
1641 918 8
8444 9184 12
5477 5487 5
6988 4403 3
6546 4352 7
2135 5277 15
8897 4641 4
9019 8175 11
5207 1858 16
1628 9488 10
9210 5560 7
1023 4369 13
7012 5508 13
2917 8454 13
430 5562 10
3267 3135 20
8529 9279 20
2549 5907 10
3889 4012 5
9530 8608 4
7938 7569 14
5316 1630 18
6347 7479 8
5518 6957 6
4482 6309 8
835 3683 3
956 225 1
8618 8026 2
1940 4504 20
4224 8876 11
8049 4335 15
2689 5897 10
6751 4207 3
8866 7555 2
7257 5760 8
9280 6180 10
3148 1597 6
6696 3712 10
1168 9933 7
4855 1149 13
9447 2393 2
2115 3026 19
7359 7380 13
206 5932 19
5574 8757 1
3020 1941 7
5175 1708 19
6604 1341 14
34 4306 2
5320 2952 19
9841 1930 17
3705 7995 12
4024 8919 4
3903 9344 20
8219 4985 5
5963 8612 6
5539 6696 20
6947 5509 9
4936 5743 11
9749 675 6
6770 2860 18
3318 7392 13
829 6148 17
3844 508 3
9976 4303 11
6012 9448 3
7020 2518 4
972 8879 14
5373 1471 17
87 1951 1
6695 863 17
8808 3669 2
6567 6523 3
7225 3236 10
7178 5135 9
1112 9528 12
7710 1341 3
5211 3742 12
733 7614 5
283 1995 17
4322 1521 18
116 4491 18
7742 50 7
5749 2333 18
386 5046 12
669 5004 20
5871 4182 3
7906 9299 18
8259 1802 14
7321 7206 16
4121 4994 1
2769 9113 16
2434 2076 13
3481 702 20
8676 8351 19
5284 9068 11
367 3025 3
69 6281 14
1194 7355 2
6476 7008 18
5471 7696 16
8590 2742 1
5984 2787 19
2682 2257 8
2182 4401 12
4233 2082 15
7752 70 4
3016 3649 17
3542 4712 17
5870 5775 20
8877 9245 13
3183 3045 17
4367 1929 18
3733 7849 17
5732 8176 5
1803 9908 15
7708 9452 2
6297 5486 10
3876 1563 11
8529 4596 14
6415 2408 5
9454 8912 2
74 2775 15
9769 3259 19
6369 692 4
7542 4385 1
7092 4461 12
8590 5431 10
6145 9649 8
5338 4963 20
4415 8493 12
2043 2739 14
7983 1373 4
7515 4050 5
6967 212 11
2776 3263 5
8381 9897 12
2847 9016 14
9363 8547 1
1659 8306 14
6763 1810 14
9185 4260 16
4115 7380 8
5555 503 14
5237 8869 15
2264 9166 9
4991 8240 18
5957 5497 14
1458 211 18
7809 9635 10
7125 6995 15
8386 4709 6
8178 5197 10
4801 8448 12
4199 7144 6
9049 4259 20
9243 3682 2
6954 6086 7
295 6857 14
6862 7240 8
5945 540 14
5638 2082 13
8872 9462 18
2325 8243 19
1050 8657 12
8809 9295 1
7930 910 18
6144 4490 12
9627 3390 5
8088 6449 6
2505 884 9
8779 6648 14
8777 2230 14
4623 9464 19
315 2400 4
626 6686 4
3934 7873 4
7945 342 18
7004 7950 3
4897 6027 8
943 1864 17
7984 3302 17
368 2155 12
1490 3313 7
4504 37 20
7275 9106 2
7132 5523 1
509 3518 2
9244 5824 16
1487 3272 18
6666 9007 4
3200 75 9
3556 317 1
7334 4498 1
5103 3268 10
4742 5421 5
9642 7690 8
4068 9031 13
9011 7615 20
8028 8510 1
4649 3420 1
9040 5227 1
5029 131 7
6774 2159 1
7548 7474 10
1702 9671 14
3968 3964 2
3753 212 8
6969 1865 19
259 1469 7
5398 3590 2
4843 9988 16
321 9287 13
210 3155 18
7038 1167 14
9997 6228 3
4510 6956 9
4027 178 12
2662 7122 1
6065 4631 14
7200 8028 19
8963 1604 3
728 3565 9
5007 5964 9
2045 9088 16
2869 2751 11
114 7361 3
90 7932 11
9836 9426 16
296 9545 10
1278 3968 1
3944 8535 7
2549 9952 12
8002 2048 17
5491 5342 15
2312 5410 5
3792 112 8
9153 4846 3
6862 7541 14
2708 407 16
4895 3274 9
978 7999 2
7448 2724 3
5710 9201 11
8786 8076 4
3283 7303 17
9470 4330 8
5583 9978 3
9535 6527 15
3930 4876 17
5983 1651 5
4466 4779 19
7443 7472 16
8592 8308 20
7406 44 11
5688 3624 4
6784 401 7
8272 2757 20
2476 5035 18
4606 9805 13
7580 3126 16
3760 990 11
2489 4288 8
2946 9617 12
6666 948 7
9162 3374 11
3567 2207 2
4123 2878 11
8096 4925 18
5164 5208 4
4451 1367 3
8095 2386 5
6478 1359 2
5091 7864 13
2864 5108 8
2981 4349 8
3535 7986 1
8926 3741 19
2042 6888 4
3667 3824 8
551 889 10
6455 7468 10
1765 9888 6
4907 1046 10
6800 7048 10
6116 2519 16
120 6491 16
4744 9417 7
9882 2557 16
8466 3967 1
9209 1277 5
3677 8924 5
8629 9394 13
7546 8932 12
4878 6760 15
4708 3353 3
3589 7863 18
5909 1151 6
7733 7108 15
1517 1535 17
1866 8420 19
6483 5985 16
8345 3773 15
1253 8433 19
2402 7524 17
6738 3331 9
6010 6210 20
6799 3669 8
6501 7351 4
2913 7634 7
991 9126 5
8791 736 20
483 886 7
9196 6734 19
9507 6887 7
5865 531 11
4613 1330 9
7017 5206 20
1969 3427 9
3496 9101 8
2310 1455 17
2904 7579 11
1541 9506 16
7012 2629 8
5685 1522 13
8961 9079 1
8009 6807 5
4027 617 4
9937 7138 9
7663 6912 12
7185 4071 7
6249 9152 7
5545 9507 19
354 8966 8
4380 9188 17
3363 6544 10
1430 2070 11
1034 8350 2
7040 1770 8
3349 1893 7
7502 8660 17
4311 4401 17
2824 5968 10
6485 6440 20
7295 3843 6
6725 6061 8
4933 9746 8
5431 4575 13
5597 6424 17
3421 5135 5
9942 3683 10
167 5823 20
4993 7747 6
1709 7555 17
5149 5608 9
45 6435 9
2103 5329 6
641 7042 19
7176 4695 9
9267 7807 7
8747 627 15
6163 9453 11
1968 5142 9
3227 1454 12
8776 308 2
2741 2802 2
6570 1799 12
6373 540 15
5302 1760 15
5368 5091 3
9311 2137 10
5237 5865 20
9287 5256 12
6572 4471 1
1970 4257 9
8185 1043 9
1045 8395 11
7983 5271 9
4087 2607 10
9697 1366 20
4547 2711 6
4602 4414 12
4915 6261 11
2335 6075 7
6518 118 13
6734 6293 13
1035 7306 3
6806 2034 13
4694 1772 7
4342 9665 5
5909 740 20
3624 2870 20
7406 7557 1
2222 6418 8
3693 6363 14
8224 6612 17
3380 836 20
5609 9298 13
6749 6002 6
8903 1935 8
4063 5182 14
231 2335 17
7588 1289 2
8746 4188 19
8172 4590 1
6748 2895 12
6217 7781 4
753 9549 17
9828 9018 13
2405 8950 13
4533 4329 12
3459 6179 17
5780 1467 8
8350 6414 1
8323 7029 4
3341 1085 18
9809 1922 12
4887 4043 5
6429 836 19
3482 2064 11
7568 1695 20
3708 2320 4
524 987 19
2102 8618 19
6006 1636 2
4763 3931 3
3340 2659 15
3394 3674 11
6254 8728 1
3034 2817 14
6825 3972 7
9350 5660 1
3056 5060 3
6032 4154 15
47 5488 2
6525 5625 1
3481 1011 5
4669 6793 10
8288 9975 10
9238 2501 12
7917 7300 16
6693 8188 7
7663 8969 4
3644 6172 20
152 4996 15
9026 5443 8
773 8781 5
5407 5551 6
8987 8259 14
4038 2670 1
8103 5334 7
7497 6943 6
2029 8095 4
6886 1354 11
5056 3192 3
3904 3600 4
6740 7495 12
4731 4657 4
62 8912 19
8145 2308 16
134 4191 20
8378 8083 7
6707 2522 15
4374 7865 3
7321 1722 17
2828 9501 12
1489 2836 13
38 9914 2
9259 3837 2
9808 6237 17
1497 1384 6
5330 6534 10
3014 2888 11
7253 5030 19
3338 5248 10
3368 1048 9
5516 1479 2
941 4526 13
1882 5051 8
7640 9851 19
3460 4638 2
4243 8522 19
5227 7957 8
6075 8768 20
3990 5243 13
3509 4379 9
5204 3563 10
5163 7703 2
1553 9629 1
2597 5072 19
1441 131 4
8789 6287 12
8590 4506 2
1042 9199 4
8066 3347 19
7698 8931 18
1544 2070 14
7517 7273 10
4501 6849 15
7325 2474 13
3043 3494 9
2174 9153 4
6103 7760 14
727 3715 11
8782 604 20
5757 1969 8
1861 1795 4
3902 6626 11
2574 1733 2
2597 786 1
7234 6355 9
1523 2434 3
2880 5765 15
619 1421 17
9262 8243 6
2530 6495 7
7060 8652 2
2500 3067 17
4155 5563 17
4676 4280 1
1945 9898 9
9005 5421 16
1620 441 17
6872 8375 20
3409 7989 11
7293 9793 18
5283 7068 7
6552 7862 6
8185 9619 18
2766 1898 14
518 3987 1
6879 8807 14
7069 2955 7
434 3331 3
998 3131 12
991 5430 3
9998 8124 3
1480 9880 2
717 9215 20
8441 9655 6
6937 4265 4
6806 8809 8
1563 9984 19
2109 7183 9
4078 6916 17
2489 4148 3
2108 7804 10
2681 1528 13
8849 9342 3
3824 8725 2
2401 4083 6
6823 158 18
4361 8953 6
8639 5301 17
6672 589 7
486 6920 17
6779 3149 8
7720 4452 8
7298 5568 8
7314 3420 1
2106 6110 17
4780 3309 5
5952 7207 10
6151 443 8
9445 4406 14
6792 9405 13
210 7925 2
9240 1229 11
4517 1174 8
8692 4983 16
6509 5054 18
8309 6306 14
9913 7950 11
4205 767 9
9935 8175 20
1059 510 13
4328 5046 20
9082 8489 17
3698 1629 4
9293 5719 6
2955 3134 1
9940 5782 4
3170 6369 20
7136 4165 3
1277 9655 18
1447 8738 9
1667 2236 5
9772 8366 6
4392 7660 8
3038 6645 15
6427 5341 12
5182 9107 5
6501 2194 11
8051 4220 9
5648 9895 11
1010 6036 13
1639 4724 17
2124 4412 3
4679 7913 11
8365 6132 10
6413 7587 11
3099 1914 20
481 5870 15
5568 7569 7
6139 2322 15
4436 481 4
4316 252 19
815 8428 3
4715 7448 12
5146 8922 3
3355 5553 11
810 8424 20
6829 4198 15
4092 9097 16
1385 6463 7
5931 3274 2
3984 4112 19
5968 2098 20
6360 4848 20
7590 3588 2
9316 2687 3
1483 2400 14
5450 1965 9
5574 4167 13
6471 4892 3
8335 981 20
465 2305 12
2011 6220 15
3040 769 2
8251 2939 17
369 4308 15
1497 2982 12
1315 9105 8
7610 3022 5
8119 7899 7
5155 5535 16
9993 528 17
7882 4907 15
9372 1218 1
6911 2388 4
3859 4373 12
5077 578 5
5443 8020 4
6939 8183 14
4051 9539 13
2804 3500 6
1012 9082 3
6436 9352 11
9472 2814 3
5656 6608 10
6076 7719 4
6799 6104 20
2924 8147 10
5963 3456 18
5738 9309 10
9240 4211 2
7323 3640 19
5116 5091 4
8112 2305 8
127 1248 6
2779 7529 5
4448 9463 17
3723 354 6
6874 9904 13
3842 4476 15
6396 1117 11
312 1375 2
4749 6183 14
9361 5972 16
7304 2425 19
9228 6991 8
350 1939 7
5467 2170 18
1718 3453 7
871 5250 15
2780 8144 19
5530 2449 20
8185 9000 9
9646 1773 8
9239 6460 16
7558 5376 11
5289 1416 7
1226 9052 13
9875 2085 5
363 8850 1
906 5106 3
4473 5273 7
8158 5987 6
3342 4993 13
4997 8290 19
4584 7681 16
5641 4156 4
6740 9737 18
5431 1116 18
2771 3662 9
9179 4684 14
6279 2047 11
2862 7637 6
7666 7112 15
5912 6839 13
9934 9738 4
5452 8678 2
8872 1613 10
5287 3444 12
5440 386 12
4490 9271 9
3826 6104 19
5210 6110 4
9692 3373 11
2678 1884 10
8658 7318 19
9473 9569 7
7409 3232 11
3215 3031 11
1071 7468 2
7151 7910 5
4845 5113 2
4405 4577 16
6546 492 12
550 7300 19
4940 1331 11
9047 7502 3
9669 9935 4
7574 3180 7
9943 9979 18
2893 8805 10
6387 7750 10
7991 9673 14
4766 8263 10
1453 8721 6
2720 9297 19
1200 9049 17
5915 8990 10
2449 1791 4
6508 2873 1
9496 4803 8
2798 330 12
6781 812 15
5313 7649 1
4289 7391 20
1607 6913 3
6327 530 16
6253 5359 19
3020 9235 19
5371 3002 3
856 7303 2
3413 3281 12
3615 7640 15
4590 6133 4
3575 3163 9
8384 6292 5
1275 129 17
736 1867 15
7550 9572 2
7652 9750 15
6961 3228 12
592 2988 5
7565 1471 17
6376 9316 3
4476 6304 17
498 4831 18
3235 5757 15
847 1622 2
4322 2619 9
5047 6156 2
5747 672 12
2452 3551 3
9308 7053 10
2864 7597 12
8075 5784 17
4495 4073 1
5036 4157 13
149 8954 19
7304 2519 12
4060 3461 19
8165 5119 8
2065 1004 11
1678 2134 16
8539 441 2
686 9784 1
4122 7824 20
8045 6057 3
3632 2891 3
1336 4311 2
8967 7653 18
2230 5038 3
3969 4899 14
791 4840 19
8555 889 2
7411 7878 4
7023 1077 15
8949 3791 7
4673 8020 12
3564 1269 1
2586 1396 19
3545 471 11
8011 6384 18
7854 2692 15
1676 1066 19
4510 77 2
6979 2280 1
8175 9512 20
6153 8061 14
3288 1125 17
452 9109 8
5078 2134 5
6761 4564 17
8153 5328 11
4446 2879 15
3918 6494 9
1787 4592 13
8441 8576 1
5517 7896 20
3009 3370 18
8047 9566 8
6427 897 8
4765 2540 8
6954 7114 5
9638 513 9
7092 2204 8
9973 5692 1
1067 8709 11
3682 3045 2
9262 6626 17
6676 6626 9
3526 2789 20
189 6038 19
5458 3722 9
2292 8486 13
6623 5272 4
64 5463 14
1500 9920 1
1762 3398 11
8743 1223 18
4874 1992 17
3808 6931 9
8047 9628 17
9548 5244 4
5265 5624 16
2 5555 3
7247 3569 6
756 7341 9
7665 2608 13
2811 9149 8
8468 9159 3
1233 5064 17
9895 8712 10
3631 6891 18
2173 4493 13
1191 1587 14
6242 4748 11
7843 2308 7
6424 7218 2
1874 9977 17
7902 3135 16
5603 1524 14
6970 9492 15
3451 1130 20
9253 2152 18
4681 7712 11
1359 2266 4
8977 615 4
1739 7682 6
6257 8321 5
2202 4404 2
7053 3745 20
6302 8774 6
5185 4532 5
179 7756 18
6342 2005 20
5488 8316 9
2477 2275 4
9264 1326 14
5308 5678 4
9897 7447 1
8641 5323 17
4889 8187 10
1097 3552 16
4981 8215 20
816 8722 20
2036 9203 5
3833 2741 1
3390 1280 9
8576 3963 15
1042 3672 18
7155 253 11
767 560 14
2464 609 18
4029 3334 3
1160 4063 9
1725 2391 7
281 9877 3
5462 1352 5
6001 6110 10
7275 8871 8
5577 1021 8
6055 9390 14
9774 9506 14
9714 5203 20
8742 2 13
6922 8194 4
2801 6941 14
5394 6205 10
8551 6557 19
9020 4081 5
4833 4974 18
8416 5408 6
7718 342 10
2346 3967 8
6291 2925 12
7301 1365 18
6889 865 11
2862 2298 16
8012 4796 2
2840 8953 14
5800 1743 5
6478 2232 17
1738 9215 4
5472 8676 10
7025 6742 18
8809 3893 5
8505 6031 12
4130 4077 19
8142 8709 3
1415 9452 12
9833 2345 15
1210 9858 13
1903 2063 2
3957 5903 15
8837 3590 4
3057 2380 8
8012 9545 12
8529 8184 2
6344 4959 9
4002 1271 1
8650 171 6
816 679 1
9761 9671 7
2290 5880 20
3607 4009 17
4722 142 14
5085 3004 17
7843 2383 16
1224 4021 6
8374 8320 2
7100 3956 12
8875 7444 4
2871 7898 1
7112 9600 18
371 8249 16
831 615 14
1058 1310 17
444 6444 1
1002 4344 19
5279 9144 9
8277 5499 5
9517 5890 11
2871 3267 15
6806 974 12
8049 5923 1
6255 4563 13
3936 3097 7
6615 4876 13
4798 2887 4
1765 6236 20
5415 3928 2
4878 6086 8
420 5020 7
1912 8923 4
982 6999 3
5945 793 18
2399 6290 15
2653 4550 15
5954 5561 10
1723 6657 15
5576 3849 13
4521 1934 3
2644 2202 13
7220 892 16
7336 953 10
5820 5258 1
4379 2375 12
6711 3429 17
9247 6181 15
5936 456 2
230 5861 15
4608 4068 14
3498 6101 14
8516 918 17
407 3962 17
5513 7321 1
6586 1046 15
5553 7431 19
505 1672 13
8193 6959 12
4041 6887 15
577 9001 7
106 9411 17
3473 1574 17
7375 8505 6
95 9562 19
4796 5096 7
5108 4801 17
2843 956 4
6615 8690 4
7246 8192 8
9944 4007 5
8949 5737 1
339 5107 14
8081 7352 20
1854 382 13
6855 5112 18
5927 1044 3
9917 5990 8
9587 5961 18
5620 8936 9
1905 3733 2
7434 2867 8
4722 4763 10
4792 9245 1
9481 2069 19
2995 7735 9
1920 2621 12
9942 2147 11
9625 7511 7
4461 4110 20
8811 1346 17
7160 4597 13
3057 4490 11
5230 4333 13
9078 6898 3
4889 9520 17
6978 607 2
3297 104 17
7660 4220 5
7110 7586 20
5309 2605 7
6734 7404 18
3960 8428 4
7659 8242 9
1919 7321 5
8847 5564 17
7782 8853 17
7282 9043 7
8531 7081 15
6822 866 11
8145 9697 16
3565 4962 5
7629 2462 4
3666 4972 14
5249 6891 13
4540 4881 17
5942 9465 3
7673 8121 8
6119 6758 5
4225 3926 14
33 7006 11
6072 598 18
735 6640 8
424 4412 20
7329 1565 14
6846 9730 10
4971 8583 3
6141 9437 18
7085 1239 13
8751 2146 6
5167 340 9
2701 8081 6
2921 2533 15
9101 7722 17
4853 5325 15
2806 7967 13
9418 4460 10
2858 3873 4
3463 9453 17
4034 3590 14
1502 372 13
10000 9863 14
7099 5223 12
6790 6480 1
7422 8048 7
7354 8318 14
4679 7599 6
1841 2587 1
5657 4751 5
7140 7610 2
5194 8130 13
4823 2604 19
4774 7784 17
8694 5502 16
5212 4725 20
1925 4794 2
4541 8588 14
7590 9613 9
9642 3393 7
9862 5467 12
9019 8877 16
852 7570 15
9448 6919 14
5804 2470 11
9113 4773 1
359 1765 16
3565 758 2
370 7837 1
4336 8169 10
1037 1523 9
141 8082 13
3750 749 15
9251 3411 2
9657 8176 5
5790 9911 3
6571 3021 1
7024 1606 1
4894 8100 14
3522 7012 6
7444 9192 10
3229 51 16
6720 2935 14
8485 3451 18
3716 8049 14
6627 2227 11
7586 498 3
4283 1309 2
4394 5433 8
5378 5653 7
2627 8683 14
816 7051 13
9810 3750 4
665 4766 11
4185 7381 18
6036 6624 4
3214 9227 15
3288 569 19
8441 8106 4
3850 8179 13
7643 1143 6
4428 8203 2
7269 3102 8
8949 7616 20
9223 1572 13
5934 2737 9
9340 426 6
5815 7439 2
5352 4246 7
2977 9837 12
6777 4745 4
6254 5877 20
9968 1061 20
9758 9602 16
7658 5323 16
1028 7790 2
8692 7247 7
7285 1816 6
3593 5772 5
5962 69 5
5811 5750 10
7323 3955 12
2640 1448 20
9481 2947 19
1563 6443 5
5523 8262 14
3981 2869 8
8223 8955 18
175 8541 2
8754 8156 17
6254 1173 8
7225 831 1
5117 1817 3
2539 2687 8
5694 8703 5
3146 6324 3
9220 9799 5
5915 2921 11
6598 3520 12
4240 409 8
3929 1510 1
5994 9504 1
392 2604 10
7414 6606 13
6194 5452 2
2408 4934 17
6301 2835 14
6306 3815 20
6979 6612 6
6376 7061 10
4199 169 4
9844 7240 11
6669 7133 8
5443 8050 5
9337 7023 16
481 6675 15
1999 5013 3
5780 7872 17
6795 8256 6
3395 5237 9
5836 88 11
4947 8396 2
4434 2321 9
646 9752 12
116 5072 4
8472 5009 13
132 4000 12
5433 3369 5
6038 897 16
5767 1449 3
8754 7936 13
582 5762 5
3227 8121 14
7338 5052 16
9303 262 13
7318 5755 5
4533 1146 14
6535 1917 9
437 6603 9
2589 3154 8
2541 2924 20
8023 566 11
7560 214 11
662 8866 17
8676 9802 18
280 3373 15
5162 2381 9
5828 2456 16
5961 2945 6
4761 1816 15
7582 6065 14
9966 2377 5
9217 8216 8
5895 4996 10
9393 5915 7
6173 2024 12
476 487 5
9377 1196 13
9091 6543 1
1213 9452 3
780 1296 15
1644 8076 17
7516 5715 5
3829 5046 17
6824 1996 15
5531 7532 9
962 4452 2
1099 4617 7
8918 27 6
440 3233 9
9887 1166 7
7631 4266 10
7918 7570 20
1359 7782 17
391 1854 9
7691 6736 2
3891 3417 11
9253 2866 13
2816 5998 3
3630 3502 2
4789 4649 14
7869 9931 2
8883 8564 14
8476 8291 1
8329 2713 3
9323 4672 17
5528 95 13
7018 8284 16
1729 5595 7
8575 8652 7
4662 71 20
8818 4535 17
2592 1262 5
2920 2382 10
6128 7016 1
4984 4769 4
9965 8762 14
6074 4909 20
1844 5587 15
6416 3954 13
3040 2394 7
8085 1647 11
469 3993 4
1558 2301 3
1363 9554 19
7756 4562 12
8705 6493 12
8448 5084 4
5991 7718 16
1527 5468 8
4518 9949 20
4331 1552 17
2047 1084 16
206 501 4
2870 2885 4
4103 8800 14
5089 9559 5
362 12 13
17 6200 7
3689 3183 20
1632 967 13
8449 4302 5
6058 9636 5
6629 712 18
6686 8793 17
7414 3099 6
5227 5945 17
1549 1614 14
5670 7391 17
5155 1914 1
8314 1341 10
8961 9429 12
8784 533 5
5388 1540 14
5877 8280 3
9052 2885 1
5942 8025 7
8361 6982 3
9698 559 6
128 7877 4
2091 1501 17
9096 3591 15
8248 4167 1
6087 1308 14
2866 628 15
917 3969 6
4562 6672 18
4302 4298 15
6212 8205 1
4015 1332 7
27 6531 14
9350 6047 20
2787 4856 7
3521 8814 14
6219 9218 9
7025 267 4
6211 3627 10
6530 8335 3
6775 9539 4
8463 1386 20
7328 6152 4
945 208 4
6672 9168 5
3115 6827 15
5010 599 7
2712 4875 7
1163 4934 13
7838 2367 18
3940 5458 2
1876 9725 20
262 3136 9
743 4020 1
1292 4330 9
8758 6927 18
3730 9144 1
2173 6732 8
6028 8557 12
4097 9692 8
9797 9297 18
2426 4384 2
3551 1673 17
344 2308 5
9663 6172 2
7037 2598 4
3431 280 18
9356 3751 17
6709 9325 18
1011 6298 12
3834 9441 13
7528 6629 19
4003 625 10
6393 1874 17
2037 5681 1
5121 6330 20
3522 503 14
2154 4210 4
9457 3579 11
9861 9903 9
2241 5952 14
9177 1046 9
9449 1306 16
5462 7683 9
9225 7949 4
7058 9639 4
6357 3880 6
987 8064 2
8225 795 14
1051 9421 14
6824 8003 2
1948 513 11
9641 8197 14
7305 6715 17
9469 2101 19
2177 8120 10
8523 3278 18
6089 1473 8
8200 726 13
4494 3862 20
8260 3442 13
4134 8419 5
2720 8055 13
3812 7147 14
5640 6528 8
7305 4031 8
4899 6964 14
2094 7381 19
8972 7550 4
1849 1157 15
8425 1870 7
8351 9838 12
3493 7106 16
7479 9335 2
3682 8060 15
9550 4229 16
5270 9760 11
4109 984 13
6835 1429 14
6181 9974 14
3824 5661 16
5755 5450 10
5490 7875 5
2739 3085 9
3339 9703 1
1639 7480 8
5307 1951 12
8116 9132 11
5402 6006 6
6792 9100 5
9763 2875 12
898 6070 9
7027 2571 18
6726 1009 13
9793 2761 20
6002 9756 19
4532 6124 2
2089 2496 15
7828 3615 2
9414 2477 3
7321 9058 6
788 6816 10
5927 5053 16
6178 2370 13
3954 951 18
3700 4079 17
6585 4132 13
7525 2830 19
602 5255 17
6930 8870 8
1537 8507 14
2399 9645 3
9964 2729 8
5946 1329 11
9126 4841 5
3602 2363 2
1351 2419 18
799 7044 12
3940 7953 4
4558 5453 19
7240 7088 16
8820 2066 6
5026 4310 12
2852 3476 17
1903 518 6
2736 5728 1
8520 2595 16
8319 4244 2
6770 5568 7
9942 5359 10
6486 5534 2
7506 2877 14
1654 429 6
8679 9519 11
2375 3858 13
4203 4697 20
3493 1980 10
558 6040 18
4827 7391 13
266 9803 11
2865 909 20
7519 5626 12
7052 2520 5
1285 65 16
9327 2893 13
5636 6668 18
10000 7807 10
1892 7384 12
5032 7797 11
1405 2603 1
4613 584 10
2060 8661 11
5938 1399 17
602 560 7
5730 10000 19
5314 8891 20
6596 2670 7
5583 4701 4
2098 6801 14
7510 4015 16
2494 6970 4
1564 3273 11
9027 1324 20
4478 5791 5
7547 3263 7
9459 2740 2
1692 2581 10
2927 6761 5
2008 2464 6
7718 2437 4
76 7319 12
6936 9159 14
1291 2240 2
3493 2911 14
8329 9140 18
8150 3431 7
4236 9110 20
1305 6524 4
281 9510 11
2126 2764 9
983 302 11
6239 9033 8
8235 6121 9
3185 4995 16
8496 1543 19
3736 3744 3
5535 8006 16
343 3709 3
3402 3552 7
4647 7098 3
4554 8979 10
8392 2757 11
2848 583 14
3871 6617 9
6734 5133 18
1028 3792 1
2148 2376 7
8689 2491 17
2831 4091 4
2424 8762 1
5245 934 15
8 513 4
3096 8457 20
9730 7496 18
838 3392 9
4777 5495 10
7956 758 4
763 5376 7
8809 6042 5
8338 7910 17
2577 8483 13
3736 1901 3
7378 2365 6
5541 3389 13
6104 561 13
2292 3079 3
3862 7045 4
7593 2502 18
7520 7085 14
3635 4536 2
6828 9374 2
5606 1164 16
4664 2754 11
7279 8865 2
1484 3267 10
8771 9410 14
5228 5379 4
608 596 20
4091 1100 4
3686 2999 11
7319 7515 9
2275 1028 9
5585 2827 9
5823 9725 6
6143 1884 4
801 4815 17
1401 539 19
6986 5888 20
8503 5721 19
5570 8500 10
2559 2108 11
4039 3258 20
4519 8696 17
4821 8936 12
847 7894 15
6960 8109 7
1982 5312 13
5238 1066 15
818 865 6
1454 4914 2
9872 9842 2
9299 4367 5
9243 1365 3
3296 5638 2
7732 2879 19
5252 2385 17
839 6460 8
2386 6060 18
1356 526 14
9678 904 13
5147 6650 4
4942 8244 4
8624 2625 4
6971 4003 20
9167 5949 5
9161 3507 10
9516 7275 19
4017 1625 16
3088 3981 17
8436 9172 8
7806 4616 11
7716 3153 4
5498 4330 9
2006 7028 1
3189 4993 4
1571 9944 10
2908 1414 14
331 3412 14
8076 5858 10
3827 2361 17
2029 8503 16
8820 5774 10
9645 2514 3
7346 3647 10
3253 3090 4
5938 8705 7
9337 3126 14
5971 1262 8
5678 4750 14
4808 7873 10
28 8028 13
5162 2968 5
8624 219 5
4932 4768 20
3509 375 17
5340 1796 4
8531 1126 15
945 4177 1
348 6419 9
7310 9426 10
2215 8116 18
2837 386 18
8069 2303 16
8847 1250 13
5383 959 16
8618 9888 18
617 6426 9
8796 7611 3
8420 1128 20
3811 2606 17
125 3443 10
3143 3983 20
2598 1570 9
8501 1336 7
3602 9241 18
3564 52 3
3828 3761 3
9176 7948 8
6372 6132 4
6265 1078 13
4092 6805 18
2129 5551 1
4583 9030 4
6080 4272 5
3206 3053 19
5973 8324 14
6356 2266 20
6787 8546 15
5402 3411 15
5700 9745 14
4698 5984 11
852 4886 14
474 5993 14
7127 2852 18
7479 5706 7
5343 9763 8
9122 9623 16
4255 3243 2
9966 8526 17
8365 4763 2
8531 601 8
9972 1304 18
9068 2464 14
3119 3640 2
231 2256 2
1679 5274 12
6172 4947 3
7708 8169 10
2534 6348 16
29 6112 2
4593 7908 9
5617 7956 6
2382 4460 5
1321 6801 19
4729 4043 19
6283 236 6
4073 1116 4
8412 2847 4
3719 3015 12
843 5402 17
1104 9761 20
1772 9873 6
8546 5181 9
8046 9504 2
1397 1882 18
550 7767 15
7361 2293 10
6303 3889 14
4534 5677 9
9090 79 18
6177 4073 20
7826 5429 19
9045 1092 2
9690 4254 20
9334 9443 3
2375 1217 12
6860 4172 19
9709 5586 9
7957 5035 1
896 9291 10
7061 3473 17
6574 3708 11
923 8482 18
8008 7540 7
6543 2865 2
8653 4083 1
7887 645 16
9865 9399 10
8533 6802 2
7335 6107 8
2715 7673 19
9025 6406 3
2912 7722 19
455 8187 8
320 967 6
3866 493 1
5812 2450 12
8544 9686 19
9647 2957 6
5675 903 18
8064 4095 10
6781 2073 12
733 2425 5
5511 5109 7
5094 3414 18
6208 5387 18
983 138 3
3577 9893 13
1506 6129 7
3691 6811 19
5947 2525 8
9426 1511 11
8159 6668 20
3287 106 12
5040 2506 13
1577 8210 10
3388 8910 7
3335 6624 19
4820 8849 8
4021 686 3
3398 5614 16
4064 516 12
7755 2316 20
9056 4052 13
8983 1419 20
5823 2669 9
7729 7193 19
5058 9033 16
8243 8526 18
2447 9741 12
3533 4764 20
7648 5585 5
6491 6151 1
1806 8549 20
7230 7208 20
1112 3158 4
3122 3146 17
9570 3723 13
4698 6464 8
9315 3440 3
3636 1357 15
6550 5888 13
2394 2823 1
5104 8038 14
926 2472 12
6019 6054 1
9354 2344 7
2528 8731 1
7457 6000 10
5653 4454 19
1380 3098 6
122 5389 12
2408 7977 18
3475 4151 2
9349 5404 7
580 3744 15
976 1376 19
2786 7938 11
7888 9537 8
3235 688 17
5134 3721 16
3087 1929 12
567 9056 6
3481 795 3
1892 1538 4
7392 5472 9
2960 3523 2
5441 1685 4
7285 7260 18
4062 6956 6
3469 7777 20
9361 5982 19
9663 7754 20
4984 8063 11
5388 643 4
100 4071 17
2560 9073 2
5215 6589 1
9222 4776 1
5786 9066 4
3913 7236 16
3026 3184 7
4540 8269 20
8597 4752 18
4455 9809 17
1645 3263 3
8547 9061 12
5002 4276 8
3496 8804 15
2075 4661 1
1881 8968 11
9833 4013 6
4705 928 20
5726 9014 17
1752 1172 9
1602 7858 16
2358 3388 20
9791 6980 15
1168 3637 15
9438 79 5
7755 1273 9
3310 3719 19
8874 2106 17
9518 5100 17
2511 9125 3
9471 3587 14
6351 9981 8
8315 117 2
7296 1668 12
4167 7114 2
9663 9239 1
2722 7516 13
3584 1284 8
1319 9942 2
5670 2835 15
851 8207 14
2616 5530 9
5067 4274 19
967 3165 10
1917 7578 13
14 7911 8
4364 8968 1
6795 7472 10
530 9705 5
8104 9686 19
4136 4845 8
5802 7384 17
9227 5966 9
9144 7879 6
7230 2153 11
8990 2235 9
77 4384 12
2071 9215 10
3565 9470 1
4761 2678 5
1336 5391 11
9467 486 11
5070 2862 19
7834 8705 15
6592 6729 8
4224 230 6
7751 5011 15
993 2933 3
6146 339 17
9148 6233 8
3430 2928 8
7609 9726 5
4204 5772 11
9299 406 17
2734 8190 7
1708 8106 17
4209 2755 2
9906 1920 2
9258 5098 18
2154 3316 13
8384 9088 19
4815 8403 13
1813 2722 12
107 7943 20
617 9687 1
8486 6132 7
667 1399 17
6268 3059 10
6003 2144 1
8903 9484 17
664 7556 8
1278 518 9
4357 5004 6
9443 3721 17
1458 8277 15
7249 6738 14
8343 3001 5
462 9 9
9915 7900 6
1287 4846 1
3755 3310 19
9574 571 14
4320 2838 8
9612 1939 7
2022 6282 8
5131 5564 10
8912 5138 12
3339 1996 10
5293 8702 6
4528 5011 3
3715 6602 16
8516 1537 19
2583 5171 20
5270 8882 15
7888 4771 4
3602 2969 4
6645 4126 8
3152 8466 1
9794 1958 10
7728 6788 1
7416 4759 1
8761 9938 19
2704 7914 10
4578 3881 13
2359 4225 19
618 1396 8
510 465 1
1993 3354 6
6627 1691 4
6320 3035 18
3628 247 15
5816 3081 6
6978 636 2
5027 7309 4
9745 7138 18
3132 2238 5
60 9589 10
3210 3305 16
5645 7484 10
3712 8159 19
7917 1816 19
7027 6445 19
7410 6436 14
5958 1299 19
5024 9838 20
3031 9551 6
1509 7467 9
7401 588 12
7756 6974 10
2675 1934 6
1278 1155 11
4279 504 5
1734 113 4
3289 1773 13
6544 6810 19
8291 3676 19
1035 2586 14
7709 1747 4
2702 3677 19
832 9349 14
2880 4059 17
3012 4826 9
4356 7088 2
17 179 8
4048 5226 1
7935 3129 13
7751 7074 5
725 6827 6
7354 8809 12
2159 7129 4
6369 9622 1
8664 6336 18
6285 5837 15
1593 2745 5
7555 1013 10
1772 9510 3
6248 1630 19
3936 4950 13
8288 3383 10
7006 8428 16
9706 4996 7
4906 3859 20
603 8841 12
2380 188 3
2811 6555 1
5252 9944 3
8262 4737 15
6684 6938 9
7469 5300 10
9576 5554 1
95 9413 3
7231 782 19
3227 6293 18
3621 3024 8
9824 7123 19
125 5079 9
1476 2979 18
4630 8397 20
4123 4898 18
6162 5333 4
9372 5811 18
4083 8503 14
2247 6381 1
5485 4906 10
9224 2936 19
6188 979 19
7011 392 17
9569 7077 1
2652 2829 10
4125 4226 1
2957 4915 6
859 532 16
1114 4604 2
4771 6125 1
8374 9973 12
7948 9229 19
7281 2735 16
9573 8272 4
429 4011 18
3240 1519 7
344 1835 17
1590 9902 3
2029 4198 1
9157 5475 10
2990 8917 10
1984 2921 16
8717 587 11
87 4898 16
1656 8564 19
563 484 18
5035 5324 13
383 1578 1
4686 9197 17
8707 6736 1
9533 8765 18
5676 9066 20
90 2501 11
6201 1063 12
4685 5545 18
8961 1822 6
5670 9192 13
6952 6336 18
4759 91 7
4558 5840 17
1225 8385 13
1368 3032 15
5338 3201 16
8962 4357 20
3398 2122 1
9624 5793 8
6800 7396 20
997 2296 7
2201 6682 10
837 3442 10
435 4459 11
284 2158 12
5655 1446 6
2111 1474 19
1077 2885 16
7421 6415 1
6265 5288 18
2963 7866 16
6290 8702 5
7945 7333 18
9693 7812 12
9004 4463 18
589 9121 13
1121 427 19
4161 4849 7
8508 4193 8
6653 2628 7
6441 5019 18
5060 620 6
479 2012 7
9420 1211 17
9441 8045 2
3475 9279 2
1606 1584 20
9843 6619 8
3883 8945 16
4293 920 13
5866 6998 8
7052 6055 10
4702 6945 15
2044 3326 20
5151 1722 6
109 6560 6
9744 8013 8
801 9910 20
4704 4343 17
8021 3789 16
9145 4378 17
8195 8188 5
2754 3164 6
8813 8275 7
4716 2401 7
6851 2404 12
2986 1777 20
3365 1894 4
361 2697 15
4647 3576 19
6448 3950 3
4848 5142 5
1301 7050 5
3201 4467 11
8429 1361 8
5606 1918 6
8466 534 19
3859 6115 3
1369 881 15
2942 4926 15
4994 6301 9
2090 4310 4
7157 4268 3
6222 6769 19
2031 6884 19
125 8642 1
8769 7666 15
4263 4753 17
590 5338 9
8 5152 12
687 5076 13
4217 8751 6
7609 1280 3
81 7435 18
3100 6004 16
4519 6455 15
1475 9451 11
9086 9978 4
1591 3266 12
5215 4616 5
1118 9601 4
5257 5669 7
6979 4472 17
1058 1338 19
6528 581 6
4569 2507 16
1727 9180 6
7027 881 15
3884 7432 13
6998 4089 2
3213 2184 11
5111 3751 10
6868 453 4
9026 1630 4
648 1487 2
8656 4830 3
8388 6847 17
247 4963 15
6279 1990 9
6799 3467 18
1249 3778 10
6328 9280 4
5350 5556 20
4956 4838 2
9096 3132 19
8672 3202 15
2621 3072 10
7357 727 4
6187 4224 8
409 768 5
8145 7342 5
8008 835 19
1037 7118 3
7730 4596 7
623 9421 14
4029 9516 14
9207 2729 14
3273 6062 16
8911 9544 1
5501 2832 9
7611 1358 11
8760 6604 20
2413 1599 6
8856 1744 1
3277 9636 12
3063 8941 16
8924 1610 13
7615 794 10
1704 6910 15
6006 6221 7
5068 2546 12
1614 1977 14
3942 4385 12
1726 1266 11
6819 3060 5
5180 6080 8
2322 3067 9
5787 7196 13
8880 7978 8
3913 8430 19
2047 2378 16
1072 8980 5
5667 7536 4
8524 8819 14
9267 7021 7
4159 2226 3
9009 3544 18
9056 329 6
4949 1106 13
475 3722 15
8075 4466 4
5889 807 11
6106 6468 5
5636 9353 13
9671 5332 11
6463 4423 11
7336 1736 7
8759 5936 13
2223 3658 7
7623 5488 12
1769 3147 16
9272 9051 1
7837 5363 16
4178 5303 1
7033 3011 3
5380 5154 6
6065 4927 5
1332 8023 1
2418 3640 18
9711 7414 12
3842 2784 14
1898 4008 4
5148 1718 8
3279 6960 19
8585 4196 16
7303 4899 18
4362 7433 16
5100 7371 18
2500 437 13
1604 3452 10
71 1676 7
8941 9241 14
2270 3718 3
3883 1281 13
7943 9159 15
9863 1163 9
2981 3906 5
6456 1192 1
4817 5259 15
8973 7521 1
3996 2715 17
6932 894 17
370 2517 8
2471 1625 5
7254 3667 1
5542 3841 14
5157 1764 10
5368 1884 3
301 786 12
8687 2520 7
4806 608 1
5880 3340 12
1359 3117 9
2777 1489 10
2509 9168 19
611 6785 4
9600 9224 10
3861 9761 16
9519 222 2
7060 2090 14
3526 5616 20
727 5729 11
5096 6723 11
6522 4601 20
7253 1296 3
2951 4027 19
3181 7570 2
4813 5326 8
9811 6245 14
8718 461 18
1509 7675 13
7237 702 4
6383 9352 10
978 9150 2
7855 2837 8
5823 1092 11
7971 496 15
5911 980 14
2470 7088 7
4853 2093 18
2513 1577 8
8811 7262 12
7385 814 7
8818 7881 8
7571 9406 15
9461 6598 14
543 7716 15
8006 8932 19
6226 1078 13
8338 1383 10
8591 7177 10
6724 2988 5
1073 4022 9
9220 5444 5
4117 163 2
6766 7845 18
7291 9531 16
497 7698 17
2728 6178 1
8961 5808 1
6687 842 1
8461 9844 16
8208 4690 1
8267 2481 9
4324 3950 6
5005 4733 5
508 522 15
5806 8615 15
9840 4693 18
9712 4043 20
7193 5091 8
8951 5103 13
8843 1408 8
722 3655 7
8839 7086 6
8088 9753 2
633 2525 5
23 1522 11
2125 5406 2
8166 3764 17
862 7419 14
5994 2561 14
7540 2070 3
9960 6492 4
7106 8241 1
7208 5490 15
5481 6615 20
4821 4312 11
604 787 5
4933 4591 16
1268 1762 12
6480 9466 10
6243 5963 14
610 2552 5
9885 7022 15
1019 4824 12
4984 6664 7
384 5702 16
3397 2589 1
3838 5040 9
9432 494 6
8461 1459 10
6698 4312 18
2458 9839 7
8582 1746 10
8545 8621 4
6204 9949 16
1719 8137 1
8766 3928 20
3773 3777 11
5044 9705 17
9454 1996 4
1341 1666 9
9080 4269 3
1404 3391 2
7563 1959 4
3205 5759 12
2478 9830 2
4817 4173 1
6939 9824 7
7332 9382 11
3855 2097 2
3821 6350 8
870 7627 14
5468 4118 9
1144 7110 1
5192 4329 6
9761 6174 1
1478 2420 6
5641 9879 6
2278 7244 2
2684 376 1
9113 5095 4
9595 5830 1
1060 3037 4
1898 169 5
5535 331 18
980 1917 3
436 806 8
8234 8597 12
2222 1001 6
6066 6784 8
7167 7571 16
1978 1626 3
1373 8952 1
5082 6293 13
7505 274 13
4026 6872 7
197 9627 10
3299 5212 10
1960 9039 9
4204 6440 7
912 4862 1
1242 9666 5
4110 3427 19
2510 957 20
7638 1094 10
5340 4088 17
1903 4880 11
5930 5438 2
3546 603 5
6578 5626 19
1787 626 15
5779 7565 10
765 1565 10
2277 3362 16
804 396 4
6548 5689 13
9297 5001 17
5496 1971 20
9355 8421 7
3454 5864 1
6277 5966 5
7219 7369 14
7579 5479 18
4358 4648 11
649 5177 6
5162 1014 8
5937 2603 2
7505 812 10
4240 2625 12
6226 5361 14
8459 9403 7
9045 988 6
8203 1864 12
2244 9759 12
8325 8284 11
3029 9228 6
8269 6551 20
5673 2636 1
923 7919 14
6241 8886 12
6177 7900 20
6521 2028 12
4576 9420 19
1440 2891 18
3424 3386 9
936 1890 13
4053 259 20
3907 716 11
8024 9654 19
8934 1818 15
9533 8631 19
367 9774 6
6255 9186 15
8411 1211 10
9844 5968 1
2190 6596 3
4701 8976 1
4389 4460 9
1831 2549 16
6459 4223 5
7776 5917 8
1799 4880 7
870 8475 8
5969 6295 9
7617 3903 3
6855 7028 19
3389 7990 12
1575 5205 2
6524 9061 13
1083 9438 13
5307 2450 3
9698 8688 1
8950 2305 15
7544 969 19
3089 453 10
5662 541 3
7456 1644 10
8479 675 9
9636 9724 13
1314 9532 17
2752 2303 7
9069 4384 17
966 3703 10
248 3349 20
4647 5889 9
2631 3567 4
2181 9691 3
2735 8825 20
3622 3274 14
1224 1315 10
2190 9484 4
6677 5947 4
3298 8363 15
9823 1989 13
5444 284 16
9548 1415 3
591 9408 3
2129 5117 6
3458 8332 8
6143 6115 17
641 2828 20
1439 2872 16
4184 8981 17
7209 9658 4
8613 4743 4
1820 6844 10
9579 3449 5
8731 8416 10
9799 1134 3
9127 7039 3
8780 3236 15
2015 7142 18
8742 3503 9
2696 7039 9
8930 8578 8
2262 7798 7
3786 136 16
8018 5939 4
714 325 17
7651 1474 1
3230 5155 16
4317 7334 13
8036 8893 12
8491 159 10
7393 5736 18
645 6508 19
8609 170 7
7698 1031 1
2815 5207 19
9756 1702 1
1745 4842 13
7882 1139 19
9750 616 13
2416 3256 7
9937 4851 18
9282 5999 14
2507 5514 14
5713 6290 7
6872 3605 19
3121 8079 3
4946 7228 5
7275 2884 4
6282 9415 2
198 2631 11
6613 9571 19
6435 9972 11
8621 4995 19
2421 6975 7
3316 5841 18
1656 4498 13
6800 392 14
4664 1197 18
5107 9782 8
3985 4770 13
1236 2899 2
6264 3813 17
3131 5311 11
7910 8434 6
4378 8977 1
3839 1971 17
9759 8607 12
2869 3850 5
6916 8093 19
6548 1073 20
9720 4710 5
2875 4761 5
9343 6042 16
2553 2475 18
626 5637 19
8579 952 4
9269 4485 16
9932 7847 7
2397 2610 17
4087 3582 20
393 8913 1
7649 2617 2
2265 1591 2
8665 8426 19
5091 2375 13
2913 4028 20
8753 3162 1
6710 8088 20
3907 897 20
921 6853 12
1777 64 1
992 6963 6
1113 3034 18
777 4441 8
6250 5643 16
6365 9058 6
9307 61 13
7183 7959 14
7355 2469 18
3880 3510 4
360 4016 4
3656 232 4
4450 2320 2
2651 3287 19
673 932 4
4523 8425 8
8536 3029 19
7022 2279 20
3246 2499 5
4601 3539 16
8900 4765 5
7416 4855 7
9350 6062 13
2093 5434 3
1054 9334 16
5928 6047 13
560 3065 17
8085 5865 14
2956 8286 16
135 1521 12
6686 2812 5
2578 2550 2
755 7533 11
2710 533 8
3041 5439 18
6585 232 10
763 2666 11
1142 1736 2
9791 2698 16
9199 5247 9
8861 9685 20
8705 9542 20
4377 9312 2
3139 9716 7
3889 4436 1
7308 8719 13
2993 5007 9
8882 7959 9
7977 3573 15
1150 3710 20
3696 4670 20
4916 9664 10
3650 631 3
9577 3933 8
268 7770 10
4567 3636 5
5473 1789 5
3162 6557 17
1616 7989 4
9853 1584 1
1523 4120 2
1720 6810 6
6894 3189 6
1487 8780 17
5637 7208 20
2126 7684 15
455 3838 8
1462 574 12
4586 3799 14
3038 8848 15
691 3844 18
1721 7 8
5955 5242 2
4732 7302 8
8403 7416 12
1456 5618 9
338 1821 18
3435 4204 15
5883 213 5
5404 2048 13
6559 7842 7
6286 408 10
8341 7711 3
73 7449 15
1796 1070 17
2790 3147 15
216 2560 4
8346 6293 12
1549 4360 8
5837 4785 8
7311 1944 16
1527 480 9
4608 9799 17
1940 7678 14
558 8664 11
1757 2658 16
515 8142 5
1398 2331 4
7911 353 7
9738 2406 15
9171 4607 3
2433 6647 17
6162 6295 14
8667 3899 15
1400 1345 1
1652 4769 8
8994 3205 6
2508 4942 17
8639 6344 13
6307 1450 20
2316 6211 14
1364 5984 6
8808 6488 14
5740 3680 20
3786 6884 14
2035 1419 18
5494 9789 9
9900 6046 14
4118 3342 19
2321 3255 17
9566 2802 18
251 6023 1
922 2253 11
237 2243 17
9968 3780 4
327 1194 19
6587 9936 4
8006 7206 7
1433 9835 5
137 5655 5
6749 9511 20
5153 9741 17
6465 6300 20
2985 8056 3
2761 8718 10
9264 455 13
7833 118 5
5911 564 5
1491 6369 9
2947 2003 17
196 8511 6
9857 6822 17
8415 2630 1
3878 3203 6
751 4930 20
9027 2019 4
8108 4408 11
8879 4577 3
5972 7488 6
5463 8656 11
4833 8430 18
5242 7448 3
7281 2888 7
7745 5674 4
6123 2353 1
4139 9445 15
7022 1308 18
3470 1864 3
3920 5403 8
2552 1491 11
7652 4330 10
5538 756 8
3429 3849 13
312 9118 3
1633 8492 4
324 6064 6
2051 9511 4
5828 6119 6
1777 2068 17
6256 7819 5
2608 7179 20
7697 5118 15
8047 2095 6
6304 1563 9
4370 6856 18
6479 7301 1
1393 1053 10
6686 461 4
7781 3864 4
3961 2264 5
7738 8707 19
2929 559 3
1957 9006 18
1441 8066 6
2865 8566 17
603 760 17
1423 7919 20
7279 9523 5
4840 8988 1
820 4486 15
7290 1299 8
6990 2645 7
8879 3240 8
4414 9438 12
3435 9893 20
107 9990 5
8639 3609 14
2142 601 5
4541 6988 17
5891 6567 15
940 7544 14
202 6290 18
6598 2796 11
2225 3898 16
8586 8741 11
3628 9173 13
7758 1894 8
249 5698 6
1257 1509 8
7722 2921 7
2915 4287 16
6380 9084 10
7443 1186 10
2329 3815 9
1855 5768 15
9312 6515 7
3050 6791 11
9973 891 16
2658 4275 18
8275 5384 16
2088 6543 12
3782 8639 10
3412 6406 12
6356 5912 4
4199 5041 4
5306 112 9
3131 3847 9
2694 9152 19
6055 6689 16
8946 481 17
5010 1514 17
506 3091 11
9574 4078 11
659 6548 14
6930 5042 14
4208 2244 13
6114 3180 18
818 8800 5
3569 7995 17
1090 2566 5
771 1846 5
1876 149 1
4112 122 3
1605 8152 16
4764 1450 14
9448 4402 10
875 8377 1
1413 8661 10
4649 1800 7
2091 7456 5
6449 810 18
2211 1873 9
8075 7456 19
5311 2880 18
7675 5966 8
5926 216 13
8854 9056 1
736 3111 3
9073 601 10
5380 5641 17
7621 6831 13
7980 9763 2
9983 5981 3
7028 2503 18
9820 7537 4
2517 655 15
8702 6825 6
9113 8295 20
8627 7488 19
3661 7545 16
151 6117 7
6820 5165 15
8171 8891 2
8166 4299 11
1290 8292 10
5279 3416 12
1713 4789 6
9980 3406 14
3572 1390 3
4346 7942 1
4920 4165 9
9912 2275 5
9014 6799 16
9997 858 6
8588 6797 18
92 2340 19
186 8408 15
9648 3649 2
6250 9714 16
4957 768 11
8921 3161 17
5362 8732 2
8436 256 4
3209 7420 16
1183 3505 13
8076 5343 17
2872 1870 19
4941 445 4
1175 9196 18
5177 7376 10
8185 4317 11
9258 8779 7
6443 6095 15
6077 5795 15
8317 9664 6
5437 7240 7
5067 5593 8
5431 649 10
9374 7009 12
1649 6118 16
8583 9329 10
2285 2081 10
8021 7529 14
3178 4463 14
8655 8703 5
7147 3118 20
1881 2514 13
5223 7911 7
5150 7632 7
2031 9888 4
9694 322 9
9949 1380 11
4271 3619 9
6187 8294 12
2257 4206 11
3060 1303 10
7487 4418 9
5792 2072 8
8969 2785 17
7271 4059 2
2922 6135 14
2428 8250 3
9823 7151 16
8372 9378 2
6090 9348 16
4216 804 14
7382 4435 2
1189 3719 7
7281 7670 13
5033 4343 15
9422 3145 3
7649 7239 9
5855 15 18
5689 786 5
1244 6481 10
2940 1233 6
7238 2517 16
1113 6970 3
2156 9321 11
4191 5061 4
547 7155 6
1790 7231 19
9359 6990 7
8796 6882 5
8863 6434 14
6364 8114 14
2664 7046 1
5993 8240 9
4747 2364 16
6043 9324 5
3416 8949 17
5903 1844 11
6017 9959 11
973 6962 11
9634 8723 16
1911 2154 4
943 4546 12
2770 620 7
3857 766 1
4042 1910 9
550 9382 2
8497 4909 8
6719 9833 11
5242 7643 5
9768 6211 7
826 5044 1
3687 1161 8
3577 4325 8
5353 3949 1
1556 5577 19
8738 7008 10
2285 1659 15
1012 6170 12
8952 459 5
4392 3007 2
5558 9108 4
4933 7730 5
9233 7117 11
8036 8261 14
9365 195 16
334 4155 17
1450 1576 3
8867 6311 8
449 6038 4
1226 807 8
3338 211 2
4910 3747 9
9840 9776 2
8742 4963 17
2389 4264 14
3675 1710 20
8135 6927 15
8728 3926 18
8522 1912 12
5739 9245 3
2136 5488 3
6320 5531 5
973 6581 18
6484 7596 12
1167 7543 8
114 1892 1
1048 8295 3
9911 5793 1
719 836 15
1149 3012 3
7243 6128 4
8485 8916 11
9686 5991 16
6829 5136 17
3094 8146 4
2163 5462 14
5171 4797 8
2036 6027 18
711 4633 3
8101 3587 13
8985 2523 6
8447 4052 9
2540 1034 11
7231 3341 13
2331 2127 20
2077 693 20
3807 9218 4
8814 5118 2
3178 1855 8
5458 5233 17
8641 307 18
7262 4786 9
2486 2401 8
7952 1234 11
5708 1744 13
8286 3831 3
9336 7219 6
8399 4181 6
8721 6930 17
2439 6234 8
9489 7324 9
1099 2284 5
6402 9866 16
2354 6551 2
6938 951 13
3715 9991 2
6246 862 6
7839 485 16
5440 984 1
8026 5543 9
4175 2633 19
1162 6276 6
7043 2720 12
2750 8137 10
450 1187 4
3024 4828 6
5234 4339 13
5037 786 5
522 3207 20
4744 2379 4
3470 3378 9
6447 2643 7
6113 6362 2
8774 2002 20
6225 6843 20
695 9651 14
7173 6241 5
418 2725 9
2289 3780 15
1914 4893 7
8810 8851 19
9533 7942 11
814 2607 13
7002 8446 20
7898 2517 12
620 661 2
4013 9504 11
3059 916 9
2286 5037 7
1509 3438 14
9911 8083 15
8348 7069 11
7343 8773 6
1375 3735 11
1226 8497 2
3905 3986 8
1062 6777 19
4239 4044 6
1443 5433 10
3045 9175 11
5860 6739 2
5685 1105 9
4462 5988 20
7021 8041 5
6999 5643 11
5245 8555 8
5171 7961 6
7183 2972 10
6434 1732 11
3642 8659 9
3558 6247 9
9457 7575 13
8624 6920 11
8022 7313 7
7554 714 14
9253 2261 6
1517 990 12
189 3561 16
2394 5422 7
9690 3522 17
9369 2554 16
2657 3949 15
3493 4583 1
8549 3831 4
738 9546 17
1934 7351 13
4812 8969 16
7734 3900 6
3108 600 10
6614 1145 7
6442 3036 11
7663 7952 12
6216 6611 19
6127 891 10
1128 9856 7
4327 8910 2
511 671 7
801 5752 17
2603 5671 15
8212 7703 15
3985 565 2
6484 1037 8
7459 7832 18
1007 8127 1
8575 5197 7
9374 4199 2
6794 3768 9
2952 8159 19
8057 6191 5
9268 1953 15
2142 4108 19
1042 4190 10
2564 5089 5
5310 367 19
5877 354 8
1057 851 7
6772 4450 15
7733 2849 19
3251 7622 18
9320 5666 4
4890 5837 11
5362 6335 15
4466 9784 3
6343 9833 2
1506 2065 7
6532 7494 15
2790 1747 20
3065 9263 10
4724 8901 4
4412 6437 19
3122 1361 2
3011 1329 4
349 2240 6
9628 1567 5
1556 8115 1
9007 1858 12
9874 3342 9
3697 2997 13
5825 8181 9
4256 9046 1
3833 133 18
8938 8534 12
3254 6343 13
680 6210 20
7339 1567 18
5930 8862 2
6467 5855 19
7886 1755 18
2033 9355 17
3296 49 14
5437 8610 9
9666 752 11
194 228 19
3726 8155 5
6023 6618 3
7162 6094 14
1807 970 17
9743 3726 19
9893 5129 9
334 3783 13
6163 8471 20
250 9854 18
3286 7396 9
7095 8167 10
6355 7201 12
108 1988 5
5605 9972 10
6079 2892 2
7942 8693 19
8411 1733 12
339 9662 12
6217 2039 10
344 3901 15
2541 7671 14
2380 5851 8
9897 4717 8
729 4000 2
2591 1560 20
1468 4650 11
5541 924 19
3861 607 10
5002 5683 14
4868 7034 20
4354 6771 18
4681 8776 10
3672 4264 8
5078 9516 11
3075 6523 12
7417 7707 13
6173 2542 2
9937 6030 5
356 8899 8
616 1569 1
57 9216 18
9011 5483 14
7901 8003 5
9741 2356 19
1586 2057 19
6913 3894 5
730 455 13
2534 7857 18
839 2869 7
5149 1694 4
526 2463 7
9412 65 9
1272 3022 10
6989 9683 16
4751 5736 13
6347 2031 3
8794 5256 5
2507 7648 12
6804 466 11
3293 9276 10
8479 2034 2
3749 6505 6
8339 375 1
7002 582 16
1210 3154 10
7722 8668 18
3871 3899 3
9838 5662 3
648 9427 13
8870 1741 5
7494 4365 14
2414 2880 16
9347 2725 3
1716 4786 17
833 4882 9
7913 2981 4
2521 7849 4
2182 7190 7
9627 4001 15
9935 9612 2
882 9392 18
763 6353 9
636 7128 8
7113 2447 11
2167 2056 15
3253 8909 6
375 4849 15
8013 3417 16
7494 1994 14
380 8747 17
3767 4409 10
7700 2492 18
9467 4043 15
7116 2573 1
9921 775 8
4850 7849 1
9265 3765 2
1327 2022 17
8586 3196 16
7929 5089 4
6142 6968 4
9072 676 15
5504 20 16
1426 1983 1
229 827 18
2325 5253 3
3902 7728 14
9729 2704 18
2317 8561 11
9407 6928 6
7744 7782 3
6461 8274 3
9496 8978 10
4247 2243 13
3358 3871 5
4945 3969 10
1367 2528 6
7600 7651 16
7070 1044 14
9930 3897 4
7185 1178 5
9260 3034 11
9498 4893 3
9797 7629 1
9722 9401 20
6117 2496 16
2872 5583 4
8572 6317 9
3417 6845 8
5186 8436 16
5487 1656 19
9446 3678 12
3754 7915 14
9147 4253 8
7662 209 12
3792 9899 16
5227 557 17
2114 8801 4
9136 7464 3
9795 4465 5
2667 7277 9
5319 3984 16
3300 5201 1
6732 2032 4
2661 6151 9
6896 1249 5
1025 7792 13
9930 5381 1
7059 4771 10
7529 5954 16
5422 44 3
895 6652 16
901 5301 7
8727 150 10
4743 170 11
7294 7226 4
2873 9945 9
2396 3583 20
9363 8091 12
4182 576 8
7885 7046 19
2575 2516 18
7243 4541 4
4241 1683 2
521 2182 4
6531 9813 17
5132 7986 4
5907 1472 5
6897 711 17
5064 4897 16
8116 3272 9
842 3204 6
4030 5641 10
187 7313 4
8819 5454 2
2311 786 11
1156 8860 20
2527 7686 4
4960 8215 14
1806 4901 9
2167 8909 8
7854 5590 16
6869 133 1
8824 5869 9
3503 8149 12
4631 1981 17
5837 8251 10
5258 5806 2
723 9687 11
1501 710 15
3888 2408 4
3930 9851 2
2635 5820 5
4304 5521 16
4473 9989 7
6 1514 18
9702 2341 13
8387 1095 5
9734 7923 11
6744 6361 8
6562 6821 10
7059 9410 10
9686 1691 16
3202 341 12
2850 9792 13
6392 6624 2
3209 9818 9
651 8019 7
3122 8587 4
6242 46 8
9256 7759 2
3755 1439 17
495 1401 8
4442 2394 10
9757 2988 8
8240 5177 13
251 8392 16
5771 8218 17
5878 2366 20
8182 5687 19
325 2254 14
4691 4977 7
9738 2738 9
5460 5165 14
589 8700 1
5460 3240 17
3541 1181 7
6161 945 5
3613 1301 10
6265 1633 20
3192 4095 2
3291 466 8
731 6947 20
3886 4206 3
4497 2156 12
6024 1873 20
7556 3855 18
7880 681 18
3730 5760 2
3459 7711 7
5131 2994 11
2868 1494 18
8821 4150 9
6572 6029 17
3432 8277 5
5144 5196 17
9780 4172 1
3620 1131 13
5413 8473 4
6684 8121 2
2654 3821 9
9356 4672 20
4457 5916 13
1660 8027 2
1069 2276 1
5698 5888 14
4208 1489 3
5508 6419 10
5564 9633 5
1103 2674 6
2458 9282 10
2559 7341 14
8894 3986 3
9047 6904 11
4744 7277 8
6901 963 14
6322 8089 16
982 5554 13
7055 1041 18
7992 2120 8
6154 6108 9
6188 4339 17
6987 4796 14
1394 6473 2
2194 7526 17
8253 7661 18
9165 9578 11
2822 5862 2
4148 6881 15
6640 6160 17
2984 5108 2
8280 982 3
3362 9510 16
2650 9908 20
9917 4362 13
5171 6561 2
1173 842 3
7902 1440 12
5951 3671 19
2542 8160 15
474 3901 1
1243 1147 5
298 2984 2
8035 5800 7
8372 2969 17
4569 5527 19
5045 8544 4
1269 8428 20
2900 764 2
7738 757 15
8015 6899 1
7348 8968 16
349 6043 3
722 6971 11
3150 5061 2
8967 8899 19
9451 7917 20
6907 2858 19
6234 8743 19
1902 7701 7
8379 8056 6
3743 6563 13
7569 1573 7
4331 6430 5
3357 3987 14
1594 1057 16
4748 8727 18
387 2511 10
7150 4016 8
9812 6858 17
8792 3434 9
6173 1034 8
6890 237 7
5297 1143 11
3368 2418 13
8575 1086 8
3942 3887 1
9309 4698 10
2334 9543 13
7273 1190 17
9908 8738 4
6479 2822 15
176 3697 18
6328 5255 19
9463 4329 15
4592 1986 10
7071 2745 13
1008 6464 2
6893 7269 11
5552 3295 1
4876 4006 5
8797 1332 5
2228 1388 6
8558 5377 13
4540 5240 4
4975 4508 16
6300 7137 3
4522 434 7
2467 2653 10
9641 6113 6
9972 7235 14
8609 793 2
8853 3430 1
9278 4942 4
3401 3373 7
7533 5377 3
8240 6029 4
7328 7050 19
6881 8032 12
3742 6334 2
8750 3230 4
6781 955 1
9053 5592 19
8561 5618 20
4911 8838 9
2207 3855 12
1828 7648 13
5155 8005 10
7563 3108 5
2648 5581 18
8452 1643 18
2010 8938 15
125 1091 16
2335 9857 13
938 9994 16
985 6646 9
9541 3130 15
9875 6285 3
7387 5596 19
9717 4227 6
6861 361 8
9186 994 19
3 7871 11
609 1978 5
2819 9223 11
156 5511 12
2002 2777 16
859 4007 2
7870 4548 14
7970 8041 2
2831 9465 11
7257 3886 20
1474 3569 19
6686 6634 7
4700 3096 6
4236 1299 3
1814 7247 11
9127 8429 19
928 2959 10
9479 8495 12
9838 9667 4
5339 2437 8
363 7964 17
7971 150 9
4476 7116 13
8864 2438 6
2939 4093 7
6667 7389 20
2679 5541 9
5408 6123 19
5269 8689 2
4855 10000 19
1206 6006 14
3272 1344 11
2503 3087 14
9536 7993 19
8158 234 7
3540 4177 3
242 5388 11
8055 2196 15
7359 6789 12
6193 8887 8
8029 9782 9
3626 2775 20
1174 5084 12
1832 9628 4
7324 8239 11
5644 983 15
5028 5768 16
1771 2060 8
5511 239 17
3655 4013 13
1412 8800 16
326 1988 12
4318 2690 4
2217 1679 4
6754 235 7
1964 5296 8
146 6594 19
3009 5442 12
1119 2295 3
8004 7316 12
6119 6361 7
6333 8661 5
8058 7793 16
4680 149 4
2108 7567 20
1417 865 16
2706 7834 13
4721 8808 2
8229 2068 20
1774 4052 15
430 393 18
9481 2448 1
999 3521 3
3180 2948 14
8757 1147 17
453 8878 19
1034 9320 12
7965 9912 20
8274 716 11
2694 7818 11
2229 2190 2
2416 7402 20
4440 5881 16
5396 4823 10
3882 7882 10
312 5616 15
4333 508 6
1295 4763 19
6475 7332 1
7463 9458 19
4601 571 7
699 5604 9
972 1763 15
1249 1902 9
6038 7030 11
3518 5742 9
127 4316 3
7113 6606 11
842 6067 9
3471 7769 17
8933 523 3
7274 2866 12
5623 191 15
4166 7248 17
7898 377 4
8924 6466 18
5085 7803 4
9108 1117 5
3329 3073 18
4892 5299 11
8942 9336 1
790 1425 8
1942 4455 1
878 8755 8
216 2297 11
2146 8441 1
3979 1888 8
3034 7175 15
6968 6637 4
2533 8690 15
1793 4271 20
6008 4089 11
5713 9949 19
6511 5237 11
3328 1098 10
4561 2343 1
8261 8416 7
5174 7782 2
4458 7905 2
5116 1709 14
5251 6689 15
3787 3711 16
5121 3710 7
1353 2316 9
4023 8545 11
3604 1731 13
9552 1687 4
6518 1804 12
4520 8214 19
9166 9924 18
8926 1925 1
5780 1493 15
2643 1576 17
2453 3150 16
2454 6439 19
1181 1443 1
6446 4124 7
8411 2630 14
2700 1887 2
2108 1199 15
5727 5544 10
2793 6275 5
7602 2416 8
5665 8962 2
3091 7290 17
3423 1045 9
1921 9066 15
1720 7260 17
6819 4204 15
2075 6011 7
5850 6458 17
4685 8986 20
1625 8720 11
3424 3510 6
4979 2954 1
1046 8429 11
8585 5324 11
9982 8724 11
4038 89 15
213 7775 20
7795 6986 12
1041 7296 13
2173 5808 8
3601 3224 13
5741 9415 12
112 6269 6
5602 4409 3
3016 7911 18
8455 6975 11
5675 5738 16
9834 9301 11
203 1492 15
7198 9721 7
7017 2584 7
4505 5218 17
6381 2841 1
1130 8684 7
7924 4927 13
7384 4414 8
2834 2313 8
3372 534 7
4475 2087 12
6907 8660 1
6553 3072 12
6376 2316 14
1147 6987 12
6391 185 17
2301 3457 5
8649 683 15
9826 992 9
9 6154 1
1590 1463 17
5882 4418 1
792 364 19
825 3165 8
6335 650 20
8617 2050 9
5475 1226 6
7124 4250 9
5403 4778 13
6942 7084 6
4351 6802 20
6768 701 1
9041 3714 12
9266 3901 1
9024 7854 3
9778 3698 16
474 3596 20
1812 8673 16
5580 1055 9
1268 9188 3
3131 1562 6
4029 9529 20
6929 551 14
9194 6794 1
3963 3516 12
1627 5266 10
9047 7176 13
1546 8424 7
2075 516 12
2403 9227 14
2442 3347 6
9203 71 19
2484 8350 5
9657 1450 8
1888 3332 16
8414 281 1
1050 2598 1
9474 2149 17
6362 9888 4
201 2981 6
1540 9465 12
3185 6001 10
514 3977 18
411 1586 6
9212 21 1
8390 3824 4
1769 2432 12
2009 1579 20
7921 9444 11
1146 3699 15
9347 9970 5
4478 8902 13
3311 4779 12
1281 7218 2
2040 2871 19
2145 3049 9
1280 9289 14
1584 8396 20
5537 460 10
1128 1507 11
4858 130 14
6292 4408 12
9235 5848 6
4305 8427 8
716 6595 14
4219 6303 8
980 100 3
9737 625 11
8590 3367 3
7940 7147 8
145 9276 16
3406 1686 16
9357 720 1
7146 1256 2
8625 2603 13
7670 4722 11
7015 8345 7
6695 2702 13
9441 2844 18
4890 8265 1
6385 7088 2
5979 2832 14
5716 7859 18
5365 4785 6
6891 8344 1
9284 9789 12
9773 7906 13
1965 1852 1
5636 2772 3
641 904 9
8691 7168 19
9788 2054 4
3576 7543 2
1559 1470 19
3130 2748 1
4096 6979 9
6362 4432 14
5229 4635 16
2609 4808 17
8710 5215 2
3784 9499 14
2987 1617 4
772 5258 18
7725 8970 14
5154 1482 14
3158 5359 10
1111 3092 2
5582 4039 3
1247 9642 1
3263 4242 19
3348 9852 5
97 3241 8
2612 8409 9
3522 1907 20
4155 4734 20
8994 465 5
1209 7901 5
8899 3093 15
5917 8165 11
5035 5344 14
9794 2328 7
8282 1 3
7564 9346 3
1202 5853 19
6799 1935 1
5848 7928 12
8169 6044 7
2186 4874 8
2714 7953 15
3675 6812 14
3330 2941 2
5568 9488 13
723 1165 19
7812 9139 8
3215 3014 15
3667 4060 13
1184 5779 4
8384 8065 6
9473 5745 17
1182 526 20
9854 2612 19
3484 5129 11
8702 3053 18
4602 70 12
7623 6638 12
5834 2104 16
7893 1311 7
2420 3427 20
23 7430 17
2425 4135 14
4354 2477 9
7653 2304 7
5352 9890 6
8553 5075 11
9381 3708 15
4408 9075 16
3853 3702 10
5588 8002 18
861 5714 13
1165 8508 7
3063 4851 14
1713 2333 9
1123 478 17
84 112 10
7210 8808 13
8090 9836 10
5277 3947 5
3661 2329 3
1715 3368 19
3446 2250 17
8601 8093 1
4451 8019 8
8161 4499 10
4361 543 13
3435 3947 7
2609 1948 13
2341 2152 14
7984 2892 16
5421 6675 14
3973 7393 1
5040 2784 1
3634 142 6
8361 5395 15
6648 2920 17
3503 7133 20
4424 5226 10
3772 4205 7
5127 3798 3
6237 808 6
4374 1066 14
7234 9162 9
5860 8598 14
4190 1234 11
1402 5834 12
1521 1848 15
3309 1131 15
7115 5354 20
8265 1065 10
7644 7351 6
6293 9388 3
3047 2869 3
9474 4135 13
4382 2004 3
1561 1106 20
741 307 17
1523 8191 8
4263 4593 18
7330 1320 19
9836 5862 5
7376 6697 11
1455 2885 6
1121 5703 1
1872 7861 7
2906 824 18
3950 4790 17
3617 6885 2
2502 6662 13
4037 4019 14
8285 1790 14
269 4464 3
8956 625 16
4842 4858 3
8932 5458 17
7418 4307 15
6490 7113 6
4643 1327 5
1719 7557 16
9799 8301 20
7169 4734 13
7438 8358 17
8582 5940 13
6921 433 1
2007 5477 12
2737 3458 13
2745 4131 15
6987 2935 16
6613 9040 13
2197 7142 20
6542 973 14
5625 2806 3
7877 6690 15
5126 7949 5
9432 1186 6
8837 9395 7
6819 3618 10
366 6191 11
8717 7105 12
2730 8402 8
9031 2600 13
7242 6792 17
3635 3805 1
6470 5359 13
7908 5310 8
3836 1774 18
8542 7012 12
1917 2224 20
7160 9557 19
1416 7880 15
8706 4403 15
2960 5330 7
2745 5728 8
580 5742 15
4185 2494 14
3635 9109 9
288 6229 9
1231 7881 17
7416 5173 13
2149 542 4
8093 4583 17
7179 9759 10
2316 297 19
7890 6673 8
943 7704 14
8477 5603 6
8179 2452 7
1933 6144 1
6998 8772 19
7769 1215 12
8834 1743 15
4065 2635 6
9919 6320 20
9555 8711 9
8618 5845 12
9917 909 13
7315 9961 11
5529 996 14
8686 1469 18
3560 7928 12
6372 2625 18
37 6241 2
781 8062 5
3569 6549 18
7949 491 3
5703 2798 3
1375 5779 1
1489 1491 20
7134 5840 8
600 3815 1
8295 5318 8
1028 7379 19
1209 5618 1
8769 4791 10
6749 1138 9
6218 1973 18
9700 8117 20
9858 9223 10
7293 3833 5
8852 8506 17
7779 3205 12
9335 2533 2
5448 301 9
7665 1773 9
2361 3338 1
5470 4555 20
1791 9842 2
1295 2407 7
4147 6079 16
9724 8966 17
9263 9273 11
5926 7943 3
9338 3210 19
5846 5271 14
5924 2720 2
7785 7028 14
2939 3805 17
5539 3793 6
5637 9325 19
9245 3368 17
3404 6451 20
2023 2424 9
4753 4851 12
9732 2418 6
581 9118 2
5812 858 15
860 5620 9
2523 7391 10
65 149 14
9681 2069 13
3041 7740 12
8486 8556 8
7224 6850 20
6741 6445 16
6397 8695 8
7717 6180 3
5298 7105 2
8229 1008 12
2941 8977 4
1880 4857 3
8818 8748 4
9057 6656 19
4940 9555 12
6869 6858 6
2181 3659 5
7318 9061 19
7076 6871 9
1026 6281 19
7438 9713 19
9637 3557 7
6919 570 6
7221 4399 12
5879 649 8
2137 984 9
5106 806 15
2912 8342 9
7758 5703 16
3887 8388 14
9943 4554 17
2930 3642 2
4209 1075 8
5782 4217 14
268 1626 7
6560 8051 6
7696 3032 4
350 723 15
8140 4008 16
2059 6106 2
2134 8689 13
3557 7986 7
8624 1629 18
8402 2943 12
3947 1949 10
3141 8960 9
5267 9945 11
6176 364 4
2753 305 18
3314 3174 5
5208 6958 7
1464 370 5
7698 2531 15
2728 1779 19
9313 6372 4
1300 6389 6
7274 3583 13
4106 9539 14
9239 6221 14
6965 5373 20
5774 3034 17
1662 4528 10
9224 5457 11
8603 1826 8
6545 6363 18
1197 1744 3
3065 7405 2
7054 7820 10
5543 7281 3
5550 546 3
7728 2477 3
2605 4845 9
9072 4983 20
1610 3406 7
6421 9458 7
3660 8069 19
3850 9228 6
7955 9792 6
5022 101 6
2162 7114 9
1740 5943 20
2342 4153 8
3901 6241 16
1976 5833 4
4259 4303 4
8232 2170 5
799 8887 20
4261 5860 18
2163 6464 4
2486 2918 6
3627 9892 4
894 6881 15
3 9313 19
1453 4875 16
3324 8101 10
947 6852 20
2733 5290 12
4929 404 7
9556 2483 7
2123 1729 10
1481 7915 2
9793 8247 11
2166 3139 14
7593 1497 5
2093 95 1
5712 1454 18
2567 1692 20
8592 9927 20
1164 5334 13
9479 2972 19
8266 2820 8
5625 143 18
2224 5642 9
7422 3671 16
6174 7997 7
3581 8235 11
9629 3105 11
4258 8404 14
5821 6065 6
7062 7099 16
5771 4921 3
1001 7099 18
2346 3317 15
8551 639 9
2392 1177 18
6889 9936 3
1199 4706 9
5140 8699 12
5296 8588 18
1871 1859 15
5450 3256 8
3412 8943 20
6338 4784 4
5684 1645 11
7803 7075 6
4618 2473 5
3193 6340 17
7426 5248 19
8179 2728 1
106 3729 19
3371 7800 10
2573 5298 16
8723 7106 1
8256 4279 6
9674 5557 11
5798 3261 1
9303 2045 9
7348 6324 19
5692 1317 11
2033 206 1
631 3308 18
130 2067 5
3281 5221 11
6942 2704 18
9537 7214 8
4894 99 19
1993 4399 5
2077 6524 4
7581 3204 3
4395 8756 2
1447 332 3
2195 1560 1
4406 1974 10
1988 6290 5
9391 2494 5
3010 8081 4
761 4220 2
1020 6265 17
1615 51 16
5581 7583 5
5204 8641 5
6727 7375 15
7285 5708 14
8690 9852 12
8581 570 17
5587 8655 9
6613 5893 3
601 6264 11
9061 1021 5
4137 3504 12
5629 1095 5
9537 819 15
3352 837 17
6373 3627 7
111 5345 8
2946 6608 6
4204 6970 19
4556 9418 5
1714 3565 16
9637 2123 18
8146 3254 9
3365 6698 18
5758 7399 1
8953 2959 6
7301 2443 8
488 9734 9
2874 3679 10
8583 7855 18
1997 8457 10
5066 3302 9
8940 2519 18
8237 2423 14
8263 3363 9
9987 1580 6
8021 2192 4
9649 7862 12
4572 6506 1
5342 7091 7
542 9702 17
6292 2354 2
4643 2810 9
6455 8443 17
7451 8995 8
4990 2849 15
3982 3848 1
4202 4812 12
8242 2857 10
3633 7847 11
7413 6038 7
3504 398 3
4880 9041 16
8478 5129 6
3754 2629 12
2396 2441 14
3968 7624 2
556 5956 6
9121 7314 7
235 7847 15
3681 9457 6
6784 7139 16
7859 5685 2
3538 5419 10
2684 6700 7
7534 8004 17
4455 9179 17
5529 1830 18
5927 8574 8
4838 8094 11
5044 7580 11
8557 3453 13
8305 291 13
8067 2825 10
4094 4478 19
9914 3121 4
7457 4149 8
3525 6305 18
5587 3905 16
8751 6692 16
6229 9640 5
9623 8001 19
8186 2604 5
2051 1291 16
5309 4789 16
2195 6177 7
8545 5533 5
9054 8638 8
2714 3771 8
7001 6260 17
1929 6920 19
8810 7089 8
287 7102 6
1687 2056 11
807 9373 6
3759 5013 3
3882 5280 11
2892 8098 2
4464 7012 20
3477 5863 19
5303 2244 19
1773 5725 17
9849 9740 1
9628 2187 9
3705 8 7
1393 8440 12
9345 5079 15
3279 7310 3
8013 5466 18
9249 7858 7
9909 8667 1
2975 526 9
6070 602 8
4527 1403 15
3543 7978 9
2852 7519 1
3687 3479 9
8160 5343 14
1699 1978 19
4133 6484 3
8504 7966 1
5436 1817 3
4759 4167 7
2592 9087 12
2400 3268 5
1659 3051 10
3749 829 11
5677 4623 12
8595 2860 5
8162 1246 17
6095 4554 11
9460 9468 7
6481 764 12
9139 3234 8
3110 6264 14
8311 4761 10
8051 6690 2
796 6283 18
3641 5489 14
8930 9421 19
8891 8044 13
8734 9454 7
510 8131 4
4246 4039 9
9422 6540 9
7558 6175 19
3719 2716 10
6605 725 14
6377 9745 5
7233 9617 11
1979 7464 10
7647 9240 3
8021 6523 18
7713 5441 12
407 7453 4
7866 6079 3
7600 7950 15
3637 6903 5
2776 2368 11
8392 5381 18
6099 335 19
6061 3426 13
2879 7833 9
8674 9569 4
9697 6068 4
4131 5351 13
2329 6603 18
4298 8578 9
7339 6893 8
6190 7294 5
7633 7926 16
2862 3916 3
229 2952 14
713 6386 14
459 277 9
5424 8218 19
1372 3674 14
1816 2267 4
5062 9052 13
5434 5977 7
8767 6017 7
4163 9761 17
8775 3714 18
4838 949 1
4158 6190 11
2692 983 17
1733 3285 18
1491 1052 1
8812 9400 9
4483 8089 14
5278 5332 4
5788 8596 4
3701 8787 15
329 1660 20
6877 3454 8
1290 4802 20
3268 3942 2
394 4265 19
3068 5376 13
4561 1810 20
2620 1380 12
2116 8334 13
2453 6164 5
512 1429 1
2712 9050 12
8140 2025 19
6488 397 20
4121 2948 16
9082 7343 1
2785 5850 8
3633 4728 5
5752 7302 8
6597 3106 9
5905 2988 12
5921 9589 3
5688 3816 20
5951 8900 16
2416 9351 4
8750 5852 20
7432 3473 1
6190 7213 2
3903 7789 10
1041 5459 17
8501 8903 10
1078 164 15
3282 4567 5
3844 3204 1
89 3259 13
6261 896 6
5794 6068 11
1997 2516 11
7864 566 10
4179 1987 5
4394 5749 3
1458 8246 16
4003 870 3
3825 1006 7
6469 3760 14
9569 775 9
93 4799 15
7173 6151 8
1565 2600 17
8243 3931 19
9858 6090 12
8039 3231 15
7799 4077 1
8374 9533 9
7279 4300 12
1667 9688 13
1154 8893 6
6862 3725 19
1909 9467 4
3364 8939 3
2552 5886 8
5087 1226 6
9455 4203 20
9346 2079 1
5555 4671 16
8816 9463 19
8618 2312 11
2768 6317 9
3497 8387 16
4438 4498 1
6635 5753 19
3356 4263 17
3451 9009 9
7059 713 18
7924 3417 10
507 4513 8
8880 9251 8
2914 8638 13
6232 6490 16
4216 6368 16
71 3569 17
7849 3410 3
9605 9455 4
2946 518 13
5090 1361 20
723 7606 1
4121 3405 13
1207 1495 14
4662 1157 20
3184 2564 11
7109 5942 18
6329 4045 19
3463 6025 14
6194 613 7
3974 9867 19
8708 4783 2
6906 624 1
7022 2036 8
8746 7493 12
9729 8360 10
986 211 7
4740 3080 9
2358 4983 16
4658 3372 18
9541 1245 12
5412 8040 2
5582 4715 10
7890 6189 3
9479 2125 5
1799 8927 11
2278 3087 11
3248 5139 18
6508 4529 2
1214 9223 17
2445 6066 16
3792 5810 8
2173 340 4
2194 1755 1
5921 5688 16
2471 3004 3
8792 76 8
496 7661 15
5412 2815 7
9401 7759 2
2442 7306 20
2695 7999 20
9814 7972 2
5433 8625 10
3537 103 16
1433 1190 1
7796 7918 18
4 9727 6
3458 9247 19
8707 6880 17
8198 3229 4
9170 7661 1
978 6213 17
7010 8175 9
2030 7208 19
658 4208 6
2520 2459 20
4459 6278 7
9427 8810 8
7177 9503 8
3752 8853 6
8910 7848 20
3317 6527 4
2719 4366 20
2724 1217 18
5392 5561 3
4259 2456 12
2574 660 16
4547 2876 16
906 7077 8
8527 5408 15
176 4029 17
2604 4573 11
2890 8549 14
4475 9856 5
8348 6385 5
9316 5326 9
7405 4009 13
1557 8062 18
9941 5277 4
5852 3236 6
4943 5063 16
6213 3111 7
1767 8071 18
2511 4997 14
3368 1530 15
8383 7148 20
2503 4420 7
1471 3993 2
8460 1823 13
7531 5303 12
3486 9357 3
4231 8455 15
1366 7793 5
7850 7571 7
8634 6120 7
3907 1237 17
3289 4684 14
6586 41 5
329 1835 16
7077 6307 6
923 8135 18
4306 8725 9
9787 7539 12
1513 6157 18
152 6499 15
2433 6414 20
2778 8922 15
7169 4787 4
8679 6009 2
1336 1491 4
4897 478 13
7620 1630 4
1092 3049 2
4512 4751 5
7871 9797 17
6711 762 1
6915 2293 19
6686 7027 6
8078 4630 6
2342 722 14
3541 6501 17
5210 4019 14
8428 1084 2
1492 9909 15
6545 9340 7
5991 2567 18
4877 8683 20
5927 4716 1
5353 3616 10
6548 6728 8
7220 9596 1
3944 1756 20
2591 1935 8
4952 1772 2
2036 2013 13
6126 3862 14
6298 805 13
7892 2647 12
7647 2872 16
3410 4897 10
9395 3363 5
4186 8359 4
4658 5342 16
1542 2041 2
8174 7362 11
8867 3507 3
6836 9924 6
904 4318 16
5086 3325 18
3238 1865 17
6689 7891 18
5803 227 17
9121 5541 15
5132 1962 7
6047 4997 3
5437 634 16
7196 6567 11
1544 7738 14
5060 7635 12
3083 4225 20
1115 9713 8
8796 3121 16
2218 388 5
2617 275 20
1441 9338 11
9262 3872 6
2553 6759 18
326 5942 15
8591 8343 3
6512 2665 4
967 8952 4
1317 8660 9
1244 4850 17
1767 3800 5
1414 1896 1
1503 7056 12
6857 4525 7
1691 6447 8
2866 3536 9
8876 6799 1
9510 7837 4
7876 7274 17
3086 3125 11
9081 7192 6
2749 4859 8
4910 6950 13
210 1559 1
2476 2018 13
5970 2893 5
5787 4679 12
6892 2140 9
2747 2993 15
4637 4010 18
8366 3742 17
2520 2238 1
5475 5685 16
3213 7666 10
8015 2797 20
7637 4909 19
7565 8535 12
1474 3652 5
3474 9888 16
4845 7846 6
8579 4264 10
9214 898 20
8602 7376 12
8568 7146 1
4569 2304 9
8432 6392 7
3586 5630 8
2694 2147 18
7440 3960 10
214 1954 17
84 9489 18
9984 9242 10
1244 8252 10
3205 5923 15
6122 7190 10
1602 3436 3
6654 6137 1
5647 4442 13
4153 5754 15
4047 674 11
4083 3992 13
58 3912 10
3606 4781 19
1769 7078 17
1460 9212 6
224 2533 11
4344 302 10
292 9899 7
3264 229 1
3823 3402 16
5236 4039 9
6174 9277 8
3179 5417 5
1653 6816 11
3695 2604 17
7508 7807 15
19 8404 1
7601 7501 2
4966 5676 4
3484 7100 4
1168 1365 1
7754 2295 20
6337 9196 3
8499 1164 2
7329 2572 12
2790 1721 4
3165 5763 2
7595 656 3
6510 1420 2
5216 2347 14
8896 9582 17
7915 7489 16
6576 8481 12
8989 647 10
3663 2378 15
4075 1577 14
8630 9638 16
3669 7679 19
7252 8657 18
2562 9997 6
681 6846 7
5281 1987 18
1155 7818 14
357 2442 16
8424 4996 2
815 4054 9
1411 6600 20
4279 1347 11
7254 6873 5
2662 5353 16
8481 1782 19
8448 3381 9
8455 2018 20
9423 7960 13
8871 7061 1
6803 6649 3
7603 916 9
9674 1064 15
483 4027 7
2616 4448 19
5738 8133 11
368 155 1
4812 3857 11
6443 949 3
9117 2057 20
7107 611 12
4119 2208 4
4695 4787 14
790 6733 16
168 4522 13
3760 2688 1
9387 9311 17
1830 5692 10
1062 9147 9
5147 1430 11
1792 7736 8
5589 6916 10
2053 2962 19
7602 6960 5
9739 9746 6
7024 3691 17
6700 1895 17
576 7431 13
7149 3818 15
6707 8523 5
5136 4017 14
1219 6841 8
5741 2188 10
7566 1391 12
9437 7645 20
8681 6281 3
454 4167 9
4988 6466 12
6076 1942 1
8233 2845 9
3803 3674 17
5255 6507 6
8121 4999 11
6233 1627 14
2876 1727 9
8671 6559 16
4246 2308 15
551 5528 7
7947 5901 11
3747 8283 13
8408 4128 3
985 2070 13
8200 6196 10
7615 500 15
2821 4384 17
4999 2544 3
7742 4152 8
4364 3989 8
640 4148 1
7504 7148 2
4464 3832 4
5070 1341 3
5642 3854 1
7745 1141 15
7131 3472 18
6734 4634 10
8557 6612 7
649 6042 9
7057 6562 3
2881 6318 13
3583 1065 19
1793 6688 7
5271 7132 20
4536 1061 13
1401 2512 16
6097 408 2
1348 4602 13
8703 4647 7
1402 1737 18
9654 7301 7
4879 7187 4
7098 7000 13
7876 9148 2
1975 5046 2
4428 5769 3
2034 8354 18
2890 2874 6
7374 548 11
1386 7665 7
8358 7108 19
6476 8749 4
9515 1648 3
2468 2779 10
7365 8866 10
4999 6684 14
76 9203 8
9163 5763 8
3568 2833 19
3301 361 5
481 1833 14
804 2589 6
6404 5093 17
3253 2318 11
4227 4564 9
5755 8039 20
2718 2144 6
1584 1162 1
7531 2018 11
7036 9951 5
2816 2801 5
8065 8243 2
1864 9140 11
7090 8125 9
5561 9391 5
999 2124 13
4403 7971 16
6566 6116 3
6970 2265 12
9905 4990 15
4980 1000 17
8237 5369 17
6331 9252 13
2253 1292 3
5055 5327 19
4503 1390 2
7027 9960 5
8902 5798 15
241 4656 1
6232 5168 11
4591 9263 14
705 6439 20
7675 1747 20
2204 8451 6
1459 6259 18
6171 147 20
4169 8710 14
8004 2983 4
9828 2539 5
9130 4097 20
2995 1862 9
3023 6139 9
4895 9322 5
7542 1472 18
5146 2031 9
8816 1960 2
2123 7228 14
6155 9644 1
7239 1993 19
8115 3888 18
2594 6262 15
6165 5671 8
4981 9559 13
8898 7084 10
4981 33 3
6399 2045 16
1238 6966 14
2290 6749 8
8598 2762 14
4561 89 10
8811 696 15
2222 6306 8
7079 593 7
1308 3724 18
4132 1299 13
3893 2433 15
3608 5093 15
2669 3908 11
9935 418 15
3517 8376 16
5335 8096 9
963 5473 15
6358 6063 8
779 8666 20
7320 6364 1
5557 8043 7
5240 178 6
2021 3742 9
4269 6858 19
9197 136 20
7249 3522 9
6606 5722 4
3895 1347 16
4258 3346 13
460 7615 2
1158 3719 17
4067 4854 4
158 2126 9
686 6544 9
6052 2293 4
1224 3380 8
3860 6319 19
8934 6294 18
9993 7111 10
9461 2531 11
1140 7058 6
217 8982 8
1946 290 17
7216 6005 8
4069 8363 8
6018 5252 20
1505 4982 9
4818 8444 2
311 1157 20
3806 2489 9
7289 5814 8
1447 6261 8
3675 3216 20
1245 4475 9
2349 7500 20
1625 1734 9
1337 6219 11
6843 2876 4
6724 8877 1
3493 9150 12
5941 1114 9
7126 3386 17
9123 4452 14
6078 3887 13
4790 1449 1
2882 4330 10
2263 8306 10
6950 8034 7
8763 8310 20
3488 1480 5
9029 4602 13
1636 8240 6
1939 8406 20
8884 6182 14
3720 3042 15
4791 8001 9
6897 4758 14
5422 4584 1
4894 9661 6
8209 5259 5
6625 554 10
5672 7041 11
3400 2942 7
8183 9568 18
6900 7740 18
5301 7909 20
1940 4158 7
5197 3276 7
6251 2914 7
979 7059 11
1185 534 20
1992 1841 17
2441 555 20
5070 9509 14
6167 4000 10
9412 1482 17
3346 667 16
941 9599 15
6168 1775 10
76 7777 3
7411 1466 7
9058 2825 10
5518 6039 10
8544 9973 3
9686 9171 12
1715 9266 18
4299 495 3
121 5363 6
173 4417 14
8030 1882 13
2607 8042 19
1424 2632 6
3759 2188 5
4512 1234 18
1522 5340 6
741 4649 11
794 1706 9
2653 9196 5
503 3233 9
821 1335 6
9038 8553 15
2211 9458 3
9056 4737 7
9451 970 5
8011 1489 16
1745 3389 5
2044 7879 12
2128 273 13
5200 6896 18
205 4459 20
4770 3225 7
6710 6795 12
4232 8677 8
9403 3412 3
9649 9162 12
5413 5485 3
9482 8087 15
5713 4131 16
5006 7970 8
9857 7417 19
1652 7510 12
4686 9909 1
785 6167 17
3212 1488 12
924 4999 6
5042 8569 14
84 684 17
3709 9116 15
9259 886 20
5809 7403 1
7969 4335 6
5147 9348 18
2640 4252 15
5737 2869 14
3598 1641 20
7916 4324 15
7734 8825 7
9994 7676 14
864 9638 9
14 3024 5
9866 6003 8
8589 7307 15
2690 9259 7
927 3166 6
4389 9813 13
9381 7607 17
6409 6047 19
6256 9302 9
8857 7564 19
2009 7655 16
3230 6202 13
2540 7983 20
6210 1651 11
2715 1735 1
6638 4961 15
4448 9614 16
4739 7991 15
3162 7857 16
6409 9115 8
779 9157 10
3715 6428 5
3676 3984 4
5149 4214 15
5037 6254 5
1515 8919 19
703 1193 10
9431 8058 17
6005 7244 18
6695 9134 5
5542 7167 8
4430 2439 12
4426 7413 3
6286 8690 16
3225 5034 10
6612 1138 13
2884 485 16
3190 3525 4
1068 4892 12
9826 6866 16
2284 7130 13
5552 9263 2
2633 4186 7
5126 7136 3
9590 3903 1
4932 8227 20
4577 9002 17
4756 2724 2
5352 3983 1
2177 1943 18
4821 9670 11
2686 1957 15
2443 7889 16
7405 1625 1
9258 8501 1
697 1024 7
2054 7827 10
3597 2693 7
7043 7977 3
39 5713 20
8211 1020 20
6105 6076 7
9537 2178 12
770 1671 5
4305 6650 18
4918 5959 16
3580 2981 17
4611 9065 16
833 4780 12
7000 625 9
7645 3793 3
4360 2799 19
8037 9461 9
4539 8124 3
9996 9863 8
9763 6419 3
7515 7046 11
2821 9634 11
539 9420 20
2526 9501 13
6096 6927 20
9059 4884 6
7741 2581 16
4959 6309 6
9512 9962 9
9221 3800 11
5977 6231 6
3361 5771 3
4963 988 3
7872 6051 4
4928 8354 11
2841 4442 2
3553 2097 11
2680 2847 17
9606 1040 14
1689 9203 9
2686 3051 4
6367 3791 19
8036 3639 10
4765 3453 13
8738 7583 2
5590 8278 5
5811 2288 7
6215 6146 11
1080 2100 2
8821 4670 14
925 3882 7
6961 4620 15
199 6065 8
9793 3309 3
2726 2583 12
8007 5014 13
2629 3530 4
7811 9626 19
6639 3466 9
3319 984 9
2143 5886 5
9128 6917 17
6322 7698 17
3119 3809 10
2862 1192 16
3761 4509 1
8801 3231 16
1897 4048 8
701 8360 5
3089 8884 7
8673 7319 2
3869 7717 19
7262 5686 5
1749 8966 17
7756 5932 15
6059 9194 9
3202 9003 16
5052 9151 16
9627 4662 8
4380 407 20
3184 3171 7
7468 4018 19
9770 9344 20
1164 2442 20
5109 939 17
8661 175 9
5069 9352 19
4093 7533 4
1298 3947 18
654 1540 13
4824 4767 20
6067 8313 8
3740 3672 16
2161 7549 15
772 7378 7
4096 8112 16
7141 8321 15
5181 7231 13
7684 1340 9
8181 4752 12
3393 3516 17
3535 3590 20
7823 1554 16
2396 6826 20
5435 2725 3
6068 8679 10
9680 4065 7
7644 6778 14
4239 3178 11
1207 2328 18
9233 6607 18
7121 5802 10
4825 574 13
5659 8564 7
3214 9156 20
9007 4535 14
6066 3504 10
8973 5556 9
8157 6043 10
9836 1708 5
5987 7759 13
5696 32 12
354 7714 8
2367 4 10
2251 6548 2
1325 8731 7
3624 7987 4
9057 2466 18
2307 7412 1
5582 4884 14
6404 22 10
7351 3461 6
1386 8569 15
2526 3505 13
5035 1372 15
4305 895 7
3555 5172 7
632 2255 2
3036 7890 10
8490 7500 17
755 5626 11
7218 2958 18
48 7703 9
8212 7463 2
4127 1456 19
4797 3728 12
6053 2594 18
1975 127 5
5210 8060 19
7843 8840 18
8225 7708 20
2398 5584 2
405 4193 2
2101 1320 9
2923 6143 10
5223 759 1
2567 1518 19
3527 6363 15
6525 7457 11
8381 1029 19
7397 6956 4
385 2218 3
1341 1032 12
2523 6059 8
7236 9499 14
8779 3666 2
5266 6131 16
6440 5118 20
7682 6240 19
3757 5707 2
1324 1897 13
929 1722 2
8122 1206 4
6298 1643 5
9684 8506 12
1312 3658 16
3583 7541 7
5328 5618 12
6922 4087 18
3695 3215 9
5305 8907 13
3125 8440 1
1990 9623 11
9953 3878 15
2883 2622 16
8169 3033 10
957 1681 1
5654 6747 3
3742 6819 3
9003 6201 4
5948 4328 9
1568 643 16
7206 1207 16
6738 6363 5
7915 9679 6
8191 1744 9
6714 8510 8
6082 6052 14
6400 3569 7
6861 613 20
6082 2917 7
2527 2852 9
652 3972 11
959 5008 1
1282 5609 10
6730 7293 14
2506 8659 12
8673 5743 3
5684 8011 1
8926 7157 2
2155 9006 9
5028 5779 17
9354 7017 14
5327 95 13
9143 4472 5
2495 6648 16
3625 562 12
375 8223 1
262 9540 1
4488 3743 17
4474 3869 10
6614 8802 1
5796 420 2
8630 9386 20
7746 5470 8
2428 5267 10
5418 9926 12
4413 1613 13
4122 3247 20
4925 7763 2
3840 7347 15
7852 7630 6
4897 6015 10
6361 1305 6
712 5471 12
8766 4491 13
5461 9490 5
3870 6880 3
2846 2320 13
4227 9906 19
6458 5404 2
4212 7079 14
4179 2628 14
2034 6102 15
8794 5523 11
3628 6697 12
817 8555 11
9830 8964 2
819 3960 2
7901 9557 1
3696 7557 14
763 6460 16
4359 2586 9
6019 593 3
7599 4496 10
9547 581 3
1525 3520 5
365 4560 4
4405 1881 3
9585 8497 11
1358 1337 18
9338 8043 5
2735 5654 10
9777 4263 11
938 3225 1
9881 6644 15
6700 5525 8
8730 4855 16
8785 7866 6
9875 2302 1
9515 5547 11
3954 767 12
6973 7317 2
9950 9138 8
5342 3396 17
1605 2004 9
8053 6916 17
2536 1587 7
1119 8155 13
3953 4069 16
8254 5805 17
8245 1864 10
4409 6655 5
9625 5665 10
1651 8485 6
5983 3714 10
4761 5098 9
3484 7759 10
9756 8119 6
7744 8188 5
2378 7013 18
7128 9014 9
8115 2087 18
2373 4089 5
6136 7172 18
185 6923 10
7913 7136 7
6633 6051 8
7524 7746 4
6945 3871 13
7904 2046 15
6756 2405 7
1678 7362 9
4971 7587 19
3562 1121 12
9192 8786 12
744 8411 6
3752 1754 1
8503 135 2
8992 7831 5
990 6006 14
8604 2006 15
2741 7965 1
7389 2149 20
3627 6446 9
6846 263 4
3000 1386 14
5781 226 17
3727 3548 18
8899 4022 4
9794 9072 20
3360 4789 15
260 9525 5
6974 7000 17
2308 2567 12
2201 6648 8
9976 3402 4
3759 6181 16
3179 9776 1
1175 256 15
7660 7379 7
3613 2832 15
3758 2491 13
1758 6560 3
4258 8175 17
3784 2328 20
9788 1773 4
8078 7365 2
3917 4980 18
3320 6372 9
796 8426 20
2815 2868 12
4186 4134 20
4036 2821 2
3988 7699 19
95 3493 11
7412 1311 6
3655 4333 2
3491 2261 6
6385 8731 17
5404 2355 10
9774 6933 10
6931 8854 18
6907 7829 1
7039 5334 8
4751 3764 20
9743 4484 4
5922 5348 10
2906 6708 12
2927 7219 7
8859 2116 18
5789 8343 13
5296 2739 13
394 2885 11
5769 6764 5
8764 5292 6
8228 7424 9
2455 3163 14
1600 6165 7
1932 1861 11
441 9115 20
1056 5021 14
7407 6953 17
5842 4531 17
1118 5049 1
4483 493 2
2392 1868 19
9352 7255 12
799 7965 8
6416 893 8
6768 5202 16
8400 4428 18
7165 4731 5
9080 5112 15
7644 8598 5
3835 9592 11
5335 8147 16
4822 9573 3
6718 7211 10
8573 170 4
8491 3645 9
2965 2928 14
9973 3881 19
7192 182 11
7772 9806 7
614 8154 2
9803 3021 17
8379 5172 3
4207 335 18
9203 7817 5
6928 7988 17
5198 431 14
9000 8077 8
4109 9090 1
3437 5902 3
7924 1506 11
3878 7545 6
855 2521 14
2924 3236 4
5956 86 6
6311 2693 16
8517 2627 17
5451 1310 5
8013 2510 7
8750 5041 15
6477 9419 11
7191 4364 20
7485 2716 14
6888 4088 20
1840 7512 12
7406 9846 2
3493 4404 18
7798 3203 12
6941 5143 10
1397 8186 19
5300 3463 8
3309 6513 16
890 9357 10
2817 9530 18
1334 6164 16
9056 7545 3
7048 716 10
1306 904 1
3136 2543 7
5910 6341 11
8715 8414 8
5986 4166 20
801 1644 8
879 9779 2
1530 3767 2
1532 2582 15
5343 7485 8
8922 5346 9
4273 4636 3
9888 4051 14
6869 5823 13
6986 4831 12
9737 426 7
5154 5523 12
7725 4491 4
4383 6130 16
6281 7625 4
5931 4019 8
8711 3761 8
9624 3969 9
4083 5014 5
9128 6484 15
93 9191 12
3677 7608 20
5637 6775 16
2087 543 1
6921 6072 10
242 1146 2
3251 9041 8
505 3034 20
3709 8529 10
1551 8319 8
1237 9838 12
4490 4862 6
726 4573 1
101 8035 7
9322 3234 3
6692 4671 15
3749 3001 16
1859 6785 3
1393 5076 20
7066 9119 13
8195 5993 3
2526 9794 11
2152 3185 15
9785 8968 5
9687 4258 7
6022 8012 8
4844 723 7
1456 1948 12
1166 730 1
1244 3378 4
1764 5960 7
2137 227 11
2303 4610 3
4921 4493 20
6497 1159 8
4761 4680 4
4753 957 12
7922 8990 1
1246 9749 11
7562 1785 1
4067 1056 11
1215 856 15
4232 8861 16
2208 3313 11
3294 4065 13
2643 1813 3
9251 646 8
3473 1915 16
674 1254 14
7789 7677 7
5585 662 18
8934 8717 16
5091 1515 19
4453 6901 13
23 6395 1
8406 4487 18
8887 1805 2
5498 547 17
8358 2482 16
1499 783 14
9654 7677 6
9503 612 17
6314 4009 7
4069 4595 2
7862 9988 9
3613 238 2
6667 2086 18
4834 7778 1
1545 3597 4
9259 6368 13
2567 1970 20
2104 4319 1
732 5066 10
9619 9772 4
4512 9032 6
690 7691 9
8102 4693 6
6902 8133 7
9775 1247 14
46 9189 16
8786 8495 4
6390 8722 16
4540 5342 7
8992 9273 5
6706 9182 3
683 1526 18
3424 6294 7
4999 1371 19
8329 9672 17
8231 4018 6
6434 6259 9
8374 1383 18
76 5189 14
2428 9553 11
2867 7077 5
7286 7183 16
2270 3784 6
9398 3335 20
2735 8723 10
4912 951 18
3933 4407 19
1274 3246 17
3960 1206 6
9599 2136 11
3574 9625 12
1717 7942 4
3400 6314 5
7962 7656 3
8313 4596 1
1161 3231 3
4843 9704 4
8471 6218 17
7553 4161 15
2825 2365 2
5823 7609 5
1811 6288 6
5883 9904 19
6110 4736 9
6113 4813 17
6407 8081 17
2937 110 8
5017 1894 15
7869 5378 5
9278 7712 4
1291 9278 6
2944 1878 20
6858 6088 14
2298 4164 6
9794 9788 3
2942 3667 18
5992 7352 11
3501 1365 9
906 2020 12
9707 3331 3
6255 5371 18
3851 7666 12
7003 2841 12
834 2962 6
2765 8368 8
4292 5652 20
5459 7947 5
8569 4287 19
8452 4815 18
761 8534 11
6890 8201 16
2482 521 13
5206 6387 10
6493 28 13
5515 6924 16
4775 5166 8
4245 2461 10
2083 9493 8
4899 3244 15
1821 633 17
6851 3066 3
3967 9047 8
6928 7364 2
1351 3855 10
779 8813 13
6700 3165 20
8944 5466 2
2066 8302 14
3971 5633 15
869 5511 17
8620 1874 8
8169 1530 17
3959 9807 3
2937 4823 11
5080 456 10
3910 812 14
6763 2454 1
7214 3371 14
7393 4 11
3361 2192 18
7316 6015 5
6382 8708 19
2779 7632 10
269 1906 14
2428 2855 3
2920 8235 20
8125 9230 14
5205 5534 5
1400 6544 6
9878 2610 7
2002 9886 14
3325 1754 7
5728 2936 9
8084 3606 7
9558 1348 17
4492 2329 5
6371 6370 2
3145 1991 17
8178 3102 13
4223 3141 6
1451 1883 1
2198 5065 13
7533 3644 19
9664 7713 4
5660 7788 18
2163 6307 17
5609 1136 18
9598 1937 9
1245 9318 2
3986 1002 8
9582 1741 11
6638 8000 5
649 8116 8
8692 2385 20
1134 1461 13
2646 7141 4
110 8018 12
1953 1559 10
5101 3859 5
8001 2906 5
5255 7507 2
7948 5397 14
3108 2848 14
4518 4578 17
6415 4279 5
7482 7707 15
9065 8521 4
3563 9821 7
6524 9730 14
603 2046 13
2486 2150 3
8911 3315 1
8174 6609 20
5642 9032 19
5580 1950 16
6637 2498 12
4219 1888 18
2232 9332 13
842 7343 16
7124 6845 6
1584 4639 13
5214 6108 10
4151 1649 17
3515 3113 12
2510 8666 8
5639 1065 7
8112 7651 5
6793 9934 11
9271 7279 13
308 1422 6
8344 6086 12
2954 783 4
4076 1682 9
8241 7594 14
8499 1966 14
8740 3008 20
8365 9796 16
3854 3761 17
5142 2272 19
1441 8010 18
5332 7945 13
6288 4077 2
8310 844 16
6448 1461 7
7653 8944 1
4046 6574 5
6354 2405 12
3260 3946 17
5998 2598 19
8881 787 16
1767 62 12
1525 8714 17
7216 5499 4
8604 3533 7
9559 6301 16
2405 5049 3
7616 4349 8
2913 7927 19
2317 9397 10
4402 5096 8
7060 1579 18
9244 3307 14
2377 2979 20
3817 7770 13
6757 5801 19
4210 3836 11
9132 6675 10
116 8381 2
581 842 11
7577 8132 10
9512 4403 9
3114 9371 11
1621 5571 17
9108 6737 13
8527 7966 1
7612 8262 5
9183 4516 9
5214 2489 1
1581 923 7
7320 5333 2
8947 505 2
4220 847 17
763 3708 15
9774 3767 14
136 9142 16
8472 6697 17
3434 2428 12
4855 7754 5
3497 5673 4
8672 6632 1
738 4280 16
5437 1695 17
1089 945 18
3606 2602 17
637 7671 20
845 7109 18
909 4148 13
9289 6056 16
8059 7836 6
5152 7431 13
2900 3222 20
122 8912 12
3100 5232 12
5761 8012 10
8621 8973 5
257 5702 5
6589 3989 20
9649 866 6
7286 8216 18
7718 1604 14
7657 9198 8
4222 3823 13
3365 1271 6
8596 5186 5
4324 2180 3
8681 5805 18
8229 286 1
3504 7212 15
1453 4362 15
8462 8441 12
3286 9626 17
8944 5047 5
233 3656 16
3558 6687 9
3146 1086 3
1711 4808 18
3295 5100 6
6400 6333 13
4367 8543 19
5013 762 6
2637 2517 6
4262 7961 17
7798 3331 4
4603 721 20
1165 9074 17
1811 7048 11
3591 2769 2
8869 5607 7
9900 7792 15
1257 5462 6
6119 5577 17
2434 8523 4
9168 4506 4
6121 5636 12
1520 6859 3
4149 2809 4
9421 5089 14
7348 4058 12
6195 9756 3
7550 6834 17
4091 1923 3
6565 7218 2
9316 5213 11
2715 5602 10
4510 4928 5
9881 7333 9
5178 4157 11
5712 5711 7
76 2128 19
1966 4382 3
6650 8135 15
1647 7613 20
8780 1673 10
9616 4208 12
7687 7550 18
9418 4963 11
3384 6566 15
2587 1389 9
1824 4348 2
6555 657 18
4120 9098 5
4066 8541 6
509 6466 2
3261 762 3
145 3658 3
5878 6832 3
7248 9441 14
7964 2496 1
65 9616 19
3145 602 8
2253 1822 6
575 2200 19
7409 6372 16
5737 6753 12
9358 4252 4
2303 9619 20
9487 5006 3
7458 4093 3
4526 1627 16
3768 8509 15
9071 4655 14
2836 3171 15
3815 5670 15
1301 2750 11
2484 3494 7
4812 4647 16
8274 3746 8
1105 6163 7
3656 4135 12
8582 709 18
6834 154 4
1728 3584 19
8461 6478 14
6615 5156 5
3702 911 5
1812 1005 10
517 8713 4
4256 1279 12
6161 3572 10
4196 2274 17
4813 8061 6
7782 2024 18
1504 16 17
9807 5672 17
7242 5176 20
6278 1218 5
9904 468 2
6103 9222 4
4951 5692 10
2205 3250 6
5889 5908 8
6193 77 6
2564 1683 9
9598 282 11
579 9113 3
8962 9768 19
3267 5174 8
3572 9227 8
4707 9676 17
9212 9164 18
7689 4081 12
3967 2430 12
5867 3815 1
9038 4096 13
278 3801 14
4819 6678 7
795 5486 10
5875 7216 7
9370 8598 8
2068 9772 13
8544 2802 12
3097 7260 19
4334 1971 15
5957 7024 15
5063 5293 6
1978 3312 15
6611 123 13
1447 3376 7
5734 5729 1
2975 1336 2
18 2967 18
3734 4480 2
4560 7731 16
8953 8779 4
7784 5578 9
7 814 13
6651 5965 2
5058 8281 2
2292 9286 12
7558 6471 1
3656 3624 5
3225 1594 14
1127 3440 1
8675 290 8
1717 2399 12
6835 3100 18
4993 9655 1
6020 6495 4
8075 4520 12
9829 4576 9
572 8826 3
9085 5525 7
8519 3478 15
1719 9834 15
1806 9136 11
5860 958 2
4096 4578 4
363 971 5
8167 7897 11
8888 8249 16
4764 5391 12
7252 3029 13
3259 90 7
746 9091 3
9911 4052 17
202 4947 9
1958 7503 1
8603 1994 18
9497 3052 20
4194 938 7
4179 9650 17
4972 2711 5
2891 9921 19
7842 8953 13
9104 7233 1
8237 8462 13
5150 7215 14
7034 8992 10
1784 5907 19
2901 6156 13
9792 4588 1
3560 8104 4
6261 9027 4
7080 7028 10
8356 2300 8
5163 9943 6
7978 7150 16
9677 2672 4
9493 5162 2
4671 9269 3
2690 6831 8
3366 4920 17
4591 7275 15
7137 2473 2
5552 1763 18
6323 504 14
8257 3588 17
8752 3841 9
8778 8927 6
1303 5196 18
1339 787 6
812 8986 4
667 7206 11
7460 6600 14
3033 3187 16
5732 4021 10
8221 3198 12
3082 2078 12
2817 8145 6
3824 666 10
8265 2075 1
2066 8504 1
3543 9347 7
9670 9683 20
4484 8444 8
4096 1063 14
2818 5536 14
4912 2208 20
1758 7274 8
4878 1103 7
226 9618 1
3026 1163 5
865 5176 18
4525 328 6
1609 3263 7
3730 9359 8
5835 2236 9
3326 9051 2
4347 991 13
7353 2226 20
8097 2901 8
4903 1646 20
7036 8303 15
1982 6275 17
9034 797 8
4969 8581 4
8685 4747 1
9579 5370 16
8076 9974 8
6533 590 6
2122 770 20
320 4468 1
4446 713 6
9782 320 12
1339 2124 20
12 9552 5
3730 3009 19
4738 8360 18
541 6446 1
546 5984 4
2630 3792 2
7394 4057 17
2756 4677 14
4096 3927 3
4623 1776 17
2312 1335 18
888 8184 15
739 7540 12
5945 2594 6
7799 1719 20
5745 3248 4
2479 5664 18
5270 2349 7
742 8253 10
8088 6826 20
756 1810 7
9530 6196 1
4438 922 9
788 7637 12
5251 3717 5
4264 3106 15
8619 4842 17
7942 4319 9
6758 9642 12
7700 4842 10
1311 6543 10
4681 3440 10
6997 6648 11
5277 7567 4
745 9540 4
9793 1794 6
4766 340 3
1438 5547 14
164 1337 17
3575 6032 7
9429 3735 6
6360 7572 19
9188 7695 14
3207 8739 7
2113 1459 5
7414 97 16
7883 4328 6
7599 2019 16
3407 7417 3
214 1779 14
1393 8069 10
7532 4754 4
4761 755 2
8520 7207 19
9161 8372 19
6602 8508 18
6023 8320 19
8350 5456 13
9400 6973 13
8175 7810 8
7582 7721 19
4055 9226 13
4824 1297 12
861 4398 14
6799 4376 18
9729 7905 8
5698 4647 18
6923 9144 8
8270 2936 12
1233 9337 4
3458 8284 4
7527 3582 17
5116 997 4
5017 3023 6
1884 6141 15
8258 1338 4
9415 8457 12
7470 7765 11
3572 5131 14
432 2661 4
1573 72 15
1388 6819 1
9747 3442 1
2706 8129 11
3609 3025 9
1584 9730 17
77 8303 9
5370 5293 15
3460 3113 4
1897 27 7
935 4037 12
9139 6089 18
4533 4045 1
7907 2740 15
7965 3203 17
2194 1488 8
1108 1581 18
1353 1587 2
8377 6477 1
4597 9724 12
3360 3816 8
8125 1828 13
5271 7197 9
9951 4364 16
1778 6415 2
2733 4477 14
6301 5373 10
6901 1883 13
2529 8642 8
6877 3193 15
1984 3547 15
6432 130 16
2733 9593 18
5029 6362 10
3833 3120 14
808 5781 18
4240 2233 8
8543 5072 3
5166 9718 8
6209 3523 19
1110 5451 19
9350 7999 13
2420 3501 16
45 9582 6
518 530 11
5364 7301 8
1706 2896 6
4853 1714 13
785 8929 3
5681 3058 19
1881 4802 20
5309 4778 13
1040 5807 3
6909 8872 7
6079 1992 8
2972 7686 20
7523 1568 4
8369 7530 4
3714 9323 14
6749 2688 3
6588 4153 10
6975 314 13
6985 4788 10
9709 7109 15
355 9400 16
6604 7939 7
5790 9211 3
1369 2441 8
9674 7622 20
4110 7982 5
3351 6341 10
5323 2187 18
8505 2018 4
4032 5545 7
6540 9760 18
6249 6654 12
5837 8675 4
8582 2474 1
8603 4837 17
4146 5505 18
7938 6866 2
3141 3080 7
4238 5330 13
5742 1006 3
5897 7130 3
1164 8627 4
8262 6154 17
3721 3479 9
3819 7381 19
656 9203 16
4712 6051 17
5988 3927 1
6691 2347 9
4096 4980 19
6220 5155 9
4097 2539 10
8162 514 13
9277 9355 8
6703 5263 6
4225 6520 10
3812 2709 9
3052 3112 19
2038 5736 9
851 2704 12
1625 6411 3
291 5971 20
7355 3484 10
2531 5094 17
9655 5709 4
4805 8396 20
5772 8749 12
5748 8169 10
1779 9915 1
1363 1508 18
6533 5097 14
7348 7860 3
1782 6964 7
8135 432 19
8119 271 13
8467 2859 6
8805 6184 17
4695 5347 6
4442 3841 17
536 7882 12
5202 260 6
1292 787 19
4390 5923 3
8584 9663 14
2151 9841 14
9189 844 3
2759 4456 20
6300 4112 3
4233 1506 18
8260 2554 13
5510 1692 4
5286 3791 12
3665 1040 11
4300 7820 13
7516 3723 12
8791 4433 1
4894 4620 13
7212 9930 15
6729 629 14
4456 8197 16
2095 5256 13
5268 1679 19
3466 1523 4
5771 1097 4
9862 3226 13
5371 8314 4
9728 7457 18
3398 3663 1
9054 23 3
1601 4166 9
6533 4817 4
2948 6647 3
6021 6640 17
2974 8723 4
145 7905 5
9344 2718 1
3518 7363 1
447 5252 2
8211 1361 5
5638 5756 11
3750 504 8
7922 5456 20
3315 8045 4
4575 4979 20
4974 8143 2
8038 1933 6
540 6506 7
5777 2810 14
9200 1787 16
6825 7230 17
5118 3384 12
5930 4113 16
9075 3061 18
7862 7206 3
5080 5195 2
6607 3591 15
9218 3304 13
7554 2958 15
572 126 7
1054 6431 12
6882 5948 2
5146 1193 6
5493 7646 3
4788 6280 18
7657 2426 17
7684 3279 14
2075 4600 4
2211 3139 8
2818 9571 3
4232 3327 18
6015 7592 13
603 3207 19
6309 948 14
1025 9525 7
5865 9414 4
4796 489 2
3292 5923 19
8541 5428 6
1718 4437 12
9582 2911 2
137 3095 20
5398 1190 6
8375 1762 4
2437 1818 9
2635 3935 9
6788 390 1
9036 3742 10
5549 2539 11
8888 7001 8
5225 1128 12
5367 9234 1
9078 7126 17
1645 9573 20
9791 2391 17
6965 2102 9
3460 891 14
7049 4334 14
3768 4404 13
7359 1429 5
6237 4283 7
9761 9101 20
9371 7031 10
5269 6551 15
920 3311 14
836 8754 9
191 3798 18
964 675 12
8215 812 12
5991 6503 6
4798 44 6
6662 9944 3
9817 3258 5
3875 4939 14
9249 5308 7
9632 9488 5
9830 3180 1
5395 3520 8
5227 8555 6
529 2953 6
5552 4737 12
2579 3386 2
5324 3427 19
8829 4872 18
3674 1249 6
4699 2781 11
7467 9532 9
2817 9315 11
7904 3051 10
9361 6890 17
9672 382 10
3160 2738 4
396 9442 14
453 6973 13
6212 1626 11
4580 3707 16
3880 2943 9
5646 1070 20
6 591 5
3904 1456 8
2460 5721 20
602 1850 11
4373 6577 9
8490 6015 20
206 7769 6
828 6421 9
1492 7020 14
6725 9741 16
3929 3362 6
6919 8678 20
6934 8239 10
9924 4390 19
7699 4598 11
1039 7959 10
3751 4108 13
410 7452 9
5256 1979 16
1047 3344 9
7643 868 19
2198 1059 6
2405 8723 3
6766 2968 14
7950 1017 15
6100 302 7
9594 2019 5
7579 8319 16
9136 227 20
3030 9745 16
1446 115 15
9040 4003 12
5524 7644 12
7545 2202 17
7193 3915 3
4771 5957 18
1453 2624 12
875 5046 10
969 663 17
5584 9134 7
7788 8164 17
5794 8917 6
1657 3865 13
7138 3660 2
9953 7440 9
8976 3090 9
2612 6724 19
2649 4668 17
9749 8400 9
3386 5771 2
9866 9712 12
2078 3291 12
602 3388 18
7551 1888 11
6557 9473 20
3195 7380 4
6599 9168 14
6350 8642 12
6547 5226 4
4382 2480 18
7898 9966 7
4375 51 3
2529 7911 16
6005 4413 17
8963 2409 11
555 8781 10
2935 2335 1
4492 5957 7
7202 7475 3
2456 8824 7
102 3151 3
2969 9093 4
9685 3006 14
355 7253 12
9011 5244 15
913 5150 12
6361 3817 10
4770 1753 12
958 7448 17
2604 5540 14
6772 1752 15
7673 9312 14
4557 9150 20
5676 7288 2
8596 9295 11
9178 8679 9
6998 1888 5
9844 6268 16
1407 9760 10
5217 93 10
6612 5828 10
764 5770 8
7615 5096 2
7093 8974 12
9794 118 9
4617 1930 17
9280 5457 15
8338 4196 11
7541 353 2
5297 4903 6
5312 8440 10
4395 7571 13
7265 8319 11
3829 8948 5
7819 7303 15
3893 6376 13
1075 7432 2
5552 9880 19
6218 4598 14
5893 1239 11
9230 1871 8
1956 7867 17
9759 7555 19
5235 1896 3
3004 7902 9
8493 6261 5
3862 4073 18
1232 4788 15
3403 9692 19
8533 9402 9
5746 789 15
7355 5736 13
8473 6588 13
351 3083 12
2042 9932 1
3993 7710 13
7190 1454 17
8552 2196 3
8999 8737 10
8474 9787 4
5629 9852 18
8208 4405 11
4324 6075 4
7408 2818 17
215 8722 9
4223 584 9
4474 5867 3
1570 1019 6
500 2312 11
7579 4887 12
3774 9748 8
6326 4984 7
3550 6339 9
5502 5359 8
7137 4060 13
2869 9566 8
7908 9951 2
9244 2653 19
3563 1607 7
8975 1475 12
9080 4016 17
8523 4778 12
2076 2747 5
8343 8785 18
6846 9936 19
6980 3102 16
7383 9686 10
8513 3182 16
9994 6778 5
3071 4119 13
9444 7669 18
7088 2463 10
4716 3964 13
2275 3549 2
2442 5558 6
6548 9344 6
5730 5700 10
6099 1532 17
6126 5622 3
55 4953 14
9107 4969 18
2461 3045 1
7076 5886 17
1568 3368 4
9692 8066 2
5748 1434 20
6408 3422 5
5689 6302 2
7281 4138 5
6743 1995 14
4304 2644 9
1923 7728 5
6649 954 16
241 714 12
4665 6398 20
3121 9379 19
1038 2089 6
6743 5999 10
9395 2771 2
7049 1628 6
1224 3958 12
9689 9169 15
2291 9720 14
4190 2491 8
3502 750 15
7175 5770 3
2765 8615 11
978 7306 14
7552 2353 17
4222 4590 1
4275 4467 13
2817 8255 9
651 7062 7
9939 9360 16
7109 8064 13
4240 9987 2
5715 7606 10
7492 4600 16
5390 2662 16
7180 4789 15
94 2110 17
5432 6126 9
2752 8428 4
4727 4647 6
5611 2677 7
4355 5508 10
372 4377 1
6276 7227 19
2006 6773 20
1204 6507 4
2777 3006 8
9724 339 14
462 4910 3
1618 6556 14
5872 9656 18
897 2731 7
3198 3646 7
760 1065 3
9129 5226 4
439 7069 19
8812 7413 7
3627 7607 16
9092 2928 2
3530 5272 7
1178 764 9
3257 4419 20
6575 4054 15
7458 3540 12
814 237 6
4954 6919 13
6240 5792 13
5354 1358 2
1480 1285 10
9307 2575 19
4887 7803 18
9368 8099 18
9592 8541 14
3166 1092 5
2411 329 10
4126 4724 3
4194 5616 18
3478 5948 12
9398 9651 18
8967 2350 10
3623 1102 13
8022 4933 10
4150 4911 15
3861 3836 13
1833 1447 3
6658 2644 20
6138 1545 9
8591 7875 18
7010 6300 19
6854 4598 18
4063 1607 7
4959 3920 4
9722 4822 10
3995 2250 16
6573 7437 20
1329 9737 12
2203 5601 13
9520 2785 6
4058 9751 15
2639 3285 11
6219 2811 7
8750 6555 10
8530 4894 13
4129 4178 3
894 7054 10
9100 8840 18
8648 7274 13
282 5211 17
1405 4485 20
9130 8576 4
1509 6270 1
1237 1051 12
2431 3586 6
7026 919 14
7747 3866 15
8742 73 8
3482 6006 13
4817 7976 3
5085 1010 1
2229 3817 11
4303 370 14
9131 8901 4
4382 7780 15
5005 5556 17
4711 6593 4
9861 2513 10
9132 9552 16
7097 5164 4
902 9088 12
9924 7026 12
3800 569 13
2136 2151 14
18 7133 13
2091 191 5
4620 4720 10
4831 1167 11
2008 8772 14
9307 5577 12
1817 680 9
7732 2651 4
7460 9345 18
3580 6993 19
1906 8492 13
2787 5972 13
2018 3975 11
2257 9679 19
5873 2613 12
5489 3695 3
2366 5814 15
8704 5090 8
2430 832 17
6309 8923 13
3165 5235 7
8743 369 18
7167 3205 10
110 9951 5
6254 793 9
5378 9924 16
4951 4843 10
7239 234 1
9337 2292 13
4097 744 6
7318 9680 8
8287 3072 20
3674 1014 1
3744 9622 4
8130 2221 12
5549 8773 3
2546 5467 7
8167 4598 20
744 78 14
760 2800 16
7234 9807 12
3384 8237 12
970 6008 13
1276 4854 13
1997 6167 19
2607 1256 16
5598 9083 12
9952 1001 11
4449 8116 19
732 5149 16
3096 6271 1
4972 1557 1
7242 2683 10
8053 965 15
956 7540 8
7600 8958 17
8587 569 15
9183 1664 20
6171 9531 20
5095 5984 2
9490 3451 19
9684 4573 6
1280 5065 17
3921 939 16
8543 1235 13
5303 4763 2
5839 8273 8
9832 7521 11
4216 7519 20
3195 6873 17
7138 3369 12
5954 7559 13
6132 316 18
6729 7055 13
7001 8878 2
4253 5006 19
123 1855 10
3641 2736 5
7684 1082 5
7313 6004 2
5791 7035 18
6225 8533 1
7271 8412 9
3782 6050 4
5808 3430 12
8769 1678 8
674 9215 2
1725 8924 11
2058 7997 19
6920 9183 5
4227 5562 11
4788 6296 13
2971 6016 11
9064 8749 8
4402 3359 12
6427 5364 11
4076 1504 18
1324 7196 17
1983 57 10
459 944 6
2838 284 5
1570 4431 20
6915 1557 16
2366 9995 12
6294 99 8
9693 1731 1
9785 5370 3
5249 4710 17
3079 9483 9
7882 2513 12
5984 2620 14
7246 1067 6
291 5640 20
6554 1654 20
6744 4306 20
670 8112 20
5309 9952 8
1640 4200 12
1757 2031 6
1475 1797 13
9862 6898 10
6153 2591 15
8267 6007 2
1755 5743 8
1650 846 4
8441 1541 17
8263 9616 14
6519 6967 11
3966 7112 4
4429 453 8
8879 5584 5
7811 1452 13
7593 5982 19
2763 5012 9
3559 1710 20
2392 3369 16
1236 6977 9
4414 8870 8
2056 5993 1
9445 2859 1
3503 1447 7
3790 6615 6
7998 8750 4
8196 6346 7
4057 2134 5
2581 6332 6
3542 2381 2
2689 1242 9
5324 4613 10
2965 3918 16
4457 6387 18
8316 2278 19
7020 612 14
7949 1323 1
7712 7611 19
9911 4737 4
3730 3843 3
6851 5425 1
4733 7094 10
6147 1681 2
8817 792 15
1556 7616 11
8250 818 10
9612 3602 16
8252 1857 5
9199 5107 3
6026 5632 18
44 5420 2
6281 7233 19
5737 8962 17
4994 7174 20
9781 6057 8
2238 8528 9
3745 912 10
5338 4107 9
4336 6894 3
5647 114 13
6316 3684 17
6477 9402 17
5930 8683 1
5258 6929 3
6484 381 19
8130 8118 16
4886 10 15
4103 9262 12
8465 1855 5
6317 1156 18
245 2058 13
1447 8954 7
9363 1629 3
6030 3758 12
873 9918 19
7424 1851 3
4830 3210 2
237 140 17
5633 5630 15
6810 1025 8
4668 8873 2
4904 5126 1
5478 8544 16
3906 1232 20
713 9973 18
6210 189 20
2508 3819 9
7904 5136 10
1664 3605 17
2656 9953 6
3388 450 4
3743 6471 4
2076 4088 3
938 6211 11
8678 3553 6
6401 4496 7
7617 17 18
8404 1955 6
2668 2286 19
8612 1981 16
34 5351 14
5791 733 4
9824 9285 2
3150 1215 8
6419 4996 7
6808 2452 20
3159 9161 19
120 5693 8
7351 1328 17
9331 2921 17
8238 7436 18
9937 7019 3
9005 2721 19
541 1901 5
6787 6866 16
1098 3209 1
7388 1706 6
20 5275 4
4134 3135 2
1570 5572 11
2198 4309 6
124 8570 12
8086 194 9
1654 5250 1
9505 726 2
9160 1510 16
3952 2870 1
7423 94 8
7545 7269 4
6218 9783 19
6969 5565 2
287 5100 9
4137 9648 12
8209 3650 5
8453 8960 17
4417 2462 19
6562 6531 10
3589 6020 14
4711 8846 9
2484 9196 1
2651 61 20
2713 6149 7
2480 8599 12
3932 1833 14
6046 5785 14
2132 6897 14
7229 3917 14
9870 4105 3
1164 893 1
4661 43 1
3344 2064 17
494 9209 7
6047 9882 3
4250 5219 14
8488 2651 15
7487 2799 18
5014 1209 20
9284 6175 6
5285 583 14
2526 5288 13
6935 7862 18
4210 926 16
6427 9267 16
5827 6120 17
7285 7524 19
8927 1839 9
3983 7350 8
7086 8834 11
697 726 20
4210 7865 11
5143 8538 9
4770 8353 20
837 8397 7
4570 5997 11
7571 9325 7
5096 9432 14
5036 5114 2
539 4254 12
8785 9918 12
4378 4924 4
3030 3546 15
9088 5785 2
8774 8921 15
5346 3033 18
504 4273 16
5205 6632 20
6992 1625 8
4663 9689 14
3465 9821 11
9481 7368 11
5664 5312 4
2092 8440 7
2215 6960 16
502 1699 11
2381 7437 6
254 9052 19
9968 6609 15
2758 7665 19
2571 1890 20
5551 4601 12
694 6792 20
3803 2864 17
3345 2040 3
1691 9083 11
1234 9420 2
9986 8139 12
482 8585 13
4367 1124 15
7186 9459 16
2060 2815 8
2907 6832 12
2953 1373 9
1718 4253 12
369 3617 4
819 8872 12
9 6769 17
1516 4870 2
9531 4228 18
6089 1622 14
4586 3116 8
1780 1630 9
2628 3327 11
8638 45 9
580 2747 12
678 9454 12
2548 4292 2
3850 6326 19
2265 5669 10
7447 6386 20
2529 291 16
7588 2289 8
3682 5070 15
1284 342 15
1724 1141 6
6115 3988 20
4286 6643 20
8878 7862 5
7646 1485 19
6457 6134 14
5615 5322 3
156 6958 11
6885 514 20
5016 2207 17
9449 2552 18
8791 9091 16
661 8384 11
3076 5975 3
6623 2654 19
3687 4740 4
9478 4821 4
4222 4737 17
467 8773 13
1988 3560 9
1455 8751 16
1770 6298 15
5026 1517 4
7054 9613 13
134 6667 11
6848 3499 7
7187 9886 4
9974 4259 10
3613 9154 8
2535 2656 10
9954 2173 12
1823 9787 8
5841 2068 13
5848 3195 15
2133 9032 17
8453 312 4
5753 2543 20
9894 913 20
8194 2820 20
518 6824 12
9440 5345 18
6066 9848 3
4083 4698 15
7543 3846 11
4776 8881 14
4036 8995 14
4288 490 1
37 9752 3
8676 6981 3
6157 7011 7
8847 8608 10
7012 4504 14
3433 8165 16
4961 4947 11
5395 4283 1
6349 1097 1
329 37 16
3754 4743 15
134 7108 11
1321 9536 13
7189 9752 14
1663 121 16
2252 82 17
6771 2244 8
2358 1128 14
892 8472 4
2237 68 19
323 8828 8
6639 3195 18
2002 4007 17
1270 5647 18
5901 3996 6
8826 6521 17
566 214 3
8198 2495 8
7520 1140 1
3684 7600 6
3951 5496 3
168 1011 14
5107 8621 15
9711 1249 18
5217 4490 14
6730 3592 5
5890 4409 18
9771 4476 19
7470 6932 8
6465 2047 2
847 9037 20
1593 1006 20
6340 2374 2
7838 4002 16
2028 8230 13
1365 323 7
1081 7065 19
6298 1609 5
7789 9693 18
7591 9839 9
2266 9448 19
7330 3619 18
9411 864 19
2013 6415 18
4379 7298 18
7942 3192 12
7820 5079 2
207 9509 1
2737 3062 12
9324 6386 20
1103 6504 2
1319 3146 11
4659 7810 11
2372 1811 10
6060 3376 7
6404 468 4
7206 2529 9
7359 7786 19
5512 9446 16
6740 9024 11
750 6040 20
6986 2423 8
3247 726 4
1586 3985 12
3194 9589 4
7865 6885 19
2970 4143 2
9962 5294 15
2033 6316 11
8474 4638 13
8328 1810 3
9743 5699 14
1280 2566 9
3535 6578 18
7938 2591 2
4062 5254 20
2061 5743 15
2895 953 18
2431 7253 19
7227 3011 15
4397 3459 2
7457 6640 13
3951 9838 14
9197 1354 17
9033 3645 5
895 5112 18
1596 6397 16
9759 4092 11
6199 3845 17
9851 6465 20
3427 3581 7
2173 9661 5
9037 9805 13
5769 1197 5
5048 9184 2
4144 987 6
5384 4447 5
129 536 4
7168 7817 8
223 7734 17
4658 9006 16
9302 2173 19
7009 1886 2
7228 5201 18
4329 9375 9
3809 6748 15
3836 8533 17
9087 3549 7
9779 3322 4
8091 2112 9
4675 3058 6
3626 3469 13
183 8282 6
5299 8692 5
1022 9346 17
3393 5308 3
2720 9509 15
4676 109 13
4400 6112 9
5772 7075 14
7554 6177 12
8282 3786 11
7295 7162 17
3348 3967 8
5750 5181 4
4234 3791 5
1881 2630 20
6431 8984 15
6650 9777 18
1347 2920 15
970 2831 7
4545 4246 2
7576 9867 17
2396 4179 3
786 2126 8
632 3348 8
4129 9869 11
7219 8414 5
1133 1902 5
6043 9902 4
4058 6511 12
7400 7127 16
5747 7209 6
3992 2464 9
4492 2309 10
6988 8075 18
2806 1793 7
8399 2300 17
5233 5126 19
5905 9725 4
450 6436 10
8935 2742 6
9954 4098 20
2871 4512 6
4455 3543 13
868 7667 10
1302 2342 13
5897 7607 2
8667 3317 6
2427 9236 4
7116 5542 5
5306 8449 16
9011 908 19
8299 4954 5
4304 9902 3
423 7498 19
6905 6493 1
2049 6106 8
9892 6495 16
226 244 3
3312 3943 20
5727 3255 11
3918 7658 20
8320 8860 20
9499 103 12
9120 7992 1
2918 9523 16
808 8512 2
1860 8885 13
3332 8871 5
763 7020 10
2321 4662 6
9985 1222 17
172 8481 13
2915 3267 12
9679 688 12
9913 4753 15
7690 7364 4
7656 5954 12
8530 4403 11
9852 7545 7
9296 4059 20
3418 779 1
4307 8094 3
5849 2367 9
2618 1598 11
1030 2725 10
51 399 10
7346 5768 16
9121 3949 13
7581 4014 19
5690 4393 3
9586 6682 3
534 7268 19
2953 1286 20
2769 6665 7
3927 4423 16
7936 5920 11
7443 4813 20
8501 4880 2
2132 7276 9
5147 2664 13
1048 4034 12
8401 6563 15
9094 3521 19
9527 3520 9
7921 6944 17
9694 3317 16
7263 8709 11
3089 3887 14
8760 3758 16
5281 2605 17
4999 573 20
4681 5688 3
1536 5163 15
7370 5339 16
4886 5489 7
5161 8831 16
1093 8267 2
6749 4254 17
1239 1915 13
6325 5642 6
58 5449 4
1174 1593 16
5903 2933 19
8252 1823 1
4490 4081 8
4838 3308 20
8884 6550 9
7538 6149 14
7741 2657 8
429 3110 10
7633 3745 12
5841 3307 9
6068 7430 5
1963 7407 8
4735 1490 11
8947 478 20
8536 1302 10
9135 8044 12
3446 5470 9
6486 895 19
6915 5206 14
1043 4115 6
5800 7310 12
8772 5289 13
4970 9330 5
7722 2630 6
9511 9487 10
8548 5383 20
1770 9339 2
9503 7139 6
3302 8305 5
969 8525 4
6358 361 8
8500 1217 1
1571 6051 2
9262 2278 20
939 4966 20
4907 2608 5
6173 2832 11
8868 835 10
8130 9979 10
1004 4015 14
8633 3056 15
9489 1053 19
6940 2914 4
3309 5320 16
1190 1941 6
4158 6296 20
6036 3936 3
1039 1376 10
8201 5176 4
9732 6800 20
8533 8470 6
2371 2000 6
2924 6007 8
811 4872 10
7508 237 6
8000 8120 19
2472 4502 19
7592 3973 2
7888 3682 20
2567 7275 9
5770 2904 20
9257 7265 20
8157 6380 5
3661 8013 3
7098 7760 13
6951 1364 17
3400 7104 15
9917 3552 14
3038 2544 3
1568 8262 8
5229 6790 5
3488 4870 2
2470 6533 16
7863 3497 9
139 2787 10
2353 5785 16
6426 6885 3
8514 2346 8
4961 3883 16
2522 9022 4
9238 303 2
2903 4654 16
9609 90 12
893 2799 4
4398 1381 19
4027 3137 7
9578 1623 2
8376 1167 5
36 3297 8
7024 4722 19
5732 6157 6
3472 2848 9
815 6361 5
9649 8180 7
7131 7661 13
4224 1240 19
1167 3160 13
3172 726 12
1822 812 14
7158 3386 11
5460 3011 5
3395 538 14
8425 4670 18
3411 6936 18
1077 1420 8
3872 3707 3
5822 8134 11
9365 94 3
9892 9487 3
7837 272 8
5003 9426 18
6027 3825 4
2103 1487 18
444 3589 8
8700 8526 20
1085 4062 12
6410 4388 6
544 1394 6
3656 5996 2
7805 7 9
6409 5532 6
1672 4492 6
7553 8182 20
9142 3695 14
5650 4963 20
1005 128 12
8684 3881 16
3559 4127 19
7071 6375 4
1632 4038 5
6473 8519 5
7876 8921 9
2010 8581 8
713 7882 14
1188 9376 16
6657 8721 14
4066 6498 4
3831 79 19
5585 2885 11
9108 2851 13
8338 1247 1
9801 5253 17
8350 5522 16
31 7702 7
5769 6852 20
7982 3634 8
7721 5886 13
8831 264 11
5773 2368 20
118 4341 17
7850 4297 1
92 9803 19
2801 5619 14
7005 1614 4
1780 3802 12
853 1941 13
4462 3888 10
7896 2050 3
8332 6987 16
3375 8301 12
9222 810 16
2551 3538 7
7956 2395 16
2625 6824 12
1164 4593 5
7183 1204 7
1401 9527 15
5352 4364 10
152 2945 14
7433 1250 15
6207 8061 17
2106 7651 7
367 6832 19
5379 5943 17
6070 3605 2
9953 6825 17
1032 187 17
5978 9376 12
381 4245 16
9887 312 4
1153 308 6
5209 935 15
1245 3433 19
1184 7608 8
409 5730 14
7658 5716 9
6536 4757 4
7289 4492 9
5615 9788 3
3408 7893 20
7160 2256 19
9443 4207 2
1696 7211 8
3494 9894 7
2315 4853 2
1851 5781 2
1062 7908 15
8942 7746 5
9027 2128 15
8401 2357 9
4404 7815 3
1009 6255 7
5541 9642 3
1332 2764 4
5351 8127 9
5655 752 18
9007 8314 9
3119 7157 18
2863 2751 3
3915 9708 3
6548 2161 5
9946 7900 15
436 4365 12
2581 2820 4
7419 8105 12
3175 5801 10
2636 6981 16
6460 9051 20
8042 2995 14
5630 5442 14
2290 2053 18
6527 8999 7
9114 627 20
5744 9072 1
2520 5400 15
4296 6428 16
9148 1025 17
1869 5867 18
3541 9594 11
9877 432 12
4560 2278 12
1611 9257 5
2754 1935 8
3211 9058 16
1678 2967 11
8588 1209 5
3927 1592 8
4337 7292 19
8661 106 7
2162 6758 6
6524 7580 15
509 3712 2
7897 1180 11
954 3567 17
1442 6502 17
3126 5672 16
6081 2004 9
3994 8795 18
9336 9545 2
7534 5054 3
7605 3263 20
6145 8561 5
961 9605 20
3251 8594 16
4543 9936 8
5330 7213 12
5276 1228 7
8858 4802 3
8448 2091 15
9716 9670 9
5204 6190 20
7839 5692 4
2091 1605 3
7984 1972 16
8686 6773 4
212 5367 2
2374 4418 10
8208 966 9
1770 2006 20
5645 57 16
8932 5875 14
8713 3161 20
2089 3646 17
5405 9930 12
9496 660 4
8221 9485 9
8773 8556 17
920 6094 20
2059 8023 5
2056 2809 19
9479 7976 6
7325 5449 11
9158 1255 10
7517 7814 13
6026 41 20
518 9155 4
3811 3780 17
548 8961 9
1974 7075 18
1159 3283 8
6005 3295 8
9754 7106 5
9119 8413 19
5544 4160 14
9520 8186 19
4765 6929 3
3668 4662 6
8855 8539 9
5051 8678 3
5851 2287 1
1436 9526 4
7894 6529 1
2441 8977 6
3886 4682 6
8275 6289 17
5814 9878 18
9022 7171 18
9182 546 12
8619 4843 5
5910 3444 18
1334 6077 12
6587 672 3
7606 2896 2
2532 9176 7
1609 9942 18
3918 9726 11
4153 3484 7
3861 4454 18
6210 2922 17
9987 9913 11
4194 2170 14
7323 6475 7
7399 6712 10
1853 1035 18
8147 9379 11
6075 9737 8
2443 592 5
798 525 14
3279 7292 20
4737 2233 12
9878 2462 4
2857 544 19
2890 8660 20
4346 5314 2
2174 895 5
7982 7748 10
9142 6561 11
2069 4942 16
1910 6806 6
2009 7354 9
6847 9599 5
4078 1668 4
4556 9682 15
1968 636 17
7761 4236 8
5711 3640 1
1737 647 14
9984 1188 10
8424 7707 16
3292 3782 9
841 1631 15
7483 5281 1
5374 5499 18
7187 6695 7
6081 1156 19
5911 5629 14
6059 395 9
2118 5299 20
712 8835 8
494 1731 1
8972 2037 20
1885 3918 20
2374 7352 15
8406 1717 2
8446 5835 13
8676 9862 3
5008 5161 1
7940 4516 14
1037 9547 16
4469 7664 18
9677 185 20
3179 4449 5
590 7427 16
6634 538 17
7611 8643 13
6003 6568 4
387 3544 10
747 2116 9
4738 2312 7
7663 9939 10
7621 9041 8
8439 4385 4
7250 7374 16
2439 4564 4
2420 3140 2
6506 8690 12
7360 1421 17
662 3780 20
6771 4258 4
4387 4874 13
4083 5920 15
4602 2591 16
5527 9115 12
9256 9844 1
1908 5566 13
1694 586 15
8294 1848 7
9727 697 1
1499 4540 13
7774 5557 4
661 4297 2
6210 3559 15
6751 4008 3
3118 5971 7
6770 5876 7
1288 7972 13
5885 4827 10
2063 4048 14
2122 4209 18
5859 7256 5
2481 6307 1
9079 3193 8
5291 6316 3
3682 4177 12
1690 1923 3
5860 6734 1
8354 5471 1
557 6824 20
3631 3041 14
5173 5372 1
423 9891 5
4607 1530 3
9592 755 13
2045 8047 7
5900 5084 7
1404 3449 14
6079 9309 2
6638 9804 9
1246 1831 13
7113 4057 3
1196 1539 18
1093 6612 17
6890 985 10
3145 9087 11
6007 9903 13
4336 2092 15
8585 4797 5
4306 2556 4
7600 2295 6
7185 9473 17
9360 3441 19
3780 5217 3
6706 3221 12
3973 9872 8
7607 8694 8
2537 8339 10
2318 1227 20
4862 3036 10
5218 2330 17
7431 5606 17
1051 7066 10
2865 6481 3
4740 844 11
6871 3614 18
2611 1670 15
8565 2700 2
9063 2323 4
2456 6168 4
7345 8466 13
5520 1669 17
656 99 8
9740 9968 1
5981 1242 11
5800 4748 6
2904 9670 12
4213 293 12
5650 1578 12
6811 7224 6
6223 6763 18
6533 3519 10
7070 7810 18
260 8023 14
6738 2310 9
7705 5066 20
1824 5066 19
5043 6534 4
1955 3019 11
9336 6883 6
6232 5745 3
5728 3002 8
2608 7232 17
1780 102 4
8400 5893 11
4452 2143 14
7957 5943 7
8133 5763 15
4224 4136 15
8315 5157 17
3475 2268 1
4245 1678 2
4582 6583 8
706 9026 1
2874 8057 19
3429 6747 11
8940 1934 12
3697 8714 9
2075 1692 13
4931 9348 12
1835 9268 13
3165 5603 19
8366 2506 20
2909 905 16
5269 7464 13
1589 3565 5
9259 9163 11
4286 1519 3
6184 398 8
9631 8534 15
9725 3177 13
9211 3516 5
4645 9554 9
4503 2675 11
938 477 5
6497 2278 20
904 1006 19
1771 8162 9
3254 9344 9
7782 8261 12
8507 9762 20
3086 3764 4
6253 4644 13
3169 8086 9
7851 7785 9
7999 5087 12
855 9685 19
8752 4934 1
6787 3579 5
3901 6937 7
4974 5383 15
734 9064 11
4654 8027 19
3665 6633 7
8756 3765 4
9462 5078 8
5727 2870 7
896 2015 7
1097 1228 7
4416 6476 9
4821 6749 9
3892 9596 14
6177 1658 1
4557 6299 2
8946 2745 1
2478 8755 7
6794 7550 5
5657 3570 2
1794 8930 19
4051 262 20
7587 7332 12
2950 4815 15
6256 2466 3
8248 7349 6
8785 4901 8
4856 3420 1
5371 9268 17
4419 616 3
7476 5490 19
7833 6701 11
4991 7739 18
359 4998 8
6622 7236 4
8915 3421 11
4329 5066 20
5732 4086 16
4348 2105 17
4060 1842 4
8682 4279 5
5633 8522 14
9110 3253 16
5386 6718 6
5268 435 2
5070 4739 3
41 9626 13
9676 3244 9
5833 3410 7
163 359 4
6557 3821 13
1881 3508 14
6104 3690 3
7767 391 8
6489 3439 4
64 8687 7
7675 4036 14
662 9941 12
3578 1437 1
3893 12 2
2771 9315 11
8570 6522 1
6843 5933 12
556 235 6
9293 9820 20
6812 7228 15
5671 6445 2
6508 7952 6
3461 9052 14
448 7766 5
7843 4194 20
4379 2296 19
8800 1512 17
2339 9738 10
5354 3672 12
7125 2016 4
3105 4506 13
2117 7379 6
3234 6482 3
6674 2408 2
9332 4256 19
7354 2111 12
4673 6716 6
8051 2086 5
9391 5427 17
5468 5971 17
4290 1202 15
6036 3272 6
1755 1683 7
4231 5798 7
9574 9620 18
8231 8191 20
9037 1777 15
3135 8954 10
4517 677 2
5889 728 6
422 5864 8
2302 9365 4
2727 5272 20
9417 3281 18
6994 8163 9
1220 5331 7
2328 6110 5
4277 79 20
9189 2883 2
6913 5184 15
8081 2743 2
3227 8630 4
216 4146 17
1177 3402 6
9338 6636 8
3609 6681 16
7674 5937 10
396 4940 6
8389 4495 20
5658 9593 6
7898 5107 8
5560 1469 9
4126 1271 20
7806 9251 15
3897 4828 12
7141 8607 3
5782 2386 11
2445 2362 10
2005 8162 8
4068 1405 20
7815 4864 4
3695 4347 20
7209 4550 18
908 4900 8
57 1536 2
4963 2038 12
9000 151 4
6969 5482 9
8955 2035 9
1554 2690 19
6001 1868 11
42 9365 5
277 7843 16
4103 5809 18
3668 8388 3
4494 5851 6
9105 150 10
951 2634 17
2251 6627 1
1332 6783 7
2993 2044 16
3423 5933 13
9901 6211 1
4533 5524 8
611 7290 1
4230 3816 12
9077 173 4
1799 4274 5
3209 8570 7
2327 1840 12
7608 4555 10
920 9854 20
5437 4472 1
9170 6980 6
5564 6724 13
6636 7503 13
3706 4914 12
6201 2243 3
3644 3018 5
1628 8564 16
2589 388 15
6219 517 18
3535 7163 20
8180 3113 7
577 4855 15
9959 9806 8
6097 7531 15
7521 5392 13
2098 3117 14
8774 9750 4
1955 4114 3
6156 5845 15
3505 8098 4
9373 3293 1
4628 576 10
2494 1683 1
2814 7561 16
3062 4324 7
6954 962 2
3273 5307 9
347 4313 12
3666 1806 12
3554 4871 7
1288 139 1
6628 5659 19
4310 8557 9
9531 5707 17
3916 7747 19
5988 5658 8
727 1682 5
4505 1047 5
2666 7003 19
7739 1391 5
1290 6995 16
5357 9708 2
6333 5497 12
995 7087 10
9989 3144 8
1531 3043 5
5485 9335 20
3434 6507 16
5780 4392 17
6156 7226 17
6610 8874 14
9553 4090 7
1809 7286 20
5147 7908 4
6768 9846 9
970 4686 19
2972 8049 4
2916 5878 6
3543 533 4
4952 6121 8
9498 5536 8
1822 3378 17
5775 7375 20
1592 2227 20
117 1668 16
6466 1754 15
7926 5324 7
8565 2627 13
6744 3279 19
8492 7514 17
2111 3773 11
608 8478 5
9597 1770 10
8823 8330 4
9695 5377 18
614 8840 10
3325 6636 3
2221 4312 5
30 2492 18
4564 2204 8
1788 4718 9
9348 6150 18
5008 7722 1
3517 2899 17
4631 7875 16
2430 2109 12
6950 1481 4
4068 3206 3
6050 3804 6
655 8933 17
1245 9326 8
4956 3017 10
4826 2625 9
3786 7848 18
2666 9287 1
8036 7758 5
7596 84 4
3885 9899 7
8631 2310 3
4696 3561 4
985 2519 8
7857 6784 15
3670 7029 16
153 9582 12
1711 8229 7
8327 3842 15
9336 9037 13
9398 541 9
3020 6405 9
5029 9094 11
9985 9465 9
3581 238 18
2842 1075 7
8455 3187 3
7427 1777 18
5969 9782 7
506 3440 10
3448 38 20
7693 873 2
7911 1773 16
6662 3650 13
5288 6093 3
2423 6304 11
5875 9075 2
2655 2942 11
6672 6181 16
2036 7597 12
2548 8582 18
3272 6456 4
1593 8970 8
5771 1004 13
6936 4073 7
1413 2629 18
3316 771 8
1259 2575 13
8578 4875 2
3772 3744 3
5611 6256 2
9858 8888 19
5440 4314 13
6654 4912 19
1373 5449 19
1729 3148 10
8752 9468 9
4266 8178 12
607 3740 19
5047 5946 3
106 3025 8
487 1563 11
2982 3867 9
3056 5169 10
3600 4656 10
1844 733 13
858 2088 11
2353 5944 8
7225 5747 13
5605 3922 2
5517 3862 13
1513 5407 8
3477 6984 3
5396 8046 20
8897 7349 15
286 6539 12
3859 4478 8
6666 5574 12
1856 1729 1
4538 9752 7
7814 1857 2
5136 8087 15
3534 9519 18
8042 2496 6
7726 1116 17
6463 7929 15
6737 9134 5
2875 2880 4
2394 7714 10
8216 889 11
6298 7615 3
8440 4258 11
1714 8799 20
1337 8477 9
7444 6008 12
1291 2478 17
4602 5897 4
1686 58 12
2977 5859 6
4598 6721 7
1530 5525 9
1671 5354 6
7148 9349 19
9718 9800 18
7699 8080 16
7260 5265 5
1698 8934 15
8588 2559 12
2212 8053 15
4866 9046 13
2130 2917 12
2080 7979 14
4498 6908 9
2264 9958 14
7596 5725 7
9692 1599 12
4365 1006 10
8794 3755 17
4687 8960 1
138 1522 1
678 3579 1
129 1763 9
291 5269 3
18 8325 10
9894 8301 7
8622 789 9
8077 1146 11
2011 9578 2
2482 4564 7
1273 2678 19
313 9833 11
9380 9881 4
8946 9846 5
7459 2913 19
4507 3952 8
3926 7861 13
1593 7610 8
2268 5549 6
5606 3161 5
4209 1412 13
9047 776 2
7289 5616 11
5350 6539 3
4377 1188 5
9985 8776 19
7022 2633 17
7410 483 16
1236 1586 11
665 397 11
4716 18 3
3953 7482 19
394 6780 18
257 1237 18
4128 3148 13
6966 3309 18
2945 9535 8
9666 5462 14
5488 8429 11
4287 8139 8
4859 3091 10
275 3727 3
8954 5387 20
7695 6887 11
9173 186 8
3534 2930 14
9890 1204 17
3684 8818 10
9190 9681 2
8740 5426 4
2464 2750 8
2459 7116 16
2169 5654 15
9287 8854 15
2348 6816 4
7416 5103 4
1776 3856 13
1695 4753 16
2992 3132 19
8619 5888 9
3054 3668 18
8206 7156 12
3857 4731 8
6645 7898 11
5112 1324 6
8806 9738 12
9217 7408 19
1664 7761 20
9280 571 2
8163 7063 20
6395 1 3
7156 3625 17
5031 388 1
3578 9445 12
9812 3159 10
7934 2089 13
6326 609 1
1368 3507 14
4707 8942 12
5892 871 20
8849 8424 9
7103 4356 16
1396 5503 2
4749 6969 9
3551 6896 11
562 3129 17
1719 5987 5
8436 3565 13
2129 9514 17
314 6211 16
3481 8747 1
4771 4766 7
3094 6435 17
9304 7967 13
9268 3042 8
1029 4508 1
7967 925 18
4402 5159 4
783 5339 12
1868 9294 10
9997 4438 10
5283 6939 17
1132 2894 8
6873 7247 20
8412 3834 10
3875 1729 6
1826 6004 10
7155 234 18
1556 1706 17
4077 5192 16
3312 4716 11
7687 4923 5
2979 5494 6
6711 7467 11
2453 9230 20
8038 4476 15
2801 9487 11
4291 3165 1
3142 8629 11
6181 3137 16
6201 1678 19
9259 2233 14
2133 9794 1
5990 6041 18
5863 8601 20
5044 3547 19
6338 2 2
7453 5610 14
3004 7740 18
3281 2936 14
7353 5416 11
8038 7039 4
5043 9980 14
8063 3534 18
2703 5903 8
1162 4937 4
38 5711 18
4169 6465 20
9123 9520 15
3432 4647 9
1753 2097 19
5977 7434 20
3701 298 8
3289 3915 7
9049 5592 4
6823 8949 7
7758 886 11
4820 7139 11
3337 6127 1
8630 4574 17
1716 7873 8
5049 4120 7
1843 8200 1
3665 721 12
6064 2429 10
1249 2335 9
1583 883 12
4236 9892 5
2038 4568 4
9787 6449 12
698 6900 6
1838 1017 6
9128 1237 8
6042 2721 9
813 2201 5
3972 1549 17
6576 4737 5
9507 307 4
2175 5665 5
6728 4703 3
480 7157 13
6107 5292 11
4082 9169 7
3929 663 18
7984 9939 9
3397 8033 13
3214 2281 19
5356 5149 14
779 1811 10
2834 6247 8
3189 76 4
6855 2361 19
3278 7588 5
6249 2973 5
7819 7221 7
7029 7717 4
9830 1336 13
1087 3257 12
8136 9069 7
6893 9140 19
2557 5023 12
6217 942 16
7141 8497 13
2549 4150 12
7193 7085 20
3957 5968 14
8616 6377 3
6156 6931 1
1914 1792 1
6495 1257 10
5605 5052 6
5965 217 19
2358 8881 5
9351 9092 11
331 9943 5
6199 122 19
1147 7347 15
2456 2779 15
3007 1557 13
9553 2062 5
3144 2385 10
9292 5895 15
3535 3073 16
1122 6570 11
9103 4121 2
9988 1244 17
8030 9120 2
9270 6786 10
6515 6127 5
9341 9062 5
1296 8226 19
6740 2697 1
5043 2932 7
2868 4268 14
9370 5455 7
5891 1819 19
3561 7100 19
5746 3576 6
5009 6967 16
9381 7853 7
522 6231 2
7307 6456 9
6052 9338 2
3428 7129 15
1650 9791 15
1945 1452 18
1199 3103 5
5936 9296 2
5602 3927 15
6062 6980 13
7015 9705 4
6339 1909 15
3281 9372 2
6863 3389 11
4564 7019 1
8019 4891 3
8101 9325 14
1445 7921 13
7399 1013 6
558 388 8
5876 5854 11
8149 928 9
1393 687 11
8235 9631 4
8548 8514 17
5960 8023 19
1108 9499 6
8068 1780 8
3763 1759 15
9309 9140 13
7714 320 4
5209 662 9
3307 914 9
3395 2698 16
2999 1065 1
8744 3100 17
238 6890 5
4827 799 16
5308 245 8
5409 6756 12
8738 1179 15
3171 5976 18
418 7263 9
2973 9935 18
8450 5072 6
150 1702 17
6816 3126 4
9622 8523 17
1145 5867 11
3335 9736 8
3571 8320 19
4793 359 12
3380 2513 13
9957 1604 14
7320 4225 11
1823 4497 7
7323 7254 14
433 9755 9
2768 5840 4
5555 3597 3
163 6064 18
9779 1104 5
5176 288 8
7062 7482 2
3386 8814 15
7347 6477 17
8938 8964 6
1862 9886 15
232 3936 1
8507 6219 4
8269 1940 12
5796 1523 3
8135 8954 12
3858 8403 16
2109 6341 3
2668 8406 12
9416 5514 15
4749 5902 13
6319 2254 19
8919 4035 4
7626 9360 12
6871 4205 18
4733 5918 16
7924 3911 15
9007 7380 10
9400 3630 16
2513 5073 15
7213 6795 10
612 4283 6
5098 596 18
1049 9482 10
2749 8721 20
9829 3164 16
575 4826 7
4527 3171 2
6150 3254 6
8723 1687 10
1718 1964 15
186 5879 18
297 7563 18
8171 6444 11
2965 8922 18
7293 3961 3
7751 1848 17
605 9504 10
7417 9218 14
9555 7687 15
7115 8135 10
8637 5044 12
9633 800 6
6157 9887 12
7218 9313 20
4002 6295 20
5649 621 18
5137 2842 10
8602 2512 1
6817 2692 11
8411 1433 2
5432 78 12
6767 794 14
7373 2830 13
8976 8095 12
4555 1317 7
9261 4222 18
2997 751 8
781 3996 18
1299 9220 20
3767 5237 9
3986 2824 19
1641 5091 2
5426 9199 5
7678 4367 10
2739 3706 18
9859 5992 3
2218 5489 20
1972 6288 9
6191 8458 5
9650 6063 20
6881 5695 17
199 846 12
3679 3483 2
6572 7049 16
2646 3236 14
1331 7521 18
5518 7037 17
8753 6354 6
8508 4816 12
9224 6286 14
8998 1435 11
6616 7490 13
265 1922 12
5987 9689 14
6800 9370 3
1455 3622 16
8067 3822 8
192 7518 10
559 997 2
6633 7843 11
6607 2528 13
8100 5732 20
6530 173 14
5736 270 17
2991 9143 14
944 5606 18
4157 4613 6
5603 8914 15
4894 1253 7
4329 1717 20
8826 7940 8
378 248 2
7298 4123 4
8620 4471 18
2377 2507 8
188 5876 20
9830 5690 17
8150 1357 9
873 30 13
6914 1242 9
9274 5613 15
1066 1165 13
5146 8150 7
8733 9653 5
4016 9019 13
7747 8372 14
6362 9324 12
7155 5799 11
4717 3024 1
3345 4894 12
7808 442 15
6496 5930 5
6209 1940 1
1048 6318 6
7136 9076 10
1055 5098 14
588 2395 18
5196 75 20
6131 3323 20
4032 6004 5
2167 132 17
5456 7286 9
8170 7433 17
5676 7416 16
387 8662 9
2885 1181 19
1463 5536 3
5981 7551 14
3048 685 9
5479 1700 9
7216 6597 9
3297 2688 11
7909 956 15
2507 8040 4
7786 9602 2
774 7821 8
6393 4707 2
2813 408 14
6582 3104 3
9207 2141 19
4115 4663 9
7661 2779 8
3427 4490 18
6429 1438 2
5012 7769 4
3089 4367 16
3799 7126 9
8906 9585 8
1749 6168 5
7197 956 10
3139 2247 15
2519 698 1
7215 7672 4
1255 8956 12
2698 2326 14
5862 2699 18
8318 7645 20
1438 2814 4
9654 8486 5
3449 6723 13
2714 7513 14
7427 9359 7
8223 8718 1
1802 6144 4
8699 313 4
9591 1021 17
4193 9977 12
1485 151 9
7967 6647 7
1147 8337 11
6977 8929 6
4537 5908 14
4611 1904 13
3999 9967 18
4739 9970 20
1948 8395 18
6419 1310 19
6378 3780 4
4052 5010 14
7412 3249 15
8503 6793 14
9232 6915 13
4855 421 12
7810 7391 17
7315 2367 6
2456 933 9
2215 9254 13
786 9341 4
2466 1371 16
7989 4565 5
2304 6042 9
974 687 10
1750 9130 5
644 8396 2
1554 3750 5
7417 4423 16
7960 4752 5
5083 9446 16
2443 8793 18
3552 3070 18
3024 8226 12
5163 3465 4
5095 4363 11
6611 1048 11
2569 2902 9
8084 3687 13
94 7708 12
4842 1980 14
2411 8253 4
9679 3528 20
2099 7697 16
1434 4965 11
2525 8746 6
3504 8638 9
7677 17 18
9775 304 10
7135 1267 9
3201 6733 5
9724 9126 20
2765 7210 2
4232 508 2
1971 4189 10
7827 3254 8
8359 8029 8
8522 2971 12
3239 8087 14
7508 361 13
1258 2511 11
3863 8222 18
8099 6305 19
7540 8860 11
6250 7184 15
5142 8401 9
3768 9119 9
3059 4491 12
1138 582 1
2944 6149 8
263 2015 10
9264 8709 6
8065 7246 17
2105 4084 13
9515 4888 15
831 1618 17
3688 1625 12
2516 903 1
8650 5559 9
688 2007 17
4058 840 6
6687 2176 3
4221 7135 3
2727 7889 17
7763 6542 1
9231 8524 18
3974 419 19
4857 9015 17
8433 3850 12
1792 1881 13
9257 907 15
1649 9522 17
4008 4742 9
6596 4078 1
346 5000 20
4472 1295 8
7991 7926 1
7471 3425 7
7277 2428 7
9106 9757 15
5585 3080 2
7828 4730 3
7557 4595 17
7331 5754 7
6639 8204 17
8471 5148 9
4092 5663 2
549 3950 7
4170 1321 10
1943 6877 10
441 1675 18
7773 3491 10
749 8917 1
9278 5060 11
7735 7783 3
2114 4036 14
5967 758 15
6368 3192 19
5242 1476 7
1056 5802 9
8327 7265 5
5637 4400 3
3812 4708 14
3223 8605 17
6880 4758 6
1068 316 8
6589 4280 12
3107 4367 12
3972 4815 12
5733 3483 16
3256 1342 9
3792 4092 5
7054 9884 5
6290 4015 17
8746 8894 14
5780 5893 2
3792 5460 15
2466 7236 12
9917 7561 20
3377 4244 15
2540 9921 1
8291 8935 10
954 6966 20
3358 529 20
7382 9136 6
1546 9209 9
8717 18 17
9545 202 8
1567 7213 5
4057 7658 18
8490 9018 11
2787 3049 10
4021 7231 8
1797 6107 10
9333 6318 14
9296 8647 17
4494 7021 14
4538 2885 16
7255 6109 11
1905 3031 19
7228 2741 15
517 1230 2
5924 2065 19
3080 5413 14
2211 9469 5
8533 2610 16
5521 1118 4
7888 7428 4
3231 5840 13
2614 9703 6
2010 6915 5
1679 3694 13
697 286 13
5634 6001 13
2873 1540 15
5121 9117 12
2656 6344 10
9710 8684 18
7050 539 10
7833 8800 11
3677 7839 3
4037 3169 2
6451 9618 19
9951 8690 15
2119 7952 20
4812 5736 11
4345 5686 3
7401 2956 16
2574 9094 13
5851 4052 20
8789 9811 5
7935 418 2
7627 7269 18
3243 6037 16
3789 4415 5
3399 7347 14
2877 5255 20
9593 4975 18
3846 3470 13
4962 7777 20
6535 5164 19
7535 8992 19
6815 4088 5
5002 6744 17
4670 5003 7
1299 5239 10
1313 929 15
4912 6131 13
8823 8855 17
1557 7161 8
4170 526 13
8990 2690 19
2950 1496 9
9489 6070 9
8080 3432 3
8046 3375 5
9354 2608 18
9062 577 12
2282 6040 13
5789 1591 8
4043 8430 11
6890 5205 1
2626 7398 2
9480 4606 4
9678 3866 3
9395 4731 2
8959 2215 16
2505 8739 9
840 6102 1
7227 8240 15
4086 9849 3
7830 1370 10
1271 438 16
9337 5948 12
9640 1637 17
9006 3871 3
5751 691 1
9487 5958 10
8078 7625 15
2057 8415 19
7640 8234 10
3837 2812 5
3305 888 2
7043 7995 19
149 7028 12
9128 3639 1
9790 8504 14
7405 158 11
2840 5722 17
6831 5715 15
3926 9999 9
1241 9893 7
5218 9807 16
4691 3764 7
4491 7058 9
7528 5445 18
4624 6545 11
4745 6301 12
1029 7810 7
9865 6272 10
1151 2006 8
9463 7059 8
7005 2364 14
1880 2889 19
3400 3160 20
2656 9687 20
7505 1157 20
8585 9519 19
8239 5012 4
9940 617 8
733 8360 20
3111 5485 15
6862 9452 13
7136 4480 12
4322 740 18
2166 5607 9
6760 5327 18
871 4191 14
7048 3342 13
3049 4969 10
1024 5738 14
2739 5258 10
4327 6295 2
1785 7473 7
3231 9975 17
5779 6414 5
6091 4866 11
3499 453 3
3245 3142 8
601 7543 3
7373 9054 2
6244 6631 7
6416 4243 12
8104 2643 9
3686 9924 16
1940 540 14
5704 302 9
1855 3501 18
6518 8885 14
6485 7571 13
2788 7129 20
6270 7340 13
3978 8569 6
3990 378 20
9237 5018 19
8875 2482 17
5699 1887 12
8624 371 12
2153 5750 12
1609 3306 13
3707 4053 8
1837 5390 5
8763 702 9
8381 2929 7
3355 1501 4
5080 3960 6
846 8480 4
2101 2798 20
4431 2212 8
573 3337 3
3761 8245 10
9215 3620 5
5986 5831 1
7398 3539 11
6853 1786 7
5546 5245 18
3342 6699 7
7879 1965 20
5218 1941 16
3876 25 8
5603 6335 11
4238 1031 5
10000 3455 5
3912 4940 9
7856 714 9
6675 4112 7
5818 3008 7
1082 5982 20
7447 2884 20
3232 2475 15
6437 8836 11
4666 7989 2
9939 1643 15
1189 4679 20
535 6032 9
2395 4534 1
732 1420 20
3603 1557 17
9675 2872 10
6486 10000 4
4211 3074 3
2891 764 3
5033 1817 12
8342 5922 20
2976 4439 9
746 9057 1
4059 5686 4
3897 9067 10
2336 7262 9
6523 1130 20
6546 8313 12
6537 3032 14
9220 642 8
1554 6536 2
4224 7792 16
6814 7684 12
4492 9909 16
168 9244 7
2584 10 6
9930 7008 17
3994 992 3
5728 4762 4
8920 7844 1
1479 3290 9
6955 3867 6
7677 450 12
1423 7165 18
5191 3555 9
9288 3968 1
9142 8005 8
6321 4810 15
3217 321 16
802 5258 18
1999 828 14
3104 6415 11
428 5771 15
851 6125 17
8733 5980 7
1485 8787 11
4706 4267 6
6376 777 16
5118 5965 15
1493 6230 10
1548 9302 14
213 8983 16
8699 8482 10
6528 538 3
9149 7984 1
8953 4104 9
1443 7850 16
5979 9731 4
53 9972 13
3432 9118 7
1421 6845 13
9549 7540 12
267 5927 13
3983 4544 12
7313 9674 8
5151 6176 17
7486 388 17
1753 8886 15
4908 4 11
3277 8530 16
4610 4300 1
1720 1478 15
1303 9748 13
1970 1858 2
2827 4492 18
3207 7106 2
9755 8145 19
2265 9885 4
3697 3145 2
4996 7960 4
9339 4276 7
1046 1271 13
5671 9951 9
578 957 7
8293 5408 15
9883 1207 3
7648 4237 1
5940 4525 2
1583 7783 7
5407 8407 20
6983 3365 14
7533 5242 18
3186 2303 19
4082 8272 18
563 9544 7
8380 2839 18
3006 1722 16
1923 1382 18
2429 5527 6
8477 5290 11
3442 6093 6
5451 9405 3
8118 5277 19
5842 1699 3
8574 1216 11
2411 2143 10
4417 1089 9
3864 8164 6
5775 7371 10
7273 4032 15
8816 9775 1
7309 999 11
7438 8650 15
1665 4873 11
4839 7247 16
7895 8557 14
221 3039 6
5295 4613 17
1667 2117 15
600 545 20
8264 3357 11
3697 3172 3
3422 6144 2
8261 5889 8
9244 1868 18
2353 1634 13
7434 4136 14
7998 9997 4
7230 4224 13
4120 1867 12
574 8391 1
5983 6182 19
243 4588 8
2391 3093 18
4024 5552 9
5708 4381 2
9168 5740 20
6808 5346 15
9592 4645 9
5106 5727 19
2102 4535 12
1610 5529 16
9774 3019 16
7362 7057 15
4227 4091 12
4995 6247 16
2776 2641 2
1569 581 12
6767 7002 11
6 1311 3
4819 4678 20
1522 2112 18
8026 5129 17
9116 1684 8
2805 9681 4
4108 2078 19
4887 7810 6
4743 5207 3
8988 4419 16
3040 636 6
3759 3431 11
857 7690 20
5070 4447 13
90 3384 17
5901 974 19
1548 1016 19
837 6786 4
4049 4384 15
9193 3572 9
132 2934 16
4189 2325 4
6849 4398 5
1963 8353 1
4840 8818 15
3460 4728 6
9805 9204 1
5910 8306 16
7286 8254 1
8918 418 19
2714 7344 9
8983 6798 7
5021 4402 15
8796 364 12
7853 6598 18
161 9640 20
9820 5668 15
3879 2772 4
1982 5677 13
2686 5242 3
3503 3468 14
8038 7893 2
5710 6913 11
7308 5387 13
8643 5968 5
9433 2700 2
7180 2252 13
5834 1167 2
8184 3841 7
9512 8350 12
5981 4504 3
2085 7635 17
5164 312 5
6908 6685 20
193 6397 14
6892 2756 13
5183 6665 12
5456 4034 4
2458 7402 17
6516 253 19
7656 4458 17
9901 6078 15
4111 7931 13
704 4726 12
4575 600 19
7000 7121 14
8598 3215 10
3353 8244 20
797 5711 14
1762 9508 14
3512 1883 17
6654 2883 17
3351 5756 8
691 9018 19
2869 1832 12
3185 7143 3
1840 6281 8
8363 8634 20
832 2221 1
8534 7066 12
3605 7516 15
4557 8160 16
1773 705 10
4193 983 9
2122 9476 15
2657 8713 11
7439 1497 12
6498 3740 16
9226 7177 7
6606 5078 18
150 5985 7
584 4855 16
6997 5671 17
4937 5872 2
8140 3297 13
4615 783 11
3162 367 17
7669 6323 20
9688 87 15
1103 4027 6
9724 7266 2
816 78 19
1364 7636 11
9475 6950 16
9497 5139 7
9919 8623 5
6481 7181 6
2155 3369 1
1806 9120 4
2095 228 3
5794 6199 11
8591 4331 2
3568 2853 17
193 516 9
4589 2055 12
4712 4123 16
3340 2901 5
2344 2757 3
2021 8461 18
9468 7638 10
7350 686 9
2840 2575 7
3548 243 10
3933 1516 7
3015 6736 13
5702 2838 12
6670 959 16
6904 8740 19
4504 5137 11
6671 7245 15
9584 8761 8
718 9687 10
6948 6969 10
9551 9022 5
6463 5091 8
8152 3698 12
3186 3389 18
3480 239 13
2733 1564 14
4228 4764 4
553 7442 14
3667 6855 16
6382 3207 18
4686 1503 1
2436 7656 3
9743 5479 10
1256 7062 9
1925 4299 14
5053 6840 12
940 4476 12
7488 629 12
8532 4270 18
3039 1140 8
3725 4473 1
7513 445 15
3265 8808 1
2284 4562 20
6335 330 14
815 5536 10
5726 1026 14
3494 7948 19
9105 2300 2
5354 563 3
9458 1750 6
9921 7455 3
41 7360 2
6981 7508 3
1914 2385 20
5614 5910 8
3159 855 18
4102 7648 19
9690 4572 4
1195 9371 1
1730 3824 1
8559 6904 11
1442 4050 11
6559 5105 12
8452 3492 5
4491 2825 4
1910 3699 4
5306 9497 16
5643 3516 8
6524 8414 7
1127 1519 14
4129 6279 9
5190 689 9
9849 4972 14
3024 3767 1
3823 1928 2
6322 1241 6
5228 880 4
3798 3844 19
3728 4123 7
4919 2826 15
9169 7680 10
4119 2786 8
3648 8849 12
3835 2176 17
9987 6547 12
293 4991 14
4761 6427 15
7306 4945 5
8455 5735 3
7159 3381 16
3746 3062 10
1559 9800 12
7395 9383 12
4341 5295 5
6923 9277 15
7515 5192 11
1921 6126 11
4486 3136 14
606 3075 16
7712 5423 8
3478 9587 14
9568 8438 8
4295 3268 20
7345 690 14
6871 9930 11
5684 7493 3
4285 7007 8
6057 127 2
6978 8060 13
203 151 1
833 8874 9
2510 1045 18
3393 555 6
5065 217 16
5452 1451 7
7105 5481 14
403 8333 20
8868 969 4
9662 4326 14
8460 3739 2
7453 315 7
649 1891 8
7001 8256 4
9855 3662 20
7253 8959 7
2276 387 15
6565 6791 2
3424 3629 19
6311 2735 16
9874 5724 6
4229 8947 13
8054 3825 5
9640 1073 5
557 1534 1
7422 2293 17
122 808 14
6671 2484 14
4586 766 20
8320 7843 6
3537 5480 9
5179 4927 5
6331 3815 6
7623 374 4
2689 9049 9
679 8257 19
7348 293 9
4001 6984 4
4855 1480 9
6274 2686 14
2612 5083 16
3130 7301 17
7914 4240 20
7395 2954 15
9195 2914 20
5516 4452 20
7735 5037 9
7361 8636 15
3995 793 9
6440 5723 3
4064 8161 15
6360 7721 15
2468 500 18
7867 8581 2
2027 2800 2
9455 3939 12
4071 9716 18
4099 1848 5
3051 4047 10
8254 9717 18
9503 6782 20
5958 5247 11
4679 447 20
7109 6133 12
4671 8927 20
5036 6217 11
4285 7472 2
4415 7854 5
2629 420 7
4539 1861 8
4377 5817 10
9453 6656 2
3121 9344 8
1913 8403 19
9839 5245 9
6662 7086 11
7241 6878 6
4696 1312 1
2105 1440 4
3763 1403 13
7573 78 19
2274 4293 8
5398 9807 8
6945 6808 18
9098 7796 18
6684 6516 16
8793 6662 15
3000 3542 4
5373 4995 13
8159 4808 14
6531 5028 5
2016 8507 8
7326 4033 9
2459 4177 4
2869 8289 1
8714 1899 3
8102 2059 20
9629 6177 4
109 4856 10
2420 5823 3
6423 6785 15
1895 1838 6
7890 520 6
7182 8530 12
3446 3572 5
2471 6508 6
6935 413 6
1009 3860 7
5840 9139 19
1784 1086 12
642 5716 19
4887 6071 16
6623 3725 8
6221 6689 12
5983 3684 6
2509 4136 11
1567 8328 13
3125 2877 6
3549 8192 16
3853 5572 20
1801 5624 19
2657 7953 5
5451 6610 4
2448 4577 8
4547 9955 10
5177 4594 12
392 3450 17
8776 6413 13
6618 9672 14
1189 3880 6
9965 2220 16
4643 4942 19
3317 3848 16
6992 6798 19
4304 928 19
8162 5997 5
592 4516 19
7023 4972 13
5647 7388 2
993 5304 6
2714 8221 9
4024 2330 17
3262 8053 19
7017 6429 12
4932 371 2
4230 2443 3
2886 1147 16
6377 5541 3
4622 2156 7
9665 9692 12
2547 4282 13
7963 8204 8
5384 8510 16
467 6879 7
7841 6117 11
427 7027 18
7818 3648 4
3854 5281 8
7196 5606 5
2185 4038 6
9016 8594 15
3378 2892 16
9562 6440 5
4919 6744 3
3053 7380 18
3971 1394 11
5694 1023 7
3158 1279 8
4539 7244 14
1567 2751 8
5602 3974 3
9954 4887 5
7733 3976 7
1093 8481 3
1913 9246 1
1621 5400 9
1489 5195 4
6201 6464 1
24 768 3
9569 8363 6
2806 2173 1
7613 9452 16
9095 4608 10
3311 1079 1
245 8658 12
9731 7055 14
8705 3241 5
7596 4876 17
8751 9492 5
9669 776 15
717 4736 8
8507 5154 15
3915 9636 17
3550 8072 20
3631 2489 16
6861 6744 11
7275 6659 2
7034 9717 13
8311 8031 13
5620 8532 13
466 631 18
4977 3586 19
5917 4952 5
5887 3514 12
892 2080 18
3497 7583 18
5791 5021 8
9880 4404 8
6642 1074 17
4674 1802 13
1552 8207 2
9056 294 20
3536 2181 10
9316 3962 4
9653 7597 16
7731 1220 2
7709 2479 11
1227 8379 16
1574 379 3
464 4489 14
574 779 16
4075 1267 2
2102 4709 6
729 9805 11
193 8059 8
2902 6873 1
4137 1770 15
6384 2524 5
9849 4672 4
6147 4629 9
7369 8141 13
3082 6439 9
8450 2289 14
3858 5071 6
8427 5949 2
8468 2112 14
3819 4930 5
1859 2416 19
6763 524 20
5420 5838 16
4994 2835 10
9020 1191 9
4842 9380 10
6594 4882 12
4617 321 11
6418 7057 20
5497 2254 17
373 3068 3
7020 2594 12
583 6961 19
7020 7222 13
2946 5367 9
7268 1409 10
8282 1024 16
1605 593 7
2814 4628 2
6883 2578 10
2150 7673 15
5395 1079 20
9437 8239 7
9748 9367 10
697 3947 1
2830 6084 20
450 2148 6
2583 8536 12
1997 4852 1
2376 7009 16
910 7876 1
6622 6040 16
268 9071 10
4811 7768 13
606 5345 9
2271 1979 20
5460 5906 20
4995 6172 15
2404 9594 16
9742 2494 15
6115 5039 17
2591 927 15
4016 3693 12
7405 1095 5
5125 6620 1
1712 614 6
3087 464 14
9836 1251 6
2528 6249 6
5909 704 7
1096 7587 12
608 1222 14
2937 1702 10
633 3197 15
7183 8332 10
4665 5620 19
6472 4134 6
3443 6642 4
5962 4039 6
9580 8389 15
3808 5756 16
1441 8624 19
6841 7794 15
2721 1791 16
4993 3097 10
2602 1485 12
6442 9914 12
1490 38 9
5286 3399 10
5286 5442 12
242 7836 2
297 6662 10
1699 29 14
5266 6044 1
7375 9426 10
8589 7001 20
2847 4904 4
4301 6776 7
5522 2177 13
3425 6043 5
4105 5946 8
977 5342 14
1890 8693 6
3282 6674 7
7613 5642 6
4520 7159 2
5443 3089 6
2723 4594 8
605 3408 2
1780 6497 3
7965 4894 17
5742 727 14
9669 755 7
2210 295 5
6736 8805 5
9024 3971 12
3743 7865 8
9395 8742 7
2508 9412 19
5002 7679 14
670 7667 7
911 8819 3
9207 6354 18
6936 7158 13
3679 9162 20
6224 7793 3
8272 2936 12
2520 1364 19
6034 721 6
4687 7975 12
7304 1910 1
513 7190 10
5167 3969 9
9543 6486 17
9047 1238 3
8422 2931 3
8252 6883 7
8075 2865 3
772 1624 19
1278 5711 3
8067 598 5
7517 2478 11
838 4834 13
4344 3703 18
6073 2406 6
8645 609 4
191 1451 11
5032 2369 17
7442 9436 15
6659 8864 4
6737 7595 5
6769 3522 7
6104 9328 15
5963 250 13
1536 8234 14
2854 8923 7
9778 6816 3
2227 4953 18
429 9162 14
1786 4549 8
3354 3652 18
9171 623 20
6636 8011 15
5064 689 9
4848 7848 13
5057 9589 3
7045 9139 19
5847 7924 20
9587 396 5
7791 1719 14
2559 7663 8
5574 8582 16
598 724 6
5370 4740 10
9043 2913 12
3272 5444 8
6856 8463 17
2600 4314 20
9508 7454 8
4580 8163 2
6340 126 8
9367 2519 10
8995 1964 11
6868 461 12
9999 8444 14
3701 7987 17
7944 9646 16
7903 799 8
9289 2556 10
2473 7489 12
7492 9925 9
2894 9528 8
3891 5003 3
1685 4044 16
1323 7420 3
8160 534 7
6551 4219 5
4748 2807 8
8471 1015 6
386 7330 8
1182 1906 16
4303 790 20
3647 8032 11
967 2275 13
4611 2661 14
3159 8097 19
4767 4694 9
1191 2536 18
7341 8204 9
8423 8335 11
8296 923 2
5568 1014 12
4867 6811 18
2777 7463 13
8975 2274 3
4350 745 4
3808 4337 8
1002 4458 17
7195 9355 17
6992 3360 17
2526 6713 13
764 2293 19
7024 1732 4
8000 9112 15
7768 3124 11
5503 7275 16
3905 965 5
6374 3026 15
9552 904 1
8324 1976 8
4345 382 13
4515 7176 13
680 4447 8
3511 169 9
8609 3256 10
4877 1714 4
6805 5302 4
7103 175 2
7349 4014 5
5860 9791 9
1461 4231 12
3613 1947 3
8697 9583 19
440 9655 10
7162 4974 6
1126 2636 1
9650 4122 3
6908 7764 17
4951 6269 9
5157 1260 14
519 8333 1
259 4024 6
47 7205 13
4137 7169 6
6317 6979 7
4334 4610 1
7894 4234 17
6447 8167 11
5433 1553 1
8087 146 14
8488 3945 20
2133 1956 11
7895 3653 11
6757 6691 16
3727 5808 5
3604 1148 5
7153 8035 2
6901 7759 1
3352 8626 1
80 6779 20
899 5332 11
841 390 5
1789 3918 7
4518 7658 4
3491 6228 8
8424 7120 12
6069 452 19
6394 5137 14
6102 7663 18
4442 7402 6
2672 2059 1
1203 5811 7
3765 6720 12
8486 7525 2
8040 6569 10
4220 3248 13
3590 2815 14
9234 3953 10
7353 1977 12
7505 2412 14
8767 9662 14
6062 9232 15
8090 2122 10
731 7494 9
3869 8583 20
7669 1710 9
5773 306 3
7233 427 7
2346 2877 2
6890 3607 15
5976 1382 4
4405 3137 7
7332 1076 11
835 2952 6
5118 3628 10
6319 968 19
9649 2919 4
9340 2191 15
6337 1384 18
6273 5683 8
6152 7757 9
4707 9734 10
8646 9448 16
2543 1373 17
900 1840 9
276 2722 5
1587 3076 7
577 5776 12
4649 4339 14
2888 2066 2
621 2493 6
352 5815 4
2272 5366 9
4455 5386 2
3106 2776 20
1202 1403 19
5079 7009 9
2527 1158 20
3262 7664 10
5131 6771 8
7496 210 20
2007 5684 18
2418 30 10
7449 1533 1
7476 4171 1
1773 2514 8
2983 9054 2
7923 8002 12
9488 3380 9
2817 4526 14
8440 9623 18
7622 5998 20
4597 4657 14
5700 8549 11
519 5278 11
3861 4006 16
8877 729 10
2585 2186 11
7630 4752 16
1380 2379 7
2225 9116 10
6814 9888 9
1374 3746 18
3832 3 19
6680 2135 6
1950 7466 8
637 6047 6
9478 6591 15
9761 5326 9
7006 9495 13
6832 4598 15
2045 3823 4
6216 7997 14
4586 9107 7
4737 5237 3
2857 1994 17
5023 1909 18
1284 1136 6
9475 6318 17
8447 3779 3
6908 3799 9
8258 9787 9
5929 7885 4
8311 9150 9
5591 8823 12
2009 258 15
6541 2955 4
3810 3017 3
3727 9254 17
5857 8955 9
7812 7482 3
529 3357 10
8890 4133 14
6254 3752 11
8583 245 16
7446 4220 20
594 7163 16
4863 3166 17
4134 3131 3
1170 9310 15
5351 74 20
6863 348 20
9165 6080 12
5059 9020 14
2902 9724 5
2479 6688 13
1057 3289 18
5410 4902 19
7600 2300 9
5812 5245 10
1165 1210 4
8734 4839 11
6640 3595 17
4554 9136 13
9613 2709 20
8063 3711 3
2300 2761 7
7773 3338 11
5844 8665 8
3505 4706 15
852 5749 7
3320 1456 3
897 3325 13
6691 1220 14
5488 9610 7
6564 709 15
9333 4848 4
1797 6910 10
4570 8191 1
3671 1328 7
6169 8487 16
4404 1539 10
9429 6802 19
7902 6241 20
8643 2138 14
6122 3124 15
4509 7161 4
4800 2503 13
6095 1395 3
542 2059 15
1509 9070 14
3513 725 6
1762 1756 4
684 1563 5
4936 3646 5
8919 3451 14
8930 2220 17
7689 9100 18
3743 4165 4
4557 5400 19
4410 8454 7
8447 1357 20
6536 4753 19
3130 4788 8
6018 6422 1
4200 6826 14
2191 7016 19
9869 1508 3
5332 7729 18
4994 9734 3
4654 1199 11
6672 6046 12
34 4048 4
6342 939 8
7079 5794 20
4406 3972 7
6700 8801 9
478 4101 2
7338 7874 17
4763 3604 14
8773 6034 11
6698 6981 9
7353 4407 5
2862 149 16
2382 4466 11
7158 7546 20
7985 826 20
9109 1911 2
1091 2398 7
5699 4626 18
7147 6071 6
5829 5257 11
3017 6077 2
4487 8118 17
5432 7285 7
4676 1941 12
5490 7489 12
6811 9373 5
9539 8522 12
9349 9520 13
6960 7011 18
9656 3135 20
151 3767 11
7208 707 16
9294 9394 12
5238 1010 6
9065 9316 1
3396 2430 11
5444 5519 14
4841 7962 4
6056 3617 10
602 4404 1
2273 8016 6
6802 9058 14
9208 7906 3
6224 6937 10
4796 1207 15
6855 7728 2
566 4605 4
3694 7871 8
6460 4630 15
6679 8893 3
5614 8442 13
8240 4504 15
7246 634 11
9925 8778 15
7488 1102 1
1249 2302 4
7517 2122 1
4263 3799 17
344 9725 14
7448 8134 14
4788 9266 3
3987 2581 1
9795 9315 13
2474 9354 2
2519 3928 19
2526 7748 2
8183 1142 10
4644 1613 2
2761 1330 11
8777 3008 1
3140 1587 8
9003 7441 4
4687 6938 15
4450 2460 8
6574 1259 11
1834 8012 17
1242 3271 18
3547 9113 13
2692 1841 3
8559 2897 17
6314 1649 5
7186 1961 10
9522 3818 13
1275 450 3
2165 7818 11
2598 1188 2
2619 6536 14
781 107 3
1296 5932 2
3465 276 6
3466 1100 15
7121 577 15
8510 8042 7
1696 8245 13
2142 6063 8
8594 9761 6
9628 9359 18
4219 3804 2
1965 292 5
2737 7597 14
7541 7365 5
8394 5633 20
7849 3045 7
7561 472 6
2233 2235 2
9221 4336 9
3511 9135 9
5209 4203 5
9778 2559 6
5695 2946 5
3655 4324 14
2389 7128 15
8583 283 16
4352 6929 1
3253 996 11
8162 8563 11
6362 2695 15
2021 9825 13
6709 8800 5
7156 4648 5
8230 2547 11
2478 7474 14
9269 8131 1
4301 910 2
3464 1304 10
6922 6986 1
4484 8759 13
6476 163 20
5158 9842 4
7753 5624 12
5319 6233 12
2328 5177 8
4293 2820 1
7959 6827 15
8324 2897 7
9744 9814 8
2141 1984 17
6585 458 20
8672 5929 2
857 6561 19
8225 2649 9
1231 8534 3
2170 2880 4
6491 1455 1
577 7055 5
1869 8050 2
6466 2643 2
9872 4374 18
5257 6111 5
5839 7051 1
9819 3040 16
6194 4192 19
1083 8445 1
6416 3307 11
3301 2063 16
1640 5561 12
2686 9734 2
590 2496 20
3167 3238 8
5684 8651 6
451 1486 6
3412 658 18
5874 3713 18
9893 1886 8
5173 7147 1
9244 1050 15
3216 308 19
8892 1077 12
4439 9125 17
7049 7446 5
2643 9526 5
4357 6651 12
818 8755 5
9206 5825 11
8649 4226 15
4557 7796 20
9684 7082 15
1525 9896 16
4469 3651 14
7554 7735 6
5517 8157 3
9439 8816 13
4905 1396 1
7619 8833 16
187 7124 7
9804 2300 19
838 2028 18
4285 6157 13
1022 9362 4
135 5859 15
1486 4698 17
8151 8935 9
3710 6687 16
4168 391 19
2088 809 8
8675 1431 2
2209 5703 7
6902 392 3
8330 3914 8
5658 5219 2
7057 6245 20
848 7039 12
7821 929 18
8266 52 11
1555 4856 20
4720 5984 4
2498 1558 17
9463 9410 3
2811 280 3
9412 1295 7
1257 6257 16
755 1939 9
7811 5133 7
6097 2699 3
9562 1866 5
1572 694 13
1107 4452 10
846 7601 4
4116 5908 1
6937 4534 16
6770 5863 4
8769 9680 10
5451 7853 8
2736 6994 15
2611 4305 5
4561 5202 8
1238 7548 4
9327 401 6
8836 3506 13
9808 9363 9
9965 7118 10
5300 1850 5
5257 2509 18
1756 4115 2
3018 902 5
1220 6665 3
2270 5252 4
6249 1661 4
718 6120 3
2709 4725 7
5698 6276 4
3910 4099 20
700 9417 15
5025 7894 17
3495 8171 3
8658 7561 5
6523 8221 16
6767 7659 17
4893 8075 14
258 8790 17
7723 5 8
3063 7409 11
7976 609 2
1641 2754 1
8898 8109 8
3146 3976 11
5615 2783 5
6107 9633 15
9225 4231 4
2660 8039 8
5276 1514 9
4791 5766 10
4214 7182 9
312 5288 5
9898 8201 2
1015 3228 13
598 4370 19
8158 5045 8
5392 3171 16
3422 4327 8
6955 6163 9
7379 6745 11
6373 5003 3
4823 5647 9
4041 485 15
6246 459 20
7748 5475 9
6205 2965 19
823 7273 6
7538 3516 4
744 6099 18
4851 7862 10
7624 1771 19
5268 4042 1
6249 9212 14
3546 8181 19
9184 2852 19
8595 3765 6
7709 54 9
7281 8542 18
7675 8309 8
1872 8342 8
4979 4650 13
2678 6798 1
5793 7909 20
2897 3271 3
5440 3988 13
8638 2422 3
7277 2640 3
1733 7189 1
613 273 19
1787 7639 7
9141 3237 15
3614 6778 19
9424 9385 15
4290 8768 8
2028 1156 20
702 4431 19
3000 7857 3
8623 9259 6
6538 7065 10
9944 7973 19
9357 8904 14
3791 2894 7
3749 3361 19
1468 3564 5
772 5460 20
3409 2966 12
9504 927 19
1463 8549 7
9449 5441 17
33 6374 19
3689 7442 6
4988 4282 18
2213 5054 3
1321 2181 3
809 7070 1
9131 7477 2
5848 7931 14
5645 2047 15
6764 5276 5
8741 53 12
9881 378 7
2619 1531 3
1223 2217 4
5841 1044 16
8064 2073 9
4261 1138 8
5937 3807 15
9990 7149 14
3389 5186 7
3443 951 18
1266 7131 17
2173 7682 6
4106 4008 11
3249 2714 1
1631 19 15
4107 2596 9
8884 4102 13
3961 2943 18
5455 6826 12
8512 7172 15
3007 6589 4
2629 7445 8
4992 1115 16
7735 9886 1
8960 3442 18
9997 9689 12
138 2966 14
6626 7644 10
2109 9098 10
6496 6241 1
9581 1555 14
9369 3056 3
1719 2331 15
538 5165 9
1614 5018 13
1576 787 14
6880 6040 4
2090 9217 12
4164 3060 15
6250 7106 9
9520 849 19
4229 9926 19
5448 9545 19
9422 3488 15
330 5677 9
4676 8998 6
5970 9150 3
6940 5229 15
5908 8205 15
3726 3662 7
1865 353 12
187 5262 9
2588 3798 19
9978 967 12
6090 4779 1
2971 7150 10
110 274 13
6189 534 11
2145 1946 20
1987 6554 8
4011 7852 9
3283 2954 9
5549 2513 20
2414 6786 12
8460 5327 15
1701 1292 4
4901 5350 6
6575 547 15
1693 978 13
7294 4376 11
6897 6926 16
6838 5657 16
6013 8762 14
6658 2899 8
8635 8400 8
7653 9497 8
6905 435 19
5941 8686 8
7579 2589 15
8508 4244 4
2513 2532 11
6781 5647 8
1033 64 5
7797 9903 1
2667 9383 13
7581 6279 11
4181 1614 14
3253 4327 6
7164 8683 2
1989 6198 17
4122 5188 10
8248 506 11
7998 3694 2
3762 9587 11
2761 3521 5
3440 5928 9
916 5009 2
8855 4193 1
3929 5383 11
7906 1008 9
1729 2738 15
6429 9140 6
6228 1146 19
3781 6494 15
2991 2985 19
7078 6826 10
7877 9260 8
5488 5802 5
404 8264 14
2561 5581 2
500 7676 16
470 1044 8
1303 9609 6
5889 7628 8
9612 5827 4
7145 547 4
5192 797 2
5656 1058 2
3483 6817 9
913 8357 11
1990 8023 20
3826 551 10
4144 4561 14
6575 5111 8
5763 6252 9
329 8811 20
5435 8271 9
5946 6094 3
5147 8639 18
6972 2682 20
7718 9690 19
6077 7174 12
9850 7637 11
8180 6305 14
9881 1491 7
7268 2687 10
4147 1770 8
9707 5847 12
3874 6090 18
4969 3839 9
8950 9558 5
6258 7680 12
3579 3288 13
1687 2234 8
945 2999 2
1527 7555 16
8525 2453 1
1811 6 5
16 4308 20
8664 1492 19
5674 5984 8
3962 307 10
9080 4724 6
9920 2580 13
9632 5037 14
643 4831 6
677 4641 19
3 1885 6
32 5175 10
6553 2991 10
2076 5365 10
2097 5618 16
2583 283 4
8733 6657 18
7923 6150 5
221 8427 12
380 1014 4
7566 662 12
9430 7737 8
9839 9831 4
2095 3572 19
8574 5396 20
2187 1561 9
2677 8275 6
4650 1964 2
8107 9505 1
9533 8427 20
2394 4400 8
1656 4212 16
2751 2628 20
638 6903 8
5129 6249 16
7676 1302 7
9517 3197 15
3405 7405 18
7418 6170 11
6453 5236 15
6352 6877 6
368 9034 8
5358 2148 11
8613 7878 10
4137 9271 14
8261 8397 10
8065 3541 18
984 2566 8
8812 1405 6
3769 4179 8
9940 4526 10
9593 3374 10
2736 9055 7
9841 6259 15
398 3509 7
9751 550 11
3338 5206 3
3775 9614 1
3846 1841 5
3903 3477 4
7454 758 2
885 1295 1
8294 6925 11
2987 2298 4
4153 665 2
3310 7812 17
7319 4428 11
2159 8319 8
3989 1072 2
6643 110 19
2796 2259 8
4732 2770 17
3970 8860 19
9969 9778 11
9284 7789 6
2084 9128 13
9205 1827 15
448 9589 6
3737 944 18
742 4151 8
9000 3190 13
4199 4646 20
9639 6341 18
6956 9351 6
3958 5319 9
7939 3490 20
6131 4509 16
4103 1694 10
8522 9887 5
9871 1393 10
8721 4648 11
4452 7070 2
6075 756 2
5622 1233 19
7208 8536 10
4255 8597 15
7245 4177 3
380 9316 1
9341 9882 2
1614 6871 13
7151 6680 19
8180 2643 9
2754 5469 3
9664 419 11
1269 5402 17
3267 6839 8
1523 8548 19
827 7816 9
9114 2175 12
4938 6727 6
2564 4654 3
5628 122 11
7676 7128 13
3273 3963 18
177 989 11
8481 4030 15
2876 8137 16
3830 6260 1
346 6572 5
9451 2855 7
9448 1420 19
9318 2446 19
6722 6498 18
4663 6084 20
3422 6792 13
3292 2907 20
5547 1916 17
7555 6047 7
6712 1017 9
8885 8822 8
761 6815 1
548 699 17
135 5120 6
4493 9833 12
8505 9331 9
8222 8866 3
8150 242 5
3586 2323 8
9029 628 7
612 4786 12
8116 8230 11
5326 5121 14
8206 7451 18
6327 4683 19
6692 1664 18
7595 591 6
8158 3858 6
4036 5278 9
7629 2194 2
3352 8084 9
4816 2477 7
8974 6541 3
3937 7786 8
6176 5664 13
1236 9900 17
514 3138 10
5861 1998 2
210 6699 2
5436 7045 7
208 8949 16
3429 9403 7
1620 3044 19
5670 935 10
4095 6759 8
8376 5973 7
1417 4378 4
9485 4226 10
1681 9453 7
4831 1904 18
810 5906 11
9047 139 4
7661 1939 5
7710 7413 11
330 958 18
7892 4964 15
3715 2086 18
4429 5640 7
7642 3998 19
4265 5328 17
2705 9252 17
8069 5102 4
2691 5966 8
1152 4044 1
1612 4731 14
450 1907 12
3018 1924 3
5045 4962 4
5123 9460 13
7162 961 11
9302 108 15
1526 3472 1
4581 8931 20
7791 3284 14
3333 6154 9
1055 814 14
7434 9574 19
7551 5042 1
5734 5796 1
9641 4869 9
3222 8894 4
846 272 17
1784 769 4
9669 2163 20
8177 9974 4
5477 6551 3
8360 7194 6
5474 4275 5
9803 2998 13
5009 5485 16
720 5588 14
6080 1378 13
8997 6379 5
6018 200 6
8707 2511 6
3590 4550 20
2162 2750 8
582 4932 16
7503 3846 18
5024 8064 11
8308 4775 8
2106 5693 14
9170 7259 13
2006 5960 3
8284 9093 13
1252 1232 4
5877 54 7
3330 2223 18
7984 3396 13
680 1060 10
4238 2946 14
7737 7672 11
408 8611 1
3822 4014 17
1319 2428 8
5803 8105 5
7019 7671 2
2452 7577 12
293 5681 18
5874 1222 1
5468 1913 20
2926 7723 10
4556 5564 18
2045 3430 11
4554 592 11
4830 9884 12
3126 8817 11
8783 7269 20
9804 355 17
6921 4170 11
2427 7073 10
6752 9777 2
5203 1334 7
7584 3903 9
5299 3602 10
3863 7225 8
6737 9223 5
3984 7180 5
3887 5890 9
6857 8087 4
3823 4942 10
9295 3638 20
8478 1840 17
6457 6839 8
3556 4950 8
9067 6214 10
4819 9711 2
5333 9737 1
5321 4403 14
5336 7446 15
5341 9120 6
6530 1161 7
3137 1065 10
9230 7007 16
5207 7299 12
8157 3830 14
1661 2813 15
4694 8327 14
5942 5394 11
7815 1975 17
3621 4004 12
2551 5487 5
6346 6434 6
6642 5874 10
3019 4046 7
9513 2211 2
5892 5199 5
7621 3103 13
593 5541 2
8733 6578 7
1183 5818 18
6993 3170 18
5810 6639 7
3887 7253 1
497 7850 18
6598 3983 19
7349 3332 15
4481 9908 9
6105 8885 11
5279 6110 3
1830 405 16
9005 5611 10
5115 1137 18
4686 9494 18
855 2435 8
7727 5827 18
3727 2916 7
140 703 6
3883 6753 11
7493 3781 20
3648 3852 10
5224 2968 18
1146 8110 10
7676 6593 15
377 5156 14
451 3807 9
2263 3674 3
3729 4372 10
1603 1308 9
6461 7383 2
6327 3403 12
3768 8863 5
8769 4252 2
9718 2620 15
8773 9507 10
4772 940 15
4373 5084 15
9932 939 1
8216 7753 11
4381 2772 1
6724 4267 14
7205 5158 7
493 4058 9
207 9235 14
8092 7010 11
2625 6363 3
7657 1923 10
7196 9749 13
1743 5564 8
8598 6556 15
4974 5173 9
9032 401 5
6672 1213 8
6736 7762 19
8230 7469 3
6133 2074 13
1923 7076 7
7293 3092 17
6245 6262 11
5267 3503 9
5434 4263 16
218 1084 18
1008 6293 5
5534 8992 8
1538 6641 2
5780 6193 12
740 1143 9
7772 376 3
6052 8275 9
4454 9751 5
361 1377 4
2297 9826 10
9648 8460 16
6274 6523 14
2588 3277 3
5337 5275 3
8621 7102 19
7943 5811 6
8435 5126 16
1857 8911 1
7667 7495 6
9527 8011 5
6819 4135 12
1771 4120 19
1634 2160 1
5627 963 14
2198 3261 3
5373 2152 18
2820 3790 5
3821 5068 9
6784 2927 11
812 2959 11
6534 1835 1
8232 9514 10
4568 3182 15
4858 815 2
3053 9512 6
5895 6204 19
8651 8742 8
6529 8501 1
1563 2777 16
192 8687 20
5923 8968 6
9987 826 13
2697 1781 20
9556 7193 10
3454 139 12
9272 1935 1
9031 4593 11
1629 875 6
9299 5286 10
8811 4110 20
5352 9296 10
7803 358 1
919 2179 5
4105 4389 20
7409 5794 2
1572 3382 1
8901 7402 9
3631 4005 2
3465 206 7
255 9956 13
9972 4800 20
4120 8513 16
8627 3108 20
5444 5534 9
4490 6900 19
7592 9402 11
3630 1675 9
9643 4938 9
8470 9117 9
8832 3806 13
3654 8972 16
6455 5296 6
1778 7706 12
8118 2024 2
684 370 3
6213 4718 9
1759 7982 4
983 5226 4
5481 7687 3
8478 8557 8
4179 2976 7
884 5503 13
2553 1284 15
9678 2170 9
6324 8292 3
975 7269 14
5883 5869 5
7191 5399 17
9408 1536 11
1385 4927 13
3116 4095 18
7391 2472 5
3677 3062 5
3538 6480 12
4220 6974 12
9914 723 17
8130 8849 1
8676 1675 13
1777 3047 12
3532 3895 7
7185 5511 10
516 1887 15
8561 55 9
1398 3733 15
3300 659 15
7758 3432 4
9300 1727 17
6819 517 18
7963 7973 5
3987 3144 7
4878 7997 16
7207 3559 15
2879 8639 17
9290 6828 9
2658 2527 6
4604 5683 3
6536 1302 14
1017 5331 19
7578 7167 7
3425 4627 1
7074 6011 7
1878 7361 20
6315 9581 17
2889 9332 14
6855 9532 2
6279 5849 6
751 6838 7
7236 1685 8
9086 6626 12
6170 5056 7
6355 1128 14
5589 5199 12
5560 3168 15
4186 1829 19
391 5302 3
1273 6427 14
4754 1342 15
7063 7878 15
4077 7047 16
2792 9833 1
2734 25 5
744 9414 8
2145 8813 8
8307 2709 13
9428 2529 2
8856 4019 6
9055 4605 15
5248 6412 6
7309 3462 6
8690 3372 12
1851 6418 20
3549 3349 10
6824 918 10
6883 7399 3
1698 3686 1
7464 1540 6
6141 3166 16
4787 823 8
2374 2407 4
8273 736 2
9431 7171 6
5879 8883 18
8447 361 11
8996 4973 12
1015 3717 6
110 3148 8
917 5782 15
1997 8124 4
5722 5657 16
9837 5439 8
3667 6518 3
497 23 10
1604 489 3
8242 5792 5
4799 501 9
5246 5441 4
1869 8321 11
3194 2159 7
7229 6777 17
8472 3010 14
849 991 16
2135 9179 1
6553 6532 4
6840 4729 12
4942 1583 11
3290 1516 9
7051 6804 5
3194 3283 19
2365 6297 9
4321 199 16
1118 9580 3
2826 5377 12
8843 8096 5
2421 3970 16
2066 7399 9
9539 5918 15
4906 6290 17
6523 8511 20
759 7297 15
4045 9814 20
7800 1134 5
2813 7901 18
5619 4938 4
3578 891 1
7001 414 4
5772 289 8
6916 4832 5
1525 4985 20
4247 9530 19
556 347 17
439 6703 4
158 2 3
783 445 19
2228 7405 6
1442 3616 12
7357 2444 10
6479 6112 20
7641 1486 18
7588 1652 10
1721 6430 12
9746 6776 4
6286 804 20
9090 7427 8
5693 5667 14
6758 9269 14
3602 3048 5
1862 5725 9
9536 1166 13
9805 9345 15
8334 5130 17
9625 3077 20
7782 6788 4
967 8971 20
1153 8605 9
8232 5005 19
1711 4304 3
168 2598 2
242 4902 3
3243 2794 1
1203 4776 14
7198 5146 3
6794 9509 7
6777 2573 1
9936 9813 17
1762 3117 7
2900 3901 15
8096 4594 6
4136 9209 17
5879 230 15
666 2808 3
7753 1681 15
2691 7041 13
1496 8920 10
8309 2235 6
864 551 11
549 6866 16
3171 7038 13
153 2048 12
3321 8761 18
5317 41 3
2252 176 12
5362 171 13
7815 5580 15
6707 2931 17
2948 7146 19
103 1371 10
319 6220 2
9484 323 18
3984 5436 3
2738 1018 19
8114 7823 10
6100 7211 10
7213 2651 20
1969 9992 10
1568 9965 12
5288 6874 1
7144 7962 4
4420 2216 20
2896 1143 19
2854 6716 13
2515 5805 5
1531 3206 15
7188 3368 1
7618 9368 10
811 7652 13
8180 6599 15
7042 2069 16
1615 6331 17
4495 9527 9
7270 4168 1
8198 9621 2
7791 9434 11
2675 9579 9
6277 4827 2
9612 5220 10
6673 4685 2
5530 1736 18
2842 9396 8
818 3346 10
6285 9089 16
8490 6493 19
7206 2569 13
4499 491 2
7413 7756 4
3440 1898 7
2987 7391 9
3974 3643 12
8259 6411 6
8459 4321 15
3472 6090 9
4621 7049 12
6194 1 13
9439 434 17
3847 4643 2
9299 5269 3
8451 2815 20
9079 9560 15
5476 9557 7
6117 2103 15
2214 9193 18
3333 2940 12
325 7467 17
3258 9485 9
2794 991 19
1726 685 13
4641 1481 17
4293 5496 2
1003 3009 13
1174 6481 7
22 3234 8
5247 1420 13
3485 979 8
9091 180 20
9451 5921 15
5979 6043 15
4002 5049 7
4228 6499 15
8950 7480 4
2474 5973 10
1549 3430 11
9449 1405 7
8899 6814 2
6869 2838 7
2041 8757 10
7046 8015 17
1515 2701 5
3969 6355 14
9811 7201 1
1369 4577 11
1524 3665 18
1157 8651 16
3943 2072 18
4258 2457 12
8850 7013 7
6959 1550 12
3570 3778 10
6490 6482 20
4434 6814 18
2670 1525 12
3597 7704 11
6451 2561 17
8344 9571 1
8481 2086 11
4522 7944 6
5703 7854 20
7308 3851 10
869 4330 8
3206 4461 12
7557 1603 3
893 990 16
6421 9317 17
5442 165 10
4589 2043 8
1418 9296 14
1570 41 10
4966 3891 15
9956 2961 3
3505 1231 15
6522 9359 5
3212 9227 11
6427 794 14
3518 5718 8
6669 7611 7
4493 4628 2
2689 8729 10
5642 5153 19
6868 1828 2
2355 7232 16
4993 7031 6
3094 713 9
8419 3909 10
2404 687 7
5086 4612 3
3386 2849 11
8837 8363 15
1327 9579 10
9026 8374 10
8550 1814 5
9951 5987 16
5757 9541 6
142 820 18
8572 3037 12
9189 9655 18
3998 6292 19
1235 3318 3
2769 2989 3
849 4622 15
2709 4679 14
7862 2819 16
358 1669 5
5435 8805 13
9434 2649 12
6666 3552 6
6031 9104 9
9227 8837 8
3252 3610 18
5999 729 9
2248 3629 18
4882 4715 4
2889 2548 13
7760 7127 12
5782 8419 18
7775 598 14
5339 1635 10
5811 9782 10
4186 8505 11
3078 5208 18
3655 7543 5
6960 2024 15
7957 8156 18
8243 9508 9
9443 7740 2
4204 8722 17
1776 4289 17
4693 6889 20
1260 4097 20
1671 4986 15
4243 8817 19
926 9233 20
6083 4814 13
8776 2643 8
5031 2219 2
5215 7696 14
6523 4246 14
1714 3198 6
4803 5693 17
7449 6756 3
8521 7573 2
4200 7846 3
4167 7460 3
4134 3390 10
6752 1388 2
3203 959 9
3665 9419 5
8607 562 2
4942 2559 8
4412 6675 9
5026 9064 16
4608 2153 3
3007 2025 5
2605 4897 13
8596 1209 12
510 9832 17
1461 9550 12
7498 3435 12
8675 8405 6
8193 1765 12
6730 6390 6
5252 9380 4
7357 967 11
5301 6254 15
7387 5394 8
7061 6828 11
2751 6157 14
4642 4429 3
9706 1744 5
8303 2528 2
741 8950 11
9524 2548 1
7783 6801 1
3671 7514 18
8789 4194 3
2765 4297 15
6979 1266 9
9111 4505 13
7873 395 2
6783 743 8
4410 5712 16
3432 5446 6
6016 1016 3
3279 3625 7
7555 7485 8
8758 2044 14
9568 4122 6
8796 3244 18
6815 8279 11
3588 9258 14
5875 4999 11
6837 6791 1
7203 1969 18
5864 31 2
7546 6443 12
3633 8033 6
4138 5057 12
6570 121 8
7930 8247 2
4512 9992 5
1283 5505 11
7502 9251 3
2434 377 5
9832 7122 4
8651 2010 16
9656 210 3
5742 1411 13
8546 2682 15
1856 9331 20
7974 7636 1
4771 447 4
1099 1296 3
603 289 11
5921 3325 3
5471 7143 7
8640 7701 5
4368 6798 1
2357 2038 10
7829 3594 2
169 7562 7
8108 9588 13
920 4922 5
1978 3458 17
2718 253 20
578 6779 7
2174 2600 18
6359 2315 12
8015 487 19
8603 5159 5
9634 3144 4
84 277 10
2630 7404 19
5265 6902 5
857 8131 12
3589 9874 17
6880 7656 13
8528 141 6
856 5386 6
3628 2291 18
2146 8555 15
4097 3515 6
9358 1242 7
6915 8500 17
7391 457 2
9371 2590 13
1443 9394 9
3915 9744 1
1022 8761 2
64 90 4
7879 3946 11
6606 3782 18
6496 6752 12
7736 720 19
6719 937 3
1910 3922 11
135 9489 8
9684 9667 9
9554 6410 19
3968 8832 20
2235 5787 4
2523 8446 3
2794 2739 15
5049 3763 4
1135 4966 13
3874 7755 4
6589 9098 13
7099 6588 13
7641 8468 12
9282 7989 20
7251 5710 18
124 8494 9
5704 2905 19
3044 3957 19
4217 4887 10
3420 5797 7
7430 1231 11
9624 1331 10
9787 2098 16
9761 2014 12
2421 3296 9
7696 1147 5
5400 4772 19
3304 458 8
9838 9880 20
1471 1383 8
5928 673 1
3810 195 18
6317 5519 14
8070 8548 16
2096 5585 5
7473 9305 19
6673 3001 4
6004 8324 1
7565 1303 1
614 1774 6
8120 2690 8
1360 1723 3
358 7750 2
3904 180 3
367 2609 2
8878 1167 10
2852 1434 8
219 2048 6
2064 3391 6
4003 7343 15
1797 4215 11
747 1407 12
2541 4300 9
9710 5468 1
4213 6010 16
2139 4799 16
4401 9623 19
2059 2046 8
7605 2961 9
1295 1153 6
3519 3680 1
6335 8790 14
6029 4320 19
330 2513 9
8234 5172 1
402 217 16
4532 8906 13
7637 1375 3
3356 8637 14
6885 3364 8
1592 9057 14
149 3456 8
4539 2539 20
3464 5956 14
7713 7219 16
6848 677 16
1230 747 17
848 6309 15
8039 9290 13
6996 901 2
7302 5690 9
3307 6915 14
6588 4151 4
9115 9166 14
2000 5214 11
7128 9878 6
3228 3204 12
5415 4318 18
3903 1434 8
3247 894 14
3224 3308 13
5662 9335 17
9759 7571 10
4321 9879 1
5018 7392 8
747 3064 12
2748 9964 6
5653 3167 13
4122 208 18
8713 7761 19
426 7027 8
743 6059 7
247 1771 5
7956 1206 9
9878 8206 12
7719 1168 5
3816 8908 14
1094 9692 16
8370 654 18
9650 6725 12
3178 9754 2
6787 3481 12
3094 8918 3
3352 9870 9
2460 6451 20
8393 4109 6
1563 2511 15
7858 7196 3
1085 6477 10
1664 9734 17
2426 9156 7
2023 5081 9
3071 9698 20
8370 8089 17
5689 397 11
6771 4056 3
9740 4814 1
1935 548 16
2030 6131 1
3131 4290 12
2574 7503 12
2232 1096 19
2981 1431 1
6792 3172 11
2260 7794 3
7198 1484 17
3924 9639 17
7623 908 12
2281 5421 5
6703 4820 15
5302 4790 10
354 5066 17
8982 3429 6
8756 5976 8
6029 6702 9
9574 556 18
6847 4118 15
6097 6568 4
8665 2829 12
8889 9403 6
6803 1 20
1314 7237 5
414 1378 12
7214 1161 7
6148 3838 17
87 2419 18
5931 2587 8
1072 277 6
3838 5094 6
3812 194 12
8669 6820 13
2240 2925 4
8748 8996 7
6463 4595 2
1578 8758 1
772 8571 20
3102 4993 8
4015 1102 1
3778 7921 14
6853 1955 19
3038 7763 3
2486 1626 1
2680 1455 7
9612 1201 5
6537 2969 16
1683 510 19
6758 4095 18
6593 8216 11
3875 6268 17
7567 4941 4
6807 8707 14
6840 4621 7
9083 9116 6
809 3014 19
3256 4080 4
3986 6731 19
2005 4524 16
5080 5648 4
2607 7063 17
6933 4776 11
2429 2772 19
117 1868 9
6868 972 14
3200 7982 17
9632 8763 8
7258 8700 2
1700 5818 8
8310 3884 10
2383 6998 20
8819 6089 16
9674 2329 16
733 2275 19
133 6745 10
2840 7994 6
1169 9318 19
4603 2517 5
1231 592 11
4108 8743 9
558 261 7
2645 9727 7
9426 3633 11
6366 8821 14
7426 7966 12
6140 8128 12
9872 9321 14
3841 2613 3
6947 5465 3
477 4347 5
9516 201 2
66 4317 2
6514 3823 18
5117 4911 1
8149 20 20
5294 4591 10
8047 9766 2
1495 1455 3
4806 8383 6
5381 4367 1
8993 9201 9
3402 4 20
7123 6780 18
119 7911 7
6042 7611 2
3403 9974 6
5032 6651 17
7617 1598 13
5392 1862 4
3275 370 9
9043 1959 16
5324 8128 1
9616 9579 3
2237 4989 2
7850 6402 8
5099 3518 6
6611 9432 4
8704 6816 14
5583 4406 6
551 3101 19
4427 1178 12
3564 133 2
8263 3808 10
2352 6357 6
6671 6094 11
8452 8229 9
4865 2866 8
3195 3735 20
2410 6112 10
8816 3261 6
939 8236 13
1579 4233 12
5467 7622 18
2893 3582 15
1879 4815 19
6469 5109 4
9486 4386 5
2250 8873 10
2565 3110 5
4156 4085 16
8160 8043 16
5257 3556 16
1346 235 15
798 1827 3
7672 414 11
1687 3662 1
3318 8923 17
9153 8580 15
8249 1999 17
464 3399 16
9667 3773 11
3941 8652 13
6300 7134 4
3804 2676 4
6336 9166 16
3008 9652 19
8196 2736 12
9767 2119 3
1821 8457 1
2824 4496 10
7618 2643 16
8553 579 18
841 7455 17
4617 6757 11
9711 9653 2
5130 2486 2
1079 6474 7
6363 6624 2
1184 715 13
616 7912 10
486 2534 12
2358 3081 5
7532 5569 13
5952 9688 11
1112 6502 7
3725 2237 3
7202 538 15
1933 1038 6
3761 5927 8
8157 8642 11
8350 4621 11
2105 4899 8
7433 7148 17
6969 8109 5
7507 2610 18
5031 4725 13
8037 4238 8
9324 2808 8
4091 2353 9
9522 5984 18
7334 2359 8
5777 7239 20
6258 1822 8
6012 8511 8
8781 6371 19
3274 16 14
8073 411 17
2734 8264 14
7150 1291 10
5300 7954 7
5278 4897 1
4239 7982 2
857 9158 8
27 4566 14
3233 8500 9
4828 6296 10
4111 9429 2
6551 8042 14
842 7386 2
6941 4184 19
2169 3730 19
6715 7349 13
5935 592 14
5830 2623 7
1276 7533 16
4142 3276 14
2027 6354 15
7610 708 7
8000 7564 7
4880 4538 18
8065 5405 18
1999 5884 3
5624 534 20
6259 6406 14
8534 8187 9
9542 8075 2
5763 7492 2
491 1302 1
9716 3490 3
9667 5553 11
169 508 12
924 2665 7
8019 2273 1
9629 5433 11
457 5538 16
438 1065 17
1419 2064 10
7018 5379 20
3158 5876 6
1320 1351 4
1709 3211 20
8561 7353 6
7753 8488 9
4614 2648 20
8632 2627 10
9860 199 5
1801 9662 3
6496 6357 4
960 378 14
1873 5165 12
623 885 15
9033 4457 18
1266 7089 3
4972 3463 14
6718 4068 12
89 8474 10
1994 3655 20
5444 804 6
3080 863 11
3240 7186 12
7374 6456 12
4184 1324 4
7763 2858 4
8863 2943 18
3851 423 18
3340 3811 19
8417 7126 9
52 4910 11
9622 6386 6
9925 3074 6
2871 7102 16
6346 5662 16
7014 473 2
5094 8477 1
2589 3895 3
7387 696 1
6709 9650 7
8958 2168 13
3947 3177 4
4731 1892 4
1215 4885 20
2503 7003 15
7805 8452 15
3059 9647 18
6393 2807 16
7925 4638 14
8805 5867 7
8991 6304 5
9995 4029 12
4720 9046 11
4758 5247 12
4540 3985 3
9137 6167 4
6887 1077 19
1000 4161 15
7577 9282 1
5779 2959 20
9658 4985 20
6671 1935 10
4929 5568 17
6525 4596 20
6794 5491 12
318 8625 11
7258 9197 18
578 4959 20
8072 7760 11
8257 7816 12
7030 6545 1
882 5210 1
3761 1437 12
9823 5771 13
5724 2309 9
2162 8048 8
8394 204 8
7398 1590 4
9370 8984 3
2083 9005 6
9973 3387 20
8936 7400 14
1041 1586 13
980 1259 6
7271 29 9
5578 7217 7
1332 5038 2
6890 3069 19
332 281 5
3366 8669 13
7559 8268 8
8326 1716 14
945 5926 17
6542 8057 19
7288 9084 13
29 8100 11
820 609 1
7816 8376 1
7877 1070 10
7819 9018 5
2867 1822 12
1473 7433 16
4146 7086 10
7610 1237 4
6823 6482 14
7489 9296 10
9901 7972 4
6552 8934 15
5461 4810 4
2677 70 16
6441 9729 17
1148 110 3
1064 3677 11
8884 2823 5
2059 9102 13
7313 5146 1
7925 7396 12
3521 9840 3
9772 1093 8
8484 8021 6
4435 51 17
3830 2474 6
9539 1259 17
7360 1187 16
9102 7448 2
3690 1678 12
646 9005 8
8258 7165 5
3392 7272 10
9025 7694 8
54 9998 1
6815 4406 1
7523 6290 1
7017 5077 15
6604 9835 9
8298 7089 8
4895 2820 10
1980 7588 9
236 4493 20
4794 7860 12
9395 722 13
4408 1313 10
5053 2677 12
7072 2726 20
3691 5405 5
2308 3140 4
2089 3662 14
5871 6217 6
726 3928 9
7653 7384 5
3679 5748 15
2909 5388 19
841 1727 1
2199 9604 1
3403 6697 15
1566 7703 3
4285 9545 11
7438 2957 6
8871 7664 9
8984 7723 5
1113 1077 15
5316 8737 17
649 9498 7
8185 6190 17
9748 9481 12
1540 7289 2
3136 4917 10
1262 8521 6
4258 6109 1
3100 8211 4
3860 7244 9
3638 1782 20
3138 4607 9
5690 3826 14
1057 5937 16
4491 529 17
7881 5785 4
3173 8699 18
2824 3456 19
5481 1682 17
8838 3493 18
4228 9622 20
7834 9396 9
8383 556 11
8506 4745 1
5715 1943 20
6106 4132 15
4555 2621 15
8378 7878 8
1032 2383 16
2870 1520 10
8347 8907 11
9659 1939 11
8141 8363 12
7466 6556 7
8470 6143 9
8738 8991 3
2784 2560 4
9929 7479 1
8673 2761 8
4878 3051 2
1807 3208 1
6241 8670 20
4439 6168 14
5356 3135 19
1287 1989 9
8642 1857 4
8873 6284 3
3054 4876 12
8306 5368 8
1187 5950 9
6939 3506 20
4464 7703 13
5384 8501 8
3353 948 19
6967 7235 14
10000 1646 7
8886 6431 5
3948 4711 15
9443 385 15
1136 5787 1
6403 4066 2
2960 3338 18
7862 8679 15
2771 3150 3
857 1146 17
2325 4914 17
3969 7317 4
568 1263 9
6024 7830 1
2164 6830 9
9793 1757 3
4223 6746 10
7950 7297 6
3391 909 12
2169 965 19
4334 3916 15
3259 2375 2
124 8928 18
9109 4689 16
8695 1826 2
9448 7159 14
3605 3030 7
1 7684 18
6146 3818 17
655 9954 13
3447 877 2
7633 7419 12
8217 5433 13
1869 551 5
5613 5133 19
4066 463 4
1085 1219 15
2571 5042 17
6161 9241 20
854 205 8
7260 226 18
68 6152 3
7559 999 14
3606 9867 7
7348 2183 10
7817 1912 17
2061 4246 12
120 8817 11
1520 8900 5
4855 7081 19
1226 3926 6
1448 4122 3
8532 1011 17
3906 6003 5
7050 490 12
4972 6814 9
7296 7160 6
1202 4420 20
9404 8690 5
3768 4805 5
662 9929 2
3779 7944 16
3969 5566 16
6664 8434 18
6497 9478 19
2067 7933 11
9690 4436 18
549 3346 1
3676 1900 9
316 3257 20
4708 4490 18
3527 4424 16
9379 4892 1
5609 4738 19
1530 6230 1
4145 6302 1
1008 7937 2
8733 8481 17
8351 9386 17
8723 3298 9
6285 8263 3
1478 2987 6
7551 3541 17
7777 4482 9
9722 8016 17
4072 1189 10
6074 1117 12
3706 2654 19
6932 1304 4
1181 1178 6
2996 4080 12
8635 5345 1
7850 5985 8
3266 6484 3
7043 3921 6
5706 755 10
7267 6258 19
3349 7643 9
7421 1527 16
9031 5830 7
9608 6224 10
5074 1590 15
310 1432 2
9925 7956 10
5442 3447 20
9109 8340 9
3116 4685 14
3359 1497 3
7210 2442 17
689 590 8
9559 3495 3
4062 4346 3
1875 2382 15
6934 468 13
7417 8615 13
6607 5882 9
7260 5838 16
5113 3274 14
7077 9794 12
538 9869 20
9887 9984 3
3349 6166 7
8711 6043 11
3398 2723 7
9896 6686 8
23 2945 1
5016 6226 8
4433 8442 13
6939 4855 15
3071 2654 13
8052 1906 9
5876 5769 17
1359 1580 16
9753 7826 6
6915 3344 13
9771 8157 10
3000 2975 11
7539 2810 9
4136 5367 10
267 378 8
5644 7614 12
5969 1098 14
6689 5672 19
2708 1623 6
2365 54 6
3556 1217 1
2995 838 11
4095 3454 16
7894 1579 16
3521 5758 12
5130 791 17
6697 4167 10
7261 7612 16
1797 4069 20
1858 3950 2
6758 2856 15
4493 1036 12
4269 4747 7
4669 1630 6
7098 2116 20
134 3779 3
1180 7539 4
5882 9729 18
4152 7173 8
8923 8396 19
8477 3387 2
1926 3277 20
4790 2559 16
7887 3697 9
2640 3695 14
6282 6191 8
497 3194 9
4099 6680 17
1785 1922 16
2680 7002 6
5491 2372 3
9863 3450 19
3131 2700 6
3307 6383 11
283 3833 14
1044 5873 3
4620 7499 4
3747 8616 12
5684 3288 15
9499 8615 2
4889 321 13
4178 9095 10
1142 9580 8
709 6598 2
1282 175 7
9038 9616 3
7473 4539 17
8399 7954 5
9960 9796 13
6267 9871 15
7648 9127 15
8361 7019 9
250 5309 14
7820 3260 13
1426 870 12
6547 1047 15
3447 8881 2
590 5283 17
5069 1048 18
1627 6694 18
1125 7313 1
9385 8568 14
6661 61 12
686 5526 19
856 5954 16
2797 4751 3
1953 4744 14
1506 3917 12
806 8623 15
6573 656 15
9877 9805 17
9381 8525 14
5374 5191 2
9170 7777 19
4578 4938 3
9532 1225 13
2769 7032 8
3270 2949 5
1185 6989 1
1907 6430 19
1264 7710 14
4147 1818 19
6343 8826 15
4965 6678 19
2604 6963 2
1264 3097 13
3931 3247 2
1408 7552 20
9413 411 7
4928 6686 20
6188 9950 17
8304 4898 2
7121 5139 13
4832 4623 8
3191 8430 18
1022 7110 10
6934 2511 2
9891 8528 9
3564 1319 1
4923 7786 3
7915 5062 8
7667 2972 19
7288 6576 14
933 9226 8
2624 5187 2
878 3432 4
8662 623 15
6318 433 17
1669 8130 6
5138 2713 19
9287 3637 17
6461 4405 5
6144 2781 17
7999 9773 10
9882 2075 20
9227 9162 18
5295 3801 18
8048 4111 4
2093 6533 10
5171 9829 9
965 7320 2
9565 2572 13
9161 3369 13
4910 1721 9
6666 8549 8
1784 3290 8
7908 8996 10
5105 5622 16
6834 5119 13
4410 7647 1
4089 849 2
8797 2438 20
8839 6523 7
8322 1063 15
6635 8447 16
6218 2330 4
9082 8209 19
6194 567 13
1615 9815 13
615 490 18
7996 7450 10
654 6583 8
9215 9423 11
6314 2179 12
5747 1388 19
777 7428 17
4387 3190 13
2967 7280 1
6560 7020 11
4694 8714 5
5555 8659 17
8280 1748 10
9844 9414 6
8048 680 1
3088 8724 4
8257 3846 7
8362 5506 19
4702 3238 2
1002 6537 14
8293 2531 20
136 6653 5
367 905 10
179 627 10
6386 9227 20
8918 7562 4
2486 142 13
920 3765 14
7085 5770 5
1545 6029 11
5210 6796 2
4856 2877 20
2355 672 8
9985 7596 10
4341 2971 13
9557 6887 1
4996 3010 12
3542 3737 4
3583 3547 19
8096 2614 14
1781 9815 12
361 1303 12
9406 5048 2
5610 2775 17
1402 952 19
8766 1231 9
7924 8256 8
3214 6013 10
3861 5799 16
542 6134 5
9886 5310 14
4547 2763 4
4534 2440 6
738 5527 6
8557 1976 4
9814 6105 4
6024 6070 5
9524 1136 20
5194 4028 16
3804 4846 3
7644 5685 16
2056 9571 6
498 3970 12
6557 9806 5
7310 3118 12
4400 7922 5
7188 3811 19
6933 137 5
7370 9808 1
5284 271 8
7260 3838 8
3164 5576 12
8593 5833 11
2679 1302 5
2533 2850 10
2638 1293 3
7701 3293 7
7085 4128 13
3127 1343 16
2046 7677 8
6837 8902 17
9283 4286 10
1187 943 15
7980 4181 11
4143 1042 4
1071 1176 15
9951 9050 16
4862 9310 1
617 6755 5
3422 4440 18
5835 8142 15
7187 9206 17
7107 712 12
2820 7055 18
8087 245 11
2106 1126 3
8099 1041 16
5797 8554 12
8566 376 12
4794 7777 9
3333 7880 6
3017 7129 18
1180 4713 5
5348 5752 3
2711 2788 6
7718 566 15
5415 8054 12
4667 3439 3
9173 8879 11
4976 9494 19
7141 4913 3
5660 8723 6
1087 8624 13
4467 4086 3
9850 9188 7
2129 7331 2
8684 7276 12
4953 7803 2
1715 6249 1
8839 1231 8
8098 1485 19
5486 751 2
3605 992 4
4408 4330 11
1453 9677 10
4248 1292 17
1012 6529 6
8156 944 7
1504 7925 2
2236 4128 1
1113 4232 1
689 2028 4
1939 1110 20
8579 1781 11
5499 6040 17
4323 5505 6
7154 6690 18
2338 8130 5
4160 1312 2
7933 9898 1
2647 5083 18
3601 9259 7
6072 370 13
2548 9961 3
4941 1313 4
7739 1641 19
3694 6874 9
7837 4577 11
2634 4354 3
6348 4558 5
6597 8675 7
7102 936 10
6527 3874 11
2625 3680 5
2259 8941 13
889 5908 1
5606 2770 6
3505 7960 5
3621 338 13
750 9401 20
9695 7094 17
6304 719 15
7814 4863 10
2742 3157 13
2448 8791 19
9371 7821 7
4245 3895 1
4709 5600 18
7840 1471 1
6760 8503 7
7339 5243 10
5855 9195 14
5383 6572 5
5565 2828 16
2381 4702 17
5763 4204 12
5101 2836 6
3096 8211 6
2876 5613 8
6670 4427 4
1076 5120 8
4885 3147 5
479 1939 19
6831 3124 6
3788 6460 5
7172 4599 2
8946 7713 16
9568 9490 6
1594 9506 11
7946 7613 16
3046 388 1
5149 2684 7
7773 5919 17
6239 4259 6
3004 9592 15
7301 8344 18
3207 342 18
7296 7118 18
4454 3250 8
438 3377 6
6571 8665 13
9842 2144 10
4021 7508 13
5422 3869 20
8576 1486 20
8655 8724 20
9457 2417 19
7604 5591 16
4201 7431 19
8420 2064 12
2544 2760 17
8222 4430 19
4311 7090 8
9968 9055 5
2495 2612 16
388 3232 13
9237 8088 1
289 4369 5
5982 3401 3
138 1263 12
8166 4890 10
1760 5033 14
6835 6707 5
803 3383 3
4151 6621 6
2356 7673 19
7317 8432 12
3098 9505 2
7476 1631 18
2652 3829 20
1803 8902 19
8882 8511 10
1296 7210 17
1582 8266 4
2073 2470 4
5638 6508 8
334 4638 10
5395 4417 13
7919 5607 20
8548 9159 11
8558 4116 19
1421 3549 2
7350 8407 13
2090 5636 3
6606 5477 3
7192 2902 19
8575 9524 3
1995 9336 15
3589 2514 8
4517 7289 14
1170 4801 11
8483 9415 2
7334 8725 7
5742 3254 17
8696 1611 9
8846 9348 5
9255 4540 9
8043 4908 20
1150 8514 20
5632 9068 12
6004 2831 14
9307 1292 12
8511 3501 1
6566 887 12
7467 751 1
4646 4607 15
6804 8814 9
8914 2996 7
3038 3079 16
9414 9918 8
8867 8556 3
477 4360 11
1432 3192 7
5693 3574 7
1097 5383 6
7389 1659 12
2805 9540 12
1466 7420 5
2157 1374 7
6959 6071 7
8874 7109 20
8909 8412 10
5659 8084 4
9094 2742 8
485 6639 5
2977 7633 11
4994 1480 14
6489 3711 1
7898 1112 16
785 4633 15
6546 9803 1
7252 1189 2
7618 3280 7
4970 3504 19
7742 9364 18
5453 4292 9
3017 9652 17
7719 9534 19
5410 2919 5
1696 2785 19
8283 6117 2
7620 5094 20
3577 5884 13
9693 2597 5
9043 6655 5
7538 9765 7
2838 7044 1
4229 3758 5
9081 8684 8
9729 7965 8
2100 5325 9
7868 9818 1
3103 2798 15
8707 8613 4
1285 1726 6
1217 3609 10
3311 1684 2
5765 7302 17
8283 4118 3
6769 5301 14
1724 7149 1
6672 8939 8
5007 9447 13
978 7273 11
218 720 5
4484 3933 9
1348 7383 19
9060 1284 20
2548 8741 6
9774 4625 6
7982 4670 7
8970 9088 6
2561 3109 3
2968 8871 15
7437 9827 5
5983 3179 20
2235 580 15
71 4153 11
4328 905 14
4492 1337 8
4245 9303 19
4970 6069 8
5744 2735 8
2399 5085 10
1231 6793 20
5989 5728 4
6267 6604 5
3502 9914 4
9361 1169 19
2228 3009 3
2673 5025 1
7905 2914 12
1800 5286 11
3189 2654 14
3598 4704 18
21 4098 15
7769 4699 20
934 3630 14
2909 3235 7
3734 6577 2
5273 589 6
3317 660 14
805 9839 9
5309 5275 10
7005 4753 20
2911 5787 11
9259 9294 7
6879 5990 2
6300 9540 20
9159 411 18
1356 4531 5
111 7784 12
5206 7603 8
7008 9232 20
2958 7615 16
8082 3099 10
23 5618 11
7421 8858 2
6874 9994 16
1449 9527 6
7814 2305 7
8637 1534 1
8927 6422 15
7061 3634 1
3052 4496 10
2780 6847 16
6990 4517 14
8475 30 6
7946 7995 7
7068 5617 5
5317 1762 2
5167 8903 6
7571 9114 7
5866 323 2
8915 3012 14
7909 256 20
442 407 5
7492 6336 5
5904 5223 16
5402 7169 19
9153 8523 16
1936 7225 12
8190 1853 6
650 7000 1
279 2220 12
112 1865 2
3432 8713 10
452 2417 16
7444 2821 5
281 8734 7
2845 4611 1
7952 6555 16
10 5792 8
3162 7305 14
8561 847 5
3721 5952 14
1539 2135 2
6449 8217 13
6969 9648 10
270 9240 8
1066 3166 15
9937 2209 11
5289 4065 13
5483 4099 6
7408 6950 8
4039 6187 7
5412 4652 10
3581 8170 17
8405 3363 1
7844 4528 13
6743 5963 11
5563 7865 16
1320 4997 3
8205 8383 9
8602 803 8
1897 8915 19
6644 4828 14
1029 4366 16
8620 681 9
1918 8090 20
2992 2381 12
179 6793 18
5953 6276 19
1086 1841 6
74 6458 10
1832 7885 15
4164 6441 8
8410 457 5
8168 3335 3
7328 9161 10
8700 2413 11
6603 4828 12
6964 4399 15
2337 5097 12
5252 6285 12
2854 4897 6
5259 8429 17
4122 3655 19
7459 6545 12
9379 5301 20
5449 4975 5
554 5720 14
731 8006 17
3246 4234 8
2507 7534 14
8889 3576 2
3659 9619 1
6599 6647 18
8362 5841 8
5612 634 7
8804 6971 9
8494 2980 16
120 4103 6
3401 5718 8
7042 1080 13
5950 6248 20
2529 2652 7
1330 3960 16
466 4096 19
1971 4504 10
1609 6171 14
1446 3722 17
5410 9449 19
6222 6439 8
9637 6251 16
1930 5543 20
273 7568 6
877 7357 3
543 1997 18
9710 820 8
668 6111 13
1 6845 4
4371 1225 13
8787 7076 6
6970 4037 17
1200 3087 4
808 5649 7
5490 4176 10
4333 1622 15
9857 4527 14
4884 1734 12
3152 5480 14
7390 5467 11
9951 8440 13
8520 1055 17
6 4097 3
6076 9292 20
237 8153 6
6716 9041 5
9396 5892 13
7993 1825 7
9120 5402 20
7632 8769 17
349 3272 5
4408 2304 11
7826 6771 3
1464 7692 10
3509 6501 19
9662 7032 15
1291 6706 12
2682 8096 7
8526 8941 10
4893 9107 2
6131 2526 15
494 1772 4
2107 7344 15
3280 930 15
3052 8917 4
9433 5131 20
1299 9587 13
3454 1515 12
179 4935 15
2015 295 10
5662 4949 11
1397 1381 7
4173 2565 18
8492 5345 7
6133 3495 17
7146 651 1
7238 913 16
86 2885 4
315 4783 13
6643 9110 7
925 8395 20
3066 2995 2
9986 4432 2
9642 1069 3
7093 3406 17
6265 4928 8
8016 144 16
7255 7071 19
2813 1709 2
6838 6499 5
104 6063 3
9216 9289 9
3079 3141 7
2854 9685 3
7516 4808 14
5559 9530 12
7790 6568 11
8907 5528 20
9848 8702 15
8136 5548 18
8969 6011 5
8774 5617 12
9457 3133 16
9046 3701 4
1428 1573 20
1664 3241 7
1540 7876 1
2713 1938 2
4599 1965 14
5468 8997 9
2595 7395 10
5374 8476 16
9671 6807 13
8067 9278 4
2385 365 13
1939 8540 18
4865 1410 14
3701 1283 7
8471 2036 8
6374 4851 7
7901 3849 13
8752 4642 6
5207 5845 13
7409 2012 7
1416 1357 14
1400 5423 2
2853 6312 11
9756 730 7
5970 9747 1
4778 5012 15
6061 2749 13
1432 9557 10
4734 3703 12
4821 63 7
8038 6236 18
7323 3495 14
3649 8629 6
9071 8626 9
9166 9906 12
7396 5805 4
3210 7288 16
857 5468 4
3367 9229 6
1813 4336 17
5353 2521 8
2055 9773 11
8999 6204 13
8624 1067 10
7395 317 7
4263 4911 3
3461 1645 11
7128 958 7
5641 7747 4
4260 9865 12
1655 475 3
6366 1961 16
6849 4258 7
3791 6902 16
9632 8107 5
6380 3452 5
4629 9779 19
3618 9163 13
4638 5131 18
8921 9123 9
9248 6456 12
3913 4221 10
4441 4078 17
5570 2119 9
1743 6752 9
6663 5801 18
2639 3263 12
1129 4582 7
3612 9278 19
7897 918 13
3348 7689 2
1748 9052 6
911 4030 16
5266 2654 20
4142 4072 6
4333 3571 14
4918 122 10
7499 9122 12
6615 1959 9
5546 5422 17
8909 1927 4
7087 7251 14
8243 4206 9
7569 4939 12
4927 1216 10
5511 4886 2
8121 479 5
7618 6110 5
2034 4788 17
6431 6184 2
5734 5364 2
7480 5697 13
8553 4232 5
621 3832 11
8661 7087 1
4581 7633 2
7227 4692 8
8979 2378 8
9330 6407 7
3489 9132 3
5241 3627 17
8985 5087 15
4869 3 17
8424 8990 20
4630 225 2
5728 2987 5
4692 6014 9
9445 1266 17
4984 3414 12
4478 1463 17
1864 3934 1
7063 3597 8
355 7985 4
9435 4078 8
4121 3673 4
726 7311 19
1326 7027 14
3229 3388 12
2941 6078 19
1594 9018 11
6677 3585 10
4813 8872 15
5987 821 10
7921 5804 7
9574 7477 3
254 1050 19
902 3435 5
3618 8417 5
1631 410 9
1198 7057 13
3365 5061 1
2939 1721 4
5069 8795 19
4132 7428 19
3047 6519 1
5355 8720 18
5737 5407 10
6445 6497 12
3395 4633 20
7013 948 20
5059 171 1
3484 7051 10
8341 9918 17
7131 1177 13
3625 2940 16
8964 3508 6
852 7081 19
2203 7744 1
6025 4023 17
2284 3634 9
7112 2854 11
8288 3118 16
3275 3639 15
6280 4775 19
4128 8233 9
1567 1616 18
1442 4058 10
279 1745 6
6122 4366 14
5508 2291 9
2249 8481 16
2069 3849 12
5811 7925 20
8177 3817 13
3683 8954 6
2806 9040 13
3797 5105 4
3547 7920 16
4468 2868 18
5301 2620 19
4921 4341 5
8121 6276 20
836 5047 5
6175 1736 1
2825 2723 3
770 957 2
2442 1749 13
6936 1250 13
7232 3817 18
202 6603 9
3069 4984 6
7553 7639 2
5813 9873 13
8944 1412 7
5838 5634 3
5179 1216 17
6537 7340 15
2719 7432 12
8907 4259 15
7781 8073 3
1818 9668 4
3431 947 14
5525 6979 6
5205 5647 17
4952 276 6
6160 7097 16
3337 8581 12
8236 7071 16
8636 4701 11
4931 5480 7
3571 7803 17
4227 5975 8
8224 4911 20
5868 8175 19
2871 9204 16
5350 4924 4
2769 8392 20
7480 484 15
466 8407 7
4370 7811 19
313 3749 14
4751 1291 1
7863 4899 1
5607 6148 2
4945 9500 8
8087 1306 1
3164 221 6
6420 5937 7
8202 9835 13
1277 5648 8
6811 5645 20
3698 4380 11
6180 9576 11
2968 6237 20
8669 8157 6
3144 8015 16
5504 4445 6
6835 4901 16
5321 9703 14
7634 3406 9
2552 5254 10
207 6438 3
499 2321 1
7445 3487 6
6118 5634 3
4955 9089 10
4328 6400 7
8570 6819 15
1465 5435 3
506 7004 6
5246 7343 9
8558 9253 14
4715 6138 10
9848 8301 15
5585 6355 18
2139 5383 7
9271 8819 13
1727 474 1
449 5957 2
5597 5172 1
2800 5985 17
1252 7685 1
3823 2322 18
9581 152 9
292 8584 2
417 9198 4
9871 8746 5
6955 4901 17
6967 7116 9
6295 9480 8
7552 9851 17
2050 9464 15
8788 4234 12
203 8693 2
5759 5442 6
5317 9792 6
3989 8138 4
9890 4244 13
3538 4438 16
569 6135 12
12 7750 6
4162 4096 10
9417 6921 12
8535 4354 5
34 3635 2
7694 6620 17
2423 2836 13
3384 8971 10
4676 5650 12
9126 1874 3
1559 245 1
5588 3830 13
3589 5483 9
7681 2643 9
4659 4080 14
6527 872 18
4469 5678 2
7328 3504 10
4710 9447 15
3194 1052 17
3753 4574 10
1240 5231 9
6889 5375 15
1339 3529 20
9404 8579 7
8803 6192 3
8179 6009 13
2817 6662 10
3835 5220 10
6220 423 20
8482 7474 12
7999 2246 17
2502 3078 3
2814 204 4
2351 8768 12
7130 6631 8
9114 3197 18
9696 5269 1
8055 4706 6
1866 5148 6
2579 9221 13
8855 9581 8
1084 5242 3
5075 8515 12
3430 2452 5
8480 7269 2
2370 8033 6
294 4985 2
6772 7431 16
4000 8960 13
2366 2160 15
49 1762 14
8914 1119 17
5506 421 4
1665 2751 6
6038 4061 1
8157 3103 1
7764 2981 15
4572 4116 10
5363 5181 11
4739 4811 18
3782 6196 11
5140 4385 8
9302 5211 2
8820 1624 19
8857 6155 10
9869 33 3
6692 9247 3
9951 8435 3
4008 9363 4
1883 5929 13
8974 6326 5
4817 5432 12
5710 7414 11
555 1232 5
9895 1702 15
9263 3737 7
5644 6360 18
9129 3923 11
5886 3366 9
1052 6575 13
2717 363 13
2372 2880 18
1787 7425 6
590 8953 10
6016 9495 19
7061 7013 12
9777 1073 5
3747 5400 3
2968 2639 4
3605 5692 8
4680 5456 14
6904 6188 3
4988 9799 2
6132 9869 2
1405 2818 13
7954 1014 9
8703 2683 16
5470 7000 8
7615 1000 10
2109 7937 4
1731 5715 18
3104 2405 10
7135 7574 12
9865 4071 8
2055 5563 17
8225 4963 14
6188 7005 9
2060 4997 13
5858 7 11
1668 4497 14
6418 299 14
6362 4370 4
1971 7339 7
9395 9508 11
2262 3798 20
3817 5019 5
7278 4688 15
1759 8318 3
4008 784 6
793 6267 17
685 5881 14
9482 5360 16
4860 5693 6
1064 498 13
4185 9293 12
6621 6212 12
6109 2808 15
5275 1437 15
4940 2471 9
7614 1633 13
8792 4380 6
3120 4212 13
1421 9793 11
7362 4819 17
3546 9351 2
4936 7917 10
7054 1879 17
2073 5454 3
142 4642 18
4889 6436 18
3277 6559 10
9679 6024 1
4302 6964 5
1305 3868 7
4878 7677 2
9511 8152 15
6845 5997 4
4239 110 7
5178 3756 8
3675 6439 9
1493 5510 9
6715 4740 14
8222 9089 19
3479 9866 17
6555 9486 11
3454 3530 20
1930 354 3
1580 4945 12
5204 9400 7
331 4409 19
7564 315 9
3241 295 2
4507 8360 18
5748 5768 10
5889 4920 15
876 2158 18
7962 4566 1
2121 8264 2
1408 6710 12
3535 8414 7
2249 5298 6
99 3635 7
9835 4443 15
6294 2946 14
223 8318 12
1510 8857 16
8458 7038 2
8029 8807 1
9771 8193 10
8940 8592 3
6606 665 14
4263 2443 4
3079 608 5
3510 9583 7
5271 4514 18
1641 6134 4
1377 5311 9
6982 3615 16
8699 3649 13
6670 6592 11
6094 6894 15
2255 6309 2
2204 9699 5
4508 6470 8
6900 424 5
1589 4407 16
7452 8244 10
220 8802 17
8395 6237 18
1353 3266 4
7272 7684 13
9183 6366 19
6265 3240 9
20 6125 14
1366 520 2
3156 9837 11
7264 2355 5
3117 8165 9
7364 6872 16
7167 9534 13
7086 9887 15
5532 2284 14
2167 2257 4
7421 198 3
8615 168 19
7318 9048 12
8837 4248 12
9515 721 8
5370 5182 20
1483 9197 10
7031 790 16
1292 189 10
8838 7447 8
275 2719 20
119 4651 16
1 7292 2
2991 6152 9
5535 1199 2
8857 5299 20
9564 9579 2
5466 6778 4
3763 8248 11
2609 860 4
5702 6315 7
1866 2418 3
1385 9310 1
5850 5409 11
407 3155 14
4590 3842 17
8312 7532 14
1863 2249 3
5163 1897 1
4176 3283 13
6604 5759 15
3648 9904 8
4154 6004 9
9283 4365 15
182 1675 13
8850 2223 3
5625 3063 2
5393 1717 9
1371 7761 9
2171 1630 6
1749 7236 16
3848 509 14
5362 9410 1
4376 1791 10
4583 4195 2
920 7107 14
4815 1996 8
3734 4158 16
6281 4741 9
9122 585 9
5508 6007 12
8153 76 6
1054 4193 18
5527 4522 9
9615 2371 16
1940 67 9
5849 6530 9
2628 6644 15
1478 8601 17
399 5995 20
5229 3012 18
9854 6297 18
3238 6756 10
5510 8771 9
74 5217 12
1495 9192 13
3123 9828 2
3723 3491 19
7520 2836 1
1876 865 2
4817 9014 18
1266 1077 12
83 9201 8
1808 4687 4
8873 1433 12
2269 1179 4
55 6439 5
874 5334 10
4303 9993 11
3660 6307 20
5903 204 19
7792 9188 10
4696 6361 19
4204 8879 6
6246 6844 20
7934 2733 13
6816 9384 13
544 1913 18
5254 4901 14
2398 1479 16
5617 6426 16
1000 3820 2
3231 6153 7
5844 9373 5
6727 8952 19
3029 7589 18
8648 4298 3
6653 4215 20
1528 3326 2
2941 5312 14
4794 8403 10
5293 6686 13
5865 1320 8
122 6310 14
9508 273 20
6955 5718 19
4211 626 10
1201 4651 17
943 5110 1
515 7101 2
9116 5138 14
1930 7918 14
3545 7709 14
2479 6073 10
1482 299 4
36 8897 4
9623 6071 7
553 8375 9
2361 1015 18
1290 4096 16
1980 7720 15
9049 1446 16
1157 5033 4
1598 6566 10
9823 5271 6
5518 8058 10
2059 8902 2
5272 643 12
2 9033 5
4260 6357 13
9970 4183 6
6883 930 19
7269 193 4
90 9896 13
8207 5908 7
4732 8110 16
9986 1775 18
4469 1472 18
1709 3911 11
4465 8491 2
3674 7274 18
4269 7844 19
1714 4916 1
4874 794 8
1988 5650 11
2475 5811 6
454 4185 15
8558 2686 1
831 4942 8
3078 3251 4
823 4975 6
4749 2420 1
2181 1960 10
9536 5549 10
1391 1379 17
5805 6151 6
9400 9816 15
5464 1149 13
6767 1690 20
6620 1081 16
4514 5356 12
3701 2510 3
2988 5769 2
7337 1509 19
1213 698 16
6789 8474 14
3519 2566 15
8743 1640 14
1337 5607 8
1225 9415 19
1122 6501 3
6839 759 10
3700 8735 3
7126 823 8
750 3050 5
6233 8068 4
8108 4425 10
8721 5694 2
7945 8687 15
2759 7474 12
7305 8863 13
6639 3951 18
7076 6905 14
358 9184 19
7583 7695 6
863 6488 7
7579 5733 7
4770 522 17
9863 2665 7
6174 4466 18
4381 5345 12
413 4674 16
9397 8222 11
8446 2910 7
3539 5921 2
3355 3461 20
1532 6697 13
1419 7570 4
645 409 16
6501 8641 20
9207 1109 13
8771 2042 16
175 6713 2
6433 252 14
4138 4370 5
5000 9681 13
3610 6880 8
3682 6855 7
2189 9741 8
5132 7095 17
3391 8584 5
8218 6089 14
3249 8772 14
7761 9125 20
3230 9219 16
1168 7264 8
9251 1739 7
9763 8196 11
3524 5721 1
8952 7706 20
5687 9174 5
2860 7621 2
7842 5718 19
7366 2202 17
5351 7547 14
1627 6850 5
3634 1772 1
3334 1230 18
1072 8923 4
3384 5930 12
6637 2841 7
4739 1780 2
8550 9061 5
6960 5586 17
6944 8381 7
1882 8356 17
3287 8687 7
6896 2143 10
9764 6179 20
4754 6736 5
7475 7610 3
4873 137 16
8451 7298 9
2003 4319 18
84 3834 18
3496 2386 12
1903 9433 10
4169 2993 14
2576 1142 16
1992 1292 5
3207 2348 20
9754 3477 18
5316 2970 6
2685 6417 19
3739 7430 19
9892 2158 3
787 7743 1
375 8213 4
6422 9332 9
7844 7356 20
2357 3132 1
8632 1631 20
403 6642 3
6333 6766 19
8227 179 15
1691 5885 7
5583 8670 11
2013 1596 3
8263 6802 18
8106 3837 3
7798 9822 9
6677 474 2
841 140 12
3 2816 7
1938 7832 19
5870 9104 13
8556 7068 10
5664 1826 8
2149 9141 20
4730 7519 2
1489 8398 19
1305 173 10
9903 7914 8
6486 5270 16
2810 2066 14
5775 2708 15
7442 9868 10
3890 9498 2
4374 7014 12
4382 3475 17
2219 1286 16
8691 7867 2
901 375 15
5863 9868 2
5507 7137 5
1614 2154 5
4874 6028 17
8720 9286 10
9675 1464 18
9113 5184 1
4678 7526 17
2626 6903 4
7725 9310 13
2903 7858 14
1820 2064 4
7959 601 14
8855 8309 14
8423 3033 14
568 9527 17
7909 5968 7
9019 8038 12
8514 8597 8
7409 3678 19
754 4242 6
2009 8479 9
1287 6201 12
165 2522 20
8044 8120 1
2853 4660 15
910 7417 10
1501 9309 7
5789 9401 16
9628 9406 7
606 3191 4
4622 1385 2
9921 4511 13
6521 1954 3
4594 7733 18
583 3610 6
9692 8937 18
9598 3574 8
4775 4685 10
7969 8504 9
132 3320 6
758 9198 14
2739 8260 9
40 5360 5
9519 2238 16
7135 407 3
8058 5204 9
2529 2951 12
2803 121 13
4012 5733 16
5611 7472 4
269 659 16
1775 6310 20
1984 8358 15
4922 8041 5
4834 1485 4
5106 3353 13
1022 9963 15
4258 1400 11
7169 4270 10
7887 6034 16
613 8008 5
9041 6284 8
4811 285 4
5394 6306 5
5345 6400 3
7687 4251 12
1749 9675 14
9771 5187 10
4948 9238 16
52 4909 2
7123 9940 13
5820 317 3
6108 859 3
3894 6186 11
73 5434 13
5498 4413 5
245 8728 2
8516 6638 7
5733 3671 2
8245 9977 6
8230 6864 7
9442 7819 1
9665 2215 10
1133 9736 17
7665 5517 13
4185 2404 20
7916 7912 4
5291 6885 4
3515 9997 13
6298 4658 20
1057 2551 17
8928 202 10
8771 3791 4
9784 9798 3
4152 8640 14
6581 6610 14
3911 6487 13
4855 903 9
8081 8570 9
5735 9471 2
986 2835 7
1965 8813 2
4520 1317 6
2102 9554 13
666 8560 13
7307 6499 7
8347 8217 2
3025 4242 3
198 9301 7
9680 163 19
8383 3108 4
137 8316 18
6404 355 13
9650 1667 13
1736 392 9
9304 3537 5
6567 6159 16
4642 6421 16
6608 8070 17
1860 9238 4
7351 9508 13
1587 9363 15
2647 7235 20
2733 2558 2
5330 4961 18
8319 4114 3
8066 6126 6
5784 3306 13
4968 5331 19
5151 389 14
7239 1827 3
4606 681 20
4588 6248 1
652 9978 2
9245 7528 11
462 9203 3
3950 5097 2
303 5449 19
297 5177 18
5155 8855 16
1021 4682 6
9225 255 14
7211 3290 6
6233 9086 9
1745 200 11
7176 7379 3
2528 7312 16
1179 847 3
7151 343 12
5920 2040 18
3673 3189 9
809 3834 3
93 654 3
4713 6569 18
6641 7102 19
3585 8776 11
6461 1193 16
5474 4538 11
6740 3427 20
8901 1304 12
7486 977 11
1978 9970 7
8819 2931 16
5564 3005 2
8821 9987 14
5599 1438 8
9085 9880 13
3279 4524 9
4978 1763 20
5678 5720 17
4864 8310 4
2761 2010 20
9927 4403 14
8573 191 3
5349 5188 19
6275 3514 12
5451 286 8
5904 4616 14
7075 6717 17
7394 2637 16
3076 5858 5
4223 3465 1
8467 7423 8
8678 7179 7
4763 471 12
8696 2862 3
3977 4117 6
1577 6054 14
6433 3826 6
4702 9243 16
9674 810 11
8410 6038 13
1910 173 16
7205 6570 20
7617 6644 12
3340 8136 13
7970 4350 18
5201 806 19
596 9219 4
4999 8504 12
9956 5977 3
6403 5661 10
5708 8445 11
3409 358 12
3407 5676 20
632 4557 14
8970 319 3
2353 7373 10
4189 9902 20
1077 1357 4
9566 3610 15
2441 6535 4
3475 3933 2
923 4564 13
522 7024 17
2311 9157 10
299 3338 3
4315 1118 20
5835 50 13
1296 4708 11
7609 1497 15
1998 3666 9
7136 1632 4
129 865 7
3677 2754 18
6540 5864 13
8812 6228 7
8426 7189 8
5646 2470 16
6350 7279 20
9742 2034 11
5024 7348 18
7167 1368 1
2619 6980 3
2473 6360 5
9814 9576 8
210 8625 12
5492 4486 12
8165 9751 19
144 8387 15
5891 6950 8
5237 6959 3
45 8307 10
701 4570 10
4455 3330 17
2960 2661 19
4554 4421 17
4152 4550 15
6443 4035 12
7295 7990 18
1365 3683 16
1907 6012 17
9937 1403 9
158 6585 18
6019 1520 18
8999 8149 1
1165 1036 2
6106 4600 14
8097 621 13
643 3344 8
4294 4471 17
1955 3987 9
9528 6116 2
775 1564 9
7390 1995 20
6946 7576 10
5122 3573 9
9733 9210 20
60 4350 2
5086 7431 4
2259 9895 3
5788 1144 7
9065 2658 14
9033 5513 12
5019 5765 19
7498 5185 15
8381 8990 16
4858 408 14
736 2554 3
7605 4648 18
9574 2270 11
6543 4673 5
1217 9842 3
5981 9612 13
9991 9650 14
5674 1725 8
6254 3431 14
8776 6126 14
3683 760 15
8396 5143 6
3596 5997 18
1410 4070 1
3317 9725 9
8346 3056 10
3869 6355 2
2728 12 12
591 7134 15
5731 4598 12
1972 9455 18
1929 1035 11
7496 7646 17
3219 8714 19
5582 5836 10
8225 5800 2
2986 1405 12
9696 7000 11
9077 2954 8
6187 9464 2
1681 8925 11
2422 3097 19
2055 3179 16
8873 8216 4
1208 4025 5
6345 4284 13
7516 8205 7
666 1759 7
1252 1707 7
910 9275 15
4333 5681 3
736 1351 19
1180 6097 13
7662 4065 19
8137 9855 2
4660 4194 10
4823 3876 8
9809 2481 1
4681 2796 3
303 5903 15
5293 5614 11
5915 4521 9
2555 4498 6
735 5172 14
2402 4319 11
5374 5741 16
9572 2258 12
5291 2526 8
6132 4643 14
3300 632 4
4055 3408 2
268 6348 1
7726 4027 8
3583 5124 1
3980 963 12
2514 8082 15
1916 4493 5
806 6162 6
3154 6511 14
4903 7714 18
6791 306 7
4326 2797 17
1981 9369 6
8059 5037 13
7634 4323 8
5628 2961 7
8035 9616 17
7524 2208 20
2586 440 13
2995 8417 1
617 8026 20
6088 4002 10
708 8134 10
6886 6158 8
5251 8970 4
4930 7970 5
6471 1387 6
6603 2218 19
5329 7444 10
1750 1511 10
5362 7217 2
6577 4100 7
8397 8866 1
3418 6519 9
8240 9652 9
5392 4469 20
4985 9662 9
4282 6130 13
2496 7720 15
4837 4208 4
2239 8261 17
6143 8495 15
7641 3315 8
7871 785 9
1801 7965 7
165 5916 1
6179 219 13
3809 6148 4
8455 5514 7
7774 4588 3
5096 6101 2
8460 8350 15
4679 1275 2
6575 9777 1
4256 8067 2
2543 7856 19
440 5011 16
8862 6706 7
3651 5408 19
4726 3279 17
2367 8399 12
7310 7759 14
3344 7906 14
8069 5960 20
291 3500 17
6304 696 13
1541 6467 16
8295 9976 17
8444 1386 2
5119 3923 13
1503 9717 16
2784 7426 18
686 105 20
542 1924 1
4521 826 12
9588 7121 16
5501 3574 8
1785 7808 14
4249 1764 7
8985 1397 16
1633 7051 12
2799 9827 18
7117 7063 13
2904 6962 1
1473 6440 16
1920 4216 12
2652 5776 18
115 4236 13
5845 8586 5
5056 1439 9
8417 168 9
7963 5078 1
8092 8222 17
9407 625 10
506 5890 2
8682 273 3
180 5242 2
6730 9416 3
2950 6854 14
1008 3130 7
6192 7937 1
6891 786 15
5445 6513 15
1028 9091 2
7021 7497 16
9825 8829 14
8897 9634 8
6224 9835 12
4501 4435 12
1173 4789 8
3170 9211 19
690 257 20
8157 2925 1
2754 4000 2
4518 1801 14
2307 2891 11
6979 5888 6
5047 6131 16
2166 2361 3
6478 4157 13
103 409 9
7427 7478 15
7085 7904 14
5047 4349 8
9555 1903 10
8676 6267 17
4156 4142 4
7132 8027 12
8814 2520 9
6693 1700 16
7585 4904 14
5381 5205 3
2770 2544 2
91 3995 15
1694 9207 12
9052 3663 7
9798 5439 15
4324 7188 3
5501 457 20
2817 6058 16
3934 9902 5
211 8230 15
7768 987 19
902 4243 8
1927 6286 8
6067 7935 15
7598 281 3
7529 4532 19
9031 3709 14
719 2829 4
1497 4091 8
2171 6464 1
282 382 19
8563 3921 16
8709 8948 20
2596 2559 17
7008 5180 2
3659 5767 3
4018 4273 14
201 817 6
6554 7155 4
876 7097 15
722 9396 15
2819 4454 16
4733 18 10
5307 6298 1
8646 5844 3
9877 3140 12
4165 5609 11
113 3335 19
682 1722 3
4979 4329 17
6451 4083 3
3665 6848 3
553 9329 17
1297 8728 4
4522 2521 10
3583 6861 4
402 4161 2
5271 6729 20
6555 3676 5
7478 4627 7
3697 1793 1
1031 9792 19
6810 8164 11
6669 8350 9
4546 4080 4
5920 839 8
8800 3713 14
5614 8882 1
8585 4664 7
7867 7663 19
935 7941 4
1116 1059 14
4996 6727 8
7975 3257 6
765 6356 1
6519 9195 18
3065 2051 9
8155 2091 10
3416 8706 18
6663 6497 20
6659 6912 11
992 2294 2
6592 6032 15
9513 8751 8
7551 8151 4
817 9052 12
3379 7898 8
9778 8820 6
4878 7118 17
1624 7461 15
8555 5032 6
5078 5025 7
4490 3640 6
6701 2730 9
9522 3735 9
2237 2185 9
1587 2480 13
3302 9523 2
766 9787 9
9738 8056 1
3291 9102 3
2446 434 5
6288 652 18
9600 1948 6
8964 1278 2
3052 8827 18
5102 418 6
875 25 8
5747 1328 17
1273 1202 6
5897 3990 14
3295 8511 15
7973 3080 14
133 2556 4
2258 5743 5
1128 958 11
6952 9708 17
8079 1625 4
4654 9806 16
6135 2051 9
2909 1565 2
6392 7174 6
2929 142 3
4797 3779 12
5984 187 12
9227 4521 9
9359 9507 13
6013 2060 9
7473 1568 17
2898 6686 3
3318 9446 12
9195 5220 1
5045 8704 11
8832 646 1
2688 2243 8
6277 434 18
605 2211 9
5742 5766 15
3389 2343 17
3123 4689 1
2352 4920 11
7997 2325 10
6918 4994 13
4279 7003 19
2076 207 9
9039 6630 10
4036 493 16
411 1867 14
9535 905 2
5066 4558 12
9079 6895 11
5242 1939 4
1307 2776 9
6355 9047 13
1275 2682 16
8885 5637 20
2191 4566 10
4875 7882 4
8477 7829 15
3052 2005 17
7595 9612 6
6768 5763 9
324 5278 3
8381 8052 7
6691 8937 6
4267 6630 16
6852 2294 3
3110 1456 12
3948 6643 20
3305 9479 18
9269 2289 4
8282 5119 8
5388 8630 4
6592 8255 15
8024 1472 13
5435 8211 6
1171 2543 7
3353 7186 16
3394 6853 5
7484 5648 19
3535 989 9
3756 5973 16
9801 1771 2
8935 594 12
3733 2124 12
4709 2852 11
7156 7815 18
6411 1154 12
6292 5878 12
3465 9657 2
8712 2871 7
2771 6095 1
8986 351 9
2924 4064 2
8517 1390 12
6172 3602 13
529 8037 8
9227 1135 4
5992 673 8
7135 5874 9
7116 1258 13
6505 8603 6
9762 7529 20
734 4271 13
5955 9222 11
3201 3213 5
1838 9422 16
3957 562 1
7255 8229 14
2959 8251 3
5208 3172 7
5815 2426 13
3190 7121 10
4978 4554 3
8626 7229 3
4331 5179 17
2999 9605 9
2282 6921 20
9544 898 4
2971 3047 17
4297 8678 6
5970 2641 15
220 1431 9
4976 2855 8
2877 7559 2
867 352 2
4788 9571 18
6644 315 6
4604 5121 1
3245 6716 10
104 5009 5
4829 8213 4
8906 2868 2
9819 9356 4
9488 5550 7
8025 6684 16
2865 2357 4
8746 746 16
9107 1799 12
1524 5189 11
8531 4413 16
9661 1949 10
2675 5846 7
9306 389 20
895 4979 15
8456 6026 19
1532 1392 4
8498 1434 18
5580 3583 1
335 178 17
548 3831 19
1249 8272 2
459 7427 9
7042 3486 19
4004 10000 9
3647 135 7
3102 1614 1
672 1439 12
7918 4936 3
721 1194 7
1566 632 6
4669 6842 6
3439 2624 16
8107 9620 18
8546 8365 8
3257 5144 2
8268 6314 1
2857 3859 18
8003 4575 11
7975 8691 19
3074 9190 3
7089 1671 14
4307 3347 6
335 499 6
9262 518 16
336 844 5
2918 6302 2
4937 9025 6
5300 5459 11
9255 7035 16
9345 9829 16
3246 395 13
9251 7105 15
2617 5768 11
8134 7032 12
2405 4478 9
7325 8990 20
458 7149 13
3977 2498 13
7326 3385 20
5357 6282 7
5167 9821 14
2196 3654 10
647 324 19
1706 4988 19
693 2459 3
9519 9152 15
4113 1721 7
7569 4985 13
2488 2496 1
1763 7758 17
4214 6147 8
8648 2954 19
1898 9892 11
1397 7763 20
1585 5563 2
1413 5441 3
7077 749 18
6023 2399 14
6002 4330 1
9765 5871 14
9078 3659 7
7137 9669 2
5621 6160 8
3489 4909 19
1599 7101 4
8742 7537 12
3750 2202 3
2051 8509 4
8784 6164 11
3227 4669 19
1323 3465 7
9855 8757 11
2633 3054 1
6090 7096 13
2118 9703 15
7637 3920 8
7880 2694 18
5629 1195 14
318 7741 4
3036 2201 8
915 8495 15
4734 5889 5
7185 87 14
9953 6540 7
7963 6184 1
8994 744 9
9872 272 18
3573 6930 11
4340 882 9
3181 8257 4
7711 658 12
365 8977 19
6076 1589 14
4393 937 2
1983 2365 11
4090 519 11
8542 2761 5
8071 1131 15
7682 5760 11
5074 7769 2
938 2169 17
8016 2956 7
2739 397 20
6671 6644 11
813 8346 10
9581 682 8
4439 4591 1
396 312 13
5840 4850 9
1129 6024 15
76 6142 12
4103 7364 10
3878 988 15
3920 1441 3
324 7883 12
7144 1049 11
6862 9232 17
3992 288 15
1383 7534 19
3960 1447 5
7467 2440 20
7366 4369 6
2875 164 4
6182 246 4
4420 4101 6
7204 1823 5
9944 5758 13
8811 7578 16
4212 5017 11
8790 8834 11
8516 2556 15
1541 5231 14
5094 7735 18
3203 3979 13
6032 6272 7
2394 9413 10
6293 6797 7
7 1686 5
1125 2871 16
9707 6368 8
8791 7594 13
3086 69 20
4055 106 12
3216 438 9
7582 1314 5
8038 5964 12
5501 9210 15
8907 6270 14
4722 8375 3
5027 373 16
5490 209 4
6444 842 12
3396 7386 1
6317 5514 2
2579 8749 18
3821 8665 20
8202 4264 6
6303 8337 7
5020 6719 11
5215 595 10
7179 6425 4
4893 448 19
4185 105 5
4746 5770 16
3680 3018 11
128 5878 13
8463 5806 9
6234 3281 9
1167 2706 11
1814 5371 11
8766 3899 18
173 3188 8
1260 4474 13
1466 3052 10
4668 795 18
2258 1357 8
3892 1086 13
1002 302 7
9110 4000 4
8804 4182 10
7632 7209 3
1295 5653 13
4301 7557 14
3037 5991 9
7356 2758 3
1742 1032 12
9970 8776 9
9485 6517 2
9339 9625 4
2309 4669 8
1752 4748 8
8659 5918 8
433 9476 2
2361 2307 8
8829 20 15
8011 597 1
371 6494 4
1140 4393 10
7341 4595 10
6445 6055 15
3397 2519 6
8052 5042 19
8700 7800 9
5855 3633 8
5352 6351 7
7798 9306 16
5333 5071 17
3994 3331 17
4663 604 11
8009 4401 12
2059 2474 9
832 524 14
4886 6883 4
1990 6298 18
1332 8966 4
2485 4411 12
1456 9542 19
1253 8280 14
1541 7538 20
532 9881 12
1602 4980 1
4195 813 20
1879 1121 17
977 166 11
7136 968 4
8919 983 16
1068 6936 15
3109 558 19
5995 1776 9
8299 9136 5
757 3739 16
2991 3953 13
7236 5670 13
4527 8985 3
3387 538 18
4093 2289 10
5017 1555 11
4272 987 12
4000 401 10
2482 3780 20
3474 3784 12
8992 1364 15
1002 3924 3
4363 3550 14
3728 1855 2
9703 1057 10
1683 2192 14
9618 5442 7
6058 7399 3
4862 4869 18
5144 5302 15
1580 1790 5
1404 5606 20
6308 1326 6
1524 667 13
1575 4552 18
69 2911 18
8369 7623 9
7201 6098 6
2563 8400 7
197 5035 9
2416 3510 6
3763 770 17
6154 5100 6
8344 6588 6
9473 7020 2
3320 9420 9
403 7202 5
9914 8693 19
3300 1243 4
9352 685 16
4040 1053 14
2849 1421 6
1017 7424 9
8861 6761 18
6528 6248 6
1785 7243 15
8764 471 6
7687 639 1
4304 7656 1
359 2197 5
437 5036 19
1031 8289 10
2802 7889 20
8356 7625 19
1317 412 15
8141 8004 20
1104 6656 6
6700 6406 12
261 6367 19
6569 477 20
1187 5496 10
3900 1339 16
5328 233 17
1555 597 9
460 9859 15
3421 6020 19
3992 4053 20
383 858 15
44 463 17
6136 942 5
9261 8598 9
6809 8462 8
3528 4986 3
2543 7449 19
3474 2531 5
4976 5301 6
6572 8324 18
4797 7683 1
5921 3702 19
2410 9744 8
217 2760 20
2099 1020 19
4662 2088 10
6797 4878 8
4658 3807 3
3527 859 3
8065 8003 3
5645 6553 7
3897 5385 18
6993 2056 3
4125 3388 20
767 2774 5
6911 7408 18
7532 7948 8
3446 1444 17
8913 9102 11
1952 4867 7
1839 684 6
1662 2195 5
2571 5857 2
1478 8676 18
3022 4636 1
3432 8456 7
9919 1554 13
6588 3383 6
6010 4470 6
7733 3209 19
4416 773 7
3180 32 6
8249 9665 8
1379 7419 2
522 1453 20
4299 4559 1
4713 6471 3
9438 2149 13
1831 2154 18
5624 5138 13
8287 5848 15
885 2430 18
1072 4710 1
9212 6096 7
4016 8755 17
5527 953 10
2320 3433 8
8276 9446 1
3570 8283 15
6302 5234 12
3129 3114 11
4307 2152 19
1914 2238 5
801 1743 2
4474 9517 6
5547 9709 11
8585 7578 9
6624 8525 17
598 9732 15
9922 5039 19
636 5809 15
4064 6956 19
5961 5285 1
8361 5750 18
2536 7155 14
7566 3697 14
2418 8755 8
7649 1705 3
9031 339 8
2711 3168 6
128 8384 9
1903 6328 14
4635 778 5
3693 8427 15
1187 6552 6
8663 5248 20
5653 4545 8
9261 6579 20
984 5297 19
7438 4708 1
6857 4739 9
5558 6896 16
1432 6677 2
4655 8429 6
809 1879 7
2124 2631 14
3445 4617 13
1271 7431 14
6436 7172 11
7714 545 1
7467 3120 7
2229 7743 3
2642 5077 19
6669 2587 10
5735 6368 3
9730 4692 10
3926 2436 17
2861 2678 17
174 7358 1
8183 9969 6
5112 1020 2
286 8868 20
2613 7725 3
2837 3100 2
564 1647 18
8372 2661 11
8032 4425 15
1510 3463 6
6284 3967 3
4493 980 7
1138 9690 9
2536 6584 4
8174 3936 4
8872 2938 5
9881 43 19
5538 7471 5
970 8851 9
1882 8263 2
9787 3810 6
7112 9900 2
2395 1814 11
4345 6751 9
6808 8866 4
1170 5523 10
6569 3200 12
7866 2911 19
4917 8259 11
8385 8789 6
5280 4961 1
1164 2485 17
2426 7418 18
8250 9252 19
2279 4766 14
8415 2430 8
7010 8973 13
3700 2842 13
2329 4082 9
6998 1079 10
4309 4999 20
5187 2574 5
1328 2889 6
8801 7339 17
3291 1153 9
3007 8333 4
7468 5407 14
6128 8749 13
6887 5913 3
2104 1018 19
7479 1742 13
5817 7097 12
1798 5891 17
8152 6618 11
5179 7629 6
1410 885 6
1499 357 18
4643 2758 15
7531 2012 16
5793 2550 19
7568 5385 11
6132 6757 10
9041 7061 20
6552 2009 16
1763 7956 3
1301 8349 6
1186 820 18
4662 7001 1
3442 5723 15
5144 4079 15
7283 288 12
113 6367 20
1341 1788 3
5596 6628 19
943 890 9
2279 7602 12
319 6993 9
1424 3472 3
5743 1771 19
9707 1043 10
7392 1097 13
6251 2633 17
2894 2883 13
468 5820 18
8355 7033 5
9573 3692 17
415 7524 12
6296 6637 11
1615 3767 10
2806 3893 7
9141 4374 1
320 1740 16
1716 1775 5
1957 1696 10
806 5900 16
7293 4736 10
3876 1190 1
9060 1625 18
9475 7676 4
5904 4049 3
4066 4099 9
8271 8357 16
9024 1300 20
9902 7335 9
7812 4789 11
2492 5923 3
227 1008 16
2554 1989 20
1337 8328 7
36 7835 4
8500 9648 13
2388 8425 9
7760 840 17
8729 8345 7
1113 943 7
3415 1065 11
13 7855 15
1449 9006 8
6980 1944 9
5432 7940 10
6784 99 8
631 8123 13
5010 42 17
6130 6076 20
8796 4560 7
4192 8515 10
5290 6066 9
5894 7060 1
3816 509 3
3971 4388 4
6647 5792 3
2711 5027 10
3838 7426 3
803 1226 12
1355 2474 16
123 8300 16
8390 2943 5
7471 4056 15
6698 3381 16
549 4464 15
438 7823 4
4922 1499 2
3239 9355 6
1192 3082 6
5233 4099 20
3709 2934 4
4133 9326 5
6286 5438 20
6817 4642 16
3616 7068 20
3957 7475 20
430 8454 5
8330 9717 10
2960 6165 2
2272 5219 19
9538 498 14
7989 6921 6
5587 7592 14
2746 9092 5
9456 9539 11
4829 8486 9
9567 3001 3
891 621 11
3704 746 19
1666 4820 9
1601 9400 15
3601 5230 17
8356 6874 2
9471 1940 19
1650 1663 11
4270 2742 15
6 1536 7
1170 9748 12
8349 7789 7
5810 3446 6
738 596 9
4336 7828 5
7667 3947 8
1614 5596 14
1412 3159 20
9099 8157 2
8088 1154 13
735 6083 10
9988 4784 1
8570 7097 11
2127 7279 13
6922 3406 15
4254 2859 15
2682 5126 18
6760 5565 2
8721 6444 2
4166 2759 13
4286 4747 20
2339 2630 4
9577 3982 16
5344 2307 9
9993 2132 15
1813 3117 9
5565 2028 15
2292 7149 15
1980 8386 16
1216 2339 4
7340 8734 19
9624 673 11
9528 3075 15
2392 4028 10
2596 4047 2
3359 8178 18
1482 9400 9
6152 7717 16
5088 7524 19
2887 3391 7
4982 1197 6
2475 669 3
7724 6915 15
3289 7948 6
1786 2651 12
6991 4037 15
2940 8039 6
5329 8082 10
7240 1489 7
5276 5053 15
5211 4041 20
9285 7773 7
4087 9306 11
4363 8900 18
7134 1969 10
3449 3385 20
3823 2351 12
5307 2228 6
4908 8545 13
936 353 7
8712 4835 17
6453 8785 2
7600 4795 19
4247 2861 4
9989 8775 17
9016 8436 6
3414 9154 14
6027 8319 16
1114 9100 11
7559 272 4
391 5572 10
6802 2514 13
8175 2798 20
9206 4727 6
1291 9552 10
8199 8582 11
8712 5464 15
8188 7218 15
6881 8314 10
3127 8259 11
4139 5897 5
2283 6100 3
5157 1988 16
8792 3041 1
4517 1405 7
2836 9906 14
6581 2144 10
2992 6777 20
66 6464 2
7374 7354 14
2281 3544 8
9963 6434 13
494 8485 17
8638 2068 4
6486 7031 11
3390 2083 12
9109 6525 18
1273 6065 1
7558 7593 14
5921 8041 4
8172 4266 15
2220 9559 3
8383 9414 4
3185 7597 3
3410 2939 4
2101 9326 7
933 6181 20
6379 6748 14
1743 7002 4
4931 4803 2
839 3155 17
5355 6043 2
2223 8648 8
1937 1966 19
7386 4907 18
2652 6879 6
1618 1810 19
6713 5770 12
5868 6456 14
6786 4189 6
4428 132 11
7436 5593 9
1584 542 8
8346 6636 3
5004 1555 9
4870 4761 19
4010 3423 15
8683 812 1
3107 64 6
9334 8175 10
9487 9314 1
9982 7322 6
2220 7168 18
3780 4199 2
2132 1719 10
2528 8811 4
2986 1328 14
2260 6957 4
8920 1694 4
6976 57 13
955 7374 5
6943 6627 8
3576 5533 18
4651 9509 4
3567 1050 16
281 2984 19
1254 3017 2
2908 9123 20
4380 9795 4
1206 9497 19
5854 8852 4
4329 2868 13
5929 6358 4
6367 3311 12
686 2702 8
7248 779 19
4525 856 8
2665 4492 2
2280 5039 16
3241 1494 10
2076 2093 16
7516 6875 1
6958 1752 16
3101 3951 9
5878 2760 7
7769 7195 20
4146 7730 15
5899 5880 12
6500 6554 6
2382 752 14
3120 3399 4
5202 9113 13
7208 7152 17
9836 7599 8
9089 6006 17
2338 3838 19
1464 6396 20
6913 6652 16
3622 154 3
6693 1000 9
5438 878 5
8439 5258 15
2279 2130 3
3203 999 1
6263 323 10
1347 6998 9
6446 4803 17
2074 6346 17
3534 9058 3
4243 6776 14
8108 1907 8
5492 2157 12
4524 1343 14
5192 1568 14
7742 6808 11
7722 3909 7
9639 1936 11
3418 2657 18
5604 469 7
5870 5105 15
8972 6613 3
8512 2964 5
4984 5261 9
1518 3031 2
642 3628 9
1159 2115 14
9694 120 18
1388 4593 14
8773 5034 2
9619 8504 20
6342 9723 6
6898 5164 1
4420 8173 10
4201 1738 17
322 3260 7
491 6436 19
4880 6438 19
4518 2156 5
1965 4924 19
9492 8631 11
9817 2300 8
2465 1914 2
1249 1030 17
3864 7179 6
5022 8371 18
6115 8777 17
7020 5788 1
7362 4646 2
41 1955 9
3472 4642 11
1864 2426 18
4805 5137 2
7437 8044 15
8326 547 14
8028 1626 18
6512 1457 19
4374 6158 11
2459 5146 3
5723 6927 17
2037 5931 10
3875 7119 4
7467 2727 9
5264 1350 7
1392 6633 18
5626 4750 4
8967 2917 8
7612 8895 8
1468 9479 2
5408 2284 12
1858 3772 16
4486 3186 1
3017 1868 19
2716 3282 6
8222 8462 3
2677 4469 14
5105 2207 4
1119 7988 2
1516 7300 10
7955 2258 19
4369 127 7
1402 3308 14
4681 3613 16
2792 3006 16
5724 5093 20
8900 8204 4
620 9803 11
2281 893 9
7203 5713 17
1822 5123 11
7556 7233 19
8804 9481 3
8233 2167 5
4158 8520 11
1207 8277 17
8819 8186 13
3675 7549 2
2812 4892 18
2317 5542 6
8066 8279 14
6436 3563 10
1317 2880 9
4116 482 3
117 2931 16
9109 7654 19
5713 2463 10
6774 9824 20
242 6860 19
8059 4082 14
8891 1359 4
5246 2396 16
6463 2854 4
9714 7004 10
7381 937 16
5215 5004 12
9377 6109 2
7824 472 1
6621 6144 16
4861 6230 13
3002 6079 3
7412 1860 8
4648 5381 20
4126 7220 9
8917 7376 14
5924 753 2
4401 8048 20
9537 2862 9
9864 3824 13
1134 2834 2
327 5410 9
7976 7002 8
3230 8224 14
6573 5548 12
4793 7247 17
536 203 20
3671 5306 20
8181 5426 13
8982 3793 10
2837 2011 18
4373 4759 4
5538 6946 5
5053 5680 17
8228 5182 1
8349 2354 13
4322 3496 6
6102 1061 2
993 812 8
575 5218 2
7275 8711 2
4115 3924 1
9239 7906 1
9835 7918 7
6718 1126 8
671 641 6
3254 3231 1
5162 2225 8
4066 4022 17
2697 8788 5
7159 7822 10
2653 2838 14
7445 1430 10
277 590 8
7779 7053 12
9053 4677 7
2533 135 18
1224 5429 6
5706 2145 4
855 6276 12
7877 7386 1
5334 9491 18
5432 875 16
8459 7313 13
1650 2283 20
3122 8929 17
3083 116 1
6984 4836 6
2556 1169 16
8633 6955 1
7176 601 7
4670 3227 2
1738 6189 6
5731 182 16
7956 9610 13
2937 4037 6
3486 8595 13
2527 8676 13
6887 7869 8
9359 584 12
7343 8689 15
3154 3455 7
2338 5474 7
2125 4455 17
813 9507 10
5236 9755 19
730 2650 14
5563 7172 12
9351 1303 6
5007 381 7
7318 5842 8
9234 7995 13
1264 907 13
8829 8417 17
8906 4974 3
3854 2408 3
2759 6072 15
3430 5857 4
7103 4172 10
6061 967 15
6045 4002 17
3850 1977 3
3986 4702 10
4394 578 17
2985 8518 17
345 7775 9
6897 8715 14
7776 3360 8
127 2919 2
1589 152 3
5965 2602 18
3359 9809 10
6199 3182 14
9656 2910 14
7201 7348 15
8309 1599 6
3522 7238 5
6031 3060 15
6393 1230 1
8324 5271 3
6799 2345 4
8378 5859 19
8807 3721 14
6003 8957 11
5538 3745 19
440 3623 3
9944 7086 15
9451 7654 9
1069 9077 15
7188 9034 2
2827 1264 9
9239 3271 3
865 5766 14
3958 9898 16
394 9415 20
7631 980 11
4052 399 11
6224 3566 16
6777 8991 1
9610 2956 1
2430 6046 9
5451 203 9
5508 5300 10
4600 5959 10
471 9210 17
5590 6940 2
1999 8546 16
6704 506 13
6511 6731 9
4130 7207 19
797 6149 18
8340 1674 4
7000 1031 2
1445 9172 16
3034 5409 12
4534 2965 13
2936 7416 12
9073 8769 5
9932 5960 19
2350 6984 18
3728 1407 10
9817 8441 15
5901 7550 18
402 3761 11
2226 5643 14
9912 602 19
6716 2642 18
9049 28 4
1800 7939 9
4421 3340 5
8314 8884 4
7589 2804 12
2071 8564 12
9743 8071 13
9561 6261 17
6308 2744 9
1145 3729 17
2744 7254 6
471 1095 12
6475 1925 5
8913 9054 4
3706 2079 11
5601 570 20
903 3547 1
1008 5392 2
1595 9932 12
8011 7225 4
4216 1600 16
5678 811 4
2486 1963 6
7780 1991 19
3091 7497 20
8205 1153 14
3856 585 15
4175 97 1
7035 7776 10
8751 2139 7
5739 8501 20
9557 7049 8
20 9384 17
1295 9598 10
6979 8872 12
3934 5124 1
2045 2196 1
7653 8709 3
4443 4090 6
4855 5385 14
544 9806 17
2074 4334 8
4412 39 16
5286 2607 17
4625 8427 6
3427 6762 3
9233 952 16
9905 9050 4
8424 6980 15
6418 2606 15
3289 9078 17
9205 1626 4
6228 8089 12
2303 1032 3
6130 353 6
9979 6904 16
1861 4615 11
7646 6359 19
3846 3574 17
8814 9125 18
7037 4784 13
5442 1603 7
8301 5495 8
5776 3545 5
2299 3986 8
1958 1357 2
968 1756 5
8802 7037 7
5181 1224 14
1764 3340 4
9933 1086 9
2442 7966 6
4009 3941 20
8998 6941 13
7660 6140 19
9288 5703 14
3519 5065 14
1249 7533 9
884 7038 6
730 8385 13
2213 1442 19
5706 397 18
875 9439 9
1062 7393 14
3559 7372 4
7096 9865 20
8369 7551 6
7470 71 14
6690 7484 13
7104 3902 11
5255 7949 15
8277 7399 5
5957 5262 4
2343 1391 12
5818 1116 10
6921 6877 9
4460 3063 19
938 9692 18
7326 6804 16
5682 7130 9
369 3901 9
7377 7991 13
7552 6769 13
2767 670 12
3033 5067 9
8521 7578 16
4276 9040 2
472 7321 14
4255 8025 11
1081 5058 12
8160 2781 12
5190 8858 16
4456 5473 20
1956 7081 17
716 1026 1
4280 4235 16
3308 2293 9
8196 2076 20
5391 865 13
5160 7887 16
725 933 19
8927 8865 12
8207 4410 11
7954 7521 15
4830 6549 18
2027 7627 6
2780 1807 19
4444 6130 6
5729 4995 1
7429 6885 9
945 461 12
8169 6967 13
2950 6494 15
3911 4416 11
9072 3245 2
4929 4261 1
525 2282 4
624 8482 5
66 5872 3
4532 2323 19
1632 2985 10
4853 9156 10
496 9953 14
8644 1234 12
8463 733 2
2604 3983 2
121 1515 1
7720 819 17
2287 5857 10
4208 5691 3
5192 5011 20
133 733 10
5145 6734 2
648 8125 1
4313 8248 15
2799 5697 6
324 6417 8
58 2211 19
5520 1038 17
8214 996 9
7176 1377 6
2341 8743 11
3806 4050 15
6821 8385 1
9767 1015 15
5476 1685 18
3258 1168 13
2092 9345 5
3857 9408 1
7605 1009 5
8224 7176 16
182 5343 8
3195 8628 18
5777 2337 12
1520 9798 5
8173 8613 18
8980 8929 1
3278 1099 16
173 7944 9
9714 6420 12
5037 9611 4
5031 4100 1
5033 3873 6
625 5692 17
3867 4114 5
8517 1725 11
4658 3380 13
3737 2322 19
1844 7502 18
3215 4419 13
8627 5716 11
4866 1871 20
7467 8719 18
6196 3691 20
7457 1232 11
5536 9042 19
3729 3925 10
4993 304 2
7816 1957 10
8508 1548 6
3761 7782 4
6565 18 19
9306 6979 14
299 6811 17
3406 2695 12
5002 3683 1
4876 1272 12
6639 4030 2
9828 6283 13
598 6071 4
6997 7922 17
5889 461 3
7713 5391 19
5654 145 2
5948 1447 8
8280 6858 17
3880 9582 12
8131 2110 1
9941 377 10
1532 3632 7
937 1337 12
3655 7975 9
5664 1806 11
3916 446 15
2455 4743 1
8736 5231 13
1382 1235 5
8135 1560 10
1695 931 16
6044 5294 18
8440 5463 19
6206 1490 19
8760 3131 2
1021 609 12
1502 1501 9
4079 2626 6
7429 493 12
2219 1079 15
8977 1091 15
9237 218 6
3499 3573 2
9536 2770 5
4349 4088 12
8035 6599 17
6280 3193 19
5113 5679 1
4511 2594 20
7527 2337 13
6554 590 15
9631 9258 19
959 5860 6
8196 4775 8
7664 2173 9
701 1083 11
6275 1526 17
1137 3181 1
5688 8550 20
3107 1182 17
8824 8054 17
8710 6989 14
8333 4301 4
9649 4059 15
9461 8548 6
9645 2433 18
6964 1450 17
8759 2682 10
8566 5603 5
3933 9072 19
7323 6754 17
2305 2521 16
2633 4707 15
1563 2404 17
1717 1020 5
808 2229 3
7345 8883 20
5138 2015 18
1517 9702 19
2059 8522 15
3405 268 5
4585 6957 2
7166 7566 18
7411 9216 9
9356 4128 1
9388 8403 11
1972 8774 9
6685 2746 15
1112 1641 13
508 4330 19
2618 1047 5
9995 7221 8
9316 1782 11
6760 6335 18
5064 8975 11
3355 3331 9
9963 855 19
5574 4466 3
7984 7198 3
2481 1498 15
2526 3265 10
9890 4914 4
5036 8194 16
9559 8469 17
1378 6260 15
9373 5034 5
6078 5099 9
8106 9550 18
9276 7986 19
8986 9362 1
2797 5649 20
7256 9470 4
2898 5394 1
7243 4508 15
1872 730 9
765 7578 3
6007 5562 15
833 4816 5
273 4928 18
7845 8402 4
4091 7923 16
1545 8191 12
6809 1000 2
8098 863 19
5269 4142 11
8938 6537 16
8619 9302 17
3383 2674 16
9622 5147 17
2611 5572 7
9383 7812 15
4917 5117 11
403 274 16
8730 2370 12
3332 5770 5
1498 9767 14
8183 2162 20
2424 1525 11
1538 1951 18
2658 2345 19
5099 7839 11
4649 5786 16
9619 2886 13
1869 4007 4
6666 8496 12
5208 5543 13
5596 9741 5
5255 5428 2
5085 94 4
6543 5611 12
5140 1704 18
7374 7373 12
5304 576 14
868 4569 9
4305 3923 6
8198 5145 13
9608 9802 9
5448 5320 7
5635 5645 17
3664 6115 16
4466 5790 16
3330 3681 14
5142 2152 17
7553 7838 4
7585 4723 7
625 6222 17
9873 6693 7
8486 1067 3
7700 2026 17
5543 788 14
2685 1909 4
5996 9600 5
8825 1702 2
2938 6389 6
6507 2178 19
7141 1232 2
9202 4099 2
4748 269 12
1838 3669 12
2447 9418 9
1290 6375 8
3762 7247 18
1145 5593 13
2598 3161 9
2892 556 17
6186 8051 1
9053 7669 5
7218 3694 14
8409 8120 1
3054 6854 11
5915 3248 4
1587 6692 12
2492 1659 13
8766 1958 11
9594 7413 10
2063 5113 12
8740 6879 2
1331 4497 2
5580 8031 19
4806 7933 19
2197 8502 2
262 2993 18
4618 3319 19
7092 8450 12
9475 756 17
9384 2990 19
7426 6112 2
5405 1271 15
4180 9589 12
1331 5224 2
3521 1084 4
9423 1465 17
9114 1553 14
6198 9880 1
7466 5695 17
5241 1088 4
290 2132 11
8294 3194 9
6619 4506 19
3169 1850 2
3763 8081 19
2872 4529 4
9023 3803 6
6987 5600 5
9070 5566 19
6372 5215 11
4189 2425 8
1709 7163 2
5511 6867 15
1067 9991 15
3459 2772 13
2742 3225 19
1830 4467 20
5186 345 16
2151 9249 3
5942 6888 1
7285 5605 17
8032 7329 11
9907 28 6
3297 3414 11
8878 2259 6
3721 3973 18
7523 3054 4
4773 829 17
8792 5929 12
2086 7874 15
9349 2327 16
3107 1487 16
9605 2818 4
5492 8938 9
7877 9758 9
4561 6474 18
2468 3683 6
3697 8179 14
8604 3867 18
9605 7778 11
5990 2579 15
2158 3879 17
1628 350 17
5445 5823 2
6215 906 20
8951 1612 5
6161 6529 4
1747 8922 19
7555 1949 11
9062 9943 16
3614 785 9
5295 8864 6
1178 9060 4
8094 6747 14
4234 770 10
6300 7339 14
9419 1754 18
3371 8080 6
8351 985 20
7196 2160 13
8064 9850 12
3247 169 18
918 7244 2
4862 3890 6
371 2259 7
4129 8926 20
185 2476 5
9869 4506 9
2229 5082 16
6598 6538 13
8269 5851 17
8028 344 6
4751 8374 20
1818 2059 18
8227 6145 15
9285 2929 9
5968 6177 15
3169 9260 14
4131 5761 17
3449 3582 3
3913 3809 13
8814 5033 5
1101 8737 7
7753 2614 18
7440 6749 15
1773 774 20
3156 6159 11
9275 9648 20
1383 692 10
3508 1140 18
5632 8167 17
1391 6880 9
3328 9266 15
9917 3273 12
9416 5418 17
697 3109 7
7256 3891 12
2503 4835 14
6769 2673 13
3233 5620 11
997 3954 19
1395 1441 17
3327 7752 10
5341 5564 5
1605 5795 14
5091 5734 13
9182 5054 16
1192 8286 14
3405 5187 18
4005 1236 19
6964 4064 8
4323 7935 11
675 2569 12
1094 1304 8
9902 2766 7
6561 9605 18
5056 6173 13
1306 6560 9
4893 6062 8
8185 3362 20
174 4351 6
4337 7694 11
5219 3478 1
4812 7689 13
114 8922 2
7516 8575 12
4711 1133 15
5262 6324 5
5726 143 16
4549 7237 20
6170 3289 4
4808 2822 8
158 1925 9
7924 2788 2
8669 2748 7
8836 6811 17
8868 3078 18
3574 6805 15
2889 448 19
9705 4449 13
5947 5117 10
721 7886 8
8049 6203 12
686 714 6
7197 6594 16
5403 3347 8
734 8916 12
9876 3897 20
6857 8176 12
8114 9667 9
5727 4875 2
6867 157 19
4044 7573 9
8876 6953 1
1397 8783 18
7102 2886 18
7682 4224 11
5415 1461 13
9968 4690 16
1897 1114 8
6802 4065 2
5924 8655 18
6384 3312 2
5456 7132 5
860 2146 8
1204 4192 16
3443 6597 6
3851 8929 15
5961 3115 3
6494 1172 19
4511 7301 4
6102 407 18
2597 6666 7
1407 4264 5
4308 1149 10
405 7212 17
5635 8009 16
6824 6020 2
5753 9151 18
4252 1294 18
2725 6865 19
6574 189 12
4136 3971 9
9716 6366 17
9710 4388 7
9507 5058 11
5408 257 19
2288 6531 19
2814 4384 3
3307 9225 5
414 2484 10
2791 3685 10
5169 2615 15
8130 6862 11
7168 6449 3
1620 6433 1
6909 4051 13
6673 6799 3
4462 7598 15
5201 2522 16
8606 9790 14
7911 1471 6
2382 5815 8
5562 4779 6
8936 6119 5
7516 2541 10
8284 7458 14
5045 3343 20
9441 7832 16
8698 3400 9
875 6602 1
8918 673 7
6848 61 9
8157 457 2
6260 17 4
1049 5374 2
3198 5798 9
6914 2149 13
2385 7175 3
1776 2877 1
8656 9637 6
4852 1718 19
5165 7823 10
4068 9792 9
3542 4603 2
1386 2253 7
2579 6490 12
9952 5841 17
8075 1268 16
261 1919 11
8409 2596 7
7312 5490 7
3297 1707 10
2957 321 11
7168 4467 17
1185 2249 8
592 1375 4
4068 3433 12
2611 7526 19
9801 7168 11
979 2045 1
315 5354 2
2016 6338 14
8191 8750 8
8808 8319 16
1930 4548 3
1966 3265 16
3213 140 17
6122 2041 2
7027 5262 8
9188 1788 1
1033 5823 18
3716 5292 8
4462 8088 19
6074 2288 7
5867 7622 10
653 1243 12
9048 2634 19
7096 5509 19
3888 7640 11
9987 5426 5
2317 5467 20
9953 4610 2
3845 9173 14
3437 9470 19
3613 3767 3
2931 372 1
5127 2478 13
5129 1199 4
4659 3864 17
8597 3494 14
6446 8619 5
2406 5810 6
4425 9799 1
340 8323 19
9393 5264 15
5991 5299 18
2720 9384 3
2386 5359 13
4077 7635 4
9885 4904 19
4020 5096 4
517 9389 2
3431 8054 4
6728 2544 4
4069 732 16
7057 4178 3
2888 3508 9
8882 1233 7
5512 9375 7
74 1343 6
1984 8148 17
8080 1209 20
8004 2159 6
5009 148 16
2251 5647 2
8046 4691 6
1634 4156 13
3777 5416 19
6103 6710 7
2542 7619 13
8372 9863 2
4494 13 15
5007 203 7
5669 2149 7
15 827 9
7650 8601 18
3386 2419 11
4441 359 9
6604 8451 15
8861 7112 2
2324 7871 5
723 5326 3
352 4144 16
2416 4038 19
1430 6141 11
9078 9646 16
9380 8156 8
8557 6689 15
2504 3111 2
6449 9515 14
6471 2872 14
1205 9923 20
1596 6030 2
831 3796 5
9784 2343 10
3558 8150 16
6990 315 7
384 7270 18
3032 4285 2
5111 5241 7
495 9563 12
7819 8710 18
9733 8528 8
7051 2311 13
3049 5102 1
4139 4304 13
5594 1569 2
104 783 2
6948 9332 4
5500 6133 3
4858 8047 5
2410 4039 4
8607 1211 12
1864 6601 18
3811 4913 17
6752 1778 13
8562 736 13
9338 8209 15
5304 4118 6
5194 1289 19
4407 7321 20
1271 3139 18
5360 1138 1
4196 4047 1
800 260 11
700 6607 7
5555 463 18
1258 4021 19
4987 1191 17
4543 9812 8
3100 9910 6
9538 4820 9
4410 2171 7
5630 5477 9
7856 3345 9
2632 5841 17
5448 4479 11
4054 8913 12
9636 230 1
993 8595 3
2365 734 3
4522 9289 17
5365 1690 6
7446 4440 7
2489 8501 7
985 148 17
4314 5992 10
8499 3167 15
5927 28 20
6306 3382 16
1549 4725 6
436 9879 6
2288 6343 8
1822 6343 13
1343 1337 7
8741 8765 9
7544 4929 14
3410 2247 16
8754 3460 15
2508 828 12
9614 9005 12
5608 5719 19
7704 7298 12
60 9717 17
5572 6850 1
3553 1003 20
4049 2213 6
8911 9206 10
3654 3817 9
418 5571 18
9771 854 1
6440 3183 17
8863 4333 3
927 7088 7
9659 7871 18
8716 1720 14
3615 9479 4
5728 2170 8
4048 913 12
2227 9511 4
1505 8284 15
6024 2808 16
8591 868 16
9864 4982 13
3408 8493 14
8036 3681 3
9713 7161 5
6242 634 16
6912 1938 5
6830 4824 2
8705 3504 14
4869 8295 16
7986 235 15
4134 908 19
7835 911 8
2530 2039 4
4409 1355 8
6497 868 4
6854 712 12
4382 4210 9
3570 490 14
9 1793 6
5355 3613 20
7466 5136 17
312 1486 12
4793 2645 17
8358 9610 2
6008 3842 14
4077 8479 13
3579 3145 9
6561 9319 2
5870 3143 6
2908 4957 14
8136 404 20
8153 2402 12
4162 1426 3
4786 823 2
5556 9535 15
4897 6445 14
1944 6162 2
3860 6898 4
3596 5341 3
4811 2433 9
1428 7074 3
308 5547 19
4196 3535 1
1230 5174 11
3632 1143 4
3205 3730 14
473 6781 2
3641 8902 13
1137 6481 18
1142 7516 15
9672 9785 17
3502 7126 19
372 3153 5
6531 8413 10
8418 6949 15
5891 5608 16
5863 546 3
7582 4887 20
741 2524 2
2714 8359 1
3822 3163 5
7540 7930 2
815 4326 6
1352 2104 18
6236 3224 2
6339 3521 19
4490 7564 17
6699 9218 15
9875 7888 20
7713 1966 5
3335 1171 5
8174 7810 17
3570 9994 13
6175 6698 8
4000 301 20
6447 9222 9
689 5506 19
9860 8500 7
8630 1474 16
599 651 19
5459 5920 5
7390 7612 12
9132 1302 9
2034 5709 16
2672 4592 3
5579 4244 6
9030 8507 9
3613 4003 18
3748 7700 20
78 1708 5
6314 4511 7
1926 9901 13
4480 8734 3
6197 31 10
5017 7992 11
8776 5859 10
2533 3827 3
1582 4374 19
1522 7476 2
4556 4099 8
6080 9538 17
7537 7424 18
8636 613 5
692 815 15
8045 3050 5
3056 9668 17
3573 7936 13
5768 5593 9
9843 2865 16
1474 5340 17
7460 8702 11
2924 4740 4
9808 4074 1
1288 854 9
5312 7155 14
5874 6896 7
3579 903 14
2238 5153 7
1875 8116 6
7618 1513 18
6764 9541 14
9754 2538 18
3590 2830 19
4065 1620 8
769 3517 13
4075 8873 10
4610 3417 15
5269 9104 4
3062 3471 17
9744 5124 4
3000 5266 1
7854 542 16
7369 690 9
1169 71 2
1558 5872 7
778 8340 1
8096 2558 4
6066 5301 12
5152 8438 7
9736 6491 12
3345 3427 3
1724 39 6
670 5326 11
6100 7547 6
6389 395 19
3821 4263 17
240 9278 18
3194 1993 19
9217 5891 6
5703 6256 5
4435 1132 12
4124 3157 1
7882 5216 17
254 3117 5
294 9013 6
151 3913 17
6043 3876 4
754 8068 7
6645 6771 14
7723 4073 20
1981 4360 18
4628 9766 15
2201 9956 18
3327 1436 11
5658 7821 20
3229 477 14
2947 5711 7
1019 2317 1
6168 3811 17
6402 905 19
7819 9737 14
392 5898 1
8742 7683 12
764 1456 13
657 3901 12
8331 1982 12
8333 9200 2
4379 8777 17
7064 9186 8
295 5156 1
9677 9680 3
9826 3116 5
1042 398 1
4024 2082 4
2474 5921 12
7045 5633 19
3236 6288 20
5589 3512 18
2043 1871 3
1926 7178 15
6687 3427 8
8517 364 14
9590 1995 7
2183 6503 11
3920 149 14
3915 2252 2
9585 9326 14
1378 1518 5
4989 8415 5
8805 6215 9
3392 8596 13
5660 4636 7
372 6214 15
742 1936 9
3663 2700 12
687 6307 19
9273 6664 1
3116 8120 1
1653 4435 3
2094 6264 9
8452 1019 5
7300 6447 8
1629 4681 1
4331 1153 6
7805 2087 3
4066 6335 9
9897 5524 4
1468 5025 20
8270 5099 7
5733 9148 15
1404 5674 6
5763 9529 20
7931 6180 16
3600 6548 14
9467 2579 15
1045 2596 18
8776 6145 16
6588 9720 12
2649 1507 19
4266 9430 10
8464 9835 1
786 7693 15
6053 4221 20
571 5433 16
198 9370 10
2109 378 3
5193 8571 1
3633 3597 6
6322 714 16
5684 9141 11
7512 9747 18
7617 1218 13
7824 2613 3
7997 9620 9
8300 1740 5
589 9116 4
6848 1250 4
8262 997 18
5730 8134 12
6174 1691 16
9247 9634 16
470 7570 13
1148 2064 13
3734 4157 14
8903 2130 8
9992 4974 5
8795 2108 11
3673 154 18
1071 116 9
3408 5293 18
2286 9478 8
7730 8962 16
5001 6336 15
8415 6539 9
1666 4234 13
9035 3982 9
380 95 17
3929 2307 12
9310 7788 17
734 8633 16
7351 9184 12
1455 3441 5
7026 9177 7
6209 2482 5
2969 7500 2
1311 7679 15
3125 163 9
4470 6808 19
3703 7707 13
8511 6593 2
2594 9026 6
6360 4298 18
3091 3281 1
1121 8086 20
9910 7295 4
1337 3729 3
5069 8970 11
5225 6676 5
8399 9523 7
9647 1987 4
8369 3594 20
5186 5318 16
5467 1748 8
7271 1741 12
8612 2697 10
2856 6189 9
5555 8760 17
2105 7333 4
8356 163 10
9687 9144 11
7755 6666 3
195 3988 1
7284 2790 16
4712 4873 6
6512 2099 17
8553 2372 16
1418 604 16
4341 1277 7
7254 635 15
8465 8770 20
7661 2335 14
42 5440 12
2564 6293 8
2389 1705 19
2118 5092 5
4484 1923 7
8037 9904 4
8009 3089 5
793 4520 12
9726 7843 3
581 8962 15
2132 1244 12
6264 9375 10
2975 4224 5
637 3241 7
9587 756 4
349 5043 4
1784 7823 9
3525 7346 4
9025 9148 19
6314 4497 9
3522 7236 17
3068 7811 3
3498 7337 3
647 5479 6
3773 9159 4
4189 8908 20
6534 419 11
1167 2849 8
7851 2170 12
3289 1071 2
9946 325 10
3391 2058 3
9715 3437 2
4516 9497 6
7394 533 15
2468 3415 5
3786 2822 15
4951 146 15
6946 4586 19
1560 3911 4
3973 2488 11
1945 5143 2
2980 4753 13
4065 6271 10
4866 4423 6
769 4944 1
5940 7106 3
7775 8730 7
5565 8733 19
3139 1556 9
110 6301 3
8680 8884 13
150 2645 13
1997 161 9
1568 9892 4
8569 9519 12
4600 7369 14
4758 5408 14
8499 860 10
8436 4055 7
6029 9522 3
5724 2653 10
1405 5117 13
6456 3351 8
902 8867 7
9423 5276 17
730 8187 18
6137 4054 8
4879 9739 19
9366 5136 11
321 4967 10
182 5428 16
3048 7742 10
8725 6894 4
5466 7310 17
5657 38 4
8727 983 10
49 9991 6
3620 7332 2
5671 2073 1
6385 8931 10
3801 3723 13
8092 165 11
4060 9546 6
47 901 20
7082 8193 5
6354 2530 7
4153 219 15
2806 4874 20
6246 6203 5
7725 9212 5
9957 2042 11
1528 320 4
313 6095 19
1414 3127 14
8342 9859 17
5006 7457 14
6113 9129 13
6410 9637 12
7362 5725 7
9488 9021 7
3264 8597 11
4544 2708 5
7870 6698 10
1508 7249 10
9832 2993 19
3906 1566 6
7627 7152 9
9434 2203 10
8858 1896 2
6545 1253 7
3440 3276 4
1105 3790 17
36 8962 4
5416 7088 9
4256 8958 13
2538 6960 14
9311 5054 4
1546 8046 12
7441 2791 7
3971 7238 18
4730 2186 2
7663 8125 12
6766 22 12
8295 8177 10
1901 9042 6
1089 6526 16
8898 1353 10
5785 6448 5
1204 4157 10
8333 4256 12
5178 856 12
4504 9513 9
2239 7278 11
6333 558 4
3758 6838 11
7412 8813 20
3195 1454 5
6313 9807 13
5283 2057 16
8391 4015 17
8856 1936 10
9365 6737 4
4567 3200 17
8952 1273 2
7216 2533 9
1070 8011 11
3154 9883 17
5906 6484 18
6247 7686 16
8597 2053 16
8622 4254 12
6938 5241 11
6860 4328 20
1206 7868 18
1708 7495 1
7926 9761 1
5908 6274 1
5994 607 7
6539 326 10
3953 7517 15
2342 579 3
6848 1000 11
7757 6388 14
5635 1723 6
7840 5735 15
2466 6624 7
6575 9891 7
6662 9326 5
4428 9473 11
8523 2140 9
8637 5373 13
8363 5697 8
9063 5978 8
5294 5925 13
9256 8625 20
3060 4256 16
6840 5872 9
5945 6335 18
9165 5663 6
1763 5547 8
3936 339 3
7408 7170 6
1788 4780 10
3672 7775 9
1083 9809 12
4974 6773 16
7497 7545 6
5697 6091 18
714 7515 18
9773 2549 19
1387 9110 7
3779 9653 12
5603 2071 1
8462 1753 13
4679 4635 14
2509 4510 17
8991 6716 20
3052 5271 11
320 3278 6
4740 2193 3
9735 4932 8
4067 7520 8
3701 6648 17
5313 6699 2
9219 7748 2
1094 140 20
7231 3114 13
7535 5679 19
2376 8912 4
566 1419 18
4701 4245 13
7386 5201 17
1572 6434 4
5013 1393 18
9750 1374 5
201 2933 3
1248 6082 10
1266 7380 6
2019 4936 19
1749 2284 5
6667 9944 4
7814 2556 9
1455 979 11
8074 7218 3
662 7477 3
532 2079 18
7332 8490 3
963 9359 15
5400 5448 16
5784 9390 6
9243 2947 19
9579 9200 8
4775 7637 13
4574 5785 12
1735 9702 4
838 2089 8
4264 7768 11
7547 9907 11
4535 8376 4
5798 8786 7
7484 4720 1
5808 4778 6
2863 233 18
2306 7299 17
2657 2463 3
706 7871 13
5641 8288 13
4121 1558 9
2569 230 1
8686 8901 3
789 2496 18
9373 4047 13
8690 6294 19
3585 6353 12
5554 6252 3
2468 2578 2
2971 3114 6
6398 261 9
2784 8574 10
4896 7706 19
3703 3176 17
48 8578 7
1421 6365 20
71 5833 10
8600 1151 14
7799 6161 18
2992 4403 12
8900 7353 5
2449 1699 19
728 1893 13
749 6054 13
8101 8310 12
209 3948 1
4228 3672 16
2093 5142 11
3815 6109 3
3505 4822 9
2929 743 13
3809 6941 1
4132 7101 15
8082 2489 10
3951 8084 13
4635 5469 12
5749 1681 2
4445 6017 3
3115 9231 20
4641 1547 8
3483 3904 20
8159 192 2
7255 5513 19
1064 1201 13
720 3146 7
5591 9064 10
9330 8942 11
8001 3976 8
3939 1975 15
4487 6382 2
1595 309 10
9355 3868 16
7881 9781 6
5388 8689 6
3352 9070 2
892 6241 4
6535 2277 13
8611 6320 8
733 9424 18
1701 4042 15
3893 6475 4
6353 1394 8
9776 2390 13
1145 9058 15
3429 5240 17
6630 9656 17
3441 8156 10
5489 9692 3
6010 7182 5
806 9205 12
6734 9699 6
3544 3100 12
492 8360 5
7085 9446 11
4476 8933 4
631 3584 7
7856 1164 11
9622 4180 3
2521 574 12
3732 6609 6
4780 2406 9
8671 9167 10
6453 6433 15
3235 2427 5
8561 8537 18
6324 7358 13
3289 1451 11
4097 5604 20
298 173 4
4253 5449 9
9272 1104 9
4401 272 19
3289 1544 7
8061 5120 18
1258 4855 18
7710 1066 9
6890 8979 11
6769 4413 1
6751 8059 19
5636 7735 18
8935 9794 6
7659 6285 7
5319 904 12
7475 9596 4
6067 3303 9
1361 4389 4
1496 2823 8
2664 5384 5
9931 5627 4
4878 8312 4
6224 6527 13
3298 9716 20
2110 4450 14
2204 3373 2
2098 4401 3
9014 93 17
118 1187 6
2228 5573 14
3894 4631 19
8984 7644 15
1960 2665 8
6187 7986 9
8048 9474 8
2431 1956 1
1614 4337 12
8817 2316 1
5178 7270 9
3195 7122 5
4813 7032 2
4896 6438 19
9989 5291 8
479 1451 10
2328 3720 4
5414 5191 6
1090 3546 4
4333 9047 20
6427 967 16
1288 6251 1
6967 6393 19
4361 4787 14
2029 5508 1
9389 9807 13
9749 4172 10
9622 5196 12
709 3655 8
1659 8004 9
8190 1809 4
8032 4143 20
7734 6189 18
8585 7603 19
9755 7023 14
4732 9860 19
8590 9445 1
9145 2456 4
626 9955 9
5274 4018 5
9056 8753 1
4681 5810 19
3022 160 7
1870 3525 13
6938 6756 12
4830 6719 3
9313 8794 20
4765 37 10
26 2525 12
1732 1341 7
8316 7510 18
1922 3432 16
418 358 14
1550 499 12
3830 648 20
2118 6351 11
4994 7427 15
4861 6486 15
2723 7938 11
9997 8293 15
5549 1218 5
8488 6992 16
4484 7405 3
1531 4363 12
7132 7395 5
4351 4372 15
1555 4078 17
2506 345 13
8472 6877 7
2229 661 9
6634 7616 10
1903 9158 9
6940 8198 3
9185 9053 7
9441 7632 12
3232 9872 14
191 6020 18
7847 9874 12
4076 2050 17
6924 591 10
5879 9212 17
3730 8875 1
9519 5799 8
4480 5500 11
4930 2494 3
8381 2073 3
4241 2497 20
6297 662 15
375 9364 18
7932 1209 16
933 5372 17
4995 3964 5
1553 2014 16
8045 4062 2
1456 1937 7
5396 2846 4
9781 3443 11
1491 5556 2
812 5665 6
8110 5750 14
2545 6461 18
9096 1479 13
7283 355 4
1800 4332 15
9773 9865 9
4181 9643 9
1630 4563 18
3984 7007 12
7638 6659 16
1592 3469 7
2244 1632 9
2263 4326 7
3837 6770 8
1274 4703 12
7944 26 8
7761 2382 11
2376 8397 19
6388 1402 7
6771 3438 3
4127 3062 14
1479 8434 9
8804 1476 18
6681 6470 3
1555 9133 10
2591 4502 4
7272 9209 1
9567 7176 10
1896 9077 5
8811 2919 1
3743 6542 12
7377 3138 3
5811 7864 20
5222 9458 3
2304 4393 7
9673 4937 15
5091 4432 3
3439 3129 1
9872 2054 18
9731 4372 7
8408 5357 7
1180 3357 14
1197 4379 3
7045 5840 1
3338 6215 17
9592 9803 16
233 1907 17
8228 3610 18
5330 5146 7
5679 4078 10
2236 4656 3
6761 9244 5
5125 2297 17
6014 6058 17
8978 9906 20
1818 7149 6
1690 2659 6
6113 4888 7
1221 6733 15
8860 6016 6
9570 4282 5
3708 6187 3
6319 1008 13
5998 9696 8
5287 3322 4
7092 3270 12
7256 6488 5
5913 3102 10
3338 7822 4
8654 8992 3
9376 7899 16
2523 976 10
2773 6550 7
1805 4110 1
6448 4857 6
8714 9854 8
9314 156 14
210 6499 14
5051 7861 18
5213 1939 4
7870 9630 6
8837 6382 12
4355 2778 16
3406 694 17
998 5533 11
6601 23 17
7314 5105 2
708 3276 4
6996 251 1
3507 5728 8
2703 6647 12
4501 1683 8
2014 2843 16
2067 2989 12
3889 3636 18
3759 3940 7
8787 5577 6
5236 3047 14
5837 9999 5
2783 5933 3
3915 6242 14
439 9995 4
3535 7285 9
2258 2146 11
850 6231 16
8165 8818 7
480 2001 6
6544 8150 12
8713 419 1
6153 4645 14
7627 751 17
2737 9426 20
9234 4963 18
4996 1367 6
5860 401 2
6479 9770 16
6190 6125 9
162 1238 1
720 6235 16
5059 9792 11
7148 4384 19
563 808 11
786 1282 9
2771 6143 4
8328 7426 5
125 8582 9
9616 9527 14
5632 4028 6
5078 7297 2
6389 7744 9
6010 3322 11
5398 8308 20
7745 6697 6
8261 2133 3
5675 7570 20
3972 5286 15
2637 4619 6
4479 2165 9
3430 577 19
2371 2484 7
6701 1302 15
7624 6909 3
935 3517 16
6906 7043 1
9978 1624 1
233 4359 2
9964 723 12
3304 547 15
3849 324 10
3431 9955 11
3047 6092 3
3266 3092 19
5967 8223 8
4587 1645 8
9707 5274 10
6532 7742 14
1644 1309 12
3061 2837 5
9656 4564 20
93 564 9
9946 1373 11
3921 4237 13
8267 821 4
7642 5246 18
6152 1357 16
5972 9931 17
6478 3340 9
6637 8265 9
8655 2991 20
409 2868 16
9392 1125 6
2605 2804 14
2105 371 10
9788 9225 17
5418 4445 5
6646 4176 19
2225 5414 4
4720 6312 17
1190 2971 11
7251 6492 19
2563 1344 18
8148 5050 4
4149 6946 17
9615 7556 10
8633 83 7
2584 4716 10
3925 1691 11
2900 7917 13
9319 8886 1
7847 4212 9
1412 6121 6
18 8999 14
7131 7769 7
4150 363 19
1821 6909 20
1320 3878 17
7437 8379 6
7824 2585 2
8117 144 12
7848 774 5
6519 5071 4
3901 6266 18
1289 8583 19
6173 4418 17
8025 725 13
2191 4099 5
9055 4217 11
6975 839 7
8372 2732 15
4996 7128 11
7311 3109 19
7439 7875 7
5561 8828 14
611 3590 3
1733 5815 12
2709 7229 18
1189 2713 10
5958 2320 19
2653 9650 15
1454 8088 18
9315 7019 13
4799 4112 20
2786 2960 20
5531 8209 7
9479 866 5
3774 1412 5
3995 1757 11
5596 6250 4
7018 5455 10
5094 1499 1
140 1210 1
4003 1689 15
1439 1638 4
9655 2338 20
7022 9861 2
6525 1737 11
9481 8727 17
5295 7720 7
6692 9630 7
3075 4196 20
1119 8931 2
9299 1762 1
5330 2685 19
9814 162 17
8101 6371 5
930 1571 9
6898 9001 19
3760 1642 6
4720 3116 7
7345 405 6
9582 9018 11
5487 3851 5
5550 8215 16
1674 597 7
3292 1702 12
4020 1279 7
5912 8996 16
4884 4642 17
9096 561 4
2824 2845 18
5276 2561 8
7818 7439 9
1549 7657 11
7908 6036 5
4897 565 14
6643 4490 14
9994 6729 19
3826 4645 19
8389 1208 15
1482 3971 16
9271 8973 6
786 1933 18
8053 5623 6
6653 4411 20
8592 3220 15
9199 4629 15
4776 5677 19
7893 2474 10
2310 332 16
1314 7222 9
443 7493 15
1623 9508 3
6186 3778 2
6494 5907 17
4113 7539 18
6129 2655 11
8639 9145 20
990 4170 2
3277 5657 19
3097 3069 13
4436 5812 13
65 4369 10
7382 2766 4
8966 9034 11
6290 8614 3
5775 9633 11
9008 3825 6
1897 3418 3
7616 8766 6
9100 8650 4
8970 5172 9
5262 5817 19
7480 664 5
6337 4363 15
3648 3789 13
9844 1223 9
302 4022 20
2338 340 19
1590 7534 4
3460 6103 14
1749 9125 10
7299 9458 12
8230 5213 10
1750 3548 2
5014 9060 17
7597 846 15
3408 8118 12
3271 200 14
2262 6327 12
5509 6538 17
9413 8036 1
894 1753 2
6746 9376 5
819 2194 4
2103 1063 13
6805 1641 14
3730 2070 14
5832 4275 9
4119 968 16
6908 521 6
7111 4008 7
5634 1666 13
6003 3969 18
592 594 10
9051 2914 14
6002 5908 10
2643 3073 17
1635 5745 17
9812 4888 10
2037 9934 15
6120 5651 7
4221 8710 15
3308 8807 12
8504 8257 8
89 9270 6
3239 561 6
7760 6064 16
7229 3867 16
738 6447 2
7504 3601 1
5692 6280 20
1635 9572 4
3186 6275 15
4192 8785 11
7623 1650 5
5610 3996 5
7688 6698 13
4210 4999 3
6232 5078 7
6828 3622 18
9059 5270 9
4262 8771 13
2092 2370 14
9375 6171 4
7068 5066 17
2604 7866 6
6299 4134 12
1728 5558 8
5801 2766 16
4340 1254 6
5215 6597 9
8643 2543 15
7384 4743 3
9242 1363 11
7832 9998 19
3485 3918 9
6206 5916 16
8758 8928 15
9511 2739 10
9339 6214 16
5554 411 5
3257 3975 2
6701 5849 4
356 5060 8
4433 7874 2
12 4529 20
2295 5221 7
9473 4891 11
7383 4546 17
6810 2930 17
6032 6544 3
342 2341 19
8432 9431 14
2101 9061 7
9131 5608 7
1793 8352 20
5458 9035 7
2861 893 19
740 1295 11
7095 1771 1
352 4785 13
4373 4897 14
2491 361 9
8663 4659 7
6293 9494 13
855 5754 3
340 5303 2
6783 2358 16
8225 2138 15
3359 4404 1
5141 3624 5
4003 7084 18
1628 2885 13
5661 1141 14
1925 7830 14
9492 2149 4
8430 8445 4
6252 3366 18
6133 2406 19
7381 6651 15
8720 9356 12
7480 9668 2
1974 1777 9
770 9325 19
4250 3463 14
6436 3386 5
8832 6327 18
7106 1405 5
8752 3665 8
5232 2727 17
6242 7515 12
7796 7887 16
1043 1910 15
960 1502 9
4003 594 2
1150 7607 19
9160 4061 17
2993 5783 11
9819 2844 6
2968 5829 13
2752 2670 3
879 345 5
119 1932 7
6096 3480 4
7789 3353 14
7033 1577 8
9056 7275 9
352 4356 13
1909 9551 19
9502 4107 12
7918 6785 15
1602 5017 18
4174 6067 11
8537 8411 20
1495 6917 17
8732 1274 3
317 8129 17
9758 8415 6
8070 2075 11
8639 4046 6
6131 1335 11
2176 7988 20
6561 8725 7
1906 8927 13
381 4425 13
4003 3386 9
5540 2521 7
9828 1941 15
47 3223 14
9012 9110 7
9835 5386 2
2134 2967 15
2102 2706 8
2064 6588 2
9672 8378 14
4064 4629 17
3649 9300 15
7449 190 2
6154 6661 6
9747 9629 10
4770 9574 13
1884 3740 18
4254 9745 6
4836 5984 14
541 6275 2
9800 545 20
8861 1688 16
2305 5639 14
1316 2370 15
3297 1519 14
762 6223 14
9204 7008 1
8006 3497 17
7738 943 3
2862 4777 10
8941 9463 9
2587 2390 20
5464 5281 20
9945 1324 18
6181 1931 7
9142 5936 13
5419 6163 2
7184 4717 2
2421 1063 6
4383 2627 10
9087 6232 12
9349 4943 12
5325 7121 17
1330 1905 1
7592 8560 2
8960 8478 15
697 1643 12
4465 3756 20
2548 7142 12
5201 7506 7
3399 3708 1
746 2536 16
7058 2499 14
7030 5558 5
4508 1233 1
7357 1686 4
4616 8262 1
1687 6512 7
6957 8653 9
5333 3956 6
1081 5622 19
7251 6115 8
8705 995 4
3081 2664 13
3549 8781 9
7536 4231 10
172 9668 3
2408 3236 10
6034 1002 5
4884 7025 19
4111 6722 15
6230 188 5
9080 7434 7
3002 8215 6
2724 5288 20
2318 3276 7
9219 394 9
860 2228 11
3903 8619 3
7837 8221 15
2656 4581 3
1186 3025 20
7126 1977 5
9776 5295 6
7346 701 1
4557 9516 5
8617 9956 15
5922 5912 16
5342 4929 20
3306 4025 5
5157 4803 2
301 9123 13
4026 6819 8
7246 287 18
2571 3230 9
2627 5212 13
3116 2044 4
9458 5893 10
8278 5612 11
7409 9488 8
2054 454 4
5108 2723 13
1714 6035 2
4873 4715 10
407 1213 4
9331 7661 4
8561 9732 14
9361 7041 10
8837 5466 19
1804 2353 7
736 2552 18
9412 9527 6
9486 9779 10
189 4730 19
4862 2707 8
6571 2115 4
9221 8491 11
3550 4900 15
5957 9835 17
9409 8086 4
7761 6155 10
2927 8071 2
1305 381 12
4937 6258 19
1704 2196 2
26 2136 10
902 5685 9
5125 8750 3
8883 5354 18
9598 5091 15
9151 4304 7
526 8799 20
9715 9701 7
4685 6317 6
4778 9496 2
2850 5114 15
1609 749 18
5163 2541 18
479 2050 3
8902 6957 2
890 1578 15
5147 3410 14
4984 4080 9
8768 5348 10
2265 367 1
7968 264 10
59 8950 13
1112 7648 9
4310 4921 2
7269 8795 19
1642 131 11
8052 5274 7
8828 1249 15
7457 4197 4
9925 4455 15
150 6925 11
992 7971 16
7491 316 19
2910 4131 15
6539 6490 6
9453 8162 6
5902 9052 10
3891 2730 3
3738 4910 6
3988 6129 17
6762 6140 4
9393 74 8
4766 22 18
2136 7511 10
5278 4692 12
2236 9327 11
4105 6987 14
9567 8663 11
869 3348 17
2723 2348 13
846 9073 9
5356 3346 9
9493 3287 7
8569 5871 15
4627 8866 6
8450 5507 15
4990 942 10
103 6808 4
9512 6033 17
1291 1150 16
2973 6224 17
4853 6157 11
8095 8305 3
4766 6653 4
4757 5590 10
9008 4662 12
1937 5820 17
1301 6720 8
9183 1933 9
1118 9400 11
2929 8007 5
8934 9639 12
6934 9661 7
6805 9688 11
5881 7051 18
3057 6166 10
7210 766 10
5506 4950 2
1111 215 19
1872 5501 5
375 5905 3
3518 7819 9
8043 9050 9
4949 3898 9
8024 7172 19
8307 4344 8
9590 4422 18
452 277 18
294 1799 3
4773 3717 16
1961 7127 10
345 7599 7
1055 2484 19
5172 5756 12
512 9721 8
9341 5662 8
6749 4514 10
7479 6247 15
5427 6319 17
4665 4000 16
5117 4562 1
5019 3365 19
4000 424 14
8548 4868 2
6480 6762 6
4337 6940 16
3551 8757 11
497 7271 8
1769 7766 11
7390 1091 16
347 4894 1
2152 5736 18
7531 4775 12
2452 6295 3
7937 795 8
7551 6498 13
3511 6347 14
1926 8063 19
9199 8455 11
5865 6475 14
1079 372 7
4050 3207 12
179 7687 6
2932 1182 6
3459 5947 15
7824 8494 14
9446 801 1
8681 3394 8
9173 7741 8
7167 789 5
1980 1584 15
1956 2912 11
1011 3750 6
3479 9356 20
4019 2092 1
7099 5266 16
9105 8609 5
4369 3379 10
4156 7839 13
8098 7797 7
7480 7913 17
2603 82 5
3906 4603 16
9652 4884 9
6831 4993 13
7265 1549 16
4701 335 16
4006 1127 9
6860 1703 20
3246 3135 3
5690 3121 19
2141 6800 20
2063 5759 1
5065 8922 4
7042 5470 1
2439 8890 17
36 3028 5
8579 7233 5
1229 2021 4
4495 6181 6
5707 9105 15
6372 6378 5
7562 9515 16
8082 8281 12
3758 3813 4
8366 7467 16
5716 8400 1
1718 3694 5
7510 4604 5
4818 6312 6
2876 7046 1
7634 6732 4
7218 7746 10
7719 4751 13
679 138 19
6575 6381 4
6030 8922 13
6193 9048 18
9659 1332 12
4245 3684 14
8003 949 9
7639 7668 6
3666 6385 2
7723 5954 8
9129 9541 1
2646 4249 3
1538 9608 16
2526 4060 14
4046 7465 5
2266 8672 18
3663 5938 6
1339 9987 16
6858 7451 19
2355 8867 16
8311 876 18
5311 9305 20
4569 9420 11
4956 9758 12
5138 2398 19
9074 7572 15
8060 9273 13
4830 8504 16
7195 2086 9
4171 281 18
1460 5742 20
6572 1430 4
9318 3751 18
5654 7935 5
8484 5696 9
8209 37 9
5655 628 17
8506 9606 7
5370 4912 5
7933 4795 19
6739 2306 1
4432 7179 6
4273 2707 16
5413 257 18
5951 2625 17
2709 562 15
7887 8038 7
9600 1207 15
250 931 19
8424 296 16
5982 8423 17
567 5707 10
1809 9966 19
3430 9819 13
3009 7126 6
812 6943 20
7222 4948 2
7002 4191 4
669 8306 18
228 7951 7
2309 5595 3
2090 4023 17
90 8504 1
2999 8148 15
7196 9583 19
5397 5030 13
6445 4429 12
9500 4144 4
7741 2172 13
3872 3576 4
5499 1493 11
619 7310 18
3770 8224 20
8359 9000 2
5924 3412 1
4227 6702 4
3092 7317 14
4824 6536 11
8225 1496 15
3267 834 13
8426 8213 18
4674 1199 11
9683 1697 16
28 5519 2
6450 1806 2
9989 2812 9
4162 5408 11
6507 2956 1
1838 6382 3
4683 7885 5
1399 6293 3
3213 8184 15
2021 4929 6
8364 1027 9
3519 1133 2
3924 1844 4
3540 7389 4
4838 5549 8
1349 2783 6
5871 4101 4
4968 1127 10
2691 5142 14
9474 31 17
5822 3179 11
3826 7271 3
8524 1957 19
6460 1171 5
2235 5915 10
3647 3711 6
4899 5065 3
7776 4843 12
605 6925 20
1194 5122 20
486 8214 12
9014 7237 17
8430 7915 16
3719 2248 15
5959 4519 19
2391 6086 20
3093 6751 17
5861 8806 14
5200 1817 10
9317 9964 16
71 9600 1
7081 3843 18
3036 6920 7
4256 5224 11
7071 8193 4
8570 3405 5
7864 9922 14
1288 7281 20
3268 6159 16
7686 2707 18
6319 8541 15
4093 9803 13
2978 2653 6
6280 9668 9
4988 6351 6
3095 2702 3
1993 4485 19
2746 2653 13
498 2657 6
1898 7178 8
2843 6052 5
2902 6152 12
6384 6647 2
9521 5232 15
2442 1883 1
5052 136 3
6760 7225 12
6349 4371 7
7766 230 10
4888 58 11
7462 814 14
7011 421 2
7597 371 1
9003 7054 15
6149 5379 9
2249 6326 5
4435 2089 19
9515 2620 20
8789 367 10
2899 47 17
7881 987 1
2161 3082 7
2624 7609 1
8902 3396 1
4867 8016 11
7735 9218 3
1075 7408 15
1487 8783 3
9466 5111 4
4643 5001 16
6177 7357 20
3833 210 13
4457 3796 14
2747 6610 11
7435 5456 4
8578 5868 15
4091 9018 13
7005 1449 20
9652 6237 6
8000 4772 18
4394 6108 14
7218 53 13
505 4234 15
7134 875 12
2107 2973 14
4857 7742 10
805 7055 18
5269 8338 1
381 4504 14
6275 2773 3
5753 5793 5
305 9060 18
9770 132 2
3543 6777 4
5986 308 8
8921 567 3
5468 8592 18
443 5885 9
9644 8628 18
4482 7364 18
8873 7886 4
1332 6511 1
765 4664 13
2761 7246 5
7442 6488 8
4436 5901 17
7268 1243 7
7907 2918 7
4238 9781 15
8310 8201 16
2967 2047 15
9116 5620 2
7900 6493 7
1248 8659 13
4452 9863 19
3536 3369 14
8126 2057 16
5901 1582 13
7382 4328 15
6721 4537 10
6441 1768 3
4909 9764 18
3489 2148 11
4958 5774 10
7009 5671 12
4258 4379 5
9297 2940 2
5939 3456 16
762 5673 3
385 1810 10
6180 6201 11
6411 4856 4
3474 6470 12
5626 9277 6
2752 4030 2
6040 7338 6
2883 7292 8
7101 1555 2
3382 8693 7
562 7978 2
3885 4599 3
9699 258 13
7933 2892 3
9084 4864 4
6905 6822 11
541 8929 14
7507 1506 7
3975 3725 17
3168 6179 12
6116 2908 6
1062 2203 14
249 8247 11
7091 294 19
7125 3845 7
6601 181 8
7942 4360 2
1484 1904 10
5343 1198 3
8457 5725 17
8192 5802 12
7001 5415 2
6708 6107 11
6742 5242 5
4278 9207 11
9778 5451 7
7105 5197 5
7511 7628 17
6127 5076 17
1896 1276 8
3315 7474 17
1118 1962 16
8635 4869 9
2582 6237 10
8447 1921 9
578 7903 16
1132 4611 14
5757 5089 8
5013 4426 6
5955 3960 3
9038 5458 13
3279 8985 6
9178 3618 4
6864 9619 14
3656 8375 12
9398 1135 15
4759 1813 4
3292 5950 15
3989 5614 20
8966 9290 9
3211 9884 16
2518 1713 13
4156 3521 3
1925 8007 7
8129 9463 19
3807 755 17
4384 3868 5
5235 6248 18
1829 1420 8
3566 5230 5
9693 4709 6
5885 5764 18
241 2918 18
7975 7094 13
6360 225 14
6548 8771 8
1096 1426 19
818 9972 4
9866 5050 1
4948 3612 20
3445 4618 2
1008 2611 18
6416 2868 20
7239 2485 9
1803 2461 15
816 5020 7
5035 7301 16
3903 6078 9
1328 9039 13
9478 6988 2
6327 2620 11
715 7602 9
1104 482 2
5380 727 20
6482 5762 5
5210 340 6
7171 7503 19
7787 6767 15
3379 7189 10
7347 9610 12
210 5110 10
8801 414 19
4364 5340 13
5102 9680 20
9524 3817 11
238 3637 3
1126 6012 13
116 5124 12
7241 5200 20
8794 3544 18
8160 5232 4
2553 9858 5
4808 1790 5
4325 2192 5
1404 398 13
707 9795 18
9875 1657 15
4865 1523 6
5501 7278 9
1819 1135 11
3036 4799 11
5109 5674 7
5817 1758 16
1256 500 9
5179 7964 20
5840 7560 16
8159 7193 14
9155 2121 15
4886 9377 15
4549 3836 11
9101 4461 9
2606 1244 18
5124 1127 4
8557 2891 17
3881 9490 18
7462 4525 11
1383 4025 18
4543 9043 2
1762 9168 5
3377 3101 7
8797 9512 14
276 7655 19
1595 3362 17
9593 7919 5
6459 4945 1
9311 4746 8
4491 1038 5
9039 9025 4
4717 2001 12
8049 804 6
3196 1886 9
7235 7790 19
3206 3793 10
994 5558 7
9157 5600 5
8488 3915 1
2439 3542 2
5668 3330 8
6238 4417 18
7789 6436 6
711 8888 6
633 1076 12
2185 4576 2
9678 4043 16
6295 9034 16
7180 8494 18
896 9222 1
7555 4342 16
4743 1585 8
805 380 10
2023 7643 14
4087 2554 20
5745 4294 11
9325 1195 17
2374 1115 19
1008 8111 6
1961 3471 11
7433 9455 15
2490 4767 10
3559 3912 8
2151 6259 15
5867 1177 7
2129 2352 17
9302 7047 15
9818 3666 10
555 3131 17
7737 8446 18
103 3028 18
6130 2651 4
5917 2033 8
8605 3750 8
8788 1985 7
9153 704 6
7044 8324 3
8531 1098 18
5137 6147 13
1270 4781 20
9707 6245 6
6412 914 14
4015 6374 6
495 3054 12
6444 8955 10
5824 2743 13
8354 3878 4
7473 7878 17
17 1539 2
782 3000 17
1370 1806 7
4014 9684 18
6800 1674 10
6758 5101 20
7575 1975 1
4396 1033 2
9563 7105 1
1355 9873 18
222 5015 14
3765 9661 2
3836 6068 11
5552 2804 14
5041 347 12
4743 8472 10
9495 1184 9
1957 9349 10
6644 6938 14
2561 9125 20
3441 1192 16
1479 6999 12
8834 2896 18
9151 1706 10
4295 3083 18
6874 5954 4
7094 2603 12
3627 8378 7
9265 4958 16
9564 7874 17
8415 4942 10
8586 8500 2
4476 920 17
6943 5156 5
5395 5336 16
6071 8301 19
9279 1127 12
8586 148 10
316 5752 20
9223 3280 11
8205 3829 1
4388 3740 6
7945 4808 11
2914 6223 11
7376 3407 7
5062 3918 5
3827 3323 18
7537 7529 5
1966 2139 10
2837 7290 18
8649 3660 16
8962 1108 7
93 3292 19
3073 6643 4
1822 7325 18
3484 6349 8
6538 2829 8
2357 915 1
5542 5617 4
376 6531 17
4336 3119 2
4292 8054 10
2840 9214 11
4086 3067 9
3627 7944 11
2948 1900 5
4006 890 4
2703 5733 10
2707 9313 10
753 4592 4
609 3448 8
5734 1652 17
5133 5203 6
9081 2637 2
769 1880 16
3245 9250 13
2708 8534 2
4824 3480 20
2312 7665 16
9214 954 15
4975 7327 15
7159 3648 10
2942 7748 15
320 6312 13
2932 540 12
4222 5898 11
2160 8199 17
7099 6164 17
6434 7542 3
651 8096 11
3673 7938 12
3169 5349 1
6820 2043 17
5109 4065 5
1948 689 7
9970 9048 10
5192 3199 7
4346 892 19
2496 9183 5
9603 4552 10
6103 1477 4
4489 7949 18
7539 9843 6
5491 7072 16
39 294 16
3974 3634 14
546 7426 15
1331 4484 15
1651 3990 8
1408 5038 6
3356 5465 12
6504 5943 18
596 7031 12
4552 7588 4
2208 8749 12
8824 2350 11
3665 6404 10
1928 6792 1
8676 2937 12
7862 9321 1
5337 3923 12
1621 6630 8
461 6763 14
9779 234 16
2457 6447 20
6636 1022 9
1172 8948 17
5769 5511 2
9824 5527 1
2813 2271 5
8013 7362 10
6798 5890 1
7272 5088 18
702 4695 13
28 8484 14
283 3553 16
9879 2363 20
630 1636 5
4026 3458 2
2815 192 10
1994 5564 12
3100 3052 19
9084 1038 15
269 3691 13
7499 9567 2
387 337 9
8491 6275 12
8053 3408 4
6513 8976 18
3789 3001 16
6262 9024 11
9210 2905 5
9213 3871 5
4514 3009 6
4219 4857 1
6617 6256 2
3052 9413 5
6643 3336 19
7758 1955 1
1689 3508 11
9072 7823 13
5608 2897 20
2537 5042 15
7037 6064 16
4353 3820 7
8506 3370 5
5162 6856 3
7946 1891 10
1769 141 8
5158 1010 9
9139 7716 20
606 4099 13
8213 2786 7
9766 127 20
2963 5101 15
1399 4947 20
2494 68 20
726 4580 17
9066 5906 5
5700 428 9
6479 7356 8
376 8121 18
2770 6664 13
5123 2128 15
120 9270 17
3900 7452 6
6738 4967 9
4479 4514 10
9609 8378 10
7656 3293 18
5413 1817 4
