500 62500
1 2 4
2 3 13
3 4 8
4 5 8
5 6 10
6 7 19
7 8 8
8 9 16
9 10 1
10 11 12
11 12 15
12 13 3
13 14 20
14 15 3
15 16 18
16 17 19
17 18 13
18 19 18
19 20 13
20 21 4
21 22 18
22 23 13
23 24 16
24 25 14
25 26 4
26 27 20
27 28 9
28 29 5
29 30 6
30 31 19
31 32 15
32 33 14
33 34 7
34 35 5
35 36 4
36 37 15
37 38 11
38 39 15
39 40 12
40 41 19
41 42 4
42 43 14
43 44 18
44 45 1
45 46 17
46 47 20
47 48 5
48 49 1
49 50 20
50 51 8
51 52 8
52 53 9
53 54 13
54 55 4
55 56 10
56 57 13
57 58 15
58 59 9
59 60 10
60 61 13
61 62 11
62 63 14
63 64 14
64 65 13
65 66 20
66 67 15
67 68 3
68 69 11
69 70 6
70 71 17
71 72 17
72 73 20
73 74 19
74 75 15
75 76 1
76 77 1
77 78 15
78 79 3
79 80 9
80 81 5
81 82 8
82 83 3
83 84 16
84 85 8
85 86 12
86 87 7
87 88 7
88 89 5
89 90 11
90 91 3
91 92 8
92 93 17
93 94 8
94 95 2
95 96 9
96 97 11
97 98 11
98 99 3
99 100 17
100 101 3
101 102 5
102 103 9
103 104 20
104 105 7
105 106 17
106 107 18
107 108 16
108 109 6
109 110 17
110 111 9
111 112 1
112 113 15
113 114 20
114 115 8
115 116 13
116 117 19
117 118 1
118 119 13
119 120 12
120 121 3
121 122 9
122 123 9
123 124 20
124 125 8
125 126 18
126 127 16
127 128 5
128 129 2
129 130 14
130 131 8
131 132 6
132 133 20
133 134 18
134 135 15
135 136 4
136 137 10
137 138 8
138 139 12
139 140 11
140 141 1
141 142 16
142 143 6
143 144 14
144 145 12
145 146 2
146 147 14
147 148 7
148 149 8
149 150 2
150 151 20
151 152 13
152 153 5
153 154 20
154 155 8
155 156 3
156 157 20
157 158 4
158 159 2
159 160 18
160 161 9
161 162 19
162 163 6
163 164 18
164 165 6
165 166 16
166 167 4
167 168 5
168 169 19
169 170 5
170 171 17
171 172 10
172 173 6
173 174 9
174 175 15
175 176 14
176 177 19
177 178 3
178 179 2
179 180 1
180 181 20
181 182 10
182 183 11
183 184 1
184 185 14
185 186 1
186 187 11
187 188 3
188 189 19
189 190 18
190 191 13
191 192 3
192 193 1
193 194 10
194 195 6
195 196 12
196 197 9
197 198 3
198 199 6
199 200 8
200 201 1
201 202 7
202 203 20
203 204 12
204 205 4
205 206 1
206 207 14
207 208 5
208 209 8
209 210 18
210 211 15
211 212 1
212 213 2
213 214 18
214 215 10
215 216 12
216 217 2
217 218 20
218 219 7
219 220 1
220 221 2
221 222 20
222 223 2
223 224 4
224 225 12
225 226 1
226 227 4
227 228 10
228 229 1
229 230 4
230 231 18
231 232 9
232 233 17
233 234 12
234 235 6
235 236 7
236 237 1
237 238 14
238 239 5
239 240 6
240 241 3
241 242 13
242 243 3
243 244 18
244 245 12
245 246 20
246 247 20
247 248 6
248 249 2
249 250 13
250 251 16
251 252 9
252 253 13
253 254 18
254 255 7
255 256 1
256 257 20
257 258 10
258 259 19
259 260 3
260 261 13
261 262 5
262 263 5
263 264 3
264 265 9
265 266 9
266 267 6
267 268 5
268 269 11
269 270 14
270 271 6
271 272 5
272 273 17
273 274 5
274 275 2
275 276 3
276 277 12
277 278 10
278 279 7
279 280 4
280 281 1
281 282 15
282 283 16
283 284 10
284 285 19
285 286 9
286 287 18
287 288 3
288 289 9
289 290 1
290 291 12
291 292 18
292 293 6
293 294 12
294 295 5
295 296 14
296 297 15
297 298 17
298 299 8
299 300 7
300 301 19
301 302 20
302 303 3
303 304 11
304 305 1
305 306 13
306 307 13
307 308 2
308 309 19
309 310 14
310 311 18
311 312 6
312 313 7
313 314 2
314 315 10
315 316 6
316 317 6
317 318 19
318 319 17
319 320 18
320 321 17
321 322 11
322 323 2
323 324 20
324 325 20
325 326 11
326 327 7
327 328 7
328 329 15
329 330 13
330 331 6
331 332 14
332 333 5
333 334 8
334 335 10
335 336 11
336 337 11
337 338 2
338 339 19
339 340 17
340 341 1
341 342 14
342 343 9
343 344 7
344 345 4
345 346 12
346 347 20
347 348 12
348 349 16
349 350 18
350 351 14
351 352 12
352 353 6
353 354 16
354 355 14
355 356 14
356 357 3
357 358 12
358 359 8
359 360 17
360 361 19
361 362 13
362 363 17
363 364 12
364 365 20
365 366 15
366 367 5
367 368 9
368 369 12
369 370 12
370 371 1
371 372 1
372 373 1
373 374 17
374 375 12
375 376 15
376 377 1
377 378 7
378 379 6
379 380 19
380 381 2
381 382 9
382 383 11
383 384 8
384 385 7
385 386 12
386 387 15
387 388 2
388 389 6
389 390 18
390 391 18
391 392 16
392 393 13
393 394 8
394 395 7
395 396 10
396 397 13
397 398 7
398 399 6
399 400 2
400 401 10
401 402 18
402 403 11
403 404 2
404 405 13
405 406 15
406 407 11
407 408 2
408 409 9
409 410 19
410 411 17
411 412 9
412 413 15
413 414 20
414 415 18
415 416 11
416 417 5
417 418 2
418 419 18
419 420 1
420 421 10
421 422 10
422 423 3
423 424 13
424 425 4
425 426 3
426 427 12
427 428 12
428 429 12
429 430 10
430 431 7
431 432 1
432 433 3
433 434 18
434 435 8
435 436 16
436 437 15
437 438 4
438 439 10
439 440 6
440 441 8
441 442 6
442 443 13
443 444 12
444 445 9
445 446 3
446 447 10
447 448 11
448 449 11
449 450 11
450 451 18
451 452 3
452 453 7
453 454 6
454 455 1
455 456 3
456 457 9
457 458 6
458 459 16
459 460 9
460 461 9
461 462 11
462 463 11
463 464 15
464 465 7
465 466 5
466 467 12
467 468 3
468 469 20
469 470 13
470 471 5
471 472 16
472 473 11
473 474 2
474 475 1
475 476 6
476 477 18
477 478 11
478 479 18
479 480 16
480 481 8
481 482 3
482 483 20
483 484 8
484 485 17
485 486 8
486 487 2
487 488 15
488 489 2
489 490 4
490 491 13
491 492 11
492 493 4
493 494 14
494 495 13
495 496 11
496 497 20
497 498 14
498 499 16
499 500 3
500 1 8
289 24 2
168 436 6
197 335 18
152 441 19
265 103 8
476 190 12
268 145 6
206 405 20
415 443 2
472 403 12
344 162 3
143 495 2
443 99 10
36 418 7
206 333 18
304 378 11
306 349 18
118 324 5
26 383 14
160 463 10
164 287 13
127 69 10
388 182 12
228 449 17
142 103 7
364 477 2
488 403 7
232 50 11
165 494 20
202 91 8
430 155 15
414 212 7
26 434 4
142 466 11
498 105 6
499 393 11
303 270 12
420 341 8
371 394 2
450 93 20
295 22 20
50 30 16
343 70 3
373 259 13
427 41 9
309 134 13
256 407 4
172 180 2
285 315 18
330 287 1
378 164 9
140 196 19
357 70 20
336 230 4
230 211 1
109 153 17
146 212 11
262 484 15
406 148 13
148 218 15
47 374 20
493 365 5
499 450 6
187 485 20
461 411 20
348 208 16
428 325 15
228 394 2
138 183 19
428 243 7
36 114 3
137 445 4
287 337 16
428 351 16
255 223 18
423 150 13
442 29 16
20 199 1
102 463 7
290 395 16
394 387 11
182 227 7
394 477 7
108 331 16
332 356 2
81 307 14
195 357 12
197 199 3
380 223 6
415 458 17
334 353 13
426 303 11
330 448 7
368 417 10
293 430 3
136 138 18
359 1 12
137 349 7
159 486 1
154 338 12
488 306 12
374 23 3
397 466 13
259 51 12
402 147 9
318 341 8
235 126 18
141 384 7
79 289 5
97 350 14
311 37 17
69 97 1
453 298 8
314 175 9
432 494 16
451 224 9
389 475 13
408 77 16
455 197 11
483 414 8
255 311 20
6 56 1
301 392 12
47 116 3
465 325 1
158 97 2
37 58 13
189 476 13
254 75 18
434 425 18
368 66 5
89 30 12
398 243 16
380 25 2
414 309 11
288 285 12
344 268 16
485 294 3
355 105 7
67 36 11
92 38 16
68 474 4
92 358 7
318 77 8
447 203 13
17 417 1
434 52 13
293 102 7
76 45 12
91 383 10
285 303 9
114 9 10
292 20 3
264 199 11
30 10 13
162 62 9
206 245 6
365 157 9
258 11 14
398 469 5
142 2 14
362 135 14
249 456 6
449 226 19
41 465 9
188 349 11
308 336 19
7 298 8
454 89 5
405 125 2
372 153 12
325 495 4
403 171 19
430 404 7
221 133 13
373 99 11
167 450 12
291 387 20
146 289 2
283 326 17
416 422 7
336 381 5
182 294 17
61 427 15
222 191 13
480 269 15
425 355 9
295 309 16
112 319 18
256 280 8
401 116 5
310 303 6
169 105 14
62 205 11
244 124 12
71 449 12
339 265 1
232 161 14
251 94 3
489 362 20
327 260 3
33 305 17
116 138 17
372 488 19
490 458 3
141 371 16
233 175 3
206 208 13
173 283 7
321 279 14
94 31 18
324 323 12
219 380 18
462 308 12
46 74 1
73 105 2
6 99 6
7 435 8
154 460 7
247 328 14
438 433 6
495 66 14
50 122 9
458 393 4
6 200 12
45 33 1
32 398 8
246 444 3
21 403 6
127 50 4
327 360 9
166 398 4
200 151 11
357 208 8
297 233 3
295 247 5
325 346 3
62 262 8
353 292 2
86 58 7
439 123 3
270 405 12
309 60 6
116 79 9
5 40 19
23 257 8
415 290 16
6 383 16
372 233 17
31 469 11
387 225 8
323 101 1
365 213 11
231 328 20
244 234 7
443 322 15
220 429 4
395 405 14
422 374 6
122 103 19
82 464 6
392 471 5
383 194 8
361 156 2
400 115 4
7 365 8
289 227 15
377 131 13
96 130 5
106 449 19
63 85 15
290 193 9
79 240 8
54 399 9
307 471 11
212 58 18
73 396 10
43 410 8
152 168 1
469 229 6
77 33 15
120 90 5
450 477 5
260 281 8
138 76 12
432 116 15
380 142 5
239 255 19
191 350 11
347 151 12
197 112 20
174 168 9
300 481 12
398 196 10
478 321 10
265 304 3
267 381 10
352 331 11
361 60 7
106 132 3
364 290 9
185 1 15
473 357 3
461 436 9
383 184 17
199 245 2
150 492 10
375 16 13
414 455 13
329 68 18
110 410 5
18 281 15
340 227 18
207 187 19
314 145 7
378 240 11
425 147 10
486 494 5
139 320 9
431 441 1
124 107 19
460 425 15
310 122 18
280 129 17
225 199 1
158 182 2
214 209 3
12 305 6
303 95 19
190 282 19
269 401 9
304 337 6
393 492 12
37 291 11
494 103 7
336 498 13
486 249 5
361 359 16
478 417 16
64 472 10
479 215 20
219 251 9
269 432 14
47 94 8
138 211 7
331 175 20
184 297 13
270 216 10
361 290 17
450 186 9
374 178 7
347 474 10
252 23 15
62 26 19
144 248 4
389 147 7
180 309 12
90 487 18
162 457 13
448 67 13
421 49 5
256 457 7
112 387 10
30 419 12
255 203 6
191 184 8
441 333 6
445 268 5
2 452 17
22 79 13
436 407 12
489 388 13
12 83 13
124 89 1
165 369 4
213 201 20
7 457 11
339 241 19
367 484 12
157 203 17
300 233 14
302 304 12
489 279 9
428 459 9
137 246 9
100 49 12
13 120 11
473 89 14
410 186 9
481 157 17
147 304 12
472 337 19
258 456 1
260 37 15
298 245 15
223 423 16
277 193 18
228 403 5
27 436 3
128 450 19
151 352 4
278 7 17
390 321 12
285 21 16
452 301 10
34 186 4
108 49 13
422 429 6
293 137 9
124 158 20
159 47 18
220 207 6
405 87 12
115 83 13
287 224 11
391 20 15
288 356 6
427 190 7
487 225 6
326 349 14
498 221 20
339 228 10
52 6 17
180 115 8
183 260 17
129 317 4
176 173 3
153 212 6
175 40 11
497 70 12
466 233 19
27 20 12
329 265 15
213 244 11
186 105 16
302 322 17
15 297 6
168 25 9
9 442 12
215 61 11
348 279 6
414 36 16
223 123 13
331 245 1
186 57 6
278 311 13
67 72 13
407 288 16
44 87 2
72 252 19
11 326 20
287 406 3
64 175 5
338 204 16
57 485 15
497 149 18
110 458 4
415 194 14
93 284 18
165 140 7
12 384 12
306 36 1
383 17 15
148 159 15
86 128 7
227 240 17
85 364 12
490 24 13
341 122 20
147 8 16
423 177 16
151 155 19
354 457 10
408 270 4
332 398 6
427 263 7
162 336 1
249 70 11
479 231 13
167 465 11
127 404 14
160 25 15
386 325 16
63 291 9
52 366 9
266 412 6
78 426 8
290 263 12
47 67 17
140 447 12
168 302 13
117 298 7
354 373 3
407 308 19
28 55 14
335 71 5
489 115 15
18 112 8
189 271 7
244 3 8
174 345 13
280 220 15
326 263 5
432 376 19
365 125 16
318 420 10
136 301 19
395 411 13
4 442 13
8 122 16
28 207 11
199 227 3
67 134 6
203 130 1
335 187 3
309 264 7
2 248 13
311 352 10
461 199 4
171 9 8
296 409 17
274 26 14
156 377 7
231 95 11
311 316 9
228 351 15
350 284 19
69 406 18
438 48 10
363 57 4
42 187 6
353 337 15
143 197 10
287 306 8
336 299 10
400 138 9
335 92 14
439 132 12
263 364 11
26 108 17
271 500 16
160 194 6
113 189 17
257 407 9
413 326 10
364 308 5
218 348 9
98 142 8
308 77 8
59 482 2
34 21 6
416 167 4
458 239 8
113 309 17
245 211 9
170 367 9
172 200 17
223 336 6
444 65 20
233 265 12
380 425 17
47 189 7
435 52 9
92 218 5
6 446 5
256 341 14
134 482 11
400 111 3
136 280 8
440 136 20
61 111 15
260 215 20
413 458 8
281 227 20
393 435 19
317 361 7
41 203 20
291 100 16
149 416 5
268 344 13
250 328 13
493 240 15
129 276 1
34 480 17
449 302 14
477 172 6
37 450 16
425 125 14
367 357 3
7 47 10
355 216 6
454 216 6
47 445 6
126 28 10
396 274 10
280 440 15
13 475 5
329 255 19
152 163 14
288 291 7
35 196 1
10 475 2
22 293 16
92 368 19
208 404 16
19 126 5
248 354 9
384 334 14
355 145 9
482 323 11
123 413 20
272 432 7
287 196 6
104 112 10
470 164 8
281 119 16
489 389 10
494 499 16
178 95 4
412 498 2
80 215 5
350 219 10
270 382 3
404 224 5
306 207 5
24 425 9
232 201 16
36 309 5
271 364 11
50 53 11
345 380 11
483 208 8
319 288 16
280 139 9
89 262 10
469 157 4
211 11 17
113 334 19
398 494 8
392 32 13
438 418 18
499 133 1
440 325 9
400 73 16
67 93 19
445 409 2
450 304 3
189 134 14
220 1 13
295 152 4
113 458 19
425 54 16
170 99 13
439 199 9
430 419 11
446 300 20
75 485 11
19 123 1
225 439 9
230 334 16
13 59 6
396 353 13
257 406 14
26 440 8
412 372 15
244 63 9
183 101 2
466 112 18
68 372 3
76 174 3
304 107 16
122 220 6
88 273 19
210 345 18
15 150 17
179 135 16
131 413 20
38 48 2
295 160 13
125 305 2
497 2 11
25 378 9
33 450 7
301 335 7
71 114 20
415 24 12
107 402 7
416 459 6
289 168 10
393 4 2
446 467 17
46 345 12
453 104 3
403 34 18
482 490 20
188 238 1
429 99 7
283 306 4
108 189 20
388 186 2
300 177 10
36 303 8
68 376 18
327 241 20
125 107 15
431 267 18
233 422 7
206 90 3
238 282 11
390 417 14
78 499 12
359 129 1
453 30 4
480 21 5
79 235 18
72 496 5
30 437 1
277 74 3
329 237 9
289 285 15
377 195 15
363 26 12
7 226 3
119 198 13
341 295 13
15 254 9
450 392 3
317 194 5
195 469 19
217 56 3
337 43 7
378 197 7
104 280 12
435 92 7
202 338 20
113 219 20
335 395 8
497 319 9
125 368 9
428 106 4
367 310 19
262 500 16
299 438 15
454 333 17
176 98 4
232 317 15
42 242 4
217 248 4
27 474 16
489 100 13
200 218 14
431 167 16
3 391 6
317 224 11
29 322 20
361 51 14
231 224 8
253 142 15
347 52 1
180 473 8
169 379 1
338 317 2
33 369 20
461 473 16
473 327 8
191 431 11
84 365 8
186 247 9
348 270 20
133 254 15
411 169 15
82 499 1
24 351 17
365 296 1
466 249 7
22 482 17
189 333 7
85 54 19
218 78 10
324 336 4
2 311 18
76 411 7
219 10 7
489 72 8
282 356 19
219 226 11
463 150 15
433 107 20
330 292 13
404 345 11
27 185 1
383 274 16
24 45 20
29 106 10
144 214 19
244 356 4
365 292 15
55 241 5
53 1 4
172 144 19
109 227 9
463 278 5
320 459 7
216 372 16
300 432 11
231 178 19
419 316 2
79 435 5
113 44 4
206 460 1
172 267 12
447 133 3
219 426 6
416 387 4
468 264 15
431 188 3
279 245 17
204 440 1
173 346 9
223 434 7
298 213 11
380 88 14
31 392 7
437 94 3
4 290 20
428 145 5
71 206 11
204 317 8
310 157 7
492 373 1
500 473 14
125 3 18
17 123 9
207 113 17
359 168 15
196 195 5
244 388 9
108 5 18
257 355 2
181 360 9
84 302 9
168 492 4
203 241 10
87 305 7
182 73 13
163 483 1
234 430 2
285 84 17
270 110 14
489 78 15
464 435 14
122 379 11
196 180 7
281 39 20
308 377 3
34 420 4
284 246 20
41 128 12
438 114 17
77 184 20
87 240 15
148 76 6
195 243 17
423 471 7
413 337 5
225 322 16
144 268 11
161 282 6
78 201 1
25 270 1
498 57 1
480 194 2
373 164 20
291 405 14
79 209 3
218 457 6
356 19 14
249 180 1
392 166 8
352 139 15
210 460 9
174 376 18
307 292 10
403 244 12
314 333 20
328 386 8
304 180 13
494 465 8
358 362 18
112 418 20
15 480 4
238 128 19
416 131 4
101 414 4
316 429 10
72 117 8
240 246 13
244 169 18
164 393 9
261 387 5
340 98 10
289 113 13
128 39 9
319 152 19
65 113 15
446 417 18
468 76 13
118 232 3
229 324 9
293 215 5
73 26 10
264 160 19
149 359 19
98 19 9
496 205 19
361 310 12
54 204 4
414 200 5
285 25 16
254 379 6
140 371 15
371 473 7
377 431 7
6 62 12
93 435 2
188 61 4
355 306 11
192 52 17
46 260 3
381 235 8
192 388 4
179 225 8
253 77 17
137 229 8
99 429 8
327 484 3
298 356 17
356 408 12
153 327 6
299 435 2
108 56 12
303 454 4
252 60 8
170 184 16
138 148 19
74 377 1
449 275 7
238 378 2
205 448 3
35 364 3
149 166 10
409 87 4
11 463 1
468 68 9
255 426 11
90 163 16
285 142 12
91 457 19
120 192 7
495 257 4
73 100 16
79 81 15
154 248 8
11 492 7
351 66 11
303 53 15
150 138 5
326 12 8
306 88 17
43 177 7
294 86 12
26 162 11
493 251 13
338 6 20
213 42 20
456 273 6
424 244 20
186 198 18
273 449 7
48 491 7
323 411 17
116 77 4
33 416 19
52 342 14
425 401 13
8 325 9
401 412 9
198 107 13
354 308 5
70 441 2
37 200 4
493 235 19
67 19 5
478 65 4
47 376 11
236 431 8
419 109 18
398 301 4
277 147 3
338 296 10
204 320 4
408 180 8
144 31 6
417 146 9
119 219 12
372 107 19
288 446 18
300 152 18
109 326 10
465 390 5
120 179 14
25 55 13
108 436 19
260 165 2
128 167 5
42 185 5
483 103 17
339 355 8
487 328 19
57 295 1
274 455 9
233 104 3
32 187 11
430 28 14
13 140 1
375 30 1
469 185 4
354 309 18
222 454 13
74 55 14
225 429 2
402 223 7
156 208 4
207 308 20
271 282 18
167 6 1
350 30 19
29 176 3
78 260 7
114 14 16
467 433 1
422 156 2
118 313 17
186 194 5
225 75 19
375 37 8
214 1 15
389 79 16
419 478 7
90 432 1
118 15 18
336 255 7
360 193 1
309 222 8
300 76 12
471 413 15
245 469 6
492 223 6
498 442 11
8 317 7
367 151 13
273 309 18
214 497 6
204 360 18
295 418 3
384 495 16
291 489 11
225 330 18
243 245 3
463 19 8
236 52 14
303 160 11
251 327 7
103 133 15
16 432 1
173 178 14
400 290 14
320 242 5
333 202 19
17 150 14
284 18 3
156 235 11
453 109 12
3 434 6
363 314 7
331 343 4
75 58 4
292 123 2
142 59 4
40 435 11
495 289 16
319 427 20
484 25 2
24 457 11
370 361 3
29 407 15
322 179 7
315 235 19
153 86 16
462 383 1
403 327 10
255 471 14
184 387 10
346 14 10
357 266 12
49 344 15
426 80 9
431 321 1
21 131 4
328 468 2
473 493 7
457 91 8
427 3 13
362 121 2
117 448 4
297 460 5
243 77 18
162 120 15
346 253 10
307 4 8
124 283 19
199 335 4
3 60 11
406 367 16
365 232 15
375 147 2
221 266 1
471 111 13
496 251 18
195 490 1
289 206 3
78 184 16
187 481 8
127 308 20
162 386 18
433 220 9
169 255 12
308 300 20
111 149 13
131 165 18
93 415 19
222 370 14
46 19 14
368 272 9
468 296 17
92 171 10
305 159 7
479 340 2
433 386 19
126 409 20
150 83 3
286 419 19
75 63 18
205 286 5
262 234 7
262 121 13
98 424 16
10 328 19
30 56 12
495 148 8
298 301 6
145 211 14
420 215 13
286 59 17
45 56 2
143 207 19
234 433 13
382 443 8
309 70 10
271 305 12
16 135 8
38 64 1
447 170 2
85 369 6
451 16 13
40 1 14
403 290 7
193 158 10
433 139 1
96 412 19
483 121 13
51 278 19
485 394 13
295 405 14
242 99 7
193 72 2
229 356 8
127 221 9
431 434 14
134 220 9
387 119 20
73 490 12
340 281 13
149 154 18
497 260 5
322 54 5
275 138 4
45 432 10
407 204 5
228 299 4
471 358 20
92 79 9
292 395 15
95 79 6
7 296 2
476 101 13
366 7 18
36 92 5
347 132 2
287 480 16
50 411 9
257 422 5
71 401 9
414 214 6
92 280 14
500 461 2
138 110 8
464 241 19
235 385 16
100 254 13
241 108 17
173 383 17
474 34 2
469 142 10
134 136 20
415 392 12
276 342 17
341 235 20
172 4 12
115 255 18
315 175 14
74 346 20
96 443 8
181 310 13
248 459 10
359 462 16
153 370 5
408 293 4
317 70 19
427 228 8
188 231 20
228 355 7
335 27 20
497 224 7
180 440 10
218 414 6
23 475 4
392 455 1
259 497 7
30 485 8
485 13 20
262 138 9
314 491 19
294 444 14
405 399 4
232 180 17
263 486 15
495 367 14
86 467 14
97 344 11
165 496 3
363 108 1
6 94 3
28 19 18
172 395 14
291 342 14
160 5 1
400 25 18
499 23 18
35 225 3
386 379 2
158 472 6
315 477 2
491 217 11
442 470 4
259 198 5
268 103 5
65 258 7
181 314 20
253 360 16
446 175 5
313 26 16
251 452 20
44 50 2
332 37 18
276 284 4
343 50 7
310 10 8
469 380 7
450 303 14
298 234 15
377 24 4
377 364 16
291 142 11
375 377 9
47 450 9
476 302 13
381 130 18
160 58 3
401 182 16
400 141 11
139 261 7
444 228 13
286 265 6
450 432 15
24 2 8
323 171 2
384 232 18
465 239 17
242 416 12
227 405 6
9 486 3
167 27 11
331 170 8
74 281 2
475 54 17
158 198 13
126 43 19
340 88 12
191 272 12
101 47 17
63 290 13
161 392 19
356 368 13
101 437 19
208 416 10
262 325 11
469 295 4
294 186 3
322 451 10
472 116 9
84 74 10
45 374 7
291 486 9
324 58 12
486 233 10
317 497 17
220 297 4
190 465 5
193 147 4
31 442 14
341 189 10
300 167 3
453 169 8
147 480 1
10 284 19
148 287 2
384 279 11
345 440 11
39 73 6
68 258 19
472 414 19
211 219 8
4 422 11
331 86 14
175 121 15
392 391 12
311 249 11
237 280 3
181 214 12
388 476 5
328 317 7
426 349 13
393 81 3
340 371 8
487 415 17
300 203 17
2 372 10
72 450 18
154 458 6
79 460 4
391 406 14
150 404 13
369 41 2
199 436 13
474 246 5
290 86 9
73 187 6
306 351 10
329 223 6
123 88 2
249 172 10
360 213 14
207 486 5
314 224 19
205 163 19
175 73 15
177 452 10
209 464 5
27 427 12
371 282 18
386 243 5
184 295 6
340 12 7
31 258 4
309 45 20
356 343 1
423 43 12
446 433 16
390 188 18
315 96 10
349 338 9
338 282 8
205 8 4
153 460 2
311 132 16
127 500 8
178 446 2
413 78 14
58 20 12
392 435 19
127 41 3
232 224 19
197 56 20
7 187 12
479 209 14
344 285 19
25 364 7
483 328 13
319 341 9
360 354 10
96 53 14
348 396 8
368 338 17
109 104 2
319 358 4
222 445 10
255 33 4
8 170 16
387 431 3
46 467 1
454 288 7
23 289 13
45 169 4
358 85 17
69 210 16
399 26 6
413 336 8
412 332 16
357 489 4
175 490 13
119 287 3
259 145 16
461 270 5
272 117 20
20 398 7
230 412 2
393 421 6
104 367 16
65 119 9
190 418 13
88 87 13
281 443 11
414 272 16
19 153 20
198 1 19
291 318 6
293 225 3
355 424 17
164 274 4
262 112 7
179 158 13
15 69 12
222 408 1
175 287 15
51 347 12
299 314 8
38 79 10
197 397 12
434 280 3
293 92 13
466 148 5
464 193 10
120 467 17
82 247 6
279 418 9
299 495 3
316 117 11
469 63 5
97 500 5
419 132 5
109 431 6
308 197 1
52 51 9
96 87 20
180 427 18
77 354 4
13 149 15
115 41 14
97 299 11
46 253 16
27 203 7
141 461 5
327 180 2
114 452 5
369 40 12
72 302 3
255 59 1
417 37 20
216 400 19
292 278 8
458 69 20
3 355 6
430 473 10
449 187 4
154 2 11
233 303 16
257 309 3
148 125 3
351 274 16
171 345 15
347 464 12
492 411 15
91 267 2
346 352 9
47 320 18
356 184 2
328 142 1
342 294 3
474 247 17
72 349 6
44 345 2
48 210 16
48 466 14
148 400 2
267 246 10
59 464 15
365 44 13
301 364 14
136 123 7
45 158 10
75 129 18
378 405 2
309 174 15
81 401 9
145 90 20
50 433 8
76 363 17
128 16 18
64 190 2
109 324 16
116 476 19
309 241 17
63 175 17
176 84 2
470 301 13
410 442 7
182 479 15
451 196 20
257 38 20
41 314 20
419 114 17
434 79 9
285 431 6
479 321 3
331 392 20
293 47 14
291 303 2
281 236 4
268 105 14
442 343 15
83 445 13
9 421 1
456 94 16
340 14 10
235 260 12
424 163 20
375 450 1
21 333 9
215 333 14
223 61 9
283 425 6
116 156 10
494 444 18
243 224 11
164 444 9
174 195 9
316 323 2
230 481 18
368 64 17
324 489 10
223 127 15
391 385 9
484 302 15
222 390 12
401 489 4
153 244 13
113 436 14
314 252 5
163 40 9
385 152 6
378 465 12
352 82 4
411 51 9
263 271 9
314 434 1
402 89 1
52 137 20
348 493 13
52 281 15
221 489 4
391 486 12
430 252 20
490 452 8
374 153 6
291 420 12
440 370 13
11 235 16
430 225 13
165 127 2
468 108 7
133 490 11
362 356 12
310 451 18
95 465 4
435 475 15
288 186 14
163 123 19
421 414 1
493 172 11
368 143 8
355 288 19
491 390 15
133 10 15
14 414 18
245 415 17
374 262 19
241 61 8
76 9 1
388 64 6
48 442 18
411 443 20
239 357 1
479 476 17
89 191 7
490 393 20
388 247 10
41 355 2
213 430 7
328 373 11
101 341 6
390 191 9
310 255 4
201 186 14
22 272 2
18 152 18
423 178 10
102 25 1
138 200 9
452 325 17
371 410 15
7 17 16
156 22 5
191 356 5
238 183 5
219 419 16
472 18 4
116 234 13
245 295 6
346 65 10
97 387 4
351 186 18
357 455 4
237 52 10
89 68 20
211 408 2
65 344 3
110 104 5
248 293 8
414 334 6
161 460 9
175 392 4
26 456 15
83 224 3
43 54 9
297 272 1
197 364 4
435 366 10
16 133 15
78 100 17
103 134 18
87 327 4
291 374 20
143 310 20
468 435 14
75 463 18
123 410 1
273 428 17
239 302 12
113 336 15
351 231 7
496 152 10
215 43 17
57 350 17
135 479 19
202 493 15
243 230 4
280 91 6
285 298 4
138 399 7
59 181 11
77 216 7
22 17 2
439 234 9
434 464 13
91 194 7
243 288 9
32 480 9
57 219 7
117 323 2
321 454 15
127 349 11
304 178 4
349 156 17
462 337 7
106 465 20
329 427 10
16 217 14
197 132 15
499 497 4
22 166 7
135 489 5
373 324 5
163 351 20
189 373 12
358 385 6
142 139 3
442 344 9
199 407 6
290 211 15
405 69 20
42 48 8
5 473 11
154 286 5
74 205 4
306 266 12
180 347 16
198 141 15
219 183 8
167 29 17
347 130 17
17 14 2
148 52 6
496 75 11
351 280 13
137 146 12
66 423 4
59 71 12
443 410 13
84 195 13
342 132 7
37 159 3
450 250 8
439 445 1
144 364 13
116 85 6
362 412 5
394 186 9
325 66 16
192 219 10
264 263 9
288 185 3
85 9 6
71 411 5
462 433 20
408 10 13
361 419 1
74 312 3
332 341 15
30 165 9
221 494 11
488 39 2
39 493 20
301 428 3
414 351 20
155 185 17
168 419 18
356 327 17
433 92 20
490 335 19
197 356 19
136 300 12
456 47 5
418 456 20
334 159 8
252 268 17
65 105 9
317 339 5
60 477 1
105 317 2
12 461 14
365 345 20
107 387 18
166 441 7
425 365 3
320 198 13
49 199 18
405 343 1
324 75 19
308 364 20
347 172 15
152 489 6
83 381 5
269 492 12
400 112 15
130 483 20
407 32 1
110 273 1
1 70 18
233 132 7
394 363 10
92 111 17
69 500 9
97 376 10
187 40 5
255 102 5
303 428 11
11 381 17
315 225 20
404 201 1
498 140 19
126 485 19
300 278 10
202 282 14
105 86 18
391 106 7
425 313 11
37 468 9
326 156 10
124 371 10
188 39 6
437 160 10
340 426 3
221 252 12
310 9 10
18 224 18
478 28 19
33 74 7
160 26 11
435 21 4
74 125 2
308 381 2
295 204 16
255 434 4
341 113 4
79 300 13
231 404 8
500 268 14
276 96 2
163 34 6
107 289 10
448 150 17
354 445 11
448 394 17
8 168 18
143 77 5
54 357 6
387 2 6
484 178 6
52 90 12
450 189 10
27 494 20
349 337 2
76 356 2
249 272 2
328 84 11
139 33 13
433 410 12
437 247 15
427 252 3
347 403 9
391 29 6
174 200 15
457 122 12
102 90 9
153 279 18
261 333 4
120 155 18
190 397 14
455 409 16
340 406 18
73 458 14
316 210 11
408 23 4
148 201 6
264 267 2
396 22 2
17 262 2
432 170 16
170 303 2
83 484 13
484 278 8
356 400 8
376 396 16
442 412 17
339 434 8
327 201 1
221 239 6
483 335 3
232 469 2
149 396 7
349 208 9
480 220 12
154 235 14
234 161 8
493 297 17
264 258 19
314 30 18
364 386 10
140 364 8
448 74 8
12 291 14
67 105 12
252 227 15
251 433 8
498 284 16
200 84 11
239 10 3
454 178 4
143 471 18
327 325 4
499 414 2
194 65 1
409 331 17
411 374 18
479 211 13
202 48 15
461 121 10
177 213 5
126 475 10
42 431 3
228 388 1
60 451 11
34 397 6
83 7 5
148 61 19
126 169 20
110 213 6
426 202 17
231 114 10
335 314 6
126 49 4
40 410 9
268 373 15
311 242 4
374 245 14
226 111 14
339 485 8
36 358 14
477 336 3
157 468 9
12 405 13
61 461 9
36 288 19
243 92 15
133 243 4
76 116 5
293 145 8
484 127 7
44 439 17
246 147 10
147 210 13
356 23 5
94 481 9
320 333 15
16 228 17
407 270 14
290 30 16
226 106 14
47 333 4
11 323 6
189 22 17
137 286 13
36 416 14
49 321 9
277 53 13
24 323 4
333 206 2
330 388 12
12 283 7
47 274 4
3 400 10
336 355 2
196 293 3
307 148 5
5 496 9
233 421 17
16 429 4
290 397 19
429 460 10
461 89 19
296 9 7
328 472 12
495 432 7
58 144 2
75 238 1
274 37 10
157 214 19
251 255 4
366 119 17
46 262 6
93 251 3
11 295 15
137 496 18
399 148 3
301 319 17
189 210 5
172 287 6
243 102 11
464 13 17
76 168 13
147 167 20
51 144 20
98 413 20
389 217 7
4 154 18
292 186 5
388 399 20
336 379 18
286 346 6
485 464 14
296 285 10
72 417 3
491 331 19
432 13 11
452 72 3
28 43 1
131 295 14
438 343 2
150 96 18
279 210 16
175 446 11
106 125 16
153 87 16
128 296 7
349 365 14
158 13 14
220 401 15
107 160 11
298 35 6
355 202 3
364 202 12
103 240 1
422 364 4
2 478 11
356 79 11
96 152 1
29 367 5
24 182 4
448 6 13
77 342 10
47 314 14
270 373 1
74 410 9
56 497 18
354 360 10
334 239 12
221 188 9
327 231 6
492 55 15
391 83 19
248 266 20
60 175 18
420 412 7
228 308 11
264 109 8
151 384 3
53 484 9
365 3 10
116 41 18
204 75 6
494 397 15
490 417 4
201 60 18
32 386 3
417 202 10
497 60 5
21 3 2
297 30 14
403 484 9
310 295 2
236 175 8
3 395 18
50 11 8
422 350 17
398 268 15
261 138 8
90 97 1
319 17 5
159 65 14
467 167 14
13 462 14
145 32 3
144 20 5
10 215 7
257 478 18
87 6 15
449 162 20
138 3 17
417 500 5
238 303 3
114 91 7
362 147 4
322 88 2
124 480 9
228 379 14
93 319 13
391 390 2
55 198 5
366 292 19
80 191 10
305 239 9
315 198 9
93 378 16
442 352 19
140 455 18
440 133 18
65 475 11
181 349 13
395 490 8
92 150 9
47 252 2
50 355 8
292 13 6
93 496 4
207 165 6
312 349 2
417 281 16
80 138 8
38 261 7
26 488 12
32 63 13
174 295 8
125 266 20
116 435 20
417 102 9
81 333 16
108 217 8
488 137 17
443 239 12
204 118 12
327 45 13
362 87 20
273 138 5
146 244 16
460 11 15
245 37 16
261 123 13
49 489 17
339 429 15
277 52 20
348 393 3
315 90 2
499 96 18
420 257 4
432 202 17
58 78 9
240 233 20
445 170 19
200 272 18
246 437 8
430 383 13
316 134 9
3 371 18
392 156 8
456 80 13
498 225 6
195 168 8
245 351 14
264 217 13
20 118 5
438 211 6
488 401 9
336 456 7
184 104 10
281 57 11
237 203 4
345 61 12
209 91 8
365 405 19
169 432 5
104 361 9
177 208 11
380 129 7
291 286 3
465 128 3
324 121 4
369 88 17
261 166 9
164 297 19
308 490 10
357 172 6
152 343 15
443 349 18
459 317 12
125 10 16
421 284 19
438 376 3
26 329 5
185 358 12
77 116 5
215 48 12
8 91 3
163 90 20
176 279 20
257 341 12
395 470 1
294 33 10
323 458 13
232 485 9
211 221 20
438 101 4
199 321 10
360 154 14
240 295 14
419 3 8
386 294 16
107 120 7
147 446 2
290 279 4
165 346 17
138 409 17
9 294 15
396 73 7
20 499 2
176 97 15
28 328 4
151 2 15
111 289 16
121 4 6
479 315 13
481 259 11
153 170 7
264 353 13
33 307 13
411 48 6
52 159 15
345 21 10
436 95 1
107 259 3
464 134 6
144 82 13
284 76 12
484 48 1
119 188 15
350 142 10
75 246 18
65 335 1
237 407 1
468 301 4
416 276 7
412 334 12
81 247 5
188 44 12
471 138 6
123 20 19
275 52 18
303 203 16
139 210 6
203 53 14
208 329 6
334 252 7
135 126 16
309 221 2
426 465 4
281 343 15
413 222 5
364 478 6
134 426 8
145 392 14
360 52 11
137 6 4
204 297 16
400 140 7
172 321 16
407 326 14
253 12 17
300 79 6
29 388 20
58 13 1
38 320 18
318 269 4
80 255 5
451 229 3
468 314 13
89 253 13
138 278 20
106 301 5
24 213 9
382 231 12
143 332 2
488 276 7
87 319 4
134 440 5
15 32 9
89 449 12
236 5 6
83 353 14
349 364 13
30 372 6
242 89 18
106 98 3
52 181 4
305 237 2
84 94 20
273 82 9
440 243 3
486 291 19
465 430 15
321 25 2
226 300 17
256 400 1
24 139 20
446 335 15
191 432 18
84 283 4
125 196 20
450 351 20
27 317 8
274 152 14
124 488 2
277 29 9
38 346 15
437 344 10
500 260 8
413 227 3
373 476 9
167 160 11
386 123 4
57 70 20
177 153 10
58 447 9
390 170 1
206 341 7
287 238 10
49 114 18
205 208 15
268 320 19
359 318 4
493 214 6
177 298 6
109 257 10
203 331 20
203 333 20
378 37 2
29 17 11
343 134 2
445 1 13
318 97 18
424 238 20
407 442 19
103 375 6
497 475 6
435 442 17
98 483 4
91 7 10
313 11 14
76 289 17
77 320 11
205 121 6
391 339 4
64 60 11
87 17 14
101 256 14
276 389 14
133 481 1
66 305 9
227 96 8
152 114 3
230 42 17
458 344 6
97 93 16
324 206 9
38 204 17
35 412 4
379 394 6
230 168 20
167 499 9
272 104 5
96 445 19
107 383 6
402 67 20
417 132 9
11 411 9
64 216 19
465 490 1
43 486 1
100 84 15
493 162 16
57 320 7
131 318 6
230 435 5
307 434 6
313 339 7
75 226 1
190 32 5
391 91 2
101 377 1
30 182 4
349 149 3
411 281 15
305 190 8
282 78 20
54 318 4
355 398 9
404 377 1
363 29 9
428 298 10
30 274 19
357 426 9
492 256 3
469 31 20
86 136 16
465 347 1
170 475 6
315 392 5
256 154 18
252 76 18
266 252 15
469 398 18
331 431 4
84 21 10
154 309 16
463 251 15
55 95 19
332 305 3
23 374 15
127 421 10
14 407 19
258 183 8
105 226 10
422 135 11
269 309 15
303 155 15
347 440 5
364 194 5
470 102 3
310 78 20
495 407 17
417 293 3
217 106 7
477 212 10
171 389 6
95 468 17
273 353 7
406 487 15
318 370 6
82 476 13
359 146 4
323 218 4
241 418 6
436 223 15
42 4 20
175 230 20
168 318 15
121 94 13
389 205 14
433 150 17
99 273 4
66 351 12
202 375 20
439 85 20
94 462 16
56 39 13
5 52 2
46 127 7
75 318 17
58 304 16
305 321 18
295 419 5
239 393 13
461 96 9
341 380 7
410 441 1
263 136 10
205 496 12
371 99 7
394 465 17
386 7 5
496 408 1
462 302 4
382 430 15
108 236 4
396 107 11
33 294 12
2 108 12
478 125 2
108 116 1
186 55 20
81 274 13
25 204 17
167 279 19
237 109 5
160 309 16
181 223 16
332 370 6
363 128 15
108 54 3
292 275 14
215 104 6
248 105 14
422 186 3
352 197 11
414 5 9
25 97 18
235 289 3
234 88 12
337 476 14
378 272 18
168 245 9
139 163 10
92 169 9
427 87 2
351 489 19
410 424 19
462 94 2
302 103 19
416 370 12
60 246 1
222 18 12
445 162 4
68 202 14
164 187 16
210 298 19
198 488 10
411 388 11
240 441 9
92 297 10
186 252 1
457 80 3
17 199 5
53 173 4
474 466 14
18 344 4
107 114 1
449 155 19
434 132 17
11 176 9
352 366 7
185 88 14
415 281 17
26 274 2
363 55 12
489 107 12
431 361 10
362 102 2
268 496 20
202 421 14
93 67 20
372 326 4
184 438 11
485 104 3
166 401 2
242 38 15
44 83 2
418 207 15
436 326 9
194 159 4
99 406 1
366 261 13
30 219 11
313 134 10
316 55 17
463 221 9
209 392 19
414 248 14
178 300 17
106 387 2
86 55 8
380 144 10
456 347 19
272 430 10
449 418 19
310 338 7
333 387 1
71 462 16
50 37 18
458 403 10
48 470 6
337 488 3
386 486 19
455 30 3
176 181 11
207 28 1
493 481 1
437 226 2
331 335 7
15 340 12
384 374 6
304 14 4
307 243 4
53 426 10
338 443 2
422 68 18
315 382 18
470 148 19
108 382 19
437 415 11
406 357 12
422 230 15
167 107 7
65 278 9
484 123 12
500 81 3
297 434 19
377 32 7
47 219 4
244 195 14
272 374 10
56 50 13
79 451 15
319 74 20
493 44 11
321 330 3
451 421 17
362 83 3
394 145 3
391 182 6
51 450 4
271 64 1
500 194 1
53 187 20
485 420 3
173 183 8
478 458 14
424 442 13
134 171 7
123 382 2
213 158 3
118 152 2
46 235 6
371 42 20
84 216 15
218 97 6
27 264 20
420 494 10
249 451 6
75 469 11
187 81 11
317 89 19
198 96 17
221 460 15
354 152 3
149 330 19
16 144 4
27 379 16
320 490 19
423 162 17
107 378 16
416 152 3
293 84 10
407 311 17
342 223 12
234 138 15
349 489 5
179 464 12
273 206 20
130 467 1
487 296 6
56 336 19
189 240 11
214 411 9
6 445 5
344 45 14
87 166 18
453 467 7
416 80 15
177 87 16
470 218 1
466 442 9
455 242 9
309 210 5
439 431 9
243 276 13
425 259 11
149 352 12
238 189 7
22 281 6
355 30 14
332 451 7
36 188 5
113 457 5
478 148 16
180 404 14
160 299 15
470 350 1
464 80 3
476 34 3
127 437 6
3 282 9
346 168 18
334 378 12
248 472 9
459 188 14
251 137 20
377 328 10
252 254 4
79 5 1
237 154 5
130 183 10
367 13 14
445 297 3
71 359 6
83 405 7
81 147 14
450 484 15
175 472 9
260 149 19
445 94 7
88 142 9
497 353 16
290 6 5
96 271 14
250 296 5
386 72 16
216 114 4
201 261 6
432 49 19
56 174 18
33 189 12
484 385 7
31 458 2
499 333 1
205 245 1
89 482 2
405 173 1
154 274 14
495 78 17
24 274 12
119 297 6
143 51 2
120 38 19
139 133 5
424 351 18
95 228 14
186 127 15
364 98 2
418 104 10
462 419 17
446 225 9
292 223 20
105 83 8
203 295 2
401 467 3
225 334 20
259 70 18
217 397 17
386 74 15
454 201 8
267 70 19
335 262 18
118 149 1
392 205 7
462 32 12
202 13 13
173 200 10
66 373 18
220 92 14
190 489 4
365 253 4
385 161 14
57 96 2
270 131 14
69 233 20
52 57 10
391 173 7
360 218 16
375 92 7
485 434 14
444 335 12
288 43 3
175 55 1
436 215 14
144 251 18
76 365 11
252 426 20
306 463 6
461 251 12
279 139 19
42 114 15
442 200 7
340 245 7
297 476 2
30 86 20
292 249 2
457 476 18
115 413 1
310 360 16
456 257 4
47 316 17
71 104 2
421 103 18
345 363 3
453 229 2
169 142 1
402 255 11
455 14 1
433 172 20
237 3 10
37 479 20
406 168 12
306 446 17
279 498 4
56 187 8
137 243 5
354 262 9
65 1 1
124 159 13
16 281 17
475 310 9
320 213 14
392 457 9
195 122 1
427 282 13
32 337 15
50 468 6
247 169 18
442 417 20
298 236 9
249 96 14
110 139 18
467 133 2
218 409 3
351 362 18
315 56 7
280 130 10
346 139 19
191 300 6
340 131 2
363 474 3
177 385 14
430 297 1
499 30 5
480 425 18
242 199 2
96 442 7
272 439 8
163 105 14
373 72 14
414 465 12
340 369 12
34 52 17
71 435 5
252 390 18
23 79 13
67 159 7
140 389 18
254 92 5
280 408 8
327 479 16
197 100 17
280 474 11
235 328 19
498 98 20
489 4 8
447 99 20
40 376 4
133 404 11
425 417 13
281 194 5
345 357 1
430 188 16
448 443 4
208 137 16
416 392 7
162 215 16
219 9 3
123 149 14
77 395 5
498 256 5
270 417 15
362 283 4
331 123 13
482 170 17
193 65 18
13 314 9
473 262 6
203 355 17
363 176 10
314 29 9
314 324 1
227 158 15
401 36 13
311 141 4
314 234 18
419 372 3
117 83 6
102 109 10
64 276 18
23 482 3
490 50 14
254 206 11
37 175 4
459 11 3
425 394 20
180 98 8
114 198 13
119 482 3
290 182 3
153 379 20
86 378 18
449 83 4
65 70 1
439 120 13
263 498 20
339 252 14
107 353 12
11 113 10
16 282 10
471 378 4
302 34 6
188 482 1
127 172 7
475 354 18
197 113 19
466 135 7
145 385 11
346 235 8
18 273 4
474 61 16
223 441 5
197 418 20
353 140 9
83 311 18
40 417 11
121 306 14
464 410 3
12 168 3
285 170 3
413 460 20
87 315 9
56 71 2
397 327 1
368 286 1
274 64 18
255 470 7
111 457 6
209 368 11
451 3 8
246 308 10
406 368 4
186 16 1
397 492 20
29 309 1
92 23 3
379 25 17
338 496 12
357 63 3
406 36 16
347 439 2
50 390 10
85 491 13
216 341 17
167 134 13
168 385 20
91 95 2
224 450 11
179 449 9
439 360 10
397 31 7
58 295 12
339 441 16
462 18 5
206 334 7
56 391 20
114 407 19
373 122 20
299 332 14
376 497 10
365 59 6
492 67 14
358 239 4
67 188 4
211 128 17
245 97 6
261 63 2
56 169 9
85 437 19
315 479 7
461 253 5
418 460 15
183 493 17
182 185 20
345 367 19
365 20 3
176 67 3
287 295 15
22 427 15
450 103 12
56 120 4
127 214 16
490 129 2
133 291 19
137 463 20
100 366 3
232 168 6
118 121 8
107 69 1
61 222 14
234 469 20
410 298 17
277 255 1
456 71 9
489 169 5
438 36 14
252 286 6
193 151 9
198 408 15
444 422 19
13 396 7
393 168 7
144 121 1
91 8 16
66 493 3
394 171 7
68 141 7
407 269 13
294 200 12
393 377 2
94 227 4
234 196 16
180 308 9
79 85 18
95 484 6
326 185 13
451 271 18
37 313 12
177 53 16
399 12 1
467 194 4
299 482 13
227 291 20
60 365 15
97 426 5
421 182 7
48 263 17
470 236 3
140 472 2
405 176 6
262 130 4
409 205 4
56 5 1
492 272 19
301 128 14
500 131 13
148 316 15
260 343 8
71 489 18
88 305 8
95 188 2
18 391 2
463 381 17
230 277 13
380 378 12
350 96 4
93 153 15
482 422 19
284 9 6
469 453 14
177 123 5
111 287 9
302 210 20
411 389 7
441 448 13
344 494 3
38 131 15
366 134 16
482 461 10
136 55 18
455 422 6
90 425 2
118 105 20
160 115 10
349 474 7
323 33 2
21 383 1
359 467 3
269 253 13
488 238 7
285 16 19
76 371 15
337 424 13
341 13 17
184 393 5
259 128 8
476 500 14
44 309 6
258 308 10
36 38 19
400 377 1
294 120 14
174 496 8
495 269 9
200 398 20
355 125 3
224 113 4
408 335 17
416 145 2
62 453 5
152 331 4
321 342 20
107 225 14
67 79 16
99 246 11
251 315 7
65 135 19
232 404 14
464 498 12
473 159 7
205 40 16
121 486 10
340 269 5
323 265 3
297 299 7
443 329 6
184 207 13
383 297 1
441 234 17
12 468 1
336 14 14
266 256 15
21 328 20
170 58 5
65 438 14
493 57 1
171 333 4
241 134 13
71 163 14
431 461 6
322 430 1
332 93 7
357 143 11
24 389 7
465 267 7
88 94 10
30 496 1
129 287 3
130 339 4
495 280 11
246 39 5
55 230 20
94 419 11
36 27 17
315 499 15
437 14 15
33 373 14
351 177 2
269 4 10
181 338 16
342 353 5
85 368 7
388 346 2
486 149 12
422 171 15
399 340 5
315 54 11
219 58 8
149 200 15
78 428 20
117 223 5
323 78 7
354 77 20
220 29 9
437 164 11
430 462 8
291 272 4
241 259 7
486 370 9
464 331 10
411 209 13
316 5 2
188 257 17
461 37 13
197 62 15
50 197 6
343 122 12
182 220 11
65 373 17
458 383 6
108 106 17
267 209 11
117 396 7
32 347 16
240 277 6
295 323 17
488 209 11
311 183 6
479 304 17
239 84 19
352 312 8
249 175 4
457 152 16
275 267 11
194 210 16
383 392 10
241 245 9
379 393 1
167 380 17
27 168 9
175 64 15
425 217 16
312 477 10
143 171 9
37 218 13
19 466 1
322 286 9
183 371 17
102 474 6
416 182 4
116 160 1
235 302 9
109 29 8
13 104 12
13 52 15
58 181 2
465 393 18
467 79 18
390 291 13
459 10 3
435 39 12
20 482 10
403 480 18
419 327 10
106 95 4
495 290 14
125 279 14
424 162 5
107 277 7
224 292 12
122 445 13
249 232 18
247 118 18
52 302 9
112 455 10
330 418 15
17 356 8
143 363 1
153 124 8
30 79 6
252 326 12
270 261 2
100 103 6
415 187 20
416 90 4
174 255 12
473 339 20
432 496 5
237 164 11
247 182 6
201 247 1
353 327 16
132 6 7
116 368 11
361 228 7
110 334 9
314 278 2
424 58 16
459 47 15
405 36 3
116 451 8
78 354 10
447 418 4
332 16 4
220 162 5
91 252 20
232 41 1
292 83 17
277 391 10
458 483 19
37 39 20
304 373 8
265 462 5
486 271 8
315 451 9
61 81 5
464 109 5
481 345 6
80 408 5
312 426 18
234 290 8
283 354 9
20 435 15
344 350 13
310 457 9
181 278 10
16 444 2
495 438 17
455 313 17
453 431 13
51 39 14
119 200 6
115 321 1
64 385 12
113 178 20
231 113 14
275 112 6
369 199 3
455 221 17
456 279 18
499 273 12
237 488 2
6 209 7
158 443 20
337 371 15
415 42 5
257 74 3
468 312 7
390 77 16
13 225 16
49 445 12
299 279 20
285 90 1
132 485 6
283 470 1
56 106 1
220 341 7
162 48 4
165 471 17
289 129 2
305 300 11
46 442 5
494 381 3
159 157 3
286 418 5
142 291 4
408 331 1
205 308 12
297 45 16
178 225 18
319 324 2
166 283 13
462 291 11
465 174 17
297 307 13
408 69 2
93 310 1
331 440 18
386 282 4
140 268 6
489 83 17
197 449 9
420 288 2
222 410 9
488 158 10
79 158 13
349 479 7
14 5 9
366 263 19
129 419 1
413 272 13
280 189 18
24 171 16
274 344 10
2 419 4
132 315 19
186 427 17
146 36 10
456 68 12
391 64 6
165 92 10
223 245 9
245 440 19
83 76 8
118 79 17
86 261 13
405 347 19
296 267 7
67 232 20
468 436 7
405 251 2
92 123 8
176 194 11
130 263 2
139 212 17
285 437 14
4 457 11
371 30 14
129 211 12
405 342 1
279 349 6
456 63 18
381 100 19
383 266 8
59 444 10
82 173 1
400 468 11
214 351 2
450 23 14
265 120 16
476 439 20
335 83 12
243 106 8
69 154 5
357 219 15
208 272 8
126 334 20
415 308 6
129 266 9
443 181 1
418 311 18
381 481 16
72 399 10
19 495 4
197 203 6
242 104 15
335 125 11
247 15 11
215 385 10
117 65 8
268 328 14
106 307 17
4 132 1
258 56 14
43 337 8
264 68 18
473 180 15
128 397 18
140 489 10
465 213 5
183 331 6
6 109 19
380 166 6
367 390 16
174 243 3
36 30 14
363 78 10
436 49 3
416 187 2
92 195 20
15 256 3
369 431 13
493 208 12
7 171 13
316 17 7
449 91 1
40 353 7
150 7 3
413 60 16
228 399 9
437 58 4
348 480 5
7 227 16
277 176 17
87 2 5
298 67 13
205 443 2
31 419 7
310 129 20
342 478 11
444 221 7
127 103 10
142 192 2
400 367 5
209 75 14
143 283 20
408 161 1
224 443 5
500 168 9
158 15 3
349 163 8
386 181 6
99 115 1
135 306 5
102 123 15
122 281 10
421 319 17
52 296 6
9 348 4
118 108 15
9 159 11
336 396 17
79 73 16
332 427 14
184 342 6
389 341 17
187 227 8
303 400 12
412 93 10
303 282 13
214 30 6
405 27 16
360 233 8
232 387 7
366 264 5
219 338 4
45 54 7
17 192 10
169 47 14
205 413 11
130 348 17
361 191 10
236 418 6
316 179 14
206 200 19
55 62 5
332 126 13
298 451 14
477 25 11
450 474 12
338 62 14
476 298 3
469 39 4
309 215 12
173 191 2
361 352 3
343 89 1
123 65 16
159 496 13
268 398 17
9 197 20
316 76 10
448 171 18
12 21 3
162 382 5
191 173 3
450 488 6
168 32 3
144 284 2
447 294 13
197 481 4
116 66 8
270 369 8
407 471 14
141 76 11
339 303 14
17 253 20
68 319 20
122 210 2
295 427 13
477 364 9
8 448 4
201 218 14
182 6 5
206 163 6
63 150 2
452 211 12
361 93 15
73 427 16
166 70 15
390 37 17
210 248 10
468 381 2
473 233 2
284 99 5
200 300 9
476 346 11
395 188 6
395 134 2
200 415 7
190 435 1
434 201 18
388 400 20
451 457 1
125 112 4
53 475 20
85 490 20
103 190 15
146 110 16
137 270 2
274 367 5
11 337 19
90 316 14
80 313 10
346 207 11
195 181 18
265 121 7
44 372 16
219 373 2
146 38 10
181 205 8
453 275 18
137 43 19
318 5 2
293 1 9
313 162 17
316 442 19
395 130 3
379 256 16
392 77 15
481 256 3
415 60 7
488 262 6
421 418 16
170 46 9
451 156 19
305 211 15
50 334 6
369 345 9
452 383 2
370 146 6
284 200 10
298 340 5
378 209 14
361 48 14
316 59 9
193 87 16
121 84 9
348 422 6
2 387 8
328 435 11
385 97 4
324 369 20
178 117 10
21 406 3
263 113 17
236 427 3
282 200 1
183 357 4
130 361 19
345 130 1
306 371 5
29 240 14
206 282 9
94 471 18
192 5 10
135 485 3
162 32 8
117 238 12
416 397 17
455 102 5
389 10 10
440 188 1
76 81 15
40 269 7
170 430 7
178 358 8
468 294 10
401 447 15
59 347 19
264 332 4
360 78 18
156 175 15
136 107 2
154 227 3
241 382 1
486 188 4
373 4 2
487 286 18
215 208 20
346 358 11
495 314 17
445 301 8
149 74 14
428 115 18
477 176 18
444 207 1
425 485 20
72 48 4
304 100 3
123 33 20
15 133 12
405 434 11
466 225 18
290 116 8
173 30 7
291 480 5
70 27 18
172 69 16
145 11 4
286 116 13
97 258 19
362 111 14
65 216 20
436 291 9
86 409 11
447 77 17
216 167 9
71 224 5
412 18 12
144 208 12
147 406 8
372 51 10
211 123 5
489 153 11
361 65 13
7 331 13
485 380 13
375 332 18
413 359 6
164 389 20
349 397 6
337 438 18
159 370 17
464 444 6
471 92 3
469 316 12
318 211 6
233 91 4
282 139 10
199 369 4
221 82 10
33 442 8
437 313 1
386 416 15
217 93 14
10 53 13
160 266 5
361 131 14
252 107 3
65 155 16
247 318 16
461 387 5
235 482 19
355 418 1
487 339 8
488 477 18
365 317 13
179 380 2
340 237 14
85 183 9
190 263 12
256 183 17
421 341 14
376 429 9
421 304 3
260 206 16
252 339 8
494 477 15
177 110 7
414 15 14
376 415 4
440 387 13
414 388 20
491 253 10
157 166 6
368 493 12
264 448 16
309 57 12
280 269 2
396 179 16
168 445 5
46 108 13
209 396 10
434 180 13
115 300 14
182 32 8
281 35 7
314 264 2
477 64 10
119 425 3
456 391 9
99 117 19
87 357 1
49 367 1
376 5 8
330 85 13
456 328 11
231 130 1
273 336 7
61 338 10
181 45 11
468 89 4
310 294 3
359 275 8
112 274 10
92 408 8
352 280 6
210 127 6
321 145 2
194 264 4
58 406 18
325 84 10
465 95 6
327 470 1
324 490 2
31 220 14
51 402 7
282 13 11
189 181 20
158 179 13
124 485 8
167 301 18
377 317 17
380 230 6
282 206 11
50 185 20
340 414 9
129 453 11
478 278 13
364 403 7
193 71 3
323 465 13
64 54 12
301 156 4
435 446 17
234 141 8
176 242 11
239 482 19
441 184 6
83 79 10
31 402 12
90 294 19
453 208 1
83 111 3
303 336 18
297 292 9
132 120 1
340 36 1
43 167 5
400 358 18
99 14 6
139 305 2
415 316 7
50 49 8
295 432 18
139 15 16
441 120 11
333 452 19
19 434 3
172 91 12
118 7 13
389 146 10
303 170 13
373 402 18
344 127 11
342 299 20
32 289 18
339 442 9
3 6 10
161 82 4
435 438 10
157 325 9
119 126 16
362 254 5
327 283 10
470 14 13
83 264 11
144 500 1
410 467 1
32 221 2
392 57 16
228 186 16
45 485 11
228 268 20
431 451 5
214 391 14
78 422 12
487 196 14
155 391 3
341 286 3
280 375 11
274 299 5
399 132 9
477 101 19
46 86 9
331 328 14
348 461 6
417 276 9
40 458 10
116 449 9
111 489 13
419 491 20
264 15 15
177 254 6
87 64 20
285 205 13
169 368 1
371 201 10
378 358 7
49 338 1
411 135 6
388 103 19
89 119 7
124 132 7
119 151 2
10 237 9
406 213 20
382 126 7
289 233 18
486 132 9
22 386 7
353 45 10
243 42 9
10 416 1
100 351 12
344 113 2
300 349 19
459 319 18
498 266 8
129 428 13
407 380 16
482 239 18
359 313 15
364 355 13
79 50 13
411 178 5
102 451 2
87 334 3
41 235 6
452 163 19
57 211 17
49 26 6
164 29 12
459 374 9
482 241 3
80 24 19
13 450 12
453 435 13
375 86 1
459 470 7
51 409 9
24 36 9
275 51 8
302 141 10
175 194 18
46 471 18
447 349 8
406 340 19
132 353 11
445 132 14
185 101 4
201 171 6
151 87 14
379 180 16
23 298 13
83 403 7
485 217 2
132 225 4
459 63 19
27 8 10
331 95 8
268 335 8
404 186 3
362 42 3
398 347 9
133 241 13
285 434 10
130 466 14
229 168 17
232 430 8
67 9 14
430 159 6
232 418 19
136 164 19
135 189 4
174 430 11
103 423 13
258 172 3
82 285 15
137 422 17
263 366 7
72 180 12
266 5 3
256 361 5
113 428 1
234 65 16
178 261 15
406 292 13
134 73 18
288 448 15
2 115 9
194 337 13
374 241 9
32 361 4
43 421 15
374 341 19
450 2 8
217 68 1
336 461 19
200 239 3
392 50 20
16 472 3
447 48 3
484 488 12
195 445 17
178 91 5
48 130 9
142 138 17
258 388 2
129 364 16
342 361 18
297 132 13
476 331 8
469 302 16
278 490 8
336 500 17
276 390 11
121 400 10
243 21 6
34 144 7
26 64 11
248 135 13
310 3 18
232 229 14
460 242 10
83 91 14
476 77 9
443 424 16
482 189 17
146 179 9
434 261 16
108 186 5
22 7 8
55 121 14
57 336 6
18 108 12
421 22 8
348 488 2
281 59 3
140 295 11
425 65 10
168 421 7
472 148 12
154 390 13
197 325 5
32 136 20
489 328 10
498 479 3
168 232 6
486 437 9
496 317 9
201 262 10
170 291 17
378 292 13
293 301 19
68 470 6
108 281 11
260 471 8
348 256 4
145 489 20
484 235 7
167 364 2
393 44 10
411 295 9
95 87 4
235 105 1
395 52 9
475 30 14
172 399 10
3 320 5
150 195 18
373 314 17
412 456 15
22 9 7
218 385 20
394 351 8
175 240 6
388 452 8
205 19 18
394 419 14
127 84 16
179 381 10
469 105 20
234 476 19
87 244 7
136 139 7
462 63 12
229 442 16
14 88 4
31 229 14
352 229 17
171 388 15
7 20 12
214 272 4
260 373 20
326 228 16
222 24 12
481 130 19
497 175 10
221 257 3
379 104 19
261 10 11
142 129 4
139 333 6
458 160 4
3 239 19
382 110 8
116 290 16
252 177 10
407 350 5
270 408 17
270 77 13
99 202 8
254 302 16
415 129 2
496 399 3
226 220 12
113 493 10
358 69 17
224 212 2
483 358 12
371 445 6
286 150 10
370 35 6
96 495 18
423 192 20
264 226 6
81 381 6
159 230 7
273 189 4
202 253 6
278 465 6
233 186 1
252 187 2
3 163 18
382 385 19
40 325 10
87 219 8
74 278 4
36 255 20
274 99 13
455 393 1
325 209 1
329 137 19
329 475 12
244 216 10
133 181 20
474 449 17
478 232 7
360 101 15
384 398 2
288 329 5
202 206 9
155 495 14
190 31 16
239 63 1
425 324 14
233 134 2
206 354 7
393 283 13
280 378 1
159 417 10
471 195 15
448 186 16
415 282 17
278 192 3
50 449 7
308 399 4
75 61 15
248 31 17
72 332 2
174 242 17
30 239 13
230 425 3
256 217 16
22 489 10
293 172 18
282 248 6
491 452 6
118 206 12
167 335 1
149 15 5
313 53 15
491 320 16
310 86 17
281 7 15
156 361 18
94 18 2
247 358 2
169 158 17
350 113 6
452 417 19
317 263 15
95 286 7
220 5 14
174 197 1
175 205 20
284 403 17
427 167 17
323 216 11
251 301 4
392 49 3
454 444 1
412 227 15
497 315 9
52 397 17
301 311 14
435 430 3
28 233 4
76 146 10
325 49 18
248 403 12
471 73 3
46 280 4
188 181 11
438 143 8
399 106 1
478 381 9
258 46 17
152 77 13
48 105 14
413 160 2
425 227 7
491 289 12
434 139 5
324 319 14
383 96 13
96 34 16
227 187 20
148 328 16
54 188 2
195 368 7
344 376 20
445 326 2
173 402 9
27 22 7
197 383 18
156 417 6
316 351 17
337 384 15
393 485 7
99 433 13
93 7 9
339 324 12
235 231 2
406 289 3
75 355 19
284 370 8
2 139 15
387 112 20
438 431 10
172 82 16
162 377 1
401 480 7
228 328 17
221 7 19
480 254 16
58 366 16
182 166 12
33 30 18
498 246 17
41 410 9
16 490 3
51 109 16
326 366 15
398 116 9
174 488 6
386 328 20
242 333 16
247 338 3
394 76 3
134 167 4
347 140 11
81 484 4
121 481 5
484 80 6
44 377 13
479 124 5
436 286 11
427 39 5
336 338 5
404 278 3
89 432 14
254 12 2
116 443 5
307 75 17
456 45 16
445 489 16
292 373 3
295 195 17
237 382 10
282 237 3
136 78 9
377 285 1
467 100 20
97 457 16
143 194 5
482 401 16
302 365 4
229 250 7
324 416 20
479 221 8
186 95 17
287 140 14
246 26 10
319 443 18
257 242 9
429 474 13
266 63 4
220 486 12
92 302 7
59 62 15
259 122 7
394 216 13
226 400 20
405 4 4
482 141 17
306 121 11
244 211 8
249 15 2
436 316 17
1 311 7
21 400 10
109 196 11
490 92 6
323 403 10
374 370 17
154 28 20
172 153 5
447 419 15
147 259 13
392 222 19
225 455 2
168 253 2
22 123 3
305 310 3
303 190 14
69 439 18
400 36 16
249 493 17
455 64 15
283 138 4
118 476 1
60 465 8
200 287 8
80 2 8
117 335 16
271 288 9
389 377 16
61 235 8
215 397 19
469 413 5
397 172 14
141 135 9
174 480 20
306 215 13
276 68 18
349 315 14
326 455 3
174 383 12
156 199 19
432 172 9
187 175 15
355 169 5
26 279 1
455 243 5
490 26 4
102 155 3
286 260 3
18 257 18
222 473 7
288 338 13
393 257 3
471 165 7
315 88 2
286 394 6
131 490 13
232 164 9
307 183 16
6 186 12
337 328 4
33 327 4
7 281 11
141 182 3
201 398 13
264 28 18
469 430 10
142 468 2
357 236 11
128 90 8
193 464 19
309 182 5
486 24 12
119 190 11
262 156 13
248 385 12
254 218 17
364 286 16
469 150 12
100 220 3
359 188 16
223 149 19
396 21 9
190 134 3
109 63 3
165 299 4
291 15 10
113 102 2
201 256 18
411 256 13
310 379 7
149 406 7
13 69 8
79 285 12
69 330 19
43 295 1
306 85 20
306 458 14
127 473 3
33 365 5
302 117 13
48 22 18
497 68 18
89 227 12
326 378 9
448 17 19
46 5 11
214 178 4
415 96 4
364 496 12
26 368 20
182 373 19
434 85 20
28 150 1
248 114 15
59 390 1
202 107 13
40 390 15
34 222 7
70 330 15
411 268 3
208 196 2
292 423 5
366 447 6
220 484 12
19 205 12
56 461 13
143 295 14
186 1 20
112 264 2
312 143 5
306 343 12
489 164 3
456 271 18
165 93 5
378 398 10
140 212 7
111 308 3
17 255 20
192 312 17
177 383 7
499 69 1
125 277 11
367 400 7
394 168 20
482 139 18
466 64 16
135 290 8
102 284 6
192 360 7
186 23 14
189 278 3
449 214 11
103 418 9
222 111 12
397 490 20
444 26 5
480 424 15
55 92 12
176 163 16
65 107 2
288 299 3
65 235 15
73 243 6
42 389 14
200 425 9
248 17 14
157 254 14
332 409 12
282 136 4
2 219 20
479 64 1
92 71 9
468 127 1
495 233 20
374 91 2
23 115 18
443 451 3
426 106 5
8 174 4
491 32 2
461 24 4
427 157 2
440 410 17
310 158 5
158 86 6
5 134 20
467 301 11
22 180 20
113 435 1
425 304 18
453 348 15
71 437 17
478 419 14
66 166 20
137 242 15
142 460 13
427 48 2
359 89 8
388 296 5
182 319 5
423 92 9
259 144 11
203 148 14
225 233 19
251 388 2
346 317 7
236 239 17
172 324 20
137 363 19
43 261 13
456 226 20
101 113 20
141 448 6
50 198 15
201 125 17
440 156 5
295 301 18
173 120 8
392 270 14
116 177 20
226 125 8
420 269 1
462 9 4
327 292 13
310 237 6
411 403 17
380 339 7
360 250 1
37 176 19
292 426 12
494 340 2
390 420 11
296 365 18
437 99 16
264 286 10
100 288 1
402 310 5
316 203 9
219 391 19
331 148 1
155 102 6
78 72 19
455 79 2
419 186 17
397 151 16
365 65 6
407 56 12
345 128 3
72 118 11
70 167 2
340 343 1
34 221 6
92 161 6
171 179 1
495 52 3
367 408 2
120 292 19
3 11 11
80 418 13
165 73 6
39 240 14
300 54 4
35 497 11
68 9 13
171 466 11
199 300 9
41 213 3
431 36 18
310 207 14
171 236 13
9 32 1
331 467 10
340 500 8
66 27 11
207 147 13
222 228 13
60 32 11
386 170 6
447 402 18
362 369 16
211 382 8
451 272 12
114 419 12
59 160 6
115 319 1
87 110 5
163 326 17
16 272 17
6 147 14
236 446 11
107 284 8
336 1 2
136 188 2
299 40 8
236 3 6
363 2 19
285 139 18
452 216 17
375 432 2
59 422 8
404 313 8
119 26 14
418 407 9
357 82 10
266 208 12
60 86 20
213 164 18
463 308 9
163 175 9
36 371 4
230 259 8
10 306 12
98 453 5
324 119 2
368 275 19
307 234 18
319 314 3
5 162 10
13 79 11
352 327 3
242 310 7
150 332 6
80 34 2
28 429 11
331 490 11
448 50 1
90 317 19
93 343 17
113 123 7
286 232 7
337 144 12
393 445 5
260 444 4
304 239 1
477 36 20
87 323 16
72 268 10
421 106 12
428 368 9
436 356 2
398 251 5
62 225 12
157 263 8
72 54 16
66 156 11
16 271 19
65 418 13
172 20 18
332 390 5
286 152 3
377 152 7
263 351 5
166 362 11
360 104 14
423 153 2
404 220 17
203 128 2
154 68 4
243 107 13
475 141 11
282 380 3
44 208 15
93 212 16
206 11 19
338 424 1
223 172 3
8 181 2
92 307 13
182 5 13
110 92 11
26 491 4
366 241 6
233 51 5
4 278 5
188 418 4
135 417 11
335 298 10
198 322 2
342 214 9
467 166 14
74 67 7
499 269 7
368 282 13
323 133 12
80 55 19
59 83 4
452 260 11
320 203 6
444 114 17
122 187 14
127 182 7
257 232 11
181 336 3
444 430 12
55 496 3
479 395 4
483 122 20
371 388 2
330 362 19
368 74 4
408 117 15
495 379 11
273 426 20
396 483 16
190 425 13
161 30 2
61 359 12
233 143 11
154 128 4
230 85 20
283 369 18
184 83 9
314 220 6
384 375 1
464 493 18
162 461 6
21 87 16
109 401 9
99 368 18
490 392 19
23 328 3
489 379 1
135 104 3
470 229 19
357 133 1
83 325 16
480 192 5
146 448 14
54 339 19
478 327 2
465 376 9
225 262 6
182 141 7
172 496 7
302 456 10
30 337 20
331 114 20
102 387 14
15 140 10
275 66 11
268 494 4
246 487 9
344 201 6
10 97 11
155 62 8
461 164 17
354 444 8
392 459 9
334 164 1
461 385 15
280 198 17
7 492 3
387 302 10
183 468 16
198 67 19
81 295 15
359 319 17
171 200 20
428 399 11
244 189 8
62 119 14
98 427 3
237 181 8
466 368 5
111 450 18
99 266 14
94 317 6
310 225 11
431 152 20
278 64 12
9 135 11
205 243 8
74 246 9
361 49 2
76 232 4
41 348 2
346 419 12
366 396 6
158 189 11
135 179 17
416 374 20
146 391 17
193 311 20
444 248 13
450 314 10
444 333 19
214 22 2
158 79 8
259 54 19
225 361 6
178 153 19
81 73 5
197 12 5
317 205 7
148 426 10
88 67 10
98 352 15
453 227 6
309 203 14
182 84 20
201 379 17
359 220 2
147 360 17
75 415 4
28 166 19
84 246 2
374 235 8
281 459 17
156 133 11
133 183 7
82 121 6
347 298 9
135 460 11
358 80 14
398 334 11
402 285 18
401 461 9
144 133 17
86 30 18
198 93 15
285 445 8
129 260 19
347 13 3
40 347 12
218 157 3
222 377 1
236 73 4
318 6 7
38 25 5
213 408 20
478 414 20
154 198 20
337 314 10
297 445 17
378 268 14
493 394 10
154 33 2
55 298 6
96 80 19
169 435 17
204 308 13
325 322 2
412 416 11
491 220 7
480 387 7
425 398 2
210 161 4
1 332 20
65 383 5
337 478 19
412 312 9
103 300 18
41 126 8
479 486 3
485 252 10
406 173 11
373 220 17
438 310 4
186 325 14
253 85 9
158 67 9
415 103 6
142 269 20
267 483 20
63 312 17
477 313 12
75 461 9
452 271 15
134 66 4
46 333 11
131 105 18
178 122 5
326 18 8
210 281 20
258 310 18
500 195 3
327 227 8
172 472 18
291 232 1
173 157 7
284 295 8
237 106 9
186 69 18
238 68 11
175 171 3
274 114 20
196 362 15
92 308 9
174 33 7
54 375 16
159 131 19
420 57 11
246 121 15
461 118 13
109 311 10
27 394 8
24 96 15
88 457 19
283 65 5
392 3 16
140 414 20
134 485 19
323 95 2
337 381 17
78 254 12
397 405 12
39 58 19
279 189 3
476 396 18
127 155 8
414 76 15
491 154 5
290 215 2
325 458 9
253 210 2
218 384 18
418 366 6
114 471 10
478 237 5
228 267 4
275 489 16
188 453 19
359 228 6
201 21 1
126 141 1
168 83 9
110 431 7
457 195 20
480 24 12
123 444 9
387 267 14
115 182 13
34 178 5
122 490 5
309 98 9
113 10 1
244 358 14
98 233 9
315 78 2
265 285 13
474 105 10
481 456 15
318 429 10
307 397 11
333 454 20
233 68 3
457 178 2
220 471 19
355 59 19
272 86 19
255 283 12
120 365 16
29 22 13
306 256 3
419 390 1
399 3 18
144 162 15
137 473 5
395 329 14
457 8 18
396 113 11
219 166 3
499 399 6
406 66 15
374 347 8
139 115 15
365 126 12
313 409 6
405 61 3
329 155 20
451 235 13
423 41 5
422 187 6
240 154 7
78 7 8
47 497 5
72 300 16
143 413 8
255 218 18
200 356 6
107 37 19
380 401 12
269 106 14
426 472 16
318 345 1
218 421 5
29 109 19
27 410 12
148 168 18
457 253 1
122 280 4
119 260 16
483 46 19
80 300 20
488 426 17
384 355 4
467 464 4
487 46 16
132 401 19
292 420 6
422 142 8
128 95 10
318 56 11
251 438 5
81 356 19
376 52 11
415 17 1
301 323 14
389 255 14
114 411 13
483 442 20
426 116 20
58 492 15
321 371 8
54 430 3
499 131 12
254 54 3
14 425 11
241 160 19
20 457 10
15 145 20
136 348 6
388 309 11
51 44 6
490 277 17
119 82 2
480 377 8
182 21 11
402 138 9
294 209 1
71 219 10
182 81 1
141 368 17
81 337 6
472 123 15
200 112 10
399 346 6
139 165 4
135 86 10
383 22 3
450 283 11
1 454 18
384 478 14
464 253 10
93 277 7
436 138 17
413 483 19
451 395 15
185 310 20
245 424 18
3 113 12
479 174 4
316 389 13
441 226 20
486 79 4
401 486 3
141 124 15
135 71 20
498 164 17
492 478 6
159 171 13
394 39 10
158 287 20
152 82 4
40 249 16
430 240 3
170 330 13
131 3 8
392 364 20
10 99 14
108 180 16
257 176 17
203 238 5
180 148 19
31 333 15
295 410 19
200 262 4
454 143 13
63 142 20
371 247 4
145 341 15
69 340 16
247 188 16
456 442 12
353 280 15
180 172 5
63 300 17
468 326 1
220 13 18
104 271 14
249 393 6
37 135 11
160 246 8
372 2 1
172 18 6
197 388 16
454 70 15
356 157 12
383 395 19
17 405 12
383 193 14
116 51 19
388 441 14
280 415 17
160 36 17
208 396 2
105 22 12
209 6 11
158 199 12
345 355 5
329 473 1
373 449 12
324 105 16
272 225 9
401 180 9
333 176 8
234 164 2
218 361 17
33 95 13
313 351 11
193 258 8
377 291 16
376 393 1
397 155 11
468 18 3
40 304 1
101 253 8
154 184 14
358 418 7
278 237 9
18 141 9
176 93 6
310 221 3
31 434 6
45 343 2
77 109 19
453 92 7
402 211 10
101 398 4
30 320 13
113 31 10
360 126 2
187 172 11
337 405 10
377 405 15
205 204 11
42 263 11
417 359 13
53 14 5
397 344 7
127 147 11
125 449 12
62 317 3
216 236 8
220 133 6
312 199 16
294 96 8
444 29 2
149 388 16
222 115 2
243 267 8
375 95 18
96 50 7
128 111 8
50 328 6
350 278 12
460 399 19
225 260 12
248 379 5
378 87 10
265 293 11
335 58 8
125 225 6
338 438 2
455 81 16
120 255 13
182 375 2
229 315 20
66 443 12
169 421 6
368 51 6
266 76 5
49 291 12
392 273 6
57 134 15
484 218 8
201 105 14
376 306 14
360 364 2
308 265 11
207 366 12
494 82 9
64 343 7
359 431 2
227 205 10
499 64 6
312 220 8
429 486 3
252 42 5
394 184 18
316 101 8
462 77 20
173 459 5
181 49 7
288 275 5
335 67 14
378 173 2
384 8 13
174 498 15
357 195 20
68 374 16
150 87 17
364 336 15
179 229 8
199 357 12
60 24 13
339 22 16
414 223 1
265 302 3
283 444 11
166 44 6
115 80 13
321 410 8
21 320 16
348 416 3
103 322 18
379 477 10
221 164 9
83 211 8
303 450 7
474 316 18
445 80 19
369 396 15
314 500 10
52 289 12
483 365 14
301 110 18
65 377 18
325 170 18
328 473 17
302 71 3
26 36 17
236 251 20
172 100 12
259 181 7
426 428 16
397 460 3
210 376 2
1 344 18
190 470 10
267 253 16
389 132 10
497 399 13
119 378 9
177 271 4
192 424 13
336 17 2
274 485 1
473 249 3
444 208 13
220 58 10
286 146 14
74 424 20
43 121 10
422 287 6
287 68 6
243 135 6
85 1 16
170 30 13
136 75 1
178 96 15
439 341 3
118 164 3
58 403 9
243 52 19
381 265 14
466 70 3
129 323 18
330 81 3
16 231 3
165 383 1
185 405 14
349 449 4
494 37 17
480 300 3
279 98 14
65 322 16
487 435 19
234 380 9
53 268 7
387 232 5
34 23 1
456 460 9
381 456 4
239 87 12
35 488 8
284 457 19
342 386 3
105 433 13
209 99 14
62 247 15
294 307 2
418 199 1
334 127 9
54 17 10
438 327 11
58 243 12
443 391 13
138 478 19
17 157 2
413 377 6
468 265 10
245 436 19
476 264 4
379 74 15
191 262 20
404 473 14
427 483 17
92 212 2
498 374 13
134 363 9
121 205 18
485 159 13
272 132 15
399 111 5
217 85 8
325 147 10
460 305 5
344 255 12
60 401 5
85 68 6
170 340 19
56 260 17
284 217 10
25 229 3
271 153 18
257 250 3
13 267 6
416 202 3
399 180 4
226 144 4
79 318 10
37 355 3
142 366 2
261 35 16
329 283 5
480 231 10
226 127 4
285 178 13
230 365 10
451 10 14
181 358 1
285 180 6
417 46 20
465 468 17
375 257 5
472 435 4
135 344 7
465 458 13
204 458 15
69 15 2
368 13 10
25 446 15
368 387 5
464 211 20
2 169 9
479 131 14
263 131 11
227 367 19
416 299 4
307 228 8
424 87 18
356 487 4
33 377 10
326 254 17
41 306 18
179 132 9
272 283 5
303 118 10
62 38 6
52 162 4
70 178 4
232 393 7
283 349 4
279 362 20
177 243 8
411 454 20
456 72 6
165 245 17
122 145 8
83 395 13
123 86 8
12 393 11
151 350 7
429 317 18
104 2 8
297 300 1
272 415 16
416 421 2
69 180 17
173 102 3
202 274 14
371 407 9
67 177 16
89 366 20
311 278 19
7 379 17
148 207 13
403 333 13
462 368 8
477 88 13
100 75 6
82 356 15
379 374 14
302 109 8
453 263 15
166 476 8
82 97 16
305 312 1
410 463 15
269 287 11
318 139 14
214 345 8
448 204 19
250 130 18
444 395 14
301 65 7
483 9 10
423 9 19
486 500 2
334 366 16
208 397 16
495 307 10
298 30 10
32 104 17
318 16 15
442 292 6
208 472 8
146 181 14
62 273 7
301 273 5
242 316 15
386 494 14
129 17 2
395 475 11
478 144 16
5 57 14
132 486 13
193 243 15
177 118 4
12 467 4
242 405 7
91 259 11
103 19 14
173 87 15
235 223 4
67 463 13
498 281 20
270 48 4
316 439 13
326 298 19
489 16 3
298 153 8
196 450 12
279 216 18
55 237 12
290 251 13
126 72 10
280 28 9
200 382 11
323 233 8
385 423 6
161 206 16
492 166 3
494 268 10
93 254 8
195 473 11
91 43 14
446 334 3
499 447 2
410 124 19
302 383 3
346 405 4
209 346 5
439 35 8
285 359 2
347 20 4
195 330 3
296 164 10
428 282 17
204 222 13
246 87 18
219 23 6
367 353 6
286 434 14
456 118 1
490 43 18
450 460 12
248 240 1
82 445 18
142 451 1
359 134 19
10 331 12
430 71 12
171 50 14
473 275 15
50 200 4
340 71 11
471 60 4
482 478 1
379 299 5
264 113 10
3 457 6
68 194 2
479 116 18
213 3 9
165 343 15
15 57 13
482 109 9
389 254 8
221 165 16
247 448 20
101 395 20
14 173 1
429 139 16
82 395 15
288 62 6
493 450 18
304 122 6
361 294 18
270 419 17
234 192 18
120 244 19
401 362 8
383 78 17
472 57 7
166 500 3
88 57 20
274 173 14
175 293 12
362 160 9
243 96 20
6 228 19
405 456 4
14 31 10
325 414 2
258 436 6
396 26 13
463 195 10
67 285 17
333 13 18
83 2 2
243 438 19
162 166 18
315 254 16
84 492 19
316 232 8
270 298 8
213 59 1
109 473 20
286 148 15
421 25 16
424 2 3
290 238 4
207 118 7
302 355 14
187 373 10
413 263 12
199 22 6
322 353 15
38 76 10
22 131 5
370 126 6
82 134 14
159 462 19
184 65 16
243 395 4
412 36 8
308 421 9
339 498 20
90 160 7
44 316 19
347 472 7
56 383 17
101 23 2
149 223 12
382 294 20
286 491 18
54 384 10
245 150 13
268 201 20
385 342 6
240 245 1
163 387 10
287 219 1
291 48 5
1 342 16
300 119 14
150 263 10
374 274 6
377 305 7
113 215 17
6 218 17
190 280 13
330 101 20
123 206 3
458 173 1
250 62 1
241 130 8
243 413 5
490 145 8
241 376 1
142 351 7
38 328 10
383 406 20
221 376 10
343 350 16
367 222 20
218 50 20
484 303 3
178 204 9
24 314 9
402 245 2
343 419 8
433 323 10
179 84 5
324 309 11
424 151 6
31 127 11
278 456 17
299 246 19
217 19 12
481 56 11
113 197 17
283 340 20
201 493 9
496 15 11
327 378 2
218 367 20
445 98 7
79 292 17
60 402 19
170 493 18
108 270 16
257 94 18
223 203 11
298 373 11
384 449 15
314 199 8
100 277 12
220 110 1
233 177 2
115 327 20
454 487 20
191 448 6
179 206 2
177 179 15
182 499 5
451 69 18
24 120 19
105 150 16
183 274 13
8 462 14
475 123 17
7 400 14
492 199 7
336 485 18
136 22 18
466 37 4
105 91 7
456 398 11
300 237 2
84 371 1
287 172 13
307 479 10
499 238 5
460 393 15
438 309 10
434 337 13
186 33 4
340 413 17
179 454 16
208 309 14
169 111 16
329 105 15
475 411 4
493 341 7
394 232 8
482 68 18
204 121 17
154 299 12
401 385 6
171 273 10
261 420 17
152 440 20
278 463 2
392 347 2
460 400 3
296 75 2
174 410 2
236 470 5
199 475 16
305 249 5
208 1 13
447 434 16
153 340 3
174 316 3
81 283 14
87 80 1
63 302 4
462 196 20
238 366 20
259 153 3
246 426 7
363 28 13
28 410 8
226 476 3
35 166 4
280 476 14
73 162 3
358 285 12
260 391 18
205 276 17
85 29 19
412 224 16
479 273 17
325 244 17
215 237 5
477 290 20
216 388 3
395 226 14
38 249 18
115 69 8
164 69 14
103 498 8
340 213 19
234 139 5
76 3 18
281 204 3
331 294 8
331 406 6
132 22 6
97 281 8
205 198 16
278 55 18
172 57 11
99 280 10
330 134 16
211 177 11
170 11 17
199 176 20
62 368 14
474 233 17
266 161 4
72 65 15
404 121 12
392 253 18
403 263 19
369 347 14
24 159 18
67 430 13
162 45 3
121 210 6
316 344 1
198 424 2
285 346 14
388 112 20
198 17 11
83 245 9
294 339 6
296 376 2
98 358 8
462 269 12
262 482 2
70 1 1
390 432 2
190 260 4
321 482 2
242 496 12
77 283 9
267 233 7
4 349 7
198 347 6
425 202 8
447 395 19
26 86 19
235 399 12
34 458 8
63 342 12
57 473 15
70 323 20
443 476 20
215 74 6
327 35 3
246 157 4
327 362 16
383 368 4
174 368 5
379 406 9
289 318 11
305 85 3
150 95 16
368 463 15
163 119 12
99 370 8
284 238 20
400 485 11
406 252 7
281 90 3
429 129 19
310 459 10
152 284 10
139 304 9
293 302 9
231 498 15
135 358 1
357 478 11
153 285 3
153 405 15
166 175 20
296 104 20
206 170 11
157 476 9
176 414 15
119 316 11
313 165 20
199 201 14
80 296 10
394 187 3
172 419 5
395 43 16
329 89 12
498 222 10
46 388 18
340 362 15
323 103 8
227 418 17
182 86 5
50 138 3
360 386 17
24 121 9
298 333 14
436 70 8
159 45 14
216 220 13
158 154 9
160 446 12
210 414 10
51 63 1
67 396 1
386 485 18
278 57 4
387 370 5
8 59 11
184 209 20
168 230 19
176 114 8
67 437 12
361 59 3
221 497 17
262 356 20
76 101 20
326 438 6
162 141 14
261 260 14
438 229 20
74 305 13
114 140 12
132 255 20
378 383 3
442 479 8
278 104 2
120 259 10
359 231 9
64 456 20
500 483 18
209 268 2
136 96 14
53 404 3
340 435 4
342 137 20
461 371 10
145 298 12
8 12 20
133 260 5
401 373 18
260 300 19
246 142 8
470 488 17
36 133 14
63 179 14
20 127 12
313 249 20
74 29 17
276 215 17
207 209 11
188 378 11
192 255 3
85 172 19
150 218 3
67 482 20
272 413 6
371 423 20
431 212 13
267 156 6
455 45 18
419 392 12
484 173 7
330 346 3
442 370 18
334 154 20
136 169 15
52 121 8
138 416 7
458 74 9
312 450 9
51 340 4
237 243 12
438 156 10
153 181 20
289 358 3
8 356 16
110 115 10
388 426 14
235 218 5
242 357 17
52 124 14
14 336 11
66 152 18
437 455 3
450 238 19
37 131 17
284 150 5
315 178 11
427 240 14
266 237 15
104 209 11
339 385 4
109 182 3
114 284 20
330 172 8
2 230 12
275 347 19
174 258 3
63 408 17
36 422 2
282 407 4
373 281 6
124 338 19
183 445 17
97 425 13
350 176 8
426 329 1
222 195 5
323 395 1
137 315 3
339 330 12
149 161 2
470 59 13
173 481 9
117 483 18
474 425 6
237 122 14
209 343 5
353 362 8
393 462 9
130 185 5
127 220 14
214 15 1
134 313 18
105 35 17
410 455 6
310 217 1
198 274 4
145 129 13
428 253 13
65 272 5
115 473 17
33 406 14
443 482 11
404 122 15
334 152 6
334 80 3
15 105 4
327 188 6
125 493 18
206 64 10
226 341 3
27 209 20
446 473 20
205 455 19
152 352 6
119 494 12
135 331 1
172 263 20
290 71 8
18 401 11
478 344 18
26 376 12
130 116 17
54 489 2
356 279 11
61 432 4
80 144 10
218 231 6
446 220 5
97 364 13
338 127 6
351 223 18
500 258 20
329 217 8
8 241 7
485 444 7
107 212 20
85 147 16
478 340 8
385 177 16
340 23 9
208 253 2
490 86 12
461 347 7
250 304 14
156 201 12
146 248 10
370 156 6
315 117 6
411 404 14
185 301 8
497 427 19
374 69 19
461 249 9
53 296 2
390 274 7
200 238 8
421 127 19
50 103 6
281 300 15
362 286 14
2 128 16
483 27 18
445 273 13
244 430 7
91 490 18
248 256 10
95 63 2
160 123 16
192 285 12
279 339 9
86 15 9
65 255 18
165 322 5
423 83 4
96 73 1
16 489 3
333 75 6
434 301 17
241 59 15
352 235 7
210 304 12
254 86 12
400 16 11
29 348 7
105 302 15
59 316 14
362 199 1
213 231 17
102 117 17
259 224 14
370 161 5
224 117 8
249 429 13
281 214 12
469 52 4
426 244 15
31 235 9
308 376 17
23 157 7
434 134 19
478 4 1
122 95 6
25 63 19
5 20 11
135 312 8
164 461 14
99 498 17
351 114 18
99 494 10
431 364 14
243 161 4
63 245 19
357 144 17
492 459 4
180 171 17
250 344 1
301 258 11
395 197 5
58 284 5
124 103 5
81 130 15
149 134 16
300 57 17
419 381 17
4 309 13
343 22 9
460 321 16
185 218 18
329 238 16
163 290 15
244 197 2
77 242 10
357 107 6
322 34 14
202 423 3
226 402 13
473 45 7
156 344 17
162 400 16
32 188 7
4 262 15
225 295 12
380 309 17
352 285 12
204 86 11
333 184 2
256 408 17
371 170 12
128 268 16
435 262 2
499 240 16
219 301 4
136 430 14
130 261 11
55 30 18
394 480 5
338 212 15
468 160 15
3 58 2
364 24 13
50 150 7
289 320 12
374 303 17
187 223 8
210 276 17
280 98 3
249 156 17
22 283 2
85 467 9
193 390 7
249 248 10
448 178 2
220 239 10
240 446 16
383 212 3
71 455 11
119 123 7
486 67 20
479 77 9
499 45 10
12 118 1
360 456 4
483 246 4
189 148 17
362 370 1
419 145 1
485 346 5
89 105 4
296 117 5
97 479 13
170 134 7
459 391 19
342 366 9
116 173 12
365 377 3
54 123 4
172 130 11
400 293 15
191 145 11
210 135 11
455 44 16
464 488 9
433 119 5
379 397 7
386 291 11
30 258 18
204 283 20
100 498 14
486 64 13
47 424 20
66 380 10
291 113 17
48 496 17
167 251 9
316 157 4
238 57 12
438 353 9
410 149 3
217 418 10
12 129 2
287 244 19
249 139 14
176 187 19
188 136 12
389 138 5
244 373 13
286 33 18
409 175 10
76 229 10
183 449 10
472 485 1
74 286 16
56 340 17
471 285 18
429 472 10
3 166 13
397 415 6
71 334 12
250 161 15
414 312 1
159 463 18
47 36 6
217 139 10
403 102 6
64 188 17
201 117 18
340 146 12
398 123 19
211 39 14
161 211 6
56 38 9
19 480 10
241 310 2
28 6 8
329 79 13
198 295 1
485 146 11
123 252 1
495 239 3
453 363 1
281 133 11
234 410 5
126 249 13
20 139 11
281 79 20
135 345 13
371 87 19
442 221 2
19 37 15
463 113 5
387 270 4
432 499 11
387 211 17
152 243 2
258 224 15
187 156 8
315 396 20
333 326 3
153 319 11
278 468 6
243 378 5
473 19 1
226 320 9
47 223 13
368 172 5
434 54 8
287 185 9
456 246 11
466 17 4
442 446 2
449 460 8
181 122 13
240 8 20
25 334 6
402 151 19
81 169 13
389 53 1
266 310 7
444 121 6
161 416 4
161 323 18
301 485 15
186 197 6
380 79 12
225 104 15
209 223 17
424 107 13
187 94 16
482 225 17
174 389 10
32 435 12
307 328 4
106 447 3
395 473 18
476 208 5
474 179 7
490 183 18
383 484 14
268 195 20
443 147 2
51 33 9
265 495 4
419 110 16
97 373 20
208 248 11
158 350 7
370 265 18
435 440 1
218 22 4
71 313 16
297 454 16
438 242 12
458 360 12
269 6 3
77 48 4
248 284 9
413 372 7
390 28 9
148 266 5
446 4 8
286 308 18
338 473 20
64 273 12
241 277 12
52 479 15
270 269 13
331 190 9
1 26 20
288 330 19
429 251 11
280 114 16
131 172 5
161 41 10
185 387 2
143 84 11
357 362 12
143 15 1
384 278 9
400 214 13
356 290 14
199 256 8
124 450 9
118 359 8
402 253 6
445 311 7
412 341 6
446 169 2
482 372 15
252 202 5
463 81 1
175 186 10
46 6 12
339 126 20
492 359 14
428 360 2
36 207 17
136 226 4
16 265 11
193 32 8
29 360 8
490 48 16
8 378 1
133 500 6
239 282 13
73 127 12
97 488 14
413 166 4
245 356 11
149 489 9
442 281 1
137 190 13
169 399 17
13 321 11
62 112 15
91 126 14
126 380 12
353 243 11
219 235 18
441 392 6
83 110 14
251 44 18
127 338 20
450 332 18
401 108 16
29 33 5
350 38 6
497 321 18
373 247 13
231 402 12
124 364 11
346 227 3
110 356 16
464 481 11
173 110 5
481 159 12
407 71 9
162 168 7
431 139 11
67 223 3
281 256 7
210 72 19
33 336 9
178 465 20
49 52 9
240 51 18
171 347 20
301 231 17
184 429 20
60 405 5
222 176 14
386 166 18
254 395 17
406 103 17
134 454 18
191 336 12
121 174 16
216 229 3
129 39 5
383 110 16
379 464 5
176 442 9
314 310 14
292 7 9
353 76 7
6 90 14
156 142 16
161 198 16
240 85 3
93 116 7
106 385 14
171 436 5
273 242 14
426 34 4
381 14 10
413 316 20
456 424 8
227 131 20
309 34 11
451 324 18
437 390 9
69 320 20
164 3 14
240 9 8
484 289 5
240 447 8
164 467 12
196 237 18
479 359 13
24 13 1
8 222 3
466 285 8
75 86 4
8 326 12
111 78 11
39 436 10
345 221 15
132 313 7
44 165 10
196 74 8
80 153 11
55 387 4
62 8 1
466 24 2
311 209 7
62 426 16
44 74 17
183 43 7
183 454 5
243 363 11
42 218 7
204 27 3
13 124 18
164 337 5
339 33 4
94 202 14
64 241 10
232 478 5
160 112 7
48 158 5
265 340 1
314 152 6
456 115 4
97 384 11
497 333 9
230 238 20
356 217 7
143 334 3
258 354 11
253 93 10
223 198 7
247 85 8
468 361 11
187 322 13
468 167 11
452 254 12
151 77 3
339 186 19
265 254 5
330 221 9
53 365 9
40 428 19
259 491 6
196 459 2
172 132 5
255 279 14
151 485 7
199 78 17
254 393 10
192 157 19
121 89 6
379 402 3
17 251 8
90 61 15
38 422 10
299 173 8
146 381 12
261 49 2
156 374 14
61 373 18
167 26 14
8 184 16
13 209 5
182 170 2
331 117 14
7 30 19
323 114 12
189 75 19
116 226 19
54 182 15
27 491 20
299 439 11
111 32 8
435 357 1
277 486 10
337 361 15
456 151 17
265 131 15
273 47 20
72 230 2
458 55 3
239 45 2
339 318 7
70 80 10
90 471 3
169 290 20
293 15 20
48 1 7
333 129 7
370 430 13
289 223 8
238 93 12
188 399 12
92 264 12
226 375 9
53 102 2
38 436 1
363 386 3
268 33 19
133 15 10
119 288 5
362 344 4
193 436 19
341 58 20
68 43 8
371 62 15
371 280 7
73 322 4
91 400 17
64 259 3
68 188 8
434 500 7
50 42 3
331 211 10
116 431 20
29 189 11
4 341 2
373 127 19
467 429 15
162 474 16
35 307 18
178 209 14
400 98 18
254 272 19
399 430 16
272 227 20
357 126 20
68 243 2
384 462 1
74 326 14
201 212 13
425 134 2
325 205 19
458 168 1
191 134 4
207 60 9
201 214 9
452 357 12
358 231 17
46 354 20
259 456 8
110 52 13
391 219 9
234 86 20
257 279 5
271 346 10
222 492 10
437 205 9
53 124 7
395 446 3
429 253 14
74 385 8
428 371 17
310 476 14
478 464 3
204 413 11
121 429 12
446 426 19
467 182 13
337 409 8
107 146 8
315 13 11
73 287 18
171 493 10
283 500 5
94 48 20
79 496 12
244 223 3
314 114 18
250 404 18
278 280 8
57 19 10
134 229 16
330 372 5
311 135 2
89 200 1
327 228 16
428 496 6
171 198 20
9 491 5
100 496 16
423 318 13
314 296 1
224 178 3
432 53 2
181 409 13
150 75 4
490 71 6
100 444 4
20 298 19
380 283 6
342 117 3
12 139 10
171 420 9
219 248 9
263 482 20
175 335 5
471 286 13
34 253 19
322 397 9
313 49 11
419 209 9
387 462 1
308 447 2
99 64 11
69 276 7
440 486 1
292 5 18
31 234 1
401 415 5
16 434 14
336 383 10
475 312 3
478 136 20
246 66 2
27 454 6
342 17 16
87 56 7
70 182 16
172 122 8
92 10 5
164 85 1
42 461 20
282 199 13
303 56 18
494 183 19
359 452 13
301 138 10
232 266 9
70 165 13
489 6 6
258 194 4
185 224 16
310 250 10
332 45 16
137 360 13
104 340 16
416 35 8
26 71 12
376 197 9
491 274 10
237 360 5
16 405 15
22 458 1
308 478 19
137 495 18
470 377 4
282 24 3
178 8 12
156 373 4
273 24 5
449 331 8
434 483 7
302 198 12
101 4 10
195 65 7
166 172 18
347 184 13
500 56 12
9 116 15
302 246 10
487 100 11
103 319 6
76 65 4
292 375 8
245 281 19
290 303 19
362 55 12
246 469 4
213 98 6
20 103 4
37 492 3
38 298 19
81 196 15
140 452 7
90 364 9
2 264 19
182 437 2
26 487 19
434 320 18
291 175 1
341 490 18
310 302 20
289 390 5
365 130 13
334 298 17
4 90 16
347 94 6
256 483 19
82 174 19
10 365 1
72 444 15
290 23 16
117 177 20
189 288 19
381 221 12
209 297 12
412 209 7
488 179 9
205 437 15
437 130 4
322 46 4
14 122 17
260 430 2
113 75 12
343 387 5
382 109 16
397 444 14
405 321 1
45 302 6
452 193 3
364 385 9
153 138 10
240 454 12
86 337 17
434 314 13
169 278 9
246 140 11
381 88 15
273 177 3
97 312 6
300 153 20
459 33 2
448 25 11
439 348 3
348 408 1
431 126 20
407 162 19
259 186 3
454 136 13
184 23 13
333 216 20
327 163 17
23 70 17
66 170 8
495 145 13
442 452 20
138 221 13
353 91 19
453 452 1
31 108 1
207 406 4
208 457 12
349 234 15
215 196 5
261 303 1
471 467 8
106 227 15
154 8 11
322 66 12
233 436 18
308 292 8
133 492 13
412 111 9
171 211 11
109 446 8
471 424 19
147 403 1
40 230 17
160 191 8
305 16 14
173 241 6
407 459 16
48 406 15
149 456 16
301 39 14
33 181 15
429 283 10
122 87 2
65 178 16
20 23 16
20 154 12
411 240 12
468 32 6
266 400 10
150 464 18
13 117 18
299 172 6
393 129 8
432 409 5
440 3 12
475 215 7
220 201 17
43 85 7
133 268 10
24 131 9
342 198 14
27 407 7
155 213 3
260 294 13
287 125 17
307 385 20
38 432 9
179 341 7
136 27 16
76 122 18
152 146 10
425 286 19
412 356 18
67 4 8
147 341 10
370 27 10
10 78 3
420 428 3
160 400 12
418 253 5
77 298 1
480 433 11
160 481 15
296 258 20
360 343 16
269 418 7
431 269 19
37 14 4
334 166 9
355 302 12
248 481 2
45 97 8
144 321 6
259 58 3
487 278 15
103 80 9
78 396 16
217 84 6
307 54 3
140 167 2
357 148 10
139 434 11
380 112 14
276 405 6
192 81 17
330 491 17
56 36 10
351 341 2
69 16 10
199 82 11
202 305 17
267 331 3
129 31 15
173 469 8
295 111 7
429 286 18
494 207 16
365 430 16
139 125 16
56 125 15
299 74 4
311 34 2
387 453 20
25 43 20
102 402 11
134 87 17
4 319 13
394 468 7
28 467 1
335 173 20
355 436 5
307 143 11
32 88 17
474 177 6
40 236 19
241 71 4
393 15 14
330 498 5
10 323 20
469 309 8
307 190 8
250 408 8
365 163 20
194 236 18
333 410 14
129 189 14
210 356 10
330 108 7
342 279 19
140 262 4
263 387 14
272 248 11
78 406 14
29 308 5
94 153 3
484 225 6
63 219 20
75 402 4
248 156 11
330 234 15
451 415 5
335 289 6
118 145 14
286 93 6
269 204 8
80 136 10
406 122 13
319 238 18
498 165 7
322 56 10
118 422 15
44 278 11
300 115 11
234 315 2
23 269 8
271 257 1
158 327 18
467 409 15
186 272 16
115 230 2
202 81 9
127 470 8
495 390 1
100 342 20
325 297 7
85 10 12
78 297 7
294 212 3
31 334 8
272 412 19
326 297 5
211 405 5
468 23 1
79 110 20
224 479 17
352 150 11
271 171 17
27 44 18
98 446 10
206 97 16
219 70 3
492 437 17
87 163 14
483 174 8
449 399 16
243 353 7
445 405 9
110 8 1
295 185 18
217 376 1
54 45 1
257 339 1
396 266 5
468 421 18
136 481 4
465 236 4
86 65 12
62 235 5
116 179 4
342 177 13
69 121 2
465 487 6
407 414 1
483 309 9
394 353 15
317 148 13
419 305 1
302 435 13
96 40 8
382 176 1
260 195 20
250 387 16
250 23 18
12 474 13
472 483 19
178 15 20
463 367 12
406 342 8
315 153 16
165 421 16
337 241 3
381 135 7
273 281 12
132 108 16
169 495 18
77 356 2
60 298 5
158 305 13
407 309 13
34 320 20
223 233 14
412 489 10
40 430 4
141 173 2
27 296 2
94 491 16
26 495 2
342 212 2
15 229 5
476 305 20
26 113 17
282 353 9
43 425 9
497 439 6
452 10 5
313 376 13
451 478 12
225 420 20
236 169 19
326 404 15
72 331 6
167 9 4
66 398 6
105 383 6
422 492 9
483 476 13
243 332 15
422 260 17
160 476 20
283 420 6
294 465 1
326 387 16
11 97 10
413 294 3
438 106 19
268 77 3
160 175 10
95 208 10
495 69 1
441 13 3
354 397 18
84 338 8
110 303 12
247 270 20
390 44 8
104 433 13
438 137 19
497 445 1
89 269 5
87 91 11
310 417 19
31 232 5
434 344 7
370 299 20
297 168 9
206 174 5
235 158 11
146 359 15
119 237 13
397 290 4
277 241 7
267 393 6
221 40 12
191 250 16
280 455 1
271 67 1
6 349 5
304 64 7
47 200 15
429 75 16
416 22 9
275 287 2
466 385 20
13 456 15
406 80 6
203 388 17
330 463 20
471 144 17
494 88 17
112 347 1
26 278 1
208 96 13
36 234 5
365 170 14
484 399 2
317 305 4
485 266 5
289 274 8
329 272 12
190 122 17
459 175 7
283 92 2
41 494 15
269 42 14
207 92 12
433 118 3
325 155 3
131 459 6
134 314 12
132 439 7
176 125 12
420 438 2
293 132 2
352 222 9
309 431 16
266 160 18
96 75 15
176 397 6
268 318 13
230 388 7
456 383 1
409 157 12
332 245 9
357 431 11
22 421 15
453 73 5
352 374 20
96 304 11
416 138 14
261 422 4
401 54 9
333 82 14
169 383 19
490 139 6
60 67 10
198 248 13
388 20 17
492 297 2
365 113 10
272 303 2
246 424 14
216 16 15
129 346 20
273 75 11
123 230 2
212 418 3
187 275 6
181 224 4
76 30 14
402 220 12
234 379 8
263 28 2
347 395 8
426 471 7
145 156 8
203 227 10
179 332 13
390 463 18
468 150 20
207 43 1
2 370 15
127 428 11
299 99 15
210 370 10
329 288 5
334 304 11
133 165 4
134 9 11
331 252 1
269 369 1
119 239 12
434 123 18
139 191 18
288 44 8
167 163 10
109 95 12
445 187 15
61 321 7
104 205 6
398 455 11
20 348 7
23 397 19
188 88 16
164 26 9
338 92 15
475 343 20
298 87 4
23 161 14
455 305 6
288 380 18
490 195 16
117 319 17
479 419 4
397 184 8
179 165 20
55 438 12
319 50 9
175 119 12
59 26 1
378 351 9
149 271 2
67 169 8
118 53 18
148 200 5
165 316 11
442 430 6
408 90 6
479 176 10
362 472 5
27 64 5
228 271 13
314 74 6
298 112 14
274 370 19
73 278 11
104 290 15
458 87 17
405 384 15
171 261 3
393 11 17
399 43 13
371 415 1
180 487 20
183 297 9
108 430 10
6 491 1
101 436 16
80 336 8
467 124 3
329 16 2
233 103 11
19 158 5
285 265 13
268 42 14
348 336 1
420 271 18
171 412 11
206 437 11
262 86 19
212 3 18
145 118 8
237 329 16
79 385 10
150 187 16
402 5 20
353 80 6
386 314 4
243 308 20
64 181 5
277 347 20
484 159 16
394 242 5
286 9 17
199 35 15
343 363 4
374 232 18
413 195 1
434 327 6
320 220 12
334 168 12
217 353 7
211 329 11
308 283 6
47 80 19
82 165 4
94 61 15
498 35 13
364 388 13
267 254 19
199 373 20
292 365 20
387 135 10
399 342 5
309 443 19
219 152 11
167 123 14
499 348 5
73 446 9
371 300 19
297 114 17
266 54 4
371 259 6
496 382 11
275 98 8
326 179 16
464 446 3
398 106 2
137 124 9
230 433 13
209 87 8
204 274 6
13 455 3
162 343 11
279 7 13
131 42 8
79 493 14
421 93 2
137 355 14
210 113 11
167 113 2
372 271 18
52 230 2
151 410 20
152 351 9
194 343 1
421 279 3
159 90 20
292 150 7
420 256 14
78 421 20
50 212 17
11 479 16
243 290 7
95 312 8
496 202 19
274 193 19
113 124 17
123 93 18
159 69 20
205 327 17
445 130 15
400 205 13
318 131 13
308 330 19
69 231 16
198 78 16
10 193 19
399 69 16
454 100 13
404 138 10
119 392 12
48 322 9
3 39 17
367 221 3
104 41 1
235 190 18
283 299 12
459 411 5
349 409 18
397 117 19
342 226 19
253 76 6
87 463 13
266 462 17
86 39 7
369 393 5
494 328 18
117 346 3
271 446 19
118 117 13
347 270 7
35 192 14
76 257 8
351 113 14
455 278 13
20 429 13
318 248 16
498 301 2
106 328 17
426 65 14
56 96 10
282 227 11
405 469 5
416 7 1
348 31 2
132 481 2
291 122 14
90 408 19
497 356 1
4 427 5
182 179 10
467 68 14
325 111 5
260 6 7
380 24 10
280 386 5
38 86 8
339 110 13
407 94 8
253 130 3
358 50 10
408 228 13
50 347 20
449 172 10
196 357 20
495 200 3
321 411 5
213 466 18
131 393 17
332 159 14
54 394 9
473 161 18
119 437 17
358 148 10
350 246 7
27 211 10
70 196 5
246 134 19
174 433 14
14 397 17
380 41 7
293 88 10
445 163 9
19 93 13
213 425 1
278 317 7
330 378 18
22 295 18
394 218 1
378 3 11
403 337 15
135 493 11
250 43 5
39 368 14
238 216 7
361 319 6
473 81 8
66 194 7
426 223 14
29 393 8
348 459 14
233 375 11
58 65 20
266 182 1
205 111 12
246 127 15
212 472 17
487 312 9
491 161 2
470 412 20
296 314 7
335 266 18
487 47 2
30 395 16
421 492 2
345 94 11
494 168 5
396 76 18
279 298 8
272 377 17
491 435 20
94 42 15
288 217 1
343 417 10
329 172 4
250 334 13
130 326 11
401 315 5
284 381 12
127 115 6
252 380 16
138 75 11
349 26 4
276 99 19
35 313 14
42 314 2
47 322 16
305 484 16
353 125 8
287 31 12
483 284 16
424 342 13
361 182 3
257 289 17
304 175 11
167 500 20
193 375 20
140 298 10
69 349 11
116 194 7
497 387 18
71 338 19
362 271 11
360 362 11
296 435 13
304 329 10
51 17 17
278 146 9
212 138 11
221 414 7
175 316 1
252 402 1
469 14 6
349 431 1
265 88 8
209 16 11
288 203 10
500 291 12
413 405 10
336 52 12
63 193 16
432 232 15
8 58 19
172 477 7
252 457 16
285 167 15
260 60 1
400 213 3
322 319 19
43 21 13
93 164 6
259 71 20
233 34 19
25 362 11
446 226 5
321 392 1
366 149 7
469 327 18
383 295 13
435 25 1
326 208 5
254 283 5
81 387 7
482 289 5
303 192 3
349 380 1
475 50 15
175 354 13
397 86 18
131 325 12
94 79 15
204 176 10
200 347 1
280 52 7
429 437 8
69 60 5
466 373 5
115 362 18
449 328 19
53 408 8
198 263 5
410 75 18
327 252 15
160 88 3
307 468 5
352 155 11
125 309 9
466 197 3
77 438 17
392 283 4
328 454 5
472 444 14
415 143 9
360 228 20
70 148 17
492 95 10
34 24 13
359 223 12
11 311 5
307 133 20
469 390 4
193 137 19
258 240 7
6 224 6
291 439 10
159 181 7
205 59 16
154 149 9
474 154 11
235 500 17
246 468 7
153 22 12
261 244 9
343 66 12
198 205 8
69 28 9
57 298 5
54 145 15
388 470 10
328 428 11
488 336 3
48 59 1
432 265 7
267 357 7
425 284 4
222 452 6
56 205 10
289 57 12
97 273 10
54 200 11
396 435 20
404 356 1
390 235 12
78 203 16
63 307 2
113 153 3
475 12 20
299 214 5
384 114 8
114 220 7
210 102 17
362 206 2
63 106 7
400 371 19
61 419 5
344 448 14
213 170 13
45 498 17
9 449 6
432 69 5
137 295 5
101 217 20
444 199 3
451 237 6
253 461 10
399 379 16
370 12 15
416 105 7
281 302 16
300 176 2
250 115 17
384 333 7
2 45 2
125 166 10
67 416 3
280 301 7
148 364 15
33 35 13
448 447 4
237 325 19
34 160 9
333 434 11
222 459 9
287 83 9
298 418 15
249 243 11
110 452 18
447 145 6
228 68 20
101 157 13
293 405 16
227 415 17
175 213 13
189 355 7
193 3 8
88 315 3
66 315 4
386 150 9
63 454 17
211 454 20
464 19 4
229 96 9
226 179 8
399 292 16
26 134 11
5 186 6
305 408 3
57 193 20
412 266 7
410 337 10
86 205 18
464 194 20
139 157 1
403 29 18
355 427 7
391 45 5
333 50 11
394 331 11
317 197 8
309 429 13
25 466 15
386 8 7
466 399 6
339 57 1
367 313 3
319 46 14
261 42 7
433 72 12
500 93 2
369 48 3
273 345 8
344 373 9
442 171 7
8 464 1
218 181 5
340 333 19
419 466 20
315 213 7
209 377 7
212 367 13
106 335 15
486 309 10
189 464 14
334 125 19
148 88 19
14 319 16
82 175 19
185 369 19
11 24 12
471 78 5
327 210 1
104 190 4
238 131 19
19 457 12
299 156 19
141 58 2
156 481 20
234 248 7
145 269 4
161 80 15
132 312 8
438 264 14
207 98 9
84 345 3
460 24 9
108 350 20
107 180 3
346 362 11
281 47 9
286 348 15
385 40 20
466 145 12
187 113 19
132 245 20
175 373 10
361 282 6
320 131 9
199 306 12
312 467 18
333 266 5
358 271 11
232 425 7
278 234 1
131 216 3
492 153 5
323 493 9
170 6 13
211 113 13
144 11 6
357 42 9
370 368 7
281 326 12
351 235 9
232 258 9
335 398 16
105 280 3
381 270 5
390 329 12
477 348 14
392 187 18
44 442 6
355 190 2
124 2 7
62 420 1
86 189 18
144 308 16
230 213 8
398 159 18
234 98 16
377 232 6
400 410 3
69 225 1
226 343 2
244 399 10
342 470 6
41 157 17
489 285 6
485 194 8
320 237 5
251 124 19
466 486 15
130 390 3
22 40 18
498 79 13
262 90 8
377 80 8
465 147 13
90 122 15
250 311 3
50 389 7
289 194 19
373 302 5
156 213 4
423 175 13
78 200 8
187 408 16
263 112 10
5 226 9
330 115 15
259 243 12
45 422 9
279 317 11
118 467 18
234 298 4
62 307 16
454 71 9
478 259 14
285 304 4
134 181 8
400 101 9
225 111 5
132 17 13
254 247 13
467 212 15
446 401 12
1 290 3
308 15 6
382 45 11
74 242 20
12 49 13
73 68 16
499 184 8
106 490 17
171 79 9
295 91 6
272 498 15
188 180 11
370 103 17
137 266 16
21 429 11
134 267 9
358 132 9
355 215 14
472 322 6
435 318 7
243 215 7
338 201 4
163 179 2
139 63 12
178 147 12
409 120 13
274 306 12
86 264 10
184 29 8
229 145 4
286 305 12
266 344 4
234 241 1
260 13 20
30 398 16
35 31 15
486 154 4
57 144 16
211 374 17
15 441 2
190 269 17
312 443 17
186 392 1
453 314 12
300 208 12
273 468 9
155 368 19
386 484 14
81 138 9
57 93 14
245 65 6
239 228 12
266 236 5
127 234 6
347 193 1
476 375 5
40 24 1
492 348 8
362 456 4
259 454 9
162 412 12
163 151 10
174 117 19
377 379 1
487 97 4
424 203 12
212 497 12
43 392 10
415 430 13
212 124 17
73 129 9
412 246 19
79 165 11
134 183 9
61 183 12
169 226 13
73 374 9
56 309 16
174 62 11
205 474 9
59 84 10
86 155 13
166 297 4
69 398 13
144 48 7
112 285 4
166 209 15
67 102 16
347 121 17
98 459 11
72 226 19
400 404 18
307 114 14
134 381 17
156 424 18
413 198 19
4 81 10
470 78 17
115 106 15
188 210 16
53 439 8
246 498 19
5 128 15
409 173 7
105 81 16
354 1 4
132 141 11
12 87 11
254 147 17
71 272 18
147 359 9
340 1 6
31 166 15
421 429 7
74 417 20
42 279 7
427 40 13
452 467 8
312 232 7
57 74 3
335 60 9
147 252 3
460 245 11
13 327 3
414 119 6
495 260 1
301 195 10
495 486 1
408 19 16
217 337 12
404 69 19
201 116 11
124 105 6
196 480 8
386 61 15
466 386 16
181 5 10
327 449 16
472 302 5
91 199 6
361 95 12
423 130 8
257 495 19
487 180 7
261 46 19
330 300 16
198 221 3
482 153 11
479 406 4
272 361 14
41 342 17
365 328 3
50 331 3
406 110 14
457 496 4
14 110 11
362 113 16
383 66 7
343 421 5
498 124 2
334 390 12
56 70 6
129 76 4
327 354 8
212 157 12
79 17 19
362 448 3
63 41 4
197 216 13
249 204 4
275 263 9
127 379 13
340 86 19
406 56 20
55 482 5
29 222 3
81 126 20
413 489 8
396 127 2
102 99 13
250 137 20
487 91 17
416 312 6
41 147 3
26 343 12
2 440 16
333 234 14
144 260 9
468 339 6
467 362 5
379 67 13
299 149 13
223 135 10
38 6 9
339 220 9
136 17 5
372 470 3
467 113 3
52 494 5
221 173 13
306 321 3
319 88 6
370 406 11
4 333 11
434 259 17
314 370 13
349 343 2
170 381 14
491 59 12
439 193 7
316 79 13
63 396 12
203 392 16
396 323 20
237 442 11
53 358 5
128 201 4
385 186 12
477 312 7
96 179 18
292 60 15
181 203 15
109 471 16
363 64 14
148 16 13
381 380 17
175 422 5
251 112 4
169 128 17
441 201 17
278 246 4
208 200 10
187 98 17
129 224 3
348 174 5
147 460 9
305 386 7
122 355 18
270 18 19
301 315 6
5 418 13
447 142 9
493 484 2
341 370 18
249 442 11
208 179 3
337 49 11
468 465 7
45 223 12
489 464 2
210 181 12
45 477 4
153 375 3
179 117 16
151 33 11
365 259 19
131 276 12
406 492 1
490 302 2
280 402 12
292 290 15
172 52 2
353 446 12
39 316 8
465 381 16
399 164 16
74 374 5
186 451 15
120 22 13
404 489 16
330 15 13
490 82 3
451 226 9
411 453 18
409 337 11
53 269 4
90 369 19
382 279 13
313 261 19
89 400 12
87 164 18
115 97 14
89 433 13
84 201 19
226 62 11
9 229 11
57 459 17
56 149 7
482 83 5
343 171 14
422 39 18
421 86 16
459 417 20
246 14 3
102 28 15
85 433 7
356 108 18
380 218 13
154 432 4
128 290 17
285 383 13
341 304 3
71 131 2
376 496 19
372 281 5
324 138 8
336 16 8
81 392 9
323 354 6
138 490 15
114 431 9
157 124 20
449 156 6
247 382 19
62 240 16
257 298 2
285 486 20
96 373 11
333 490 2
51 482 11
19 270 13
5 464 12
490 363 15
472 177 2
149 419 1
326 372 17
121 135 14
168 455 10
68 233 10
339 172 16
435 140 7
101 469 8
128 208 9
235 365 9
263 461 16
362 455 20
73 390 1
42 230 3
489 9 20
455 469 2
236 76 12
172 224 4
45 377 13
210 4 11
37 93 4
106 120 6
395 131 1
280 25 3
277 388 15
423 418 15
49 315 7
86 272 16
66 485 6
123 345 12
283 333 13
86 388 2
99 211 3
23 305 13
195 183 5
143 128 13
66 79 19
500 200 18
311 436 6
431 238 2
282 373 19
482 125 1
297 229 7
243 365 7
489 229 19
450 58 7
347 214 15
294 360 4
443 281 9
94 8 1
106 406 7
305 198 7
241 482 7
477 342 16
8 19 14
347 16 20
263 196 4
323 58 5
195 145 15
493 182 18
272 260 9
103 467 20
281 135 3
148 424 7
68 14 12
496 195 19
407 121 6
482 55 15
18 64 16
298 162 16
102 328 3
280 68 13
273 254 1
286 157 20
15 436 11
435 133 5
349 339 15
405 9 18
112 375 15
290 165 7
238 497 17
249 196 8
55 152 2
428 112 13
394 238 9
152 436 7
297 240 17
370 347 5
117 320 3
231 379 12
187 17 3
453 421 15
178 184 16
35 407 20
293 250 12
182 487 9
84 182 16
13 70 16
408 372 5
425 89 19
383 461 12
83 421 18
238 124 13
148 439 4
287 493 1
323 30 11
351 496 2
197 205 10
419 399 7
277 310 3
184 400 20
15 341 4
403 313 10
483 211 9
494 480 18
443 271 1
320 287 5
239 295 13
409 251 8
111 152 3
83 184 19
334 315 14
159 491 4
144 418 13
222 90 4
208 219 1
449 123 10
306 168 4
63 363 17
168 383 7
140 188 12
165 313 19
175 487 8
279 461 2
442 125 18
302 145 20
70 362 5
454 239 11
432 308 12
6 84 8
288 336 15
260 347 3
387 110 18
483 96 19
491 423 13
241 411 9
463 46 15
132 174 2
310 153 19
185 365 10
419 62 10
224 437 12
87 207 7
132 447 20
27 232 15
214 277 15
179 234 2
137 60 10
467 10 10
190 428 8
471 387 12
190 213 15
77 44 6
489 198 8
70 461 2
114 99 17
9 129 6
405 293 19
465 13 9
175 45 13
162 98 1
316 67 15
106 330 20
316 46 13
225 211 20
384 256 5
141 23 16
70 249 10
341 94 5
296 413 13
206 43 13
394 464 7
53 466 4
409 142 11
308 352 6
482 302 13
170 284 16
299 127 4
445 499 17
231 485 14
10 480 18
30 304 12
136 190 15
44 206 15
306 399 10
66 155 5
229 440 20
195 12 11
30 386 13
486 406 5
263 299 5
221 432 1
45 479 15
222 269 15
5 451 14
53 174 10
396 359 16
256 344 3
233 309 7
301 249 11
60 297 13
254 317 7
317 202 13
107 158 2
204 293 1
331 240 17
309 438 20
30 153 20
457 466 5
261 276 2
41 358 10
107 84 3
330 150 12
357 217 9
205 219 6
128 34 20
8 473 13
488 28 1
284 89 11
131 288 12
33 422 15
197 166 18
338 36 1
120 476 14
108 248 15
212 326 13
261 446 8
341 356 1
316 286 6
143 446 9
163 252 10
217 133 15
462 472 6
458 207 15
270 351 4
144 472 7
310 65 2
273 287 2
182 77 11
112 104 15
490 94 14
36 5 2
223 183 5
325 3 5
302 475 5
115 444 3
262 233 16
479 310 12
449 400 6
224 373 5
222 412 5
180 97 18
333 147 16
465 416 13
268 137 13
319 437 1
310 488 18
347 428 9
415 299 17
18 459 16
173 160 2
9 283 4
13 383 20
89 494 8
474 254 15
328 302 7
10 24 20
274 235 2
197 109 9
444 227 12
109 301 3
427 293 17
435 65 3
149 341 2
109 201 13
377 25 2
484 131 4
362 154 3
251 435 2
8 412 16
204 191 16
284 389 7
327 1 14
114 466 16
321 387 12
460 404 7
162 282 13
472 45 18
364 105 18
80 440 13
214 148 19
41 117 18
349 233 10
238 499 3
281 377 18
162 258 12
186 140 16
288 131 8
103 95 7
125 93 7
492 26 11
142 42 9
311 395 6
439 246 19
126 193 2
39 226 7
281 378 4
247 473 7
420 149 13
39 434 16
50 85 12
252 256 2
413 295 12
454 498 18
71 439 16
362 307 14
317 460 9
333 492 19
379 87 9
351 101 9
314 450 4
100 168 15
197 95 1
421 479 10
358 336 2
483 30 19
255 177 10
138 473 11
29 430 6
229 407 19
184 202 1
483 384 8
51 118 5
185 414 14
399 166 15
348 230 19
102 248 17
278 128 19
395 121 19
451 484 8
283 497 14
164 454 10
293 387 6
11 262 8
331 340 20
290 488 15
227 181 10
131 20 5
108 192 19
219 31 6
361 354 6
143 220 11
294 265 1
306 251 1
71 362 3
21 237 3
149 129 2
362 191 15
450 317 5
328 202 17
65 499 9
114 130 5
77 155 5
132 496 9
381 353 8
15 272 4
79 190 3
234 89 4
450 222 11
245 324 11
413 459 4
101 262 13
67 124 19
384 90 17
493 150 19
493 336 5
464 257 5
217 60 2
236 229 14
121 340 9
454 420 18
42 439 5
355 250 12
432 482 14
372 370 2
74 472 19
305 195 10
262 309 7
463 61 12
485 415 8
83 139 9
120 471 10
23 281 19
265 283 3
46 115 19
494 2 15
455 449 3
45 357 7
458 68 11
105 110 2
217 299 20
112 82 18
23 28 1
266 234 9
433 102 19
162 130 13
138 270 3
464 83 20
467 78 17
219 408 19
446 97 1
174 284 10
277 286 2
276 381 16
493 281 18
19 347 6
299 381 14
143 14 6
491 279 18
96 469 2
18 78 8
270 321 1
398 467 6
364 272 11
452 487 20
20 48 8
256 479 11
322 309 17
8 407 6
428 303 3
97 266 4
59 135 19
212 488 1
344 417 10
402 157 12
232 260 2
212 399 9
95 363 4
18 211 1
83 126 16
312 459 14
175 278 9
418 358 8
399 418 20
272 14 12
331 309 15
159 24 7
417 450 7
425 279 9
217 83 19
128 65 10
351 119 18
204 471 14
183 37 14
393 78 17
133 281 2
141 304 14
499 442 10
488 398 5
224 425 13
205 9 9
240 124 5
273 227 20
136 150 6
325 328 9
350 324 19
334 236 12
247 477 12
462 181 15
81 389 16
153 426 18
289 172 20
308 248 11
129 35 3
480 213 11
218 54 20
17 500 11
80 5 17
104 377 20
217 369 6
230 122 3
46 429 14
454 101 12
65 473 2
26 234 9
183 35 12
213 367 6
151 487 3
49 481 5
57 268 4
191 150 6
361 388 5
175 455 1
461 17 3
463 171 20
142 78 7
424 415 13
74 360 17
229 438 17
455 15 8
245 255 20
317 314 3
424 177 17
295 136 9
443 423 6
191 50 16
402 15 15
236 355 16
457 319 20
406 439 17
377 460 2
450 13 11
276 304 17
98 225 4
205 368 16
368 355 16
176 317 5
261 219 2
122 176 18
454 149 13
226 80 4
281 19 15
380 167 2
245 287 6
274 323 8
188 493 20
240 444 3
189 87 8
439 194 15
341 204 9
203 379 18
457 4 12
321 18 13
314 313 16
40 274 5
450 490 17
61 370 8
81 119 6
29 135 17
269 395 1
93 61 18
339 47 5
136 36 11
52 492 3
48 129 14
435 29 8
431 297 3
386 334 5
380 121 18
52 10 20
144 92 5
95 129 9
63 478 2
197 434 4
96 336 16
382 6 6
434 442 2
121 23 16
36 423 1
404 174 13
250 482 1
343 388 6
205 465 7
498 480 5
101 459 13
259 313 5
393 234 1
484 64 9
121 120 8
271 19 12
422 123 4
83 394 1
275 111 14
14 499 7
84 379 4
197 153 17
142 465 17
383 228 17
172 41 4
19 92 18
432 236 2
459 258 15
95 55 17
234 119 10
383 252 5
484 247 13
333 138 16
231 140 14
45 90 11
441 417 11
155 275 7
109 101 3
246 170 12
456 350 14
76 495 6
390 150 6
299 220 20
422 267 5
104 411 12
119 284 1
220 402 4
87 420 7
459 279 9
253 485 4
103 140 10
294 214 3
205 53 15
85 8 9
151 160 19
260 416 15
392 145 16
499 125 13
428 85 13
225 407 18
306 188 15
4 401 3
497 421 9
228 95 1
329 87 8
305 44 3
477 399 14
221 283 2
285 134 14
492 103 4
355 47 11
308 278 5
420 275 19
274 265 15
188 76 4
95 237 7
342 184 7
219 199 4
235 147 7
77 358 12
312 316 14
439 64 14
64 408 4
232 142 16
443 146 9
2 364 15
139 10 11
450 170 6
110 404 17
175 165 6
265 500 17
280 396 18
90 240 18
33 288 10
344 226 10
202 234 18
230 46 2
230 449 9
455 373 8
219 489 4
402 86 5
269 489 18
157 244 19
458 387 3
253 95 10
236 26 19
67 117 6
263 2 4
270 74 5
252 405 6
318 320 6
264 196 7
273 236 9
154 204 3
319 339 14
311 247 4
14 178 9
124 233 2
260 309 2
1 286 17
388 139 19
406 401 11
259 52 4
143 350 5
320 429 7
426 277 19
144 338 6
67 129 12
61 408 11
370 363 20
189 468 11
68 396 14
327 467 1
220 394 5
136 56 11
371 81 13
273 81 14
218 400 16
367 346 6
227 346 20
311 245 3
388 329 17
408 5 4
78 323 13
329 234 9
270 235 9
216 379 15
358 84 16
425 358 14
35 396 6
178 333 19
233 23 4
355 155 7
379 45 8
57 191 8
232 294 17
440 355 7
235 178 10
468 7 4
202 251 4
317 293 13
123 290 11
346 13 8
433 264 16
211 214 1
27 276 8
99 472 18
38 194 2
275 85 1
164 73 15
201 376 9
464 469 4
336 488 11
475 321 13
165 289 16
248 461 13
133 434 7
444 401 17
449 19 1
350 158 5
120 222 8
173 323 2
175 491 14
103 462 5
102 338 8
496 297 4
253 269 10
134 392 11
389 113 9
11 117 11
312 296 17
334 124 9
28 145 7
480 14 16
363 468 2
300 150 19
467 132 19
454 399 16
463 329 13
298 134 18
226 123 20
255 410 20
139 151 16
47 317 16
306 311 17
166 338 8
24 128 5
457 445 8
376 382 17
494 141 19
109 165 2
380 241 10
209 195 9
446 468 8
83 198 12
188 129 14
222 9 10
379 354 5
484 46 12
114 152 19
49 127 1
370 174 6
248 390 13
242 169 4
181 32 12
451 432 1
379 242 8
234 456 1
398 164 19
446 331 18
40 360 2
458 175 15
327 254 9
47 398 17
52 110 20
181 396 2
63 118 9
187 229 9
413 199 18
423 46 7
350 234 9
454 155 3
174 102 13
414 116 2
497 147 14
84 452 17
124 259 20
340 403 5
5 187 11
216 289 9
43 411 14
191 436 8
56 271 3
448 48 7
441 459 13
17 482 14
123 287 2
55 99 19
272 276 19
481 100 5
447 212 15
140 176 11
263 222 2
186 430 17
151 470 1
185 342 10
200 216 19
143 359 1
328 311 17
36 417 10
310 309 16
233 308 3
463 144 7
381 368 3
226 457 12
70 274 4
349 179 9
402 449 13
407 490 15
155 253 13
429 121 20
164 185 7
158 117 5
349 73 1
458 67 19
288 281 7
277 20 17
76 277 3
41 30 3
217 137 16
221 451 12
165 330 7
97 335 1
16 176 2
239 297 9
345 198 1
6 18 2
84 139 1
422 220 5
362 217 13
104 430 5
459 419 13
256 97 15
105 38 15
294 173 11
367 415 10
381 296 18
342 164 20
323 102 6
181 355 2
228 155 15
441 26 20
437 219 11
477 227 8
443 320 15
289 342 3
333 374 12
281 291 2
112 268 18
480 179 8
419 177 4
166 353 14
21 337 15
180 21 10
403 121 5
14 236 14
58 486 13
60 396 6
154 313 13
420 380 17
70 65 15
241 31 13
427 243 11
432 221 16
162 92 11
55 94 15
495 212 1
431 174 13
449 225 8
224 211 7
8 254 3
428 357 16
476 138 9
205 352 7
143 308 10
261 264 16
127 401 10
485 229 15
101 494 11
393 403 9
147 89 3
143 369 5
495 266 4
370 162 1
307 417 17
43 398 19
301 407 16
391 399 12
401 274 5
233 33 10
440 496 4
16 145 17
71 326 10
84 106 9
334 442 19
282 217 10
35 155 5
385 25 10
386 67 11
219 389 20
248 324 14
378 80 13
56 34 19
302 494 2
147 311 1
52 91 12
398 337 13
231 375 1
130 319 18
244 345 4
494 437 17
179 290 2
447 390 18
65 440 12
278 156 7
106 379 9
161 87 13
430 418 10
331 201 3
221 439 16
141 496 13
228 54 1
327 431 5
48 439 20
297 104 5
478 389 9
417 374 10
48 489 16
58 120 12
13 393 3
465 230 19
434 231 20
304 334 2
39 36 16
56 313 16
64 484 14
311 310 3
62 206 18
453 260 18
91 257 5
186 466 5
160 281 9
226 365 11
486 108 4
266 142 20
309 325 9
154 271 15
283 357 6
421 434 9
110 225 2
184 285 12
353 14 9
249 437 16
472 60 11
133 308 1
203 287 20
204 6 3
496 270 11
475 69 20
431 351 10
88 401 8
326 238 14
181 128 16
40 402 11
384 345 9
253 8 20
62 92 9
351 448 7
362 72 14
391 412 4
312 36 17
108 273 6
382 59 13
188 169 18
317 218 5
373 100 14
370 459 13
30 329 13
436 137 15
448 135 11
3 343 3
290 435 8
336 428 15
52 229 1
429 406 17
225 500 9
9 53 13
2 302 6
252 147 10
319 92 6
441 205 5
43 253 4
482 474 15
8 237 4
223 125 19
248 464 1
354 282 4
165 317 10
493 12 6
23 84 7
23 355 1
273 32 14
233 11 6
225 360 15
360 438 19
467 286 15
49 253 10
101 486 3
252 131 13
102 43 11
315 288 10
256 473 2
326 98 2
494 229 8
395 457 4
73 165 7
242 77 5
41 220 19
471 320 5
364 412 9
255 422 13
319 189 8
421 77 8
438 476 13
205 117 3
414 381 17
264 255 3
447 107 13
187 214 19
51 377 18
146 473 13
324 411 6
310 21 10
91 214 18
7 237 9
461 53 10
26 78 2
233 438 1
211 141 16
272 158 1
234 168 12
141 51 18
150 356 11
500 243 2
335 158 5
131 212 5
64 41 18
277 338 14
419 208 12
125 418 20
69 319 15
466 448 14
376 109 9
75 397 19
88 110 14
424 193 15
364 266 12
323 492 8
12 362 13
99 353 15
258 34 2
122 63 3
187 35 4
2 106 19
43 339 11
148 203 15
67 41 20
44 362 3
305 347 15
322 73 16
321 476 7
29 151 13
205 296 14
443 399 15
67 304 6
229 64 10
179 175 15
27 54 8
46 192 3
459 243 12
384 400 12
101 263 18
308 191 20
292 400 20
238 493 4
497 86 11
360 409 9
142 386 5
91 195 9
162 177 12
335 17 1
239 455 11
335 56 2
355 185 11
219 410 8
30 131 13
151 83 19
10 499 2
144 24 6
27 413 1
309 495 12
229 221 18
318 209 5
16 433 14
66 64 11
431 469 4
237 281 7
82 46 8
204 236 2
226 487 16
231 228 4
420 46 1
4 40 10
387 40 16
302 467 12
165 197 12
61 251 20
226 325 2
461 166 3
41 31 13
196 439 14
443 83 4
14 337 7
448 337 18
286 105 9
255 462 16
245 498 17
175 106 2
185 340 10
14 403 4
397 135 11
22 316 12
458 228 9
33 48 1
227 136 13
442 291 13
184 108 4
147 14 18
409 96 14
421 151 7
377 380 1
5 429 1
107 251 3
105 425 6
422 147 9
433 404 3
377 164 15
326 240 1
172 11 8
441 500 16
457 225 17
82 237 15
10 139 11
116 67 9
468 364 10
265 174 19
30 293 6
450 19 11
380 480 20
389 140 19
84 412 15
237 300 9
293 310 14
20 427 8
477 139 11
418 43 20
53 242 18
124 82 4
310 289 4
33 184 19
302 309 3
148 144 13
223 440 18
10 45 1
36 198 7
270 277 10
60 216 10
432 251 12
385 112 14
214 408 8
401 349 8
417 122 15
480 402 11
187 141 18
451 396 6
470 406 4
457 404 15
314 445 2
3 86 11
146 336 12
312 424 6
61 125 4
190 426 18
311 297 5
209 500 11
230 178 6
125 202 12
405 10 4
391 262 9
154 249 13
272 163 1
58 104 11
335 132 9
427 329 7
283 91 18
320 411 6
228 31 15
134 158 8
332 200 19
467 32 19
120 266 1
463 192 8
129 313 17
81 22 15
26 181 10
78 73 20
281 53 5
106 450 11
172 385 5
335 453 7
289 362 2
189 435 3
453 140 9
111 80 4
303 422 20
479 39 7
3 397 20
391 35 15
430 278 19
117 173 3
372 20 11
329 12 16
412 37 8
399 245 14
4 137 15
421 357 17
30 457 15
445 309 10
100 157 12
323 390 20
20 326 4
380 481 9
248 440 14
286 304 17
158 54 15
487 471 12
105 259 11
338 47 6
448 382 8
368 393 19
219 46 16
105 318 12
468 181 10
478 472 16
299 35 9
454 346 1
146 321 6
214 98 10
316 448 8
15 376 16
449 371 9
352 43 8
6 398 2
488 25 6
98 476 4
60 495 14
250 154 7
465 313 19
72 392 7
218 147 17
410 95 2
237 396 3
313 103 17
369 14 13
166 246 3
18 104 14
226 100 8
361 428 2
452 285 3
462 24 16
98 40 11
28 332 19
457 368 3
412 360 2
26 472 13
70 373 15
411 369 8
155 428 17
408 432 2
229 164 17
97 6 14
406 326 13
105 127 2
399 278 18
220 403 15
154 334 11
68 412 19
131 302 10
483 143 15
391 444 8
443 389 16
117 45 15
352 140 1
379 4 13
410 223 14
186 29 5
69 494 4
41 122 12
489 280 9
427 76 6
22 12 8
316 251 16
459 181 7
453 37 12
150 483 17
421 39 1
457 130 6
1 75 17
334 114 19
315 443 14
457 123 15
227 473 16
139 107 16
136 450 19
394 93 13
186 478 3
80 312 4
13 46 2
14 26 9
379 245 3
132 396 12
349 50 16
405 493 12
404 100 13
279 415 14
477 67 10
334 178 1
47 120 16
384 335 19
82 336 2
417 317 20
271 106 13
341 141 9
448 352 6
29 431 6
61 451 1
319 254 16
344 369 20
225 145 2
312 363 15
440 371 3
390 1 17
478 395 2
10 160 19
464 27 13
91 305 9
104 63 20
257 198 17
455 112 7
294 156 16
318 325 12
30 263 15
196 61 9
355 468 4
288 32 11
412 367 17
99 356 8
105 118 2
440 200 3
107 118 6
203 174 9
91 35 17
341 163 10
325 268 9
354 59 7
76 378 9
220 392 17
235 466 6
392 297 14
456 415 14
461 40 10
372 255 8
307 197 5
99 22 2
175 275 15
13 445 18
334 405 11
50 55 13
218 240 17
259 346 11
471 284 5
353 330 6
455 500 9
391 88 20
190 429 1
10 484 20
471 375 4
174 471 7
298 111 9
357 370 5
244 473 13
324 468 13
486 111 7
273 217 5
186 381 11
88 131 1
37 392 13
346 123 2
132 80 2
83 243 16
382 129 16
427 10 10
286 360 5
460 446 15
249 397 12
267 96 15
158 491 19
180 471 2
152 296 6
389 288 4
466 133 17
8 114 10
374 328 6
210 209 13
428 255 18
255 301 13
382 442 17
164 199 10
170 231 8
48 133 17
73 28 7
133 219 17
314 49 18
379 457 15
289 389 6
117 140 6
363 219 1
298 336 12
393 211 2
357 297 9
202 157 4
296 170 3
140 136 17
437 298 20
134 92 4
84 455 9
246 472 8
110 137 6
435 62 11
163 291 17
56 167 16
249 478 16
70 207 17
258 485 17
243 319 16
242 227 14
373 363 13
332 91 11
291 462 4
362 444 18
429 463 11
93 11 12
284 69 20
52 276 3
494 486 8
292 254 13
48 248 13
407 37 4
59 106 2
144 250 19
204 64 4
428 134 19
8 229 14
161 147 14
226 149 4
132 27 10
477 77 16
40 242 18
176 205 7
253 437 18
121 275 14
339 194 3
12 70 7
89 100 13
305 73 19
290 455 11
196 1 10
181 169 11
379 204 14
345 77 2
481 255 13
493 399 7
258 408 16
381 413 4
413 430 17
249 495 3
472 63 13
132 18 4
302 269 16
356 361 15
30 380 6
144 249 19
182 282 7
271 388 7
381 488 18
219 123 5
23 346 13
260 474 5
214 463 5
151 361 17
77 273 7
418 293 3
139 161 3
402 90 12
94 412 16
161 199 14
397 443 18
121 341 15
372 423 17
123 312 2
202 246 15
337 197 18
119 183 10
266 179 9
403 495 16
210 73 3
110 145 9
189 26 20
419 336 17
330 389 10
268 81 18
231 58 5
274 251 17
20 228 15
308 437 18
102 167 14
82 385 10
206 474 3
280 306 2
162 54 7
263 79 8
84 432 8
196 448 6
79 334 7
12 259 9
47 393 19
21 62 2
363 264 6
229 23 19
82 217 2
188 456 13
164 56 8
219 20 11
100 93 14
77 457 18
309 9 19
387 309 1
393 50 15
233 300 5
58 377 10
112 354 6
87 105 8
209 116 20
282 79 16
35 165 17
360 32 9
107 211 17
24 301 19
450 43 5
240 242 14
456 242 1
143 153 9
454 115 3
469 384 5
232 200 15
448 351 2
453 496 16
436 434 1
138 31 17
389 239 5
294 246 7
453 424 6
289 137 2
144 6 10
327 195 18
167 402 2
396 209 18
53 148 13
39 257 6
90 256 11
164 409 8
7 381 15
395 29 13
134 446 7
267 322 3
213 472 12
419 280 11
183 109 11
287 85 2
304 66 4
346 415 10
352 37 17
203 247 7
57 202 12
491 312 12
477 275 12
195 100 1
470 338 2
133 217 17
196 435 14
287 458 13
179 295 17
478 60 11
367 190 16
167 438 18
144 151 11
1 314 12
39 405 19
228 269 9
74 195 15
40 297 16
433 49 14
232 51 7
274 351 2
24 19 11
445 262 1
467 343 9
258 420 5
320 281 10
423 148 14
364 129 10
331 235 6
383 480 14
22 44 2
496 166 16
135 266 3
311 98 12
491 318 14
218 79 4
491 323 9
76 190 3
132 82 2
444 485 2
103 386 12
266 484 20
205 65 3
66 18 14
351 253 1
278 215 7
38 342 2
385 70 20
30 61 8
227 164 4
330 405 14
54 77 20
299 454 2
11 244 9
77 127 4
142 278 12
425 51 4
466 355 8
379 401 7
394 346 19
417 221 2
39 334 15
90 20 9
195 99 15
53 422 16
212 24 5
400 460 7
224 188 12
437 388 16
52 478 7
337 71 19
27 399 13
422 357 7
147 119 6
11 145 11
353 197 11
185 392 17
425 46 11
4 236 7
324 353 5
33 53 4
105 189 5
378 376 6
249 489 13
417 258 19
145 127 3
145 177 14
128 381 14
175 116 5
49 55 3
335 337 2
393 184 13
226 253 13
240 211 8
256 89 20
410 180 9
290 386 12
81 158 15
102 237 1
396 31 19
382 310 3
142 198 13
456 123 20
423 261 13
332 377 6
433 422 12
141 228 15
330 246 10
64 25 20
243 22 2
24 164 2
173 306 18
82 307 10
75 116 9
266 384 14
104 203 8
206 41 4
286 285 11
489 366 5
302 28 6
75 211 16
493 480 4
81 93 11
291 366 7
355 276 4
2 345 15
261 118 12
17 225 19
275 192 10
175 427 17
95 328 15
395 337 15
154 58 13
401 269 17
40 82 16
103 479 12
468 224 10
443 365 3
493 444 14
244 424 4
294 222 7
26 180 18
414 161 14
196 322 11
470 107 10
131 158 11
384 442 13
397 168 20
35 243 3
170 131 3
241 93 3
474 481 11
410 429 12
227 244 13
392 85 11
168 459 7
48 408 17
475 290 13
42 37 16
141 40 13
472 82 18
342 456 14
415 361 14
435 249 18
140 272 14
337 469 4
466 464 15
235 316 5
184 340 2
252 302 19
411 282 5
446 449 2
229 336 16
121 18 14
22 341 1
450 367 2
424 174 8
268 397 17
101 182 11
369 137 12
266 437 15
69 291 15
34 167 17
470 45 3
458 382 10
110 130 13
322 482 5
170 278 12
48 137 16
378 170 13
68 296 1
50 470 4
397 472 19
46 488 18
424 443 17
186 58 6
459 226 4
13 58 11
408 452 3
203 440 17
222 365 17
132 374 12
399 197 18
166 350 2
372 230 12
426 274 9
199 485 2
388 218 13
305 178 20
300 290 8
145 174 19
117 82 14
194 334 7
357 342 18
297 418 13
135 133 2
432 153 16
338 463 1
282 72 6
251 374 9
183 206 6
236 247 6
194 84 5
324 428 16
326 140 7
76 152 4
12 57 8
136 312 14
282 478 19
262 407 17
180 332 16
158 249 7
271 264 20
310 435 9
33 194 7
181 219 11
207 7 8
140 306 6
363 390 5
451 440 13
42 18 12
41 172 9
437 315 11
100 292 12
230 137 4
135 257 11
234 136 5
154 118 12
207 380 3
496 201 14
293 347 11
257 102 8
187 464 8
338 493 3
460 284 10
337 209 3
199 96 12
451 29 14
160 254 5
132 62 16
310 349 19
4 194 4
337 204 6
332 52 4
254 158 3
410 78 10
196 470 15
411 5 9
24 190 9
230 202 20
108 492 16
39 246 17
440 116 5
36 79 9
37 13 16
16 4 6
349 198 11
85 77 2
331 342 16
483 474 4
127 257 8
2 294 1
193 134 11
375 222 20
340 325 13
26 57 14
205 261 15
416 260 20
305 115 19
228 46 10
144 207 15
361 243 7
449 463 5
307 224 10
356 360 1
401 76 9
244 210 12
77 257 10
334 438 5
403 153 2
88 128 18
20 260 7
195 78 16
82 221 5
269 228 14
169 363 12
105 26 5
471 495 15
75 387 20
344 54 18
499 181 11
475 23 4
206 32 16
213 110 5
445 21 16
88 280 3
129 251 4
13 338 18
455 189 5
455 140 2
359 114 16
231 208 16
380 93 3
133 385 4
382 23 6
159 85 13
112 244 16
193 215 5
223 257 6
390 184 10
352 415 13
36 387 7
362 319 7
398 318 1
334 485 5
440 7 20
68 168 15
207 275 7
219 267 5
420 299 14
4 115 4
285 168 6
31 319 10
92 397 18
142 177 7
22 127 19
256 176 16
272 300 15
118 497 17
234 341 15
158 448 9
407 422 13
295 304 1
238 206 7
86 95 19
195 329 10
358 5 12
152 186 3
57 279 17
172 107 7
382 151 14
497 236 5
260 30 16
154 311 3
494 436 5
330 177 15
264 25 17
332 406 2
219 205 20
7 123 4
458 199 4
139 224 3
359 144 1
248 231 18
169 317 1
130 212 3
486 195 12
149 178 20
358 92 3
425 388 16
227 229 14
329 279 17
95 132 14
323 347 2
66 450 15
435 181 17
281 201 19
415 391 16
76 309 11
290 482 7
125 388 6
359 453 15
304 300 11
257 240 19
469 225 3
139 300 6
183 198 12
73 474 1
121 401 11
342 119 17
467 214 16
112 163 1
191 67 18
10 207 20
151 258 12
466 182 17
383 245 13
271 89 11
23 56 17
437 352 3
350 4 17
393 493 13
107 275 18
491 202 18
306 3 18
343 211 14
159 42 4
427 66 14
47 295 12
290 178 14
321 132 10
420 33 15
255 133 17
260 208 12
490 221 18
286 167 5
5 171 4
49 79 10
230 73 18
69 239 11
413 381 15
484 323 7
69 104 11
217 360 9
129 373 1
90 288 13
254 261 11
370 175 18
306 229 5
1 128 11
394 2 6
400 72 17
380 154 12
187 405 18
202 52 17
478 221 14
158 362 5
112 378 17
452 440 17
1 255 7
347 475 6
217 362 12
91 290 5
103 159 17
52 460 18
372 188 12
218 170 8
161 356 11
231 102 11
227 217 6
180 489 16
135 34 11
270 425 6
173 206 6
329 363 8
60 208 4
267 38 16
268 217 13
231 455 3
35 472 15
431 342 13
169 323 11
110 162 16
362 23 18
455 376 20
328 476 19
282 115 17
333 20 10
57 456 18
470 150 10
453 462 20
422 8 16
444 236 18
32 22 6
211 410 17
175 244 17
226 20 8
239 252 19
397 129 20
207 368 3
420 47 5
345 93 11
199 149 10
80 396 2
487 17 16
342 336 2
457 227 4
294 268 8
319 365 18
142 36 11
62 355 10
325 475 20
1 354 6
114 353 7
278 343 16
383 127 15
230 493 1
423 99 3
254 134 12
25 141 1
486 340 7
369 420 10
267 125 19
331 241 15
301 136 6
81 4 12
256 236 9
208 2 15
102 217 16
250 75 9
261 319 20
118 349 4
269 357 20
98 421 15
306 432 10
93 347 18
418 118 7
152 297 3
188 48 6
270 474 2
321 63 9
214 63 19
137 281 19
208 378 15
188 323 9
268 270 5
375 408 1
468 420 3
305 298 6
211 132 12
424 295 19
496 470 16
45 473 12
151 333 4
383 146 2
141 420 14
480 232 5
291 155 6
445 18 5
100 208 7
29 318 15
162 315 10
434 413 14
8 337 16
372 103 18
145 494 13
281 308 2
79 376 14
41 424 10
91 329 19
132 49 12
274 148 12
328 330 10
360 431 6
372 381 3
343 72 8
122 408 18
314 155 5
185 174 18
194 136 8
438 39 6
429 287 2
413 347 14
291 221 9
185 76 13
348 359 18
396 306 8
442 489 12
359 2 8
318 53 3
353 283 8
18 216 18
436 479 4
296 25 2
192 237 14
81 228 15
262 175 4
199 370 19
228 174 11
278 116 11
194 468 7
22 90 2
60 288 20
224 439 9
87 44 3
400 269 1
352 147 5
332 137 11
374 200 10
238 394 13
8 5 1
131 128 6
282 293 11
179 237 9
273 190 17
309 300 8
33 293 20
261 158 16
277 261 19
246 65 17
74 179 9
270 87 16
170 395 7
39 385 14
31 349 17
272 151 5
61 98 18
433 22 13
108 73 6
322 424 20
303 375 3
125 215 18
269 443 13
251 431 2
234 406 11
290 170 15
97 4 18
238 142 11
307 499 11
372 224 6
351 366 12
305 458 20
295 34 19
11 429 16
294 439 6
27 423 2
145 396 2
204 434 4
432 477 14
268 74 3
111 49 6
64 293 14
83 172 6
266 450 19
429 366 7
21 453 13
169 480 9
78 47 8
363 451 12
18 84 15
98 26 19
182 171 18
102 202 13
308 150 6
429 409 1
355 479 13
176 211 14
29 124 2
332 252 10
74 227 8
259 408 8
347 288 20
53 157 17
253 484 6
7 316 10
229 425 7
371 146 8
225 381 10
196 438 4
311 47 12
262 111 4
270 341 2
44 486 16
440 191 2
32 293 14
268 499 19
103 394 19
62 233 16
53 264 8
133 88 4
101 374 11
249 114 15
48 72 16
168 227 14
226 424 17
308 450 20
152 346 2
106 289 7
211 70 11
55 364 11
381 422 6
391 438 17
269 76 3
464 418 7
13 191 19
190 297 7
97 490 6
232 273 4
227 462 2
411 159 3
497 31 17
475 431 4
324 12 11
292 256 9
398 12 10
273 319 10
108 333 8
483 354 12
399 447 3
8 483 5
434 133 1
341 330 2
319 264 8
480 404 6
432 91 7
463 482 12
298 344 16
181 43 15
286 357 14
362 457 11
344 144 16
386 81 17
257 492 2
403 157 3
158 323 16
494 184 4
264 91 4
42 322 18
484 435 4
285 44 13
48 92 19
222 313 14
347 113 2
88 178 14
133 426 11
312 390 13
251 200 11
69 168 4
285 55 1
130 60 9
249 193 9
292 117 14
138 309 14
100 484 8
145 365 13
442 373 10
241 181 20
326 312 7
177 98 5
365 53 7
105 107 7
96 362 17
68 79 20
280 443 1
407 202 14
70 267 1
395 171 12
99 311 8
140 251 6
134 224 4
116 2 16
259 374 12
443 372 20
282 400 2
227 305 14
28 48 10
47 15 5
20 144 13
48 85 9
388 238 7
37 281 17
405 223 5
296 362 19
123 370 19
290 420 10
161 111 1
342 451 2
55 19 19
209 394 7
180 140 11
422 476 8
293 381 8
473 282 19
53 106 7
154 176 6
401 310 11
122 144 15
110 178 14
480 256 10
437 113 9
87 183 17
57 46 11
229 412 5
393 354 2
132 242 14
271 104 9
290 343 16
58 31 12
212 362 15
356 351 18
447 351 16
374 141 15
142 89 13
218 25 16
252 56 19
492 94 17
392 386 9
345 374 1
243 150 8
57 420 7
445 452 3
279 233 20
33 329 1
456 348 10
29 64 15
244 110 12
309 8 9
406 260 11
406 161 9
337 472 14
222 344 9
399 375 13
273 56 7
469 44 6
98 273 7
63 373 1
172 58 3
106 30 20
19 193 6
264 355 5
459 498 4
355 109 15
78 177 18
357 183 1
495 77 19
497 119 13
357 77 19
173 205 13
390 189 13
361 252 17
319 431 3
481 422 7
469 364 13
167 393 9
329 126 8
487 454 4
194 87 9
292 134 7
296 88 10
305 225 2
311 478 1
410 35 8
302 62 17
59 383 11
64 409 3
61 124 12
57 224 8
212 298 2
218 365 12
254 260 16
71 356 11
481 406 5
259 354 20
419 49 19
335 230 20
185 324 15
27 261 7
324 94 5
126 498 17
226 484 15
489 212 12
401 70 13
338 121 7
264 162 18
34 82 17
61 444 16
278 384 17
101 350 7
345 180 9
286 423 5
366 474 15
48 181 5
124 242 3
201 263 9
222 417 3
76 372 17
222 455 7
91 340 17
431 316 3
35 12 14
144 358 10
1 194 18
31 449 9
421 340 5
48 315 16
446 344 20
342 175 2
312 194 17
180 480 4
24 73 2
170 409 18
323 360 12
476 120 8
441 384 6
467 130 15
127 431 20
500 175 9
199 340 9
424 205 16
327 423 15
165 320 15
263 462 20
47 354 3
392 67 14
483 192 10
484 491 14
188 267 4
236 451 5
384 24 12
31 386 2
158 49 13
487 460 8
331 134 1
120 417 20
222 434 20
208 483 7
360 262 18
404 124 12
385 128 2
347 266 12
223 428 10
342 88 18
232 157 10
325 457 2
428 42 17
428 107 9
323 138 14
265 465 17
87 30 3
270 239 9
11 383 18
317 371 13
242 373 20
401 391 20
158 436 7
460 276 17
213 144 18
1 438 1
342 247 17
309 205 13
463 200 17
378 134 3
224 248 15
56 21 11
34 385 7
487 114 8
64 356 5
324 412 5
89 422 3
278 486 1
8 27 12
415 248 8
448 111 1
187 433 15
207 266 14
309 393 9
306 318 9
5 483 12
224 399 7
432 105 9
265 75 20
296 256 18
139 313 7
248 174 3
301 98 10
43 360 5
37 132 18
235 225 10
261 296 2
421 54 17
367 413 10
242 253 18
83 154 20
446 434 17
331 300 17
325 75 2
215 231 17
451 119 10
219 103 4
306 204 3
448 350 7
132 33 1
121 430 15
411 378 13
89 420 4
149 97 7
290 458 7
31 268 16
261 415 19
78 367 19
222 152 9
204 306 12
377 98 14
261 205 18
323 256 7
133 446 16
449 23 17
450 461 4
362 364 6
49 453 10
53 334 17
326 434 19
53 25 6
264 110 13
65 311 17
499 311 10
89 46 12
314 390 15
424 124 8
250 285 3
429 448 9
388 149 18
88 283 14
41 33 6
44 43 19
413 71 17
212 126 15
112 254 4
353 165 12
495 80 6
461 457 14
248 432 13
34 105 12
71 161 9
402 262 3
3 201 18
257 196 2
349 85 18
86 347 10
180 450 11
197 92 6
266 28 20
338 49 3
145 449 7
462 372 15
23 247 11
122 496 13
388 129 18
448 486 14
273 111 1
390 210 20
108 204 11
416 322 2
216 349 1
332 456 16
393 67 7
381 388 16
31 105 10
120 276 4
68 230 6
454 87 20
78 482 11
497 237 8
417 224 7
64 84 20
468 331 9
358 254 18
9 102 10
192 353 9
384 437 17
10 42 1
86 96 10
302 179 5
423 447 15
103 150 5
372 144 5
188 211 10
309 372 20
369 442 7
15 497 15
464 281 9
421 100 5
2 436 20
321 146 5
35 124 3
421 162 3
52 127 6
240 248 1
269 495 5
327 150 15
345 312 10
34 297 11
193 209 5
318 427 3
240 428 13
71 396 7
243 108 6
377 29 16
264 44 7
345 231 18
406 268 3
137 45 1
218 137 9
372 229 5
106 430 14
98 230 20
46 309 14
169 359 9
424 387 3
64 29 7
223 7 19
63 105 8
266 101 19
71 500 8
107 490 12
192 478 1
131 354 9
440 311 14
333 419 11
317 408 20
387 439 1
32 375 13
113 80 20
466 423 17
390 244 9
468 163 7
388 140 6
477 105 17
446 368 2
301 99 8
161 327 2
349 404 1
349 145 19
200 180 4
155 194 16
70 223 6
442 178 17
199 249 12
190 68 17
471 219 6
35 473 9
305 271 17
132 1 8
216 440 3
76 274 5
43 112 19
33 109 2
153 16 5
454 396 20
209 306 12
279 446 12
428 3 14
196 28 8
190 453 11
367 435 16
393 261 8
448 301 18
276 430 12
402 396 16
166 95 4
483 341 15
323 304 5
177 471 4
251 169 3
485 364 17
93 274 7
7 28 3
312 301 10
464 38 8
228 263 3
441 458 8
142 163 6
4 39 6
162 277 9
492 148 18
494 19 20
430 173 17
430 269 19
7 431 9
160 63 14
308 160 2
360 145 10
461 353 8
371 105 18
56 132 1
304 112 10
440 411 9
130 308 20
344 297 15
453 387 10
184 430 19
174 450 17
50 78 2
323 38 15
250 382 3
293 159 16
57 91 11
375 53 13
344 115 18
61 286 8
496 246 4
340 79 4
407 221 10
278 58 20
157 258 6
30 429 5
220 333 6
187 335 15
429 208 17
435 274 14
495 241 1
184 212 15
397 353 17
393 40 18
161 60 12
414 378 1
132 256 1
22 228 5
82 392 13
93 387 4
62 263 16
313 243 16
240 489 8
209 151 20
85 42 8
488 283 7
374 59 12
495 157 3
288 12 8
40 25 14
134 89 4
316 249 9
110 44 6
389 411 8
39 458 10
89 300 20
146 481 14
146 285 7
270 477 9
422 40 20
440 422 18
351 467 16
258 63 15
309 85 2
273 244 16
422 170 19
204 55 10
437 3 12
193 18 9
7 439 9
439 497 9
269 162 19
176 225 7
421 138 20
330 124 5
219 160 13
478 485 8
273 171 6
334 388 6
409 422 14
302 159 8
404 271 12
57 50 2
413 66 1
215 357 20
356 308 10
264 92 7
63 83 1
115 423 15
41 255 5
190 124 5
463 344 6
239 34 9
188 145 8
32 409 15
485 499 13
304 16 16
369 128 6
125 194 6
21 384 13
315 174 1
320 160 13
378 6 2
387 398 17
181 222 13
161 338 1
140 126 10
306 132 19
89 213 14
289 36 20
263 278 3
109 249 19
478 373 2
134 7 13
255 338 9
15 390 13
435 120 2
129 33 17
351 344 9
189 44 3
122 194 17
396 49 10
84 329 7
458 389 7
255 294 14
445 79 18
267 26 16
454 194 13
457 384 15
79 188 8
483 188 5
326 426 12
147 281 16
182 433 9
224 495 6
288 469 17
325 491 17
476 132 8
438 146 12
372 272 11
243 105 5
323 234 17
41 75 10
306 87 3
173 303 12
383 165 13
63 417 10
228 246 5
295 472 16
151 112 5
308 413 11
152 132 9
379 191 20
403 452 6
482 21 4
182 202 4
46 111 10
154 241 18
86 112 5
142 333 10
381 229 4
138 472 15
423 286 18
10 125 17
160 149 19
264 408 10
90 387 5
372 196 19
78 414 2
182 100 17
98 170 1
432 194 13
241 356 3
56 204 9
393 201 4
346 101 2
373 228 4
100 227 3
198 306 8
448 262 5
329 174 11
292 19 10
87 380 2
213 266 12
139 265 5
341 299 14
24 127 12
382 289 17
205 161 7
359 194 15
447 222 9
224 75 9
327 69 9
90 339 1
187 461 10
374 305 20
53 463 10
336 312 20
68 345 19
132 212 17
66 459 19
188 205 20
388 487 7
466 323 10
298 88 2
368 37 15
22 470 14
207 128 13
369 474 18
321 401 20
254 162 2
262 294 15
368 358 19
259 236 11
208 270 15
325 281 11
52 231 10
224 293 8
96 261 1
345 319 17
39 372 7
249 356 10
367 481 7
351 303 1
26 442 16
487 202 1
34 475 2
326 105 4
205 491 9
412 121 15
6 175 8
278 253 2
439 95 1
137 418 10
428 315 5
139 144 15
343 355 6
192 140 16
277 194 8
236 49 20
459 490 12
498 203 13
181 403 13
107 152 1
165 290 9
314 433 18
349 175 5
58 255 1
301 113 20
411 72 5
86 335 6
254 444 16
409 165 3
305 240 1
271 133 15
483 196 12
140 74 8
324 408 9
54 429 2
404 414 10
165 158 5
259 167 12
489 303 1
184 231 1
422 311 2
465 384 17
448 377 5
347 159 14
175 51 10
98 100 4
318 357 20
493 123 11
364 307 13
335 312 11
441 470 12
413 73 5
458 413 20
322 455 16
418 48 13
82 34 3
315 266 17
463 355 17
235 479 2
39 484 7
495 23 1
467 461 15
358 491 11
384 486 7
199 61 10
367 102 18
397 64 9
389 438 1
444 495 18
462 86 8
446 250 15
313 70 11
247 371 2
87 103 19
256 78 3
403 309 12
451 152 18
371 128 11
433 306 13
211 297 18
416 494 19
14 219 20
99 322 8
408 391 20
470 285 18
394 49 20
277 124 14
353 180 15
432 97 5
340 279 16
19 291 8
16 328 8
28 68 3
195 481 3
258 188 11
277 169 18
24 233 9
177 257 9
52 135 18
307 56 8
377 233 7
30 330 15
227 12 10
202 408 19
450 180 11
392 371 16
80 189 8
448 312 6
392 289 17
96 379 12
260 376 3
350 426 11
24 335 3
238 397 16
191 70 11
323 22 18
89 40 12
412 353 14
62 135 17
296 132 13
32 34 6
263 92 13
369 460 4
463 146 13
183 287 11
144 380 7
441 468 20
270 95 14
311 335 7
18 1 7
161 483 12
337 304 8
149 386 2
305 349 6
398 142 20
282 4 12
332 289 17
268 25 14
452 200 15
292 260 5
111 319 9
143 389 3
263 189 3
232 230 9
193 313 1
425 268 18
489 71 17
493 75 1
85 120 7
265 459 9
244 228 11
448 313 20
173 314 9
132 473 11
82 200 2
449 139 1
36 420 17
94 409 3
366 162 1
209 402 14
55 193 5
272 402 5
321 384 9
440 13 3
500 220 8
78 477 4
21 464 8
183 175 11
389 123 3
185 476 3
9 240 9
172 340 8
118 112 14
27 140 10
272 212 11
466 116 9
355 126 1
174 380 4
200 31 13
275 261 8
460 419 6
496 163 8
111 386 5
277 78 5
67 359 6
68 272 2
493 197 6
79 378 14
357 6 4
9 301 1
345 273 20
285 225 16
464 392 1
318 418 14
395 151 12
326 461 13
9 42 15
118 136 13
42 125 20
321 408 14
301 19 6
127 229 18
67 421 20
172 283 14
415 326 13
164 230 2
24 109 2
356 416 18
60 376 5
388 47 7
143 183 11
391 3 8
5 9 6
256 138 10
302 445 15
368 454 10
428 221 3
300 466 6
270 126 15
454 60 8
51 467 14
275 459 2
180 196 4
78 350 6
328 63 7
461 174 17
318 453 4
412 234 16
306 156 17
428 413 18
257 397 14
377 159 2
209 300 1
12 333 20
6 279 2
206 379 12
371 439 17
292 1 5
325 277 1
246 109 12
271 342 7
51 380 3
51 395 7
313 8 18
252 416 12
254 477 9
367 186 15
33 366 3
357 193 10
479 440 3
143 386 7
493 499 8
15 383 7
489 352 3
67 295 4
135 142 2
312 261 6
107 354 2
47 32 10
496 472 7
50 319 15
8 304 17
219 149 14
70 456 17
221 232 12
305 143 11
133 347 12
213 172 6
500 137 1
324 272 18
273 359 18
112 121 13
242 226 8
319 111 11
33 429 8
262 166 5
385 134 13
339 386 8
109 232 18
442 312 3
101 415 11
410 438 19
393 312 5
361 307 2
496 151 11
323 189 1
367 48 12
14 272 3
369 219 9
275 436 8
9 277 11
345 44 9
107 115 11
307 442 2
86 281 16
454 122 19
457 232 19
63 84 3
437 281 17
70 442 3
83 417 4
343 99 11
357 374 18
243 177 18
124 176 3
100 442 3
201 134 14
419 384 11
437 133 17
132 60 18
265 63 11
289 478 11
123 363 17
376 348 17
64 239 11
11 333 6
232 275 15
224 156 2
3 402 15
216 82 13
123 404 10
460 385 17
30 23 19
116 4 14
162 368 2
315 86 4
466 379 17
385 299 12
55 170 16
444 32 13
252 334 11
312 30 18
482 445 12
499 350 16
108 481 2
335 420 6
488 289 19
302 452 16
43 62 6
468 142 5
111 52 10
226 363 15
118 367 7
213 260 8
450 49 3
9 221 11
8 413 8
147 178 3
104 88 15
431 376 4
163 249 4
93 169 14
25 5 4
277 171 11
17 366 4
105 378 2
342 295 7
275 488 9
437 114 5
374 211 6
487 245 7
472 468 17
112 322 11
197 270 6
410 365 16
472 412 17
442 288 2
227 180 13
442 481 14
459 448 5
158 36 9
493 160 14
107 273 3
180 417 14
236 210 17
89 174 7
447 159 12
190 412 17
380 298 12
193 457 4
443 278 3
44 183 2
453 272 11
151 27 17
104 106 10
105 493 4
130 240 12
176 407 12
424 438 3
78 215 19
97 89 1
428 338 9
147 330 20
488 171 3
321 242 10
229 435 8
14 233 14
325 116 3
431 104 12
42 25 9
390 168 19
361 77 15
43 318 5
155 347 20
21 96 10
465 304 5
354 83 7
159 176 19
144 124 9
211 489 3
145 97 19
368 41 8
107 161 11
217 372 17
418 438 3
254 403 11
359 86 4
193 459 6
311 416 3
106 320 10
475 170 13
299 211 20
245 454 19
197 286 8
55 500 15
480 228 3
271 180 8
255 54 2
416 310 14
79 308 19
158 109 6
112 281 6
301 403 6
285 40 2
110 16 3
141 290 1
258 393 8
183 33 8
121 264 12
476 329 12
457 367 19
477 131 19
43 478 1
370 269 7
256 133 8
263 406 11
217 373 6
495 55 13
362 354 13
267 355 1
217 450 3
197 320 20
144 269 3
143 146 5
295 168 1
297 431 8
352 138 16
447 187 14
265 41 12
307 111 4
62 123 4
129 11 6
426 139 5
466 295 18
20 176 10
133 34 7
181 495 11
161 443 20
236 6 2
28 196 18
155 67 7
244 85 12
479 173 3
472 423 11
197 438 3
214 219 20
262 401 6
165 288 13
380 338 17
324 171 4
99 285 9
283 196 16
235 261 2
3 240 15
488 110 10
105 494 12
332 394 18
275 26 10
419 78 11
7 359 2
468 327 12
410 323 20
439 413 3
32 245 7
278 256 8
369 89 19
326 161 11
443 5 4
70 146 8
375 311 20
469 50 18
395 416 9
263 477 8
15 324 9
361 194 6
490 7 18
134 174 7
126 441 2
218 132 10
257 391 6
420 251 14
229 134 20
200 154 6
224 182 7
56 275 16
187 442 20
361 387 14
153 92 20
436 197 1
306 414 18
389 248 3
180 240 11
140 284 2
50 10 14
133 38 9
437 414 15
52 164 19
79 227 2
416 94 10
199 15 5
489 7 15
351 6 5
52 194 17
92 201 3
479 105 18
181 413 8
118 441 13
190 389 18
113 106 8
32 432 17
38 260 13
371 9 2
393 422 10
239 313 17
294 79 18
370 180 18
190 458 8
115 112 11
93 405 12
124 282 6
304 214 2
467 115 15
192 43 5
167 327 18
412 458 16
200 286 4
89 441 19
321 468 4
434 290 9
56 160 18
240 433 5
470 245 3
379 499 7
253 109 4
159 61 5
444 103 12
139 119 5
275 163 11
446 427 14
423 397 18
396 322 1
375 328 17
233 368 5
478 77 20
122 66 10
83 6 20
143 450 18
320 361 19
452 370 3
134 288 18
179 228 18
293 473 5
491 56 2
101 353 6
55 308 3
46 394 12
264 249 6
394 181 14
400 450 9
280 405 12
120 147 9
95 274 14
138 151 15
489 200 12
144 283 15
82 216 16
382 103 12
72 168 1
382 113 8
28 99 2
472 212 11
469 112 7
271 73 3
152 211 18
298 277 5
484 317 2
486 75 19
397 148 12
373 205 17
467 395 18
248 471 20
412 149 16
113 432 4
58 210 1
476 140 6
140 154 4
318 344 12
54 393 3
310 104 13
391 379 10
5 233 5
62 114 11
297 475 20
65 54 13
423 260 14
309 17 15
164 404 10
14 230 3
313 51 1
1 428 14
231 357 11
494 289 4
34 226 15
203 417 19
350 122 18
339 161 16
323 327 19
166 17 6
108 387 13
293 174 2
497 355 1
412 274 2
272 219 13
81 255 20
21 385 10
204 358 15
158 352 20
72 347 2
474 120 10
377 252 8
230 302 4
99 447 11
482 84 18
146 296 17
270 171 10
195 22 7
102 249 15
333 48 8
352 254 20
82 100 18
264 21 17
440 153 13
215 230 20
411 167 3
379 150 5
121 302 19
2 303 8
461 90 7
391 360 11
490 493 17
12 453 11
212 277 16
300 50 12
490 332 2
392 104 2
230 158 8
289 393 12
418 302 14
408 128 6
499 439 17
92 99 20
259 335 13
77 263 6
370 13 7
287 314 12
169 361 4
272 226 7
34 323 6
202 71 15
348 366 1
457 48 11
206 167 3
54 122 6
249 474 4
92 477 9
206 375 19
336 150 5
476 486 10
302 306 6
496 12 8
82 308 15
351 412 17
194 396 7
65 305 9
315 212 12
117 206 16
188 432 11
391 490 19
209 274 16
154 337 15
112 459 16
422 258 4
321 109 10
125 385 17
130 287 9
93 488 12
372 170 20
234 22 10
386 35 16
94 359 15
473 143 7
474 379 12
198 318 16
46 135 10
264 98 7
441 128 19
336 497 17
82 102 2
369 434 19
24 284 8
336 92 6
25 218 13
133 401 2
142 486 19
385 350 16
152 259 10
59 254 11
376 464 4
343 471 8
366 346 11
267 479 5
227 342 4
220 160 4
429 466 5
183 318 14
40 395 16
431 205 17
349 464 4
290 345 2
354 241 17
320 245 20
251 370 5
427 379 6
330 113 3
83 255 7
485 163 6
283 187 1
94 142 18
88 335 6
97 284 8
392 360 7
458 170 19
119 118 1
164 35 5
399 138 1
249 133 20
487 455 14
245 434 12
134 199 8
497 114 20
99 169 4
135 222 18
97 411 11
139 475 16
461 478 20
77 90 16
339 87 12
182 110 5
484 11 14
157 375 12
483 140 5
102 180 15
7 291 7
466 382 7
296 178 11
225 116 3
81 408 17
130 264 19
198 437 11
381 452 4
422 321 9
482 175 7
60 492 20
262 419 6
367 473 20
382 19 13
63 482 9
418 455 11
363 44 5
340 461 1
438 486 5
202 128 16
202 163 1
152 178 20
341 481 13
246 89 8
434 104 5
154 38 4
414 124 12
186 122 8
420 486 19
27 486 12
27 397 12
183 438 11
278 479 9
131 185 15
283 43 11
288 444 14
466 118 1
61 26 17
254 199 8
394 206 14
312 216 19
481 418 2
423 188 18
489 431 9
335 16 18
455 484 8
426 308 7
354 5 17
301 287 18
237 133 7
310 222 15
421 57 17
35 213 17
176 326 11
410 401 9
169 48 1
486 388 9
13 134 3
369 195 15
308 194 2
482 70 12
451 60 9
347 44 15
23 180 8
289 256 5
258 486 12
245 296 12
226 139 11
500 208 20
451 413 19
301 131 19
52 458 3
89 439 10
320 493 18
475 446 20
384 141 20
263 124 15
101 308 20
137 323 15
235 2 20
254 127 7
106 295 17
65 240 5
18 416 7
477 178 20
215 476 12
417 6 18
318 44 7
102 141 13
429 29 1
304 479 5
321 231 16
123 261 5
451 485 5
174 237 2
7 128 8
427 262 14
300 192 2
175 333 20
339 46 8
11 193 2
483 458 19
365 500 8
385 246 2
283 332 15
484 497 9
91 265 19
391 21 19
362 437 20
156 425 20
401 104 19
149 465 20
482 258 10
412 403 3
65 191 20
278 446 2
172 401 15
489 341 9
305 133 16
125 397 3
248 369 14
306 237 17
447 244 10
414 484 2
150 27 7
391 56 18
185 232 5
310 395 17
79 361 15
461 396 6
299 355 10
176 347 10
326 183 6
30 175 13
203 421 5
270 407 2
24 305 9
135 451 10
135 275 13
4 148 18
76 352 19
458 300 12
359 104 7
287 316 8
91 10 11
398 6 16
154 129 11
107 271 14
336 142 3
130 472 12
263 61 2
346 383 19
349 110 8
221 276 12
366 377 3
52 415 20
217 445 3
134 279 9
312 302 7
84 353 6
287 421 13
198 434 4
84 285 18
479 54 5
311 339 4
145 133 11
186 176 7
149 392 6
327 481 20
335 495 8
174 32 3
405 328 14
381 264 11
359 131 4
126 492 2
75 426 5
152 361 19
375 32 17
119 323 14
60 385 17
195 200 6
132 346 14
112 209 9
86 50 15
59 99 4
2 468 9
424 481 12
170 111 2
44 285 20
296 154 15
174 76 12
369 276 9
320 188 13
222 131 4
253 111 12
415 117 11
424 473 11
456 361 13
346 254 12
35 354 18
200 186 19
10 285 11
433 446 15
329 42 20
204 460 9
37 120 3
95 152 11
355 119 4
125 217 3
137 318 5
104 369 4
49 314 20
184 276 17
318 330 2
467 421 18
256 174 13
308 218 12
257 371 10
342 453 18
372 114 15
195 412 3
135 374 3
484 261 10
117 48 17
307 325 1
115 208 3
142 35 15
176 267 8
428 60 17
325 51 12
180 127 7
39 7 13
331 150 10
95 359 9
61 454 9
334 240 19
470 364 2
255 293 5
493 266 5
257 50 15
203 447 2
255 235 15
124 47 9
46 284 1
458 225 14
304 308 17
249 468 19
104 171 12
384 249 1
14 472 14
127 161 14
127 71 6
318 204 8
205 291 19
375 24 16
124 273 10
176 38 19
482 336 19
395 155 9
445 136 4
142 389 4
63 235 16
318 93 14
494 345 6
14 79 5
88 487 9
257 493 14
85 232 15
43 100 1
307 101 12
190 223 1
348 373 14
235 318 4
451 249 8
59 269 6
482 280 1
208 5 11
74 63 6
52 355 3
247 439 4
332 447 6
103 485 2
454 254 2
215 363 1
427 429 2
193 294 9
450 296 17
230 191 5
434 368 8
213 103 7
395 144 10
336 407 18
294 58 1
421 189 3
209 279 6
318 360 14
383 117 7
84 276 15
195 19 9
163 447 5
271 225 5
140 63 3
369 273 20
337 248 9
467 266 11
187 132 10
203 5 16
281 426 14
69 229 9
50 23 4
31 240 15
465 277 18
37 329 11
495 111 15
334 93 4
213 436 6
331 35 6
428 361 9
64 114 18
200 368 19
377 190 5
102 374 11
87 331 14
81 18 5
47 352 15
341 389 15
370 323 20
483 173 8
463 201 13
383 294 16
268 254 1
177 496 6
194 19 20
268 354 3
209 194 19
148 459 12
121 460 6
232 151 11
56 386 9
222 316 2
53 73 6
336 295 6
322 128 13
120 87 15
45 59 17
162 142 4
273 157 19
417 40 3
123 96 8
39 22 2
30 50 8
283 493 7
48 498 5
159 235 2
68 38 18
167 463 8
456 93 2
247 491 14
174 100 7
288 463 15
219 496 4
468 74 10
381 105 8
264 158 3
387 467 3
15 155 8
174 8 19
417 456 14
422 92 6
378 258 11
146 283 12
496 363 3
286 303 3
475 112 4
136 270 18
378 423 19
139 40 16
410 249 4
206 121 2
406 422 20
356 335 4
71 46 1
2 484 7
11 267 7
179 192 20
361 224 8
383 436 5
208 37 20
15 76 18
44 466 14
253 173 5
243 489 9
99 327 15
99 61 6
372 58 13
267 236 20
406 160 3
488 442 1
67 452 9
218 478 16
455 276 16
277 165 16
62 410 9
211 215 5
52 154 12
265 364 6
245 252 9
361 498 16
134 221 16
27 42 11
80 330 19
82 396 4
287 453 15
368 14 20
152 298 4
187 477 10
482 284 5
409 164 15
286 430 1
138 282 9
430 181 5
447 228 3
18 124 6
183 490 4
277 208 14
337 186 2
359 28 12
48 98 3
312 209 11
141 299 5
94 150 3
117 301 19
2 7 17
158 417 9
288 158 17
393 180 13
280 146 11
158 126 9
458 215 7
313 285 17
463 276 11
5 446 12
86 64 12
214 255 8
224 12 11
248 55 5
82 296 14
440 4 19
144 492 6
208 288 17
428 457 20
251 297 18
432 484 3
91 2 20
394 249 15
121 71 6
414 105 6
289 176 8
17 444 4
203 276 18
361 455 7
121 251 12
375 300 19
274 133 7
364 461 20
404 403 17
354 232 10
309 297 4
309 16 1
63 320 3
378 434 14
13 365 14
411 375 8
177 105 20
326 148 2
104 346 8
103 284 7
59 272 3
329 129 13
79 340 11
242 76 16
42 494 2
97 218 15
99 417 15
366 374 7
442 32 2
131 14 15
424 460 17
290 157 13
485 97 2
125 212 13
101 185 15
446 43 13
116 121 11
488 459 4
98 488 7
210 315 18
202 189 3
138 367 9
353 452 13
355 315 3
265 351 9
403 109 7
188 394 15
126 420 15
405 148 3
97 154 20
76 239 18
109 100 1
464 414 6
97 140 7
119 314 1
369 328 12
342 203 4
34 490 16
136 326 9
137 484 6
140 434 5
8 163 20
101 6 14
35 78 11
129 61 1
47 61 11
472 218 7
282 6 1
428 86 10
244 41 1
24 160 18
100 83 17
344 432 18
460 246 15
490 136 5
132 264 7
21 356 2
416 274 11
44 174 18
152 485 20
159 158 9
492 196 8
44 152 6
299 5 10
75 360 3
136 217 19
103 98 16
52 67 4
280 238 16
262 107 4
448 407 14
425 200 6
294 358 13
223 256 9
3 480 2
259 192 15
92 357 18
449 435 19
181 191 17
404 424 1
267 498 4
89 425 17
244 495 10
272 144 19
480 94 8
31 299 19
196 384 15
160 178 12
401 189 14
146 251 2
146 65 15
149 90 2
285 220 18
138 321 14
420 103 20
70 256 1
481 103 2
47 275 3
344 107 17
246 282 7
225 223 19
248 208 4
419 371 2
377 325 15
434 235 13
304 48 1
145 114 1
483 224 12
159 344 4
195 388 6
200 289 6
177 128 6
379 111 5
357 166 19
48 106 1
249 351 10
41 390 16
329 284 19
336 282 4
399 77 6
180 59 5
482 452 14
166 231 6
249 282 2
272 3 4
292 178 6
190 5 7
27 2 8
277 468 8
278 470 1
101 313 10
209 359 4
464 207 5
266 56 5
142 331 4
460 462 2
150 114 8
153 199 17
460 123 18
281 448 5
494 334 7
217 427 16
490 304 7
468 359 11
78 268 8
409 72 6
104 98 11
481 441 19
358 210 2
203 480 19
125 499 20
30 290 7
9 121 10
493 33 13
18 210 6
205 356 11
476 233 16
26 48 12
21 47 3
148 472 14
60 217 2
299 143 5
289 366 1
443 260 17
149 10 11
155 1 9
267 222 19
157 67 13
237 331 1
149 479 20
393 474 20
239 151 18
475 219 17
458 363 18
218 81 7
450 430 18
280 487 19
266 446 2
237 447 13
369 268 8
33 270 2
38 85 14
416 428 5
232 457 11
287 459 15
488 480 15
330 468 5
371 251 7
172 95 18
164 82 6
338 77 6
66 199 6
424 237 18
152 457 19
443 413 14
482 148 11
360 27 1
444 62 2
278 482 5
129 427 14
300 183 5
180 380 10
263 5 16
399 410 14
121 45 14
330 455 18
74 88 1
99 160 2
300 477 20
380 328 14
241 11 8
184 360 7
304 357 15
229 292 11
61 441 4
415 375 16
103 128 11
421 116 7
14 100 17
438 413 19
49 342 13
157 303 18
81 199 13
37 241 17
293 312 16
42 304 18
454 20 3
220 413 13
94 191 1
231 12 1
410 485 4
272 351 6
81 452 4
262 148 8
146 367 9
154 135 10
387 180 11
260 148 20
346 354 20
283 149 9
463 286 6
207 279 13
51 307 13
45 211 11
107 466 2
137 175 10
444 499 2
178 36 4
483 430 9
93 17 15
380 4 20
34 391 8
49 404 8
255 208 2
8 405 19
258 210 6
277 335 6
278 320 7
30 208 20
43 440 14
184 288 20
449 260 1
300 269 14
208 310 8
48 339 10
215 426 5
485 130 4
390 495 14
498 59 8
416 163 10
386 90 14
470 98 5
87 220 14
290 495 18
284 219 15
293 184 17
254 290 16
133 368 1
77 36 18
372 44 12
292 67 14
416 373 16
244 391 13
157 91 10
423 454 11
8 274 6
140 96 15
499 14 3
408 150 10
59 263 16
342 296 18
454 470 20
435 108 18
338 134 2
220 481 2
328 185 8
61 335 19
270 193 11
78 424 8
407 185 7
295 259 7
431 225 15
463 319 7
174 437 2
425 84 16
322 18 1
292 106 14
367 388 3
45 227 20
131 117 5
436 331 10
359 285 15
290 285 2
20 296 6
99 181 2
22 378 11
414 411 14
112 101 7
477 171 19
426 115 11
68 356 5
482 184 18
404 60 7
312 90 9
112 216 4
7 451 7
23 377 14
160 472 18
397 71 18
50 247 15
238 496 5
81 263 4
77 21 18
464 487 3
118 82 16
430 131 1
316 12 7
185 100 7
58 216 10
140 164 8
64 147 19
463 199 3
107 214 8
500 397 10
250 263 3
37 91 1
282 365 18
84 419 15
273 204 16
287 444 10
430 496 6
383 44 10
412 431 19
436 101 11
270 282 4
190 306 11
402 361 7
197 91 4
333 262 8
498 129 13
271 115 8
262 322 5
202 287 19
300 157 2
425 66 1
428 129 19
400 159 4
143 103 8
268 255 15
439 38 16
359 425 11
104 32 10
113 485 4
402 165 7
228 121 14
468 425 15
129 423 2
489 286 14
294 210 5
289 350 1
212 375 12
24 22 4
171 330 5
292 15 10
237 48 5
96 144 15
35 188 3
187 247 7
75 112 2
414 234 17
212 254 18
315 257 15
364 352 9
296 159 15
295 105 1
263 244 16
34 318 20
439 447 7
216 477 5
472 94 7
433 497 9
418 388 20
34 322 18
234 334 1
190 169 15
125 142 10
143 289 19
500 293 12
382 295 2
498 401 7
171 407 5
281 121 18
300 12 14
327 164 20
251 109 6
148 498 7
223 250 20
355 405 2
175 390 15
24 21 5
334 276 10
222 180 15
423 174 11
454 164 20
31 150 16
342 18 18
500 47 8
3 301 1
233 339 7
5 97 8
152 462 16
69 183 17
35 149 3
343 289 1
411 232 4
360 153 19
15 392 4
336 226 12
122 68 10
383 261 20
211 259 4
417 138 18
291 67 2
381 435 6
477 199 8
47 129 17
314 188 10
452 103 12
304 235 10
430 265 3
247 173 1
375 500 15
192 142 3
103 40 17
3 197 14
96 84 1
24 89 12
464 146 12
206 38 8
496 252 4
233 118 6
465 63 18
22 67 19
158 219 3
206 351 16
457 129 10
201 491 18
71 427 10
203 410 1
335 276 4
347 37 11
297 60 4
280 208 12
274 187 17
353 9 6
27 55 5
364 470 19
196 173 14
263 198 1
469 194 17
458 243 17
483 451 17
120 487 11
316 228 18
348 395 11
487 68 12
105 482 16
370 127 12
435 254 20
115 70 16
473 50 3
446 239 1
283 213 12
219 416 7
439 267 1
121 165 13
77 108 8
47 287 4
408 198 1
433 388 18
31 351 16
325 385 13
392 120 9
208 475 12
399 28 12
318 212 17
212 351 14
355 260 5
338 195 6
180 305 14
326 385 1
467 74 13
196 499 7
213 139 10
349 178 12
81 486 16
143 257 18
244 279 4
492 295 20
27 445 2
54 425 6
141 316 14
469 149 4
401 327 13
491 29 1
400 188 9
389 422 10
119 426 20
207 495 9
82 294 2
458 144 14
290 49 17
237 142 10
472 14 3
179 375 13
479 377 17
340 92 11
255 175 5
21 448 8
386 251 19
360 391 17
99 245 16
325 199 5
308 319 8
372 192 2
40 68 12
120 189 10
453 138 15
125 470 6
19 217 20
288 29 10
372 156 20
35 89 2
230 2 8
174 307 16
313 82 16
411 459 10
321 252 7
2 150 7
213 354 11
354 409 5
271 490 2
12 232 13
385 213 6
87 362 1
481 436 4
493 321 17
307 262 4
162 213 7
316 426 13
382 128 8
191 26 17
66 211 11
447 262 8
60 263 1
132 285 8
299 351 17
259 468 13
435 443 17
497 365 12
103 343 12
27 33 8
179 155 1
493 158 3
340 174 4
92 47 2
256 22 7
257 477 12
253 385 13
209 19 10
115 61 7
162 10 16
407 340 17
348 120 4
368 376 2
357 311 2
43 59 1
116 165 14
349 29 11
163 141 5
455 283 3
407 458 5
351 31 19
76 102 5
375 379 12
485 283 2
437 68 13
74 214 11
100 40 8
395 61 16
295 209 19
74 371 17
412 380 18
454 16 15
321 291 18
338 166 18
96 420 13
280 409 3
10 204 13
437 235 20
290 92 11
285 79 16
437 429 5
80 430 12
142 425 13
140 169 15
396 299 1
206 49 12
86 416 9
89 58 18
214 144 5
240 263 7
363 139 15
498 39 6
269 85 14
207 418 11
465 331 16
223 188 18
93 265 10
34 185 14
324 223 4
358 325 7
278 202 11
175 377 3
338 352 5
151 474 20
392 211 16
288 93 1
67 327 11
357 459 13
466 389 6
49 93 9
168 236 20
199 483 7
26 209 12
305 231 14
229 12 19
74 379 14
191 110 16
200 179 4
100 335 7
334 29 16
456 441 18
98 10 2
357 468 19
64 283 2
149 156 20
189 30 4
158 493 8
336 223 9
170 296 20
141 191 2
111 132 13
225 273 3
372 416 2
449 309 9
197 181 20
292 86 10
205 268 18
97 108 10
217 306 1
417 483 1
159 298 17
372 105 3
105 131 9
139 285 19
41 495 4
119 397 20
82 85 19
274 209 10
420 92 2
378 15 5
407 423 10
59 492 4
40 129 20
357 224 14
291 206 12
450 52 20
355 482 16
199 23 11
225 425 5
157 117 2
159 454 2
188 464 14
352 250 20
458 21 18
495 95 2
115 223 20
359 10 8
386 78 13
213 67 12
135 304 11
79 452 16
280 283 8
47 126 20
246 82 14
2 119 9
465 132 9
7 216 8
232 119 4
323 68 19
431 433 16
230 218 15
30 345 3
49 152 3
194 424 16
437 173 1
350 253 12
276 266 2
299 407 3
293 72 15
43 248 17
469 269 1
43 244 11
343 320 18
376 488 19
285 429 2
323 76 9
239 113 14
7 236 3
456 289 14
126 270 11
441 340 16
1 79 9
311 341 14
227 308 5
450 212 2
381 360 15
187 250 11
32 496 4
328 418 6
417 223 15
434 211 6
143 482 15
426 377 14
489 45 8
429 2 5
97 483 16
256 3 20
419 332 12
3 438 7
380 422 18
133 344 10
364 438 1
108 477 16
362 240 2
361 298 5
87 121 17
333 77 13
319 137 5
97 412 5
17 113 20
188 36 6
278 38 9
169 315 11
272 329 10
268 59 18
388 294 18
104 274 3
83 287 11
336 463 8
360 349 3
473 496 18
497 297 3
223 307 5
287 322 2
53 118 6
352 65 15
220 414 18
80 375 7
460 94 3
479 222 16
81 430 19
32 299 6
16 422 16
337 422 5
318 126 6
210 492 11
123 72 10
286 370 19
169 177 5
69 56 6
14 47 13
475 299 12
25 310 8
405 439 11
401 69 20
141 326 12
177 459 6
304 366 3
321 35 7
104 239 5
211 484 11
126 446 16
59 479 2
347 125 16
119 339 14
149 194 5
381 219 12
214 419 12
15 391 15
203 207 18
349 424 2
107 316 4
150 30 12
77 367 3
472 20 13
190 17 11
421 123 8
291 296 11
81 112 1
445 296 9
219 151 10
382 363 16
329 444 17
207 297 16
463 151 11
72 482 15
180 279 12
109 331 16
23 406 13
363 392 8
294 160 14
453 149 1
310 368 20
94 170 10
478 468 2
119 133 3
335 191 8
81 51 13
391 37 12
137 134 20
221 58 18
483 426 9
406 231 17
333 289 8
31 197 16
366 130 7
164 453 10
317 41 15
475 206 10
393 148 18
88 398 6
79 423 2
76 357 4
319 131 1
151 139 3
228 293 13
17 19 17
424 84 13
379 41 11
241 341 13
229 101 4
27 201 12
396 407 8
360 275 13
448 4 6
319 410 9
199 296 3
283 267 2
463 315 12
111 65 11
491 121 15
282 487 11
278 334 14
44 404 16
309 118 14
495 465 14
336 310 9
60 489 17
184 166 9
24 32 16
98 209 4
192 324 11
238 380 5
494 451 3
30 296 8
162 408 10
153 489 15
120 115 8
245 81 6
48 70 4
9 156 14
320 25 14
344 422 7
280 153 15
374 485 20
364 211 2
37 90 14
259 252 13
279 74 12
47 254 19
283 52 9
41 101 20
286 249 13
51 454 2
383 363 2
70 478 5
472 4 10
69 50 10
31 81 13
127 425 13
239 95 13
447 337 4
376 490 3
338 208 13
65 237 11
66 257 4
307 264 10
182 23 2
391 127 11
446 72 9
98 162 19
54 398 4
457 101 11
389 471 14
339 166 19
2 428 5
29 14 6
77 444 1
266 274 1
29 498 18
11 355 8
279 6 16
19 33 2
6 77 19
455 27 7
278 197 12
171 247 18
309 307 6
429 259 20
206 499 9
154 359 1
190 102 10
181 31 12
137 46 8
157 228 6
244 499 6
138 99 14
218 445 13
342 321 20
333 46 5
133 306 7
152 268 10
163 107 15
190 161 16
433 27 13
51 243 19
393 295 14
214 462 13
293 495 14
179 53 7
263 390 16
471 494 20
427 326 18
386 488 13
360 474 19
334 205 4
241 255 5
117 386 9
170 169 7
345 245 4
335 290 9
438 55 2
262 329 17
495 185 16
482 318 9
281 457 10
419 103 12
406 83 11
457 238 18
105 154 16
93 392 18
118 128 10
144 89 14
332 350 16
307 212 12
386 338 20
95 178 3
204 153 6
453 380 14
298 394 12
309 390 2
478 55 16
258 291 6
309 209 18
35 137 6
263 55 18
66 282 13
60 265 1
341 314 19
43 277 7
24 310 19
306 202 1
500 346 2
458 94 1
170 412 15
213 361 20
38 63 14
371 78 11
1 327 5
319 461 6
32 473 8
455 66 14
96 208 13
275 345 12
176 294 20
95 263 5
225 12 5
135 129 15
212 224 8
40 284 4
234 296 5
87 273 20
399 472 6
99 28 20
413 425 13
150 120 10
378 182 5
407 236 19
408 353 18
366 491 9
4 61 15
13 180 16
370 159 10
465 434 5
12 159 9
489 191 13
97 80 11
218 376 7
273 265 12
278 361 18
117 18 5
176 300 12
427 381 11
296 479 16
410 165 4
356 164 6
492 197 16
274 472 3
231 53 7
179 167 8
104 196 7
352 230 7
42 310 3
278 233 9
48 394 9
275 306 1
267 470 6
422 152 16
131 11 3
490 235 20
78 25 6
450 228 7
45 88 20
228 395 9
425 311 6
246 245 4
359 87 17
476 443 2
351 20 2
5 347 3
135 250 20
100 206 11
130 184 1
42 30 14
182 160 18
458 178 20
75 20 17
370 88 8
452 187 14
490 18 13
435 214 9
105 479 19
189 289 4
412 308 19
195 180 12
289 376 11
362 257 10
314 291 9
165 438 12
410 376 2
376 39 3
35 461 3
220 85 12
202 327 8
210 355 19
5 117 15
442 353 17
155 239 13
21 389 11
6 241 18
258 331 6
349 197 2
319 69 9
42 495 20
176 126 20
471 101 15
430 391 18
117 133 14
321 394 5
445 103 7
348 185 5
60 229 10
70 371 4
495 135 18
394 219 2
301 70 11
318 66 10
68 395 10
108 483 14
348 51 4
198 346 10
115 498 19
257 458 13
386 179 19
478 165 19
295 252 5
337 401 18
359 483 17
1 385 12
278 66 11
58 17 7
265 36 12
278 423 7
292 379 8
263 224 10
36 90 10
264 17 12
499 484 13
221 215 19
471 260 19
97 343 18
257 151 7
212 165 6
373 430 9
30 299 12
146 172 3
51 310 14
435 185 12
204 456 3
416 271 16
227 309 14
98 452 10
100 59 2
25 123 9
234 215 11
401 23 6
281 492 9
380 178 19
292 200 16
108 127 20
160 293 15
301 408 18
18 169 7
161 298 19
58 12 4
256 4 19
122 173 3
362 89 6
426 268 1
415 239 4
473 82 8
138 443 17
416 16 12
147 430 13
204 475 4
127 97 5
19 13 14
451 7 2
273 128 1
16 447 6
263 147 9
330 194 20
59 172 8
55 297 11
396 213 10
135 33 11
292 438 2
32 83 18
321 17 2
338 393 19
227 491 19
177 56 2
217 449 18
424 236 6
279 287 11
113 437 19
432 100 1
476 493 3
2 379 17
198 445 12
53 152 14
408 411 15
18 109 3
316 473 16
169 252 7
123 264 9
154 255 2
32 117 10
130 31 9
293 275 7
448 241 20
412 51 4
368 373 19
156 116 8
456 122 3
217 298 12
65 20 1
256 165 17
121 161 4
196 136 15
234 78 18
263 460 11
279 5 1
394 471 15
167 148 16
483 129 20
82 312 14
224 183 6
225 449 2
152 104 4
117 152 12
438 248 10
499 469 9
206 39 3
57 24 8
80 432 6
167 23 16
106 458 5
447 255 6
362 306 10
309 303 14
234 37 3
51 488 17
43 481 14
476 316 18
473 195 19
190 141 11
24 60 18
365 448 18
386 310 2
430 167 7
236 107 7
294 316 19
175 372 13
342 134 14
317 21 7
326 490 14
340 431 12
357 383 3
444 159 16
440 319 16
372 97 20
423 49 10
470 472 16
307 265 13
281 82 12
28 201 7
249 469 3
238 105 7
171 374 8
242 157 12
53 496 11
307 227 7
335 107 20
247 236 13
346 489 8
310 44 19
416 352 11
241 300 1
452 385 1
411 158 3
201 237 4
43 387 9
403 462 2
286 243 11
231 274 12
180 130 2
270 458 14
337 150 18
368 170 19
375 380 5
284 3 3
400 498 15
321 76 5
82 58 3
324 26 18
350 193 7
458 233 18
326 30 6
371 198 6
67 410 17
341 451 9
237 257 15
202 407 13
383 344 2
15 476 2
114 410 7
448 232 11
192 264 4
32 217 3
147 101 3
330 180 3
428 10 20
100 290 4
403 119 17
475 395 11
388 313 4
236 16 7
336 297 20
13 4 6
409 190 12
279 474 20
73 238 17
157 300 19
99 26 20
432 110 9
97 87 1
167 363 13
481 386 5
217 17 2
283 264 11
263 308 15
395 279 7
62 47 18
288 321 1
14 62 16
62 187 20
336 447 19
496 121 19
59 377 19
389 58 3
222 391 18
140 411 13
331 345 6
73 356 17
61 374 1
223 278 16
194 190 16
98 177 15
233 403 14
201 8 16
208 281 7
371 446 8
233 294 20
141 159 9
47 171 20
70 131 13
360 483 12
82 489 9
261 183 2
79 242 12
437 155 11
102 343 11
139 36 4
237 175 17
171 95 4
271 58 13
181 415 18
365 233 7
174 425 1
245 123 1
371 232 1
178 441 5
384 455 19
426 227 6
271 459 13
417 91 6
193 92 20
246 482 18
475 37 2
277 440 17
81 15 13
473 118 2
116 212 3
142 114 11
167 451 2
240 486 18
412 242 9
402 236 4
373 203 14
5 350 11
398 308 7
75 284 4
96 429 10
32 320 11
153 408 17
92 252 11
113 495 3
354 498 20
394 7 13
263 12 19
376 96 15
62 284 1
313 449 4
179 76 2
368 311 15
92 28 18
457 214 11
481 235 9
117 39 14
290 282 1
419 282 2
322 454 13
481 328 12
337 219 19
307 304 4
47 481 8
368 488 2
400 484 9
2 110 12
273 104 19
484 249 6
140 359 16
399 401 4
42 80 19
157 161 13
146 100 3
180 190 2
356 76 1
175 362 4
135 52 7
170 173 9
193 175 12
54 158 11
389 173 18
309 198 7
97 193 20
377 210 7
13 413 10
42 477 10
266 481 1
432 139 1
16 462 8
400 305 6
48 438 3
351 239 7
327 187 18
121 321 11
474 343 18
432 340 3
366 492 8
298 173 10
108 198 2
25 300 2
156 383 7
2 210 14
300 495 7
236 349 7
26 210 4
212 435 17
419 500 19
500 10 17
114 64 2
6 106 9
350 343 3
441 46 14
419 378 7
306 177 8
55 130 5
68 164 7
244 447 11
402 142 1
60 308 8
442 304 2
280 34 14
357 307 13
96 18 13
204 436 4
492 147 4
340 15 8
389 262 2
145 213 6
147 418 20
441 1 10
337 99 13
72 219 13
281 353 9
157 354 4
246 152 20
180 272 17
451 193 13
30 129 20
387 363 10
313 365 11
47 447 11
400 31 18
89 431 9
386 106 17
312 338 4
322 360 16
299 93 9
240 198 13
207 232 15
471 13 7
435 363 7
365 183 2
67 316 10
378 155 13
399 334 5
62 443 6
265 297 7
313 101 10
286 84 13
376 325 10
28 20 13
273 77 13
57 270 15
195 496 20
79 249 17
232 422 12
425 161 17
497 446 6
365 214 6
62 302 7
198 128 15
360 453 11
327 95 5
278 499 16
144 374 12
224 60 16
338 95 13
106 448 2
17 341 7
182 495 1
80 99 13
38 93 12
75 28 19
244 191 9
27 166 19
347 169 2
427 233 11
181 213 3
231 243 20
142 22 12
500 445 17
104 352 7
33 272 18
350 407 7
408 470 11
29 200 3
54 484 5
331 176 4
177 232 4
325 220 2
103 169 14
358 299 3
350 368 4
152 131 19
198 460 15
15 50 5
260 454 3
245 158 8
257 126 8
77 313 3
431 229 9
113 285 5
224 123 16
257 117 16
278 306 7
480 289 4
96 242 3
44 64 1
171 34 11
101 288 15
180 497 3
127 9 4
293 476 6
245 36 13
393 224 10
275 204 10
364 395 10
90 453 13
355 393 2
162 411 20
16 99 14
205 254 5
403 276 1
337 47 15
265 490 8
250 346 14
216 359 17
59 446 12
426 111 5
241 386 10
292 11 4
82 353 14
387 123 1
304 487 1
316 495 5
169 30 2
221 314 4
395 468 11
208 454 5
66 376 4
338 147 1
371 333 14
229 14 2
30 110 4
180 126 3
46 492 7
325 218 2
411 62 2
465 133 6
462 373 5
318 422 17
400 191 4
340 270 5
295 326 18
435 316 5
335 482 11
318 208 3
80 466 18
435 109 2
150 189 16
237 356 4
294 143 14
84 123 13
150 345 14
50 149 4
208 357 5
113 261 14
43 203 10
363 499 3
468 407 13
395 30 6
404 481 20
320 10 12
26 96 8
141 104 9
412 484 14
328 477 2
355 221 6
105 286 20
132 371 10
1 181 4
121 12 2
398 473 2
497 325 8
49 18 19
223 457 2
350 380 17
182 362 18
230 27 13
361 355 12
258 255 19
267 429 19
418 3 8
150 152 5
275 83 3
186 420 8
367 430 19
154 358 19
406 237 7
194 200 2
478 68 19
125 60 20
232 468 11
320 352 3
11 257 17
405 348 12
407 253 8
490 180 13
257 399 12
269 237 9
393 51 16
273 27 8
275 312 3
88 326 7
147 479 11
285 310 4
95 411 10
184 302 3
398 276 19
364 254 19
318 169 9
307 21 4
61 267 6
483 420 7
263 363 4
500 433 6
246 298 19
452 127 12
419 232 7
460 439 12
389 39 18
193 205 7
412 366 5
25 210 1
64 345 11
438 76 14
180 273 13
90 173 11
170 491 3
97 202 16
177 29 1
278 299 17
46 291 9
401 342 2
10 367 16
178 208 14
401 28 5
459 193 13
59 442 15
194 428 10
190 109 7
220 252 15
450 242 18
190 69 3
359 209 17
259 11 4
206 70 4
50 146 10
172 128 11
93 107 9
312 44 12
285 441 7
106 55 2
374 292 14
37 197 18
232 12 12
316 290 5
449 126 4
50 388 2
291 168 1
70 32 4
349 5 11
86 411 5
25 494 14
243 235 5
89 210 9
112 166 11
166 281 20
71 42 3
99 159 7
416 21 18
274 426 5
240 108 17
30 323 13
482 232 4
213 289 17
184 116 14
334 257 1
210 5 7
110 147 8
262 146 3
268 172 16
30 105 12
306 337 14
176 450 3
345 223 4
431 326 3
240 199 3
166 453 11
456 496 2
156 316 15
311 338 17
400 85 4
158 275 13
465 269 12
19 122 7
309 411 1
350 291 9
189 374 5
348 27 13
105 87 1
360 88 13
379 382 8
495 59 11
278 223 6
84 463 12
85 382 16
469 319 4
469 422 17
419 162 2
136 408 10
139 263 5
4 330 18
22 121 8
274 282 16
161 339 15
38 490 17
461 78 16
115 454 3
360 190 20
207 85 11
417 169 9
423 267 20
172 376 9
306 29 16
418 119 14
80 457 17
73 314 10
463 101 18
378 29 5
118 326 6
144 217 7
381 321 14
122 2 5
266 153 9
316 443 4
472 385 13
327 2 10
176 359 9
247 165 11
445 40 11
118 124 3
104 151 20
391 309 5
236 25 20
105 427 4
437 138 5
222 292 1
16 88 6
259 60 9
440 272 12
132 352 3
431 38 4
90 30 12
426 98 15
169 430 12
62 492 10
487 316 14
11 218 17
219 162 5
40 192 6
500 239 8
182 180 17
103 444 3
347 437 3
427 118 20
66 111 6
458 377 17
65 69 17
48 164 12
282 310 15
315 160 2
457 408 8
413 282 2
304 282 4
295 194 12
121 457 7
380 387 5
343 261 4
256 261 17
9 95 16
345 205 3
258 60 6
281 386 6
77 27 2
457 489 2
473 477 6
92 289 5
194 454 15
427 444 6
127 93 14
394 8 8
415 387 17
133 96 4
418 144 19
453 398 14
346 256 13
31 410 3
347 278 8
328 228 17
489 51 16
232 174 6
302 85 3
39 168 14
70 486 1
380 397 14
419 353 12
3 98 1
280 249 15
52 75 12
258 127 9
140 110 14
206 25 14
215 27 20
225 278 8
312 51 1
388 475 14
330 83 20
339 150 19
419 361 9
378 237 11
57 249 2
441 457 12
106 291 10
469 358 14
246 5 8
312 105 10
305 160 7
36 12 16
468 2 18
97 301 2
5 252 4
444 111 6
333 74 11
72 324 11
121 217 8
366 77 9
346 270 20
252 119 16
6 483 16
307 94 20
366 29 13
209 34 6
439 362 11
172 314 12
81 242 20
80 476 5
350 427 12
201 395 8
478 499 14
381 242 11
381 337 19
96 223 9
467 359 9
387 273 15
154 264 3
99 219 19
432 19 17
276 392 18
19 395 6
458 476 17
164 500 7
424 439 14
402 460 13
56 273 19
44 59 3
358 24 10
307 411 2
335 417 18
16 113 19
139 37 15
453 458 2
298 137 6
366 317 8
410 96 6
86 362 7
65 372 15
52 16 10
313 72 2
494 276 4
466 256 18
293 179 1
75 82 19
165 152 2
321 339 2
286 427 14
321 343 4
270 169 19
302 448 14
206 481 4
227 57 2
62 33 11
12 316 19
464 387 18
121 485 6
359 412 3
179 456 18
62 351 14
481 220 16
98 353 12
327 258 4
376 235 12
74 147 6
94 320 3
2 151 6
390 98 14
154 40 2
161 382 20
492 389 1
176 420 12
370 284 17
448 399 10
306 405 4
6 493 2
277 137 4
4 322 13
440 47 10
107 346 4
206 262 6
405 277 17
473 259 9
494 124 12
377 206 6
336 54 9
147 310 5
487 432 9
203 353 12
72 156 17
484 348 1
442 310 4
93 471 7
335 23 16
166 151 19
209 256 10
230 142 17
282 386 17
12 178 13
314 358 6
84 191 11
299 457 18
350 254 1
312 493 13
381 301 11
126 373 4
390 242 2
78 289 9
217 184 14
428 41 10
14 412 4
399 326 7
247 350 18
261 87 18
49 454 19
279 496 6
291 174 20
423 334 18
454 409 1
108 479 11
124 244 5
218 130 17
324 456 1
233 296 20
200 446 10
372 79 17
81 348 20
267 450 8
211 422 8
122 29 5
71 321 6
429 358 2
313 429 12
153 449 2
172 364 1
388 300 16
114 92 16
17 41 20
285 57 8
28 76 17
169 17 2
417 21 9
433 432 19
368 224 7
440 52 2
98 103 12
480 158 12
260 314 8
129 91 18
493 325 20
359 218 5
194 455 5
366 314 17
225 180 14
117 155 5
452 305 1
148 293 6
125 298 18
119 165 8
437 277 2
63 44 2
388 331 19
315 290 13
135 351 8
295 408 16
186 172 7
188 28 2
407 49 5
356 139 8
88 450 12
144 375 9
151 195 4
26 327 14
223 356 3
327 473 18
220 438 8
103 448 8
96 360 12
383 498 18
362 291 6
405 390 5
178 42 5
26 498 8
23 123 14
349 174 9
141 423 6
303 257 16
267 386 4
34 242 12
124 65 9
65 276 18
387 185 8
373 167 5
140 134 7
340 35 7
326 5 19
22 495 1
327 193 2
259 55 5
218 412 17
461 67 11
287 369 11
222 122 1
96 335 6
283 360 15
75 333 10
488 213 10
445 68 11
1 211 5
467 383 16
16 330 6
13 3 18
142 384 14
434 112 18
328 457 19
424 325 19
318 487 11
121 5 7
415 168 8
3 153 2
462 335 15
209 8 2
238 280 4
204 334 17
309 288 8
180 492 18
206 202 15
311 160 9
12 289 11
355 89 8
3 374 7
195 232 19
41 309 16
293 497 19
116 353 3
442 35 17
174 406 20
87 79 7
353 143 4
234 398 12
438 77 17
291 460 16
408 109 19
193 102 9
282 303 7
431 166 11
237 376 1
189 109 2
207 81 16
326 279 7
439 172 2
391 250 17
458 104 15
267 118 6
226 364 14
385 194 12
221 473 3
108 202 8
352 116 7
167 241 16
101 170 1
463 452 7
469 65 12
290 44 9
156 216 12
456 356 1
480 185 8
58 46 19
411 14 14
113 93 19
263 84 16
225 210 20
11 428 8
338 400 17
69 463 10
148 484 3
131 258 9
448 294 2
132 442 5
181 63 12
394 235 11
334 63 17
288 40 10
114 417 10
78 174 20
349 20 1
220 269 18
169 469 1
237 183 1
113 40 1
372 495 5
450 427 18
423 490 7
467 378 16
140 325 7
157 77 12
481 283 14
58 177 20
376 467 5
30 87 16
479 469 10
252 437 20
316 234 10
180 191 5
326 90 5
26 34 3
136 396 17
291 20 19
335 383 13
488 460 8
308 357 16
411 271 5
146 292 6
107 248 9
93 23 10
60 422 18
90 51 7
81 53 13
394 91 1
35 286 18
150 117 10
133 361 10
461 60 20
62 400 13
96 338 15
426 454 17
237 463 1
485 362 18
218 372 11
260 170 15
316 35 17
2 111 3
52 70 10
431 496 7
47 323 18
113 175 18
32 141 14
203 253 6
366 201 4
399 218 11
120 217 20
470 378 5
16 415 8
387 485 1
280 304 2
174 67 2
284 305 19
387 106 20
124 143 18
472 87 20
283 79 5
103 419 20
109 358 1
312 4 6
184 165 20
202 482 12
455 144 17
225 71 10
405 452 1
59 103 7
411 86 6
37 63 1
55 89 8
251 28 10
171 159 16
140 352 20
160 216 11
324 271 1
275 170 17
147 331 11
358 156 6
256 314 7
321 453 16
183 166 3
292 324 17
480 281 6
111 280 8
448 219 11
358 367 9
22 392 6
157 88 2
121 88 15
255 496 8
202 191 5
376 362 5
295 201 9
285 38 2
368 265 1
145 391 9
291 166 12
494 71 10
235 25 17
117 114 8
35 400 2
353 358 13
202 223 19
301 147 13
330 252 5
164 166 14
202 86 17
497 405 8
443 190 11
288 276 17
121 91 16
134 401 18
395 464 4
325 124 7
69 221 10
353 309 12
114 309 15
407 325 4
270 3 20
59 465 17
182 383 15
88 437 12
80 261 8
60 177 2
429 243 16
465 346 12
432 439 6
404 357 9
316 451 11
323 461 12
269 140 6
93 201 7
208 184 7
267 192 10
223 126 3
418 316 12
144 103 3
299 34 17
429 379 12
216 158 2
101 252 18
441 288 8
69 417 1
443 133 10
452 358 8
239 408 6
371 200 4
410 468 15
454 410 10
216 238 6
204 483 3
174 313 9
237 242 7
179 383 6
493 472 7
152 416 15
141 472 15
136 265 9
43 23 1
350 134 2
91 270 14
85 424 5
298 101 3
251 338 11
152 255 14
216 64 13
449 292 2
30 415 2
369 253 4
359 138 6
264 380 17
342 37 7
79 94 19
387 445 19
403 208 6
311 314 17
296 489 18
412 109 3
172 408 16
497 117 10
453 494 3
98 79 15
233 420 14
173 81 4
241 74 2
101 70 4
161 204 20
54 463 15
323 204 2
116 281 12
309 68 13
417 447 13
74 384 17
248 247 19
305 337 7
134 310 9
85 242 9
298 467 15
242 11 3
348 273 6
39 401 17
85 307 20
282 104 17
362 294 8
181 76 10
158 55 5
127 320 10
32 45 9
43 379 10
261 19 11
188 463 18
347 398 18
345 85 15
459 383 9
194 161 20
95 404 16
15 295 14
124 14 4
107 58 16
358 207 5
315 239 7
407 347 18
38 299 12
342 439 15
368 233 1
150 369 12
256 68 10
144 138 14
488 259 3
377 129 17
249 420 18
67 469 14
66 73 11
248 376 11
307 487 3
112 67 11
341 344 1
375 42 6
285 438 10
139 288 11
212 159 12
166 386 17
471 37 10
148 57 8
45 295 5
211 392 19
478 113 7
34 272 12
294 128 3
131 83 7
238 265 20
67 349 6
259 435 9
321 127 16
276 80 3
187 254 4
411 201 11
136 189 16
384 243 18
98 37 15
149 374 7
44 392 2
350 444 7
190 66 4
159 173 13
42 257 11
133 469 2
203 292 17
30 327 14
54 16 14
379 205 6
83 219 20
251 492 20
321 295 2
228 413 6
112 116 19
18 140 4
296 231 1
256 496 19
452 457 15
271 18 14
105 421 17
342 359 10
223 275 6
400 288 4
339 53 14
284 174 12
28 439 13
66 35 11
217 72 16
208 203 16
117 292 16
458 72 15
3 34 12
302 152 19
235 203 2
266 85 18
431 317 10
155 380 11
59 336 16
82 287 16
426 305 17
282 294 12
307 141 18
450 405 18
150 113 8
298 390 8
171 469 20
294 251 2
169 195 3
83 74 13
202 458 7
253 281 3
200 452 6
66 81 17
428 98 16
333 22 7
2 173 11
458 78 1
147 56 1
333 433 5
92 320 12
300 305 4
173 370 2
173 219 13
444 267 6
201 366 15
43 327 20
467 183 14
424 224 15
164 315 10
251 453 14
223 419 11
309 268 5
329 203 5
18 218 4
260 341 11
95 150 6
281 91 18
165 466 12
62 320 8
300 29 12
359 133 8
449 427 1
370 84 3
112 70 18
433 176 15
342 192 16
387 425 3
483 445 11
89 228 14
107 66 18
279 409 11
461 5 1
98 232 5
449 119 6
179 493 7
415 274 6
368 240 11
112 325 11
408 480 12
6 100 2
289 439 1
174 441 5
229 78 13
242 385 8
193 444 3
132 126 15
228 332 16
320 372 10
272 244 7
76 494 17
208 80 3
427 203 2
476 51 15
34 394 19
239 310 5
405 488 1
56 251 9
12 299 5
230 21 9
75 65 3
301 446 6
81 479 16
487 134 15
420 418 14
35 320 19
101 291 19
109 299 19
383 148 1
173 359 3
123 239 19
487 153 7
156 234 12
23 249 4
24 195 18
460 384 8
293 375 8
158 322 3
295 258 11
265 282 9
47 175 8
285 447 2
177 22 15
255 494 15
374 299 18
384 135 7
285 409 17
460 74 11
236 290 7
448 118 3
217 16 14
330 325 12
240 275 9
495 482 13
62 215 16
363 215 7
370 388 14
325 26 7
393 306 6
429 380 11
498 123 14
422 464 2
378 453 5
471 24 11
111 110 7
290 208 14
26 235 16
67 254 19
160 59 7
325 318 3
259 119 13
176 230 19
26 297 10
109 241 15
307 495 3
84 77 10
414 160 15
77 248 12
420 391 13
274 226 12
161 24 18
222 129 14
253 420 5
393 338 12
353 152 7
153 409 15
96 43 14
414 75 2
305 407 14
58 83 20
416 263 13
272 446 3
367 404 11
369 462 5
50 454 5
149 44 14
313 459 11
282 342 5
432 56 8
273 402 8
459 192 12
399 205 15
373 141 14
199 292 17
142 301 6
500 277 4
160 187 7
428 322 7
150 163 10
258 422 13
251 181 11
280 426 16
159 178 14
419 15 1
484 403 12
202 142 4
375 382 13
274 106 6
297 93 17
445 289 8
302 49 12
466 374 15
91 17 2
12 386 17
35 199 12
132 161 13
311 492 17
321 271 14
327 387 20
160 238 4
372 98 18
179 402 8
184 31 3
24 76 14
26 359 9
170 115 15
51 110 7
5 322 16
20 184 20
34 131 18
391 224 11
294 328 5
244 436 20
221 417 2
145 287 17
272 490 3
144 334 9
397 110 5
342 302 12
448 453 3
478 305 1
263 142 17
443 401 4
405 74 16
316 184 20
80 77 18
287 403 3
482 479 16
375 488 7
223 255 13
15 162 1
324 276 12
366 147 8
436 348 15
82 373 1
289 46 9
419 39 18
57 216 3
12 396 3
326 303 12
390 272 2
390 19 8
88 449 18
467 191 14
388 51 4
298 135 2
154 481 20
29 16 16
221 101 17
388 260 16
416 448 17
429 1 19
266 62 11
500 402 15
80 366 2
451 326 7
400 318 17
248 486 18
33 171 7
168 101 12
477 122 9
373 159 18
12 151 19
16 45 17
430 275 10
164 347 20
38 377 14
60 421 2
69 75 5
74 65 15
485 90 3
309 428 16
255 318 8
184 2 9
152 192 11
99 497 9
29 43 20
306 462 11
118 217 5
191 270 12
186 94 4
288 421 11
40 96 16
428 229 9
287 128 18
186 203 18
359 291 14
151 475 7
287 91 20
55 183 14
487 334 9
318 415 5
470 449 5
185 489 6
327 331 3
122 195 16
249 116 5
361 433 6
260 64 10
31 361 10
128 70 15
437 340 5
177 229 14
452 80 14
314 387 10
331 85 2
74 325 19
307 260 18
252 353 12
252 1 2
19 361 6
476 226 11
184 3 8
252 207 1
488 223 10
488 446 2
252 47 19
298 169 1
37 338 18
256 226 3
287 265 5
154 201 9
400 47 18
57 251 7
221 15 4
285 391 11
356 9 9
155 392 13
498 500 17
272 282 5
398 163 17
57 411 2
181 13 15
53 462 8
184 337 16
112 228 3
457 150 8
252 154 4
131 466 15
423 284 7
26 197 10
336 427 6
426 401 11
388 256 8
53 412 3
75 326 8
281 452 1
74 338 12
278 235 18
243 468 17
227 116 2
98 178 5
415 55 5
223 402 14
418 332 1
429 467 12
438 392 20
438 265 1
339 316 5
106 3 20
1 371 9
91 51 10
266 214 15
447 240 1
396 392 12
496 450 3
303 378 2
353 132 2
456 379 6
464 470 3
429 331 17
227 213 11
108 26 13
79 43 7
150 498 10
471 252 14
133 2 4
239 11 19
34 89 7
328 47 5
443 3 16
365 72 17
248 303 1
482 395 3
103 82 10
266 130 7
205 451 10
68 39 13
289 121 8
307 344 16
275 69 5
488 55 2
108 12 5
47 494 12
179 257 19
18 253 3
375 130 13
289 417 4
490 383 1
140 473 15
418 70 8
179 322 12
481 70 9
253 165 6
58 306 5
2 425 10
492 471 20
184 493 20
40 479 12
288 38 18
88 281 20
28 193 18
166 99 14
460 202 16
367 409 7
47 348 1
169 298 2
82 22 17
260 56 16
404 330 15
236 228 18
442 148 3
231 280 5
247 343 12
120 43 14
453 389 7
449 472 15
209 189 16
231 129 1
109 352 1
227 25 5
2 223 12
21 200 17
406 89 4
457 323 15
332 429 14
478 399 7
443 343 4
423 336 19
307 144 3
56 427 18
486 43 12
74 386 7
292 245 9
62 476 4
145 414 9
205 17 19
257 106 20
426 14 14
491 465 17
387 35 9
319 447 7
308 87 1
271 191 2
12 144 11
468 387 4
342 213 7
139 488 19
127 110 17
171 386 15
96 138 13
21 386 9
58 405 14
91 350 15
271 30 17
453 184 2
101 373 20
430 174 16
88 72 18
212 109 4
466 166 10
462 300 14
389 314 16
152 26 18
365 205 12
427 280 7
97 474 3
481 363 20
232 64 19
440 350 14
281 40 19
120 21 8
413 220 17
283 107 20
356 385 8
159 136 14
196 352 13
307 256 19
181 323 11
62 369 17
476 473 10
141 161 10
98 412 17
324 281 10
61 375 15
384 452 18
120 174 1
161 371 7
247 290 9
287 1 14
190 51 13
361 234 1
198 223 1
366 125 3
350 117 8
90 470 13
62 32 1
228 452 15
438 152 6
21 335 6
258 361 17
181 493 17
297 269 3
472 197 18
50 151 10
413 456 2
210 365 2
220 175 10
393 447 6
264 334 11
215 55 7
431 194 16
105 79 19
435 13 4
63 191 19
73 371 12
285 278 18
40 79 4
186 242 16
113 452 7
50 434 5
158 346 15
194 439 9
293 236 17
374 4 9
242 366 5
423 8 4
123 374 17
422 130 6
99 25 7
467 150 19
136 264 20
252 81 3
240 48 17
463 190 20
355 322 6
148 22 18
456 407 8
382 397 11
464 402 1
188 156 7
341 268 6
217 235 9
485 368 1
482 442 5
297 26 17
451 266 10
296 439 9
499 224 20
176 223 20
225 137 4
416 423 12
156 173 1
500 186 14
185 470 3
5 83 11
402 108 3
460 401 4
156 379 20
477 180 11
205 464 8
292 495 10
8 414 9
28 148 6
111 488 14
313 206 12
165 128 5
38 403 19
92 188 14
489 50 17
405 453 8
146 429 13
215 436 4
448 19 14
86 43 15
161 42 4
443 497 8
264 351 13
410 283 7
306 23 17
428 450 17
89 22 18
476 350 8
16 455 11
496 28 2
382 156 20
184 138 13
152 70 10
158 270 13
385 355 2
331 480 14
109 267 14
215 388 6
125 400 1
94 327 8
392 30 18
265 224 7
17 40 6
351 94 3
369 341 5
64 361 5
119 179 10
354 189 4
144 192 20
468 158 17
497 180 11
261 440 5
484 62 3
50 329 18
368 464 11
266 436 14
152 96 15
245 379 15
152 398 9
88 237 12
321 247 7
445 5 16
174 360 5
137 374 1
413 252 15
413 299 17
87 99 7
378 289 6
388 468 9
355 31 10
264 299 1
163 186 3
158 155 20
450 154 6
374 476 13
486 379 4
191 99 4
218 59 9
366 472 15
156 75 7
422 277 1
409 419 9
139 499 5
192 295 11
15 83 20
94 241 16
9 218 10
99 303 14
407 439 4
312 416 6
5 127 2
285 457 3
432 150 13
259 188 13
33 186 8
42 449 15
395 481 8
216 490 14
270 371 9
391 75 2
163 76 6
468 185 9
188 165 12
436 56 6
282 197 18
70 369 10
219 215 12
15 139 5
292 17 6
286 13 12
465 91 18
161 312 13
490 375 7
454 72 6
263 415 16
282 160 2
324 54 14
233 113 4
390 46 19
447 47 2
336 240 4
5 372 6
76 155 7
37 466 5
132 144 19
372 322 7
103 315 17
136 448 8
495 404 17
96 141 2
312 396 10
229 458 6
301 264 11
291 216 15
125 46 14
8 57 6
14 144 17
500 478 9
243 356 18
57 140 16
162 19 12
95 21 13
447 368 7
181 229 5
16 125 2
192 7 2
466 437 15
144 257 5
79 293 9
8 364 5
193 106 12
172 459 12
108 232 18
19 325 11
2 222 1
373 336 8
170 446 1
50 409 2
424 335 16
390 109 9
470 77 8
485 440 7
116 399 1
481 7 9
386 394 11
405 396 12
12 452 10
255 20 2
341 425 15
394 431 5
489 347 18
250 226 9
164 12 13
69 6 13
360 335 2
425 31 2
102 292 19
423 446 13
142 124 15
424 254 6
110 67 3
165 458 7
478 39 20
268 20 5
225 272 8
391 246 7
146 219 19
247 472 3
78 432 8
436 118 20
450 74 19
66 453 5
3 313 12
236 398 6
375 495 7
210 172 9
312 182 13
68 53 14
376 263 16
285 123 5
485 496 11
153 134 18
458 437 15
37 158 2
414 290 13
483 344 13
161 489 15
468 330 9
41 474 10
9 87 15
125 48 12
113 369 2
324 140 18
169 494 10
83 164 15
212 51 2
265 276 8
324 317 19
432 489 13
457 199 15
347 253 4
150 452 19
72 448 10
229 79 16
340 474 19
115 216 17
253 166 4
372 64 3
293 408 5
199 49 8
410 395 12
111 245 19
374 47 3
145 412 13
211 363 2
405 318 1
263 229 19
370 378 4
463 168 16
484 28 4
460 303 7
144 154 8
183 192 16
51 420 4
251 155 19
49 181 9
354 183 15
403 106 10
383 469 16
284 292 8
217 114 2
317 63 4
342 444 18
200 94 9
20 163 17
437 26 19
414 54 11
477 299 2
130 34 3
38 87 14
233 314 7
152 236 18
155 309 11
419 160 9
20 335 5
164 190 12
112 380 9
32 422 14
328 294 10
190 273 17
294 88 3
478 247 16
133 9 11
480 95 9
56 490 8
325 266 12
335 274 14
92 322 14
487 188 16
147 271 11
494 302 4
403 55 12
28 314 14
487 462 13
133 470 14
404 40 18
97 79 2
245 27 15
252 464 18
325 477 17
344 200 10
28 316 2
436 76 10
156 426 7
426 435 17
30 71 12
408 226 9
245 461 11
179 118 20
442 401 17
354 437 20
136 44 19
366 42 10
224 67 6
109 300 16
477 202 15
397 458 1
81 103 2
207 432 9
483 38 18
222 429 12
294 418 20
125 78 11
66 154 3
312 102 4
247 468 4
83 350 6
344 80 12
231 197 12
479 302 15
14 89 17
342 29 16
294 139 7
194 175 17
328 300 6
221 85 10
125 363 6
70 185 4
473 75 1
276 133 15
255 89 8
9 198 20
369 228 1
69 382 4
263 281 18
49 13 16
52 343 16
89 64 10
28 65 5
327 26 3
36 489 5
27 447 13
239 17 8
246 25 11
154 472 3
193 261 10
388 491 11
436 85 17
416 214 4
311 255 4
275 24 8
390 477 5
166 455 6
134 8 12
347 282 6
88 181 4
289 17 8
343 278 7
458 77 20
155 345 5
111 426 3
491 206 3
429 73 2
135 300 20
111 27 11
208 64 16
274 381 15
166 345 13
267 493 13
295 282 18
355 147 20
10 467 6
170 257 15
261 243 12
198 84 17
128 112 20
136 447 4
170 305 18
241 276 10
350 286 3
479 49 5
459 476 17
295 10 8
267 78 15
454 430 4
91 24 19
192 392 7
452 483 18
357 161 9
343 174 3
85 495 17
400 211 19
414 453 1
267 366 15
23 296 3
61 57 17
63 103 9
14 372 20
354 58 18
246 263 14
249 103 16
375 149 13
51 157 14
282 374 11
400 338 13
182 426 17
89 353 9
380 279 1
498 477 11
86 328 13
250 445 12
80 434 10
320 123 1
381 374 7
230 360 11
290 380 16
42 340 11
289 19 20
61 313 14
196 234 13
309 280 4
49 74 20
138 155 8
217 204 18
206 37 12
79 262 17
221 491 7
436 165 19
195 411 1
39 277 14
405 239 12
495 254 3
117 469 14
325 307 5
498 260 18
17 44 2
194 294 19
176 441 1
433 332 8
97 477 1
12 50 15
252 448 1
82 300 5
262 314 8
445 220 10
82 429 15
106 144 2
384 228 3
335 382 2
231 334 12
448 277 4
118 51 19
481 477 19
37 421 5
317 104 3
21 332 12
391 491 1
356 211 4
478 311 20
353 59 15
179 340 19
316 224 7
346 199 13
131 180 17
87 178 17
411 473 9
291 415 9
88 162 16
313 495 18
332 267 10
224 294 14
55 275 12
378 236 18
205 423 15
296 155 2
251 341 19
489 361 7
474 333 7
373 349 14
438 283 18
400 321 12
361 181 10
325 89 18
434 443 18
77 334 18
26 215 13
477 99 18
96 172 9
280 171 16
220 234 5
236 286 18
410 225 12
8 418 15
115 118 1
17 166 8
362 413 4
74 393 17
157 265 3
133 463 9
270 352 8
414 278 1
496 265 3
73 128 1
205 234 10
316 110 6
245 8 8
74 421 20
489 186 5
184 199 20
229 124 10
361 219 18
38 183 10
406 39 1
369 83 16
340 182 12
159 140 6
39 369 5
103 102 20
51 292 19
393 317 10
245 249 20
97 256 19
393 27 2
47 177 19
444 344 12
44 428 14
64 452 10
482 288 10
46 319 14
401 132 14
385 121 4
167 414 4
457 399 5
333 125 15
77 170 14
383 72 9
296 424 8
177 203 15
164 58 16
350 491 15
149 3 19
385 282 17
113 76 4
103 206 17
324 99 15
411 415 10
78 172 5
174 28 13
321 131 18
38 53 4
112 123 19
358 245 20
340 310 14
371 354 6
112 391 3
233 295 10
272 141 20
254 327 3
321 431 6
89 9 12
261 152 10
468 450 7
173 117 7
290 199 8
276 151 19
277 250 11
120 8 13
476 159 19
46 162 8
335 79 14
359 440 14
160 478 3
86 457 6
274 499 1
416 383 20
284 149 18
220 185 1
96 134 14
346 170 3
331 41 20
55 47 2
327 383 4
369 82 14
184 128 12
265 308 5
343 93 13
98 116 1
143 364 11
30 26 4
292 460 1
155 120 5
213 226 6
73 110 4
29 141 2
44 143 5
496 62 15
473 481 1
230 31 16
98 131 14
12 324 5
412 211 18
406 486 20
68 271 13
277 436 15
230 62 4
213 284 6
248 340 3
390 404 18
344 235 4
173 432 15
217 95 11
97 370 2
247 186 15
179 42 4
470 467 5
129 415 3
229 113 14
14 300 14
13 495 9
360 327 13
142 332 1
290 56 15
172 467 17
332 4 10
493 244 19
155 482 9
381 141 11
173 97 1
455 290 18
412 24 11
40 470 11
348 162 19
12 431 16
469 133 7
140 351 12
338 368 6
233 307 5
483 472 19
202 133 9
415 136 8
310 196 16
110 206 11
409 114 18
321 114 6
379 491 19
487 425 8
236 367 19
344 87 5
167 130 14
341 339 2
94 435 2
175 388 11
326 124 9
296 451 2
301 202 19
258 164 14
248 262 10
80 6 1
189 96 3
129 190 6
116 362 12
217 203 20
136 439 14
378 350 9
387 384 14
9 367 16
128 118 7
455 222 3
284 138 15
380 236 9
137 298 7
44 125 18
252 73 2
179 26 10
273 57 6
277 172 9
448 66 14
203 439 9
99 387 14
454 331 8
120 361 12
49 217 6
292 409 6
445 152 13
233 164 4
387 454 16
115 409 16
202 498 1
405 60 12
408 152 12
420 131 9
126 414 4
158 166 15
132 358 9
277 447 16
174 26 18
213 382 16
209 133 9
258 400 4
88 159 7
182 348 14
155 110 9
329 376 18
210 277 3
227 377 17
442 145 11
21 103 2
201 298 19
364 1 13
397 366 8
51 16 10
8 50 17
245 9 9
11 48 6
181 126 20
465 148 12
476 197 17
251 58 5
230 301 12
457 340 5
317 145 18
453 382 10
441 261 18
282 158 16
266 132 8
76 490 4
290 396 4
298 51 1
393 277 18
161 49 11
149 20 9
296 268 14
11 95 18
375 361 17
97 405 16
489 428 11
363 3 18
291 305 18
45 486 8
88 77 13
464 181 8
440 40 19
211 411 16
164 115 13
356 315 13
468 109 17
151 376 14
344 81 4
11 118 9
226 349 4
447 8 13
255 476 15
179 113 15
423 414 4
417 234 3
377 282 7
26 115 3
169 114 3
353 221 1
33 454 8
29 75 11
138 371 18
339 365 2
163 157 8
280 467 19
159 102 18
175 76 13
369 494 1
88 440 10
99 2 16
182 68 4
14 108 17
455 465 10
370 77 8
206 71 18
333 31 3
96 229 20
247 356 16
191 271 4
351 345 20
387 213 13
18 386 8
63 351 11
275 213 10
25 397 6
37 3 5
219 449 20
133 228 18
391 49 7
346 224 4
331 13 17
354 207 2
444 340 16
370 431 7
308 495 20
260 383 15
11 489 18
51 458 17
35 151 20
450 111 4
349 172 15
365 66 15
469 17 8
206 214 13
280 346 10
90 366 13
204 277 6
476 377 7
381 169 20
365 433 7
488 261 6
308 277 16
348 9 9
475 381 12
87 308 11
183 395 9
494 189 6
489 81 13
344 488 12
156 27 10
375 196 18
380 285 8
308 10 1
231 11 20
165 28 18
496 385 12
271 410 15
387 61 14
448 269 10
264 308 14
265 34 10
352 80 3
500 44 5
135 107 14
299 370 18
497 436 8
309 108 17
371 129 14
210 361 18
84 441 12
274 482 18
83 349 16
20 220 2
9 374 20
386 365 9
19 363 11
15 296 8
149 427 1
272 24 13
73 280 13
211 179 3
262 40 3
405 83 4
167 40 1
7 412 17
273 108 17
3 464 10
115 179 16
356 324 16
230 242 4
29 236 6
385 317 17
386 254 2
50 392 1
227 375 14
197 463 1
282 421 15
129 55 7
251 375 10
37 425 20
131 82 15
174 190 7
159 328 12
295 192 17
230 82 11
34 262 6
315 22 3
422 418 1
125 347 12
77 240 20
288 23 13
130 374 16
183 384 9
302 495 4
274 382 13
4 253 15
316 399 17
320 128 7
252 112 6
480 328 11
388 409 9
150 175 20
3 236 7
473 52 3
35 175 4
450 315 1
245 329 15
361 284 13
398 346 13
315 445 7
453 248 17
220 18 3
54 20 7
132 260 12
325 278 8
325 167 11
180 175 4
175 54 3
343 327 1
405 175 5
292 131 13
268 339 5
152 365 7
321 39 13
410 65 13
363 289 5
130 322 20
159 294 16
448 409 13
440 326 5
452 435 5
414 397 8
467 298 7
345 448 13
1 232 1
347 158 4
127 173 17
406 417 6
38 263 9
48 300 17
243 483 1
441 232 16
265 487 17
136 297 2
323 227 17
334 385 5
192 270 11
290 416 10
239 49 4
362 204 5
12 392 9
341 293 7
123 167 1
35 493 12
53 27 2
66 321 1
382 169 8
229 166 3
442 147 3
340 93 13
373 66 13
473 311 11
240 422 1
154 279 11
254 116 15
104 488 3
108 384 4
286 296 8
363 172 15
78 183 12
122 247 11
58 71 11
80 140 5
411 337 20
477 117 18
177 193 4
311 453 13
257 396 11
102 276 12
393 452 19
458 51 5
242 488 15
322 200 13
57 309 6
153 454 2
135 228 19
339 389 2
384 20 15
287 301 11
281 146 3
2 399 7
176 261 1
263 388 11
255 393 18
213 242 19
298 23 10
459 429 16
404 485 20
117 11 8
155 425 14
494 365 16
41 432 16
442 233 17
375 190 15
274 369 4
303 255 20
131 444 18
462 353 1
386 79 19
351 238 8
186 177 3
384 245 19
203 442 10
31 114 1
152 39 16
215 165 15
103 97 14
344 135 7
344 348 3
440 448 4
430 270 8
87 460 12
389 284 12
178 265 11
132 449 18
423 275 3
109 252 14
129 133 20
481 461 16
307 421 9
49 155 17
437 435 15
14 482 17
224 49 3
63 151 15
400 486 18
183 102 4
461 464 1
259 165 1
19 160 15
192 122 20
300 123 17
15 178 14
121 137 7
458 57 5
389 45 5
52 424 14
194 94 16
62 70 15
76 432 5
314 344 1
270 296 2
332 74 3
437 368 8
148 79 6
224 14 19
293 209 11
222 395 7
235 204 7
469 340 3
110 457 10
197 279 12
290 12 1
306 475 8
14 4 15
279 293 1
299 1 4
300 375 11
424 452 1
189 388 19
313 355 5
371 50 10
217 220 17
313 426 18
443 333 1
98 210 17
69 142 19
66 467 16
472 341 5
217 45 18
333 55 1
6 266 9
179 69 6
197 101 2
215 346 17
117 2 19
95 151 12
383 438 5
319 185 19
245 331 6
137 265 2
308 130 17
300 175 5
186 155 6
107 206 15
38 476 11
126 52 5
139 55 6
482 37 14
157 51 14
46 263 10
315 265 11
307 26 19
10 473 9
292 415 7
392 296 3
232 405 6
12 307 2
220 491 20
487 59 13
128 14 11
439 124 18
399 190 17
123 183 10
462 325 10
371 38 19
319 190 3
43 494 19
277 424 6
193 270 10
408 38 16
163 193 2
251 487 10
117 204 5
369 158 11
474 339 20
479 169 12
441 436 18
162 279 20
153 3 6
314 392 13
121 111 1
398 161 6
432 398 5
255 180 11
91 326 7
276 79 1
277 59 18
330 426 19
107 264 2
464 121 2
360 378 1
392 13 13
192 118 12
211 460 4
59 203 20
114 112 6
158 16 11
393 440 4
279 171 3
392 361 5
152 20 15
480 450 16
59 39 17
111 496 2
257 364 6
186 410 10
19 111 20
323 421 12
416 37 8
159 414 17
59 258 20
140 22 11
74 307 10
488 183 15
179 183 11
398 266 19
6 210 20
490 374 12
83 305 13
357 248 4
43 162 13
92 250 19
3 388 18
27 251 1
75 111 18
1 356 14
468 183 19
491 278 20
157 36 2
355 410 17
484 392 4
238 465 11
304 156 12
466 319 4
42 416 11
366 8 1
144 468 9
287 396 20
31 354 6
290 36 1
47 375 20
173 338 16
424 88 10
327 395 3
323 77 7
464 429 20
85 136 1
340 476 9
91 285 2
344 126 7
465 22 3
287 50 12
253 497 19
19 212 19
278 19 5
471 116 7
53 357 15
102 76 16
202 459 4
412 218 6
463 121 7
137 469 8
251 282 9
45 79 2
377 439 18
26 453 13
133 102 2
334 293 1
144 123 1
235 21 20
10 124 18
319 95 19
198 416 15
449 215 8
65 319 3
282 433 1
133 304 2
218 417 6
295 425 9
346 197 13
80 205 17
188 460 18
22 490 2
413 465 18
474 158 14
221 199 11
476 328 9
152 286 10
82 435 5
39 112 12
158 311 5
472 152 2
449 365 11
340 409 5
124 362 5
289 455 16
29 187 8
79 321 4
144 84 14
9 226 2
15 401 14
204 296 2
30 344 13
495 340 8
40 168 10
293 410 6
385 249 5
366 484 11
499 392 13
229 323 9
102 162 5
70 482 2
400 80 11
155 472 10
287 389 15
250 347 7
393 325 8
213 335 20
306 66 4
143 356 3
56 210 13
461 150 15
329 437 13
164 247 15
124 150 19
450 206 7
61 97 2
53 376 17
194 303 8
194 444 8
431 88 4
239 27 2
11 98 7
346 357 18
435 44 16
306 40 1
5 102 6
224 95 9
215 122 15
397 245 14
327 38 20
230 437 3
369 209 17
478 447 18
407 262 6
57 487 10
442 289 1
476 381 8
3 68 10
351 258 10
442 217 19
187 27 10
18 190 15
268 191 6
203 252 12
266 287 2
475 336 17
161 425 18
77 302 8
271 31 8
151 3 1
30 125 15
280 176 10
164 318 12
66 330 7
457 296 4
365 31 13
399 202 14
242 345 4
232 347 13
303 35 13
323 186 10
218 238 18
293 362 18
24 435 9
290 10 19
69 65 17
255 437 18
350 492 6
111 5 9
382 141 11
399 305 17
201 58 2
305 151 18
213 380 5
85 114 14
353 457 1
176 498 14
457 460 1
430 338 16
280 370 5
320 143 4
75 466 16
103 312 8
195 201 4
367 31 18
312 170 2
222 62 13
166 268 6
243 475 16
140 449 4
269 2 3
402 62 2
286 207 5
225 51 2
467 261 12
361 72 20
381 318 7
430 25 11
173 218 19
453 335 1
368 350 15
329 204 3
18 476 6
26 484 2
203 249 4
4 181 20
289 202 2
263 438 7
3 425 6
188 186 15
253 250 17
199 348 12
9 67 6
355 141 6
293 26 11
286 44 8
123 323 16
214 486 2
140 88 12
455 451 9
198 481 6
58 26 1
138 150 14
46 61 1
181 255 20
413 264 1
491 182 10
261 313 11
86 22 2
147 413 14
106 303 16
313 386 1
474 63 5
469 322 4
233 388 5
358 346 2
495 206 5
410 128 3
354 142 14
196 475 5
198 314 11
200 245 19
483 260 8
178 324 17
36 379 12
465 24 8
223 373 20
217 166 17
188 173 7
52 346 10
251 490 13
398 27 1
201 183 18
239 277 18
159 196 19
116 171 16
144 178 11
252 181 11
340 170 1
33 477 20
287 267 5
28 334 15
152 409 14
447 482 14
198 332 8
111 113 8
409 393 15
446 129 3
313 492 15
266 370 18
463 377 13
364 186 2
345 364 20
38 481 19
76 105 19
140 256 12
26 221 4
14 283 4
18 48 5
391 68 16
281 117 19
55 109 16
359 328 17
96 219 10
358 249 19
454 418 8
411 87 14
200 264 12
262 100 16
82 143 19
372 426 11
421 35 14
422 457 1
404 268 18
33 226 20
78 136 10
236 339 1
12 82 6
111 239 8
432 216 17
412 401 9
402 286 6
268 348 16
91 382 10
354 138 9
452 227 2
417 407 2
247 2 3
85 378 16
112 302 13
395 138 2
379 473 19
342 136 11
419 287 4
334 46 9
236 340 3
438 166 10
57 10 8
128 32 5
498 302 1
330 205 6
432 10 8
129 159 8
51 314 11
196 320 15
340 366 13
470 474 14
35 107 3
399 256 1
298 125 17
342 273 4
316 373 19
230 398 11
164 221 10
334 245 15
264 431 8
330 360 18
33 201 15
16 161 16
175 381 8
444 204 20
212 264 19
91 132 1
55 188 10
11 380 15
334 11 3
111 349 13
131 477 12
102 318 11
129 228 14
215 174 19
64 442 3
383 163 5
43 359 14
282 38 1
289 31 9
11 131 6
448 281 8
133 27 18
94 415 20
396 431 16
322 117 14
310 149 3
426 183 9
308 304 13
366 328 17
58 41 11
383 428 4
10 191 8
23 82 1
304 283 6
276 111 1
103 16 14
128 373 20
412 125 20
454 390 12
380 179 13
195 263 5
405 231 10
391 260 15
92 147 1
313 306 16
275 280 3
11 366 12
44 120 20
142 315 13
408 75 14
130 368 5
339 413 17
301 312 10
281 494 10
371 26 19
89 380 4
205 297 1
459 83 6
137 377 5
243 409 18
498 334 12
263 323 10
186 337 3
373 388 8
358 14 17
156 349 15
395 141 11
22 203 3
269 98 18
267 453 2
412 44 18
111 202 10
362 116 19
205 239 6
484 141 19
250 242 13
185 109 10
94 319 7
415 394 3
348 363 8
438 177 15
407 241 6
301 175 10
401 56 11
186 403 16
445 215 12
7 314 14
382 419 10
434 325 1
238 19 12
10 138 3
359 103 14
493 6 19
67 144 20
389 49 12
93 21 17
296 14 11
439 92 19
112 462 17
9 444 3
312 162 3
217 416 16
479 50 8
370 63 3
275 406 15
383 408 16
201 39 5
356 137 18
173 167 8
99 161 11
494 452 12
425 422 17
456 117 15
466 493 5
448 174 14
311 322 15
79 57 18
199 444 2
198 125 1
59 193 20
207 191 2
444 231 20
418 443 7
268 126 4
113 478 5
332 84 3
340 129 10
383 87 16
37 276 20
381 98 20
23 248 4
328 12 4
56 288 13
238 123 14
12 387 16
38 17 12
34 452 11
101 294 14
418 22 17
378 480 4
113 291 2
399 480 3
236 235 2
378 75 20
47 17 14
378 18 1
214 421 11
55 72 18
488 197 4
432 41 6
487 145 9
191 394 18
367 454 10
63 47 17
184 19 2
376 115 9
240 483 2
79 120 3
407 200 18
133 267 6
50 500 19
444 383 5
412 241 10
337 180 15
420 312 18
380 187 12
421 187 2
170 416 1
23 139 5
361 475 8
195 135 19
323 245 12
455 152 15
179 496 5
295 184 10
213 61 5
298 205 3
497 36 18
35 171 5
427 467 19
491 480 4
236 386 7
153 262 1
170 294 3
362 458 11
373 319 11
478 142 8
41 479 12
491 53 3
128 467 8
402 40 2
326 486 1
342 208 6
225 151 20
158 494 14
247 232 18
266 198 19
190 238 18
182 364 6
331 287 5
214 328 18
315 5 17
172 353 1
276 293 15
453 181 7
37 40 18
388 269 18
397 183 8
194 318 9
77 475 2
166 50 12
37 84 9
116 96 19
494 22 14
442 405 8
58 267 8
80 174 6
108 9 3
146 457 6
491 292 7
282 15 3
409 405 7
399 338 8
169 492 13
73 289 8
32 64 4
455 333 5
59 211 20
314 34 7
433 34 6
287 361 14
430 399 13
158 3 1
107 428 7
182 127 20
32 119 18
21 110 2
195 95 7
461 348 17
496 26 20
175 129 2
231 360 9
286 98 1
331 106 5
149 39 17
371 254 2
53 257 7
26 493 16
453 352 6
113 131 11
231 418 20
258 9 12
342 176 14
331 206 19
25 82 12
405 55 15
151 218 19
385 268 8
489 387 1
338 197 2
453 53 19
356 474 20
184 490 8
377 434 6
229 414 10
222 44 11
259 479 19
487 93 16
330 181 15
473 238 7
298 279 5
184 263 13
173 451 13
425 34 17
39 89 17
101 21 16
378 111 16
488 15 9
112 456 18
121 19 4
99 462 3
120 328 17
246 385 10
295 226 1
382 464 2
341 125 17
292 435 1
483 355 18
218 32 19
86 473 17
304 94 5
399 470 19
169 32 8
235 352 9
306 348 5
231 141 8
470 163 13
343 80 10
347 38 20
288 239 7
464 473 6
196 101 6
86 438 20
50 230 16
204 111 3
104 470 19
429 199 3
99 244 16
35 71 12
493 23 8
111 385 4
110 357 10
11 37 3
19 250 16
21 53 3
477 402 20
443 478 20
141 70 14
46 66 3
405 6 1
58 471 11
34 206 14
72 464 17
409 302 15
45 199 12
410 272 7
289 105 10
459 196 7
335 386 4
469 317 10
262 360 17
121 394 20
156 278 13
452 33 11
396 243 6
486 44 5
368 22 2
278 293 9
264 181 5
132 19 4
10 141 16
416 362 2
100 175 7
137 143 7
285 201 20
221 447 17
384 363 10
425 166 17
386 275 6
283 404 11
97 297 13
134 230 4
367 117 4
139 145 4
452 319 3
6 344 5
381 347 16
129 366 16
125 329 20
180 167 6
6 284 1
126 95 3
434 398 11
410 19 8
34 492 4
420 497 6
480 471 6
6 12 17
468 189 10
394 103 7
487 240 6
475 439 3
338 336 6
253 92 20
118 289 8
172 164 11
21 41 12
15 448 2
194 156 1
358 37 16
410 275 16
87 441 17
261 129 18
433 421 2
219 164 1
421 2 19
402 168 17
228 340 7
208 231 9
481 126 1
234 173 9
80 347 6
477 241 20
432 307 19
448 311 3
165 34 14
485 384 20
339 128 15
480 210 1
24 259 3
246 100 16
300 148 14
490 28 16
92 166 19
366 303 11
262 424 18
389 408 4
350 33 3
221 96 14
44 359 16
81 301 17
65 483 16
496 327 7
325 41 17
481 358 10
192 67 6
400 427 20
426 260 1
41 279 19
200 49 6
457 304 15
227 191 5
387 132 8
445 403 15
325 110 3
464 254 12
276 236 5
260 79 11
274 149 17
346 10 11
462 240 17
194 31 10
191 37 20
115 49 17
109 489 2
188 447 12
306 491 4
337 40 12
345 481 10
439 80 10
162 41 11
498 447 5
258 368 1
435 411 19
330 60 8
62 321 12
404 91 9
255 366 5
60 162 9
465 340 9
296 40 12
192 275 15
442 212 4
96 414 12
385 109 5
383 187 19
189 458 11
123 134 18
165 150 18
137 302 2
425 140 8
233 341 15
498 306 12
47 160 7
186 462 6
435 223 11
373 264 2
426 56 14
105 162 11
65 139 4
80 460 20
169 453 19
239 109 6
58 103 17
292 159 5
268 401 11
244 270 20
190 178 10
133 298 11
335 272 17
299 137 4
125 193 9
127 446 1
437 324 8
25 323 1
481 342 14
417 207 14
270 180 1
238 298 15
244 311 15
295 242 18
303 256 3
148 443 14
93 160 14
176 306 12
336 57 16
124 156 3
373 309 15
364 332 17
133 105 14
117 372 16
273 98 17
376 341 13
293 192 17
241 229 3
254 61 18
315 165 18
20 354 18
446 187 19
213 413 19
334 251 13
307 346 9
315 102 12
193 219 8
144 423 13
224 348 8
285 3 20
249 362 12
493 262 5
493 231 1
139 278 11
267 375 10
202 255 8
79 113 6
113 71 5
346 499 11
371 489 19
292 314 12
290 122 14
132 327 3
376 499 17
494 459 9
205 317 10
143 341 15
447 124 19
481 432 20
58 206 11
481 251 11
217 191 9
325 482 16
356 190 2
425 167 4
213 48 8
297 216 14
459 43 8
261 20 13
387 162 10
223 46 11
154 450 10
199 159 5
188 329 14
326 463 3
232 441 14
442 108 2
295 403 18
32 236 13
397 228 15
92 495 20
469 238 5
215 47 12
454 499 20
470 265 15
43 24 3
391 73 5
287 401 17
103 352 14
60 243 17
326 168 15
156 176 13
191 414 16
284 198 11
179 122 7
7 402 8
287 209 5
38 401 16
195 294 6
71 328 9
229 236 7
11 469 20
240 253 10
399 225 17
369 307 18
131 358 17
469 181 20
40 469 11
435 300 10
174 436 15
497 485 1
62 295 16
280 75 14
458 385 3
128 314 8
247 178 5
140 413 8
463 430 8
364 135 11
272 495 17
216 405 17
474 189 3
433 94 14
240 390 11
238 393 17
418 422 17
182 101 14
78 164 10
241 291 1
418 245 15
384 469 13
401 105 3
218 53 19
114 317 4
427 199 5
496 312 4
3 439 18
8 432 13
479 263 18
179 181 2
223 267 15
259 212 18
301 321 14
474 398 20
450 327 3
358 136 14
145 309 3
328 430 17
301 157 1
215 482 15
15 5 10
111 82 18
136 467 3
61 340 3
69 74 17
287 241 7
206 393 5
365 384 5
422 368 8
445 360 11
419 439 8
369 356 7
178 412 20
298 192 6
449 387 11
235 134 4
486 496 3
380 409 18
40 453 13
469 314 6
251 261 6
287 126 14
343 78 3
48 94 14
360 469 1
59 277 20
370 440 15
8 410 9
402 321 7
473 67 12
198 129 11
380 169 8
445 246 10
471 444 8
432 464 10
250 457 8
94 235 18
108 216 14
383 453 3
10 175 16
297 393 13
354 90 6
21 240 15
201 362 1
339 200 14
238 25 7
241 252 13
462 226 13
104 227 5
2 211 15
70 157 19
165 387 10
381 294 18
8 253 1
109 18 5
331 132 8
500 87 11
100 184 16
153 394 17
495 459 12
300 132 16
272 185 10
431 112 5
363 270 19
67 167 11
294 410 4
90 210 16
82 229 1
34 73 17
492 305 19
248 423 5
106 200 9
81 84 16
220 146 17
490 13 13
316 96 7
157 310 13
460 270 9
204 305 18
386 14 12
386 115 10
280 20 19
364 82 2
177 281 1
94 321 19
68 120 10
341 152 13
83 483 16
178 113 16
357 121 13
369 55 16
264 96 10
165 323 17
150 173 17
109 397 6
336 480 19
167 355 1
40 386 3
362 212 10
114 281 20
138 421 15
59 199 18
211 180 14
296 498 14
314 19 15
471 185 5
186 164 5
60 119 10
85 394 16
434 289 2
17 425 14
74 165 1
157 415 5
283 50 11
295 431 17
31 80 13
208 131 1
315 455 18
45 389 18
195 410 7
5 413 3
10 260 1
256 458 3
395 48 1
190 277 6
255 399 15
189 67 7
49 438 17
120 200 20
154 15 11
171 130 1
256 110 2
247 321 14
203 246 9
204 477 13
20 330 18
347 446 12
278 247 18
78 333 19
8 280 4
354 28 6
295 249 16
312 468 10
384 258 11
255 299 3
85 267 15
204 318 14
482 383 17
167 332 5
372 306 7
292 342 5
118 256 16
404 104 20
217 342 7
13 207 11
253 220 1
413 144 18
69 321 18
471 1 18
226 164 5
442 290 2
129 489 16
483 248 13
344 472 15
296 340 5
202 85 3
421 333 6
223 225 8
277 205 11
225 105 10
191 8 20
134 311 5
182 384 15
63 341 9
93 210 13
74 370 12
156 356 14
249 461 14
98 386 6
17 233 7
372 120 2
357 1 5
121 452 19
44 417 6
374 302 20
76 441 5
121 125 20
386 2 11
425 254 17
228 123 6
290 99 9
266 485 16
256 331 14
448 468 16
159 402 4
221 374 17
157 487 8
348 324 2
89 476 15
261 258 16
431 375 18
407 392 3
392 460 14
307 365 14
315 171 14
24 77 20
330 255 19
67 64 15
483 468 5
296 433 6
9 224 14
17 310 10
314 420 11
255 70 13
334 261 11
212 176 3
176 210 2
216 84 9
126 20 17
145 42 11
354 242 6
326 354 1
177 129 14
388 157 5
278 127 3
125 63 16
457 31 17
272 356 18
143 400 5
382 135 6
14 158 5
4 73 15
132 248 16
473 426 3
500 55 10
447 477 12
24 140 3
261 116 18
176 115 7
265 413 13
323 127 10
383 13 7
223 42 2
19 77 20
328 467 10
444 275 13
441 111 20
298 14 14
172 51 6
324 282 13
150 436 17
212 346 1
495 50 10
220 62 16
256 343 3
393 439 8
490 214 13
334 258 11
60 329 13
97 166 16
48 403 8
251 479 8
450 447 10
471 182 2
94 87 14
369 455 14
228 145 14
300 129 14
172 433 9
254 263 11
475 197 14
463 269 2
100 447 7
313 6 7
340 351 7
66 290 4
433 341 5
170 103 18
297 311 13
417 309 6
249 59 10
299 356 11
93 187 15
265 326 12
156 136 19
163 455 19
95 276 14
301 55 3
181 304 2
287 290 19
303 66 11
361 179 18
391 418 9
150 277 14
51 2 1
377 95 13
141 457 10
474 368 3
140 482 7
49 223 19
16 301 18
46 112 10
144 410 5
396 240 14
173 337 7
222 230 17
28 73 6
281 414 19
181 422 14
219 128 16
55 88 6
63 393 19
164 223 13
194 382 13
401 83 10
20 97 13
337 263 9
91 281 8
22 231 14
102 137 7
286 159 4
200 100 19
47 386 18
352 375 20
322 325 3
256 340 15
216 431 17
328 212 8
320 415 3
334 301 2
444 48 5
34 54 14
230 184 10
213 148 3
13 195 2
10 405 10
181 57 5
357 25 17
414 226 16
123 46 12
403 172 20
309 421 20
144 465 11
279 373 1
327 65 20
126 200 14
253 383 10
261 322 6
323 270 12
271 439 20
435 250 18
364 248 7
56 4 6
461 272 16
482 75 14
458 48 16
359 142 7
482 396 1
349 341 16
52 153 7
203 225 6
492 276 17
37 184 5
385 454 10
16 259 8
453 75 7
221 113 12
371 430 8
136 172 5
433 453 19
72 47 6
426 394 3
422 34 17
119 449 6
55 23 18
306 6 12
309 379 7
303 197 15
136 229 4
226 361 18
464 221 9
431 81 14
272 76 20
451 431 8
411 194 12
99 153 19
264 168 12
144 49 13
241 45 3
107 472 12
328 352 17
309 500 6
218 471 10
249 220 19
85 203 2
37 485 9
224 252 8
100 272 9
77 275 15
212 237 17
242 241 15
355 24 18
367 15 8
226 82 12
220 363 20
458 454 5
462 434 7
314 494 19
490 331 14
425 347 10
416 114 19
155 168 18
186 433 3
449 112 9
167 75 16
155 259 15
194 202 1
175 239 1
87 72 16
453 350 5
147 388 6
442 153 8
254 159 13
244 87 16
18 3 5
136 249 17
346 194 6
364 124 13
158 374 18
311 394 10
87 249 10
433 398 17
169 49 14
167 256 8
126 64 10
335 402 10
340 70 10
450 294 13
482 368 7
142 283 12
273 306 8
202 313 2
450 487 18
26 392 16
292 473 18
496 197 8
9 217 20
209 367 12
302 156 5
318 378 1
459 340 20
193 399 11
475 304 18
113 21 16
284 64 16
363 343 4
214 227 20
25 461 14
122 51 17
110 483 9
223 147 17
94 433 4
430 358 20
449 177 18
301 451 10
283 448 6
4 465 10
487 189 9
479 150 14
71 164 14
325 334 15
345 194 2
17 15 18
333 76 3
275 262 17
315 360 19
73 341 9
441 273 10
78 247 4
397 2 5
140 81 8
473 129 8
467 381 12
74 475 17
45 134 11
205 347 2
32 224 11
322 378 20
372 220 14
134 126 3
297 495 18
306 444 8
106 209 13
159 306 17
66 162 10
309 305 18
142 169 16
418 385 8
362 261 7
71 484 11
83 435 10
128 258 18
214 60 20
460 433 20
407 80 19
463 284 6
140 328 13
201 364 13
321 316 16
98 422 10
385 149 20
345 145 17
386 60 20
217 495 1
445 137 12
385 29 3
239 363 1
330 367 15
258 272 11
118 62 11
432 491 9
198 175 11
172 252 1
289 60 5
218 377 8
3 334 5
127 377 12
9 370 15
394 457 6
197 322 11
19 206 8
387 210 18
309 311 17
299 264 10
384 353 20
384 467 17
157 481 3
344 91 7
203 337 14
332 153 12
168 369 13
68 430 8
350 352 14
172 175 2
45 102 10
392 442 18
157 443 7
269 197 14
140 313 8
341 218 7
434 169 13
160 9 19
370 199 2
228 384 8
109 393 20
435 354 6
70 297 17
163 272 18
263 179 18
161 138 14
46 387 8
107 449 4
259 46 18
167 81 1
411 196 16
26 415 9
318 34 15
87 394 17
17 78 8
233 395 7
145 223 3
439 75 4
313 115 1
217 447 12
80 207 20
436 50 19
204 396 15
468 94 14
236 46 15
354 301 9
369 365 10
320 24 8
205 213 16
46 136 9
472 372 11
218 167 2
366 153 10
304 426 10
174 139 17
391 104 7
118 421 7
248 182 18
196 370 9
249 345 5
355 84 13
19 448 11
269 129 7
126 473 8
223 340 5
154 379 20
318 484 4
385 88 3
26 122 8
286 118 9
266 263 12
232 477 11
481 230 5
482 229 6
480 449 10
318 391 13
110 219 19
77 270 20
85 499 13
214 140 8
108 133 19
157 426 19
255 23 7
378 154 19
318 168 8
469 169 1
136 470 6
342 410 8
214 479 4
320 173 3
268 293 13
454 196 17
436 495 16
266 403 9
267 240 13
149 243 17
446 471 4
353 218 16
276 344 19
364 384 19
455 32 3
242 285 5
203 178 15
320 84 6
499 360 19
241 25 2
242 172 9
259 329 10
220 450 8
211 289 6
239 396 16
269 77 19
351 168 17
146 256 10
142 216 12
273 492 16
498 314 5
295 115 16
469 432 5
98 372 5
350 323 14
268 48 6
409 318 11
464 438 1
396 385 6
349 147 15
159 391 4
8 451 11
109 261 8
94 181 18
210 482 18
107 119 2
439 155 9
255 442 15
255 92 19
238 329 4
302 66 4
407 107 11
182 421 20
209 414 7
485 25 12
261 225 1
286 314 11
263 487 15
217 23 13
268 57 20
261 376 9
391 150 19
32 294 7
286 189 14
403 375 19
469 299 17
199 39 12
255 204 18
111 394 20
91 47 2
155 125 4
215 305 15
79 290 7
234 124 10
208 190 19
277 469 9
29 160 18
144 489 17
264 4 1
294 48 5
431 16 17
212 2 13
135 308 9
296 80 2
159 441 4
27 322 12
430 196 14
208 336 15
223 260 8
277 96 10
482 447 19
240 207 16
181 334 3
228 321 18
435 457 3
245 422 12
142 50 10
199 308 20
10 370 3
457 155 8
287 53 12
479 493 10
11 208 3
277 327 14
242 83 15
478 301 4
25 80 1
276 329 9
424 44 5
256 299 15
442 296 12
385 477 15
166 82 11
150 341 4
443 13 17
271 339 10
127 374 13
238 371 19
220 451 9
349 454 10
267 310 18
288 36 19
53 169 11
180 398 12
323 48 14
350 283 14
88 336 13
492 278 15
188 373 2
484 196 14
285 263 4
350 367 9
448 167 9
416 449 13
304 400 2
365 119 16
148 209 4
375 477 12
180 104 9
312 370 17
68 143 11
385 287 15
1 46 1
190 274 18
449 213 17
306 281 10
71 214 12
10 214 2
212 194 17
323 3 15
209 445 8
93 346 6
338 78 8
168 153 2
93 397 17
246 205 15
454 344 11
90 11 6
406 159 1
248 26 19
209 425 9
388 244 8
77 88 16
89 239 5
187 197 10
339 382 8
205 251 18
40 184 5
337 387 10
317 350 10
52 215 10
120 265 2
85 138 19
363 272 18
360 279 4
424 66 6
245 425 15
382 106 4
499 377 14
75 174 1
149 181 15
204 249 14
47 463 18
88 4 10
331 118 2
178 142 12
36 338 20
278 292 20
456 120 13
225 452 13
13 12 4
166 364 16
480 396 2
477 71 12
375 136 14
204 281 18
390 295 6
171 97 12
226 183 12
295 141 19
480 96 14
228 113 5
211 381 13
388 402 16
36 367 2
327 409 14
220 294 4
397 339 5
315 180 7
419 188 18
401 487 14
364 406 8
408 387 1
332 11 17
403 386 15
144 294 12
486 220 5
404 209 15
100 200 17
345 132 16
227 314 19
87 127 2
94 468 2
215 220 18
347 290 16
177 23 11
356 486 2
59 295 3
4 94 19
124 253 3
14 380 5
419 313 9
472 316 1
41 337 10
315 405 15
330 441 2
345 177 18
467 25 18
257 159 4
294 342 6
484 453 17
158 218 6
367 92 7
418 112 19
342 437 16
47 112 9
296 182 3
259 322 15
226 176 3
217 209 13
8 96 18
32 453 6
296 66 15
295 347 13
425 235 11
42 496 14
172 360 1
12 235 7
252 474 18
340 115 10
440 44 4
166 321 19
423 79 10
198 232 6
226 190 13
201 286 14
426 487 15
15 209 11
143 496 19
51 192 4
262 456 13
246 271 6
407 284 5
211 435 1
431 349 11
353 50 3
230 60 1
145 418 14
297 250 18
121 480 10
475 27 5
91 433 4
359 247 5
489 228 11
366 54 19
124 39 13
103 435 9
119 187 17
402 266 7
476 385 3
69 252 13
87 491 4
113 302 3
114 418 17
70 363 15
325 394 8
427 61 20
344 114 10
290 431 11
395 107 1
292 166 8
293 62 15
112 147 11
354 180 6
187 457 7
483 336 15
55 339 9
299 208 14
310 240 14
242 417 9
475 2 15
84 229 8
440 138 15
172 165 20
277 61 6
349 414 3
467 96 14
195 141 1
329 394 12
37 475 20
135 329 18
194 341 9
189 260 5
357 191 16
192 497 10
352 288 15
78 95 17
122 489 15
70 259 4
284 449 19
384 29 15
387 288 15
422 103 4
130 201 15
107 480 4
109 185 19
446 377 11
479 452 19
425 345 7
25 426 19
61 49 11
251 312 10
158 312 16
108 13 20
140 479 16
348 453 11
388 354 19
366 271 13
305 228 4
208 431 20
391 489 15
200 370 14
488 319 10
254 469 1
25 13 10
383 119 9
50 137 8
46 64 14
320 272 4
443 42 3
403 222 5
73 204 19
429 468 7
70 466 12
408 185 8
182 169 9
83 324 8
342 182 4
61 208 12
284 84 2
137 174 2
154 78 11
392 370 14
372 66 19
246 284 11
308 69 8
407 224 7
473 90 7
112 32 1
362 210 5
182 344 5
75 37 2
70 230 10
231 15 17
262 409 15
438 493 9
227 195 2
451 428 10
84 304 9
453 213 5
409 195 7
198 158 11
30 492 19
428 287 5
155 174 17
51 486 14
373 170 1
385 332 18
443 488 1
313 244 5
352 483 20
105 375 6
264 259 15
351 336 20
397 306 2
58 360 12
424 249 15
257 66 2
249 91 12
324 498 2
244 397 4
369 489 17
246 86 19
126 122 13
61 188 6
473 433 10
172 303 4
213 203 14
500 375 18
371 403 20
284 346 8
249 496 18
462 341 19
330 458 3
112 323 11
247 260 4
196 409 1
353 18 10
72 307 12
454 298 6
78 204 11
82 29 6
136 233 14
500 219 9
299 236 8
131 271 11
44 292 19
283 473 13
157 167 13
51 203 1
182 322 14
489 124 18
315 395 3
6 183 4
290 27 7
215 154 9
185 423 11
146 187 13
181 315 2
40 439 1
350 325 14
13 429 18
320 435 5
87 96 14
448 27 19
168 423 13
41 174 19
434 218 19
448 416 11
410 243 6
428 274 4
227 129 9
494 485 10
182 492 20
423 29 14
72 296 11
295 142 8
360 115 16
245 405 2
144 137 6
86 170 15
46 98 9
473 383 9
63 36 18
268 421 10
181 209 17
420 452 13
346 263 1
468 87 3
411 206 9
78 342 14
339 401 9
71 174 12
237 352 18
322 394 14
157 43 6
39 376 8
124 241 14
44 445 2
37 462 10
130 422 13
36 267 5
37 24 5
441 387 11
227 162 5
338 20 8
367 200 7
469 54 5
167 180 19
300 255 9
185 13 19
169 264 16
71 138 1
233 440 16
8 252 10
142 172 13
294 408 3
122 245 3
402 34 17
232 447 19
434 358 14
425 222 10
241 104 19
453 121 15
362 110 20
483 238 20
34 327 16
45 435 12
211 88 3
246 80 13
294 45 17
453 331 2
3 499 17
140 118 5
61 231 3
65 361 20
118 459 4
15 458 4
295 24 14
98 465 18
189 375 2
50 459 20
369 406 8
413 29 15
349 92 19
239 68 15
174 467 20
367 176 9
452 220 17
22 412 20
379 221 4
54 48 18
278 427 17
82 344 19
256 348 15
414 154 13
70 7 8
155 499 5
467 55 14
374 454 7
228 148 15
111 351 12
496 20 17
364 51 4
45 128 10
132 478 10
319 495 17
115 463 7
416 434 14
79 280 18
167 328 11
18 259 15
119 376 16
127 39 1
449 22 9
273 407 10
12 94 1
69 47 16
391 374 5
189 74 15
438 315 2
160 96 15
428 488 9
89 258 12
262 494 17
26 28 16
415 242 16
497 292 17
416 305 20
271 324 20
28 351 15
134 103 11
431 281 11
404 371 16
355 343 15
5 94 14
3 157 9
94 15 9
111 83 11
49 140 19
99 365 5
113 224 20
406 84 11
80 324 4
350 57 2
140 349 18
27 330 18
257 19 2
14 20 12
378 96 16
16 215 19
467 116 12
383 371 3
357 197 2
214 204 7
225 218 9
182 82 18
376 244 14
316 139 14
153 406 7
335 389 15
9 474 13
154 262 5
153 24 10
298 187 5
436 6 12
42 159 12
409 351 18
16 34 1
496 70 12
247 10 15
183 323 3
203 443 7
167 272 4
308 101 18
238 372 18
48 219 16
426 304 3
382 98 11
462 61 13
120 96 9
141 95 7
179 485 10
99 427 4
432 322 18
425 58 12
403 10 8
404 168 5
68 189 17
253 365 14
237 162 11
449 454 7
255 360 4
456 16 8
354 298 17
361 106 19
246 252 2
484 101 1
367 305 9
319 429 15
103 154 5
133 264 6
344 294 4
161 454 15
104 7 16
349 224 15
346 385 9
331 420 20
69 129 8
416 402 12
285 484 3
250 96 4
75 71 8
248 160 8
228 122 16
211 432 5
20 447 4
369 168 8
3 251 12
148 392 17
103 211 7
102 350 6
499 401 18
166 125 16
454 110 13
77 68 5
337 420 16
255 363 20
397 109 16
137 402 4
174 70 6
278 328 7
97 400 14
83 478 20
109 374 10
316 471 14
283 344 13
85 149 2
28 246 6
254 346 1
470 252 13
31 160 6
213 128 5
239 360 16
151 394 4
146 401 9
20 460 18
118 143 13
275 307 2
472 163 6
137 17 2
168 378 6
206 46 9
360 414 11
60 418 12
469 447 10
251 408 17
171 86 9
495 42 13
195 316 9
417 357 14
495 267 6
475 433 6
399 33 15
173 467 18
267 317 5
119 23 7
372 260 18
280 215 12
92 350 5
263 443 2
50 177 7
208 109 1
18 309 7
284 242 2
424 277 11
331 290 7
96 151 17
2 280 19
469 365 19
177 411 7
446 466 19
485 131 12
380 280 1
259 176 20
312 264 13
208 341 7
436 318 9
286 221 4
269 303 1
291 111 8
383 357 20
45 314 10
371 317 13
264 235 10
160 466 19
317 247 9
273 491 13
355 220 7
494 285 9
214 138 14
13 242 3
339 37 18
186 84 16
484 99 6
225 8 19
230 488 5
346 394 7
312 262 14
410 271 8
228 11 8
9 256 20
423 164 20
381 401 17
323 476 2
448 152 19
238 323 8
431 444 10
6 311 7
469 20 9
227 459 4
113 194 3
491 5 20
132 254 8
432 23 20
166 251 1
134 48 1
12 29 8
204 202 11
486 310 2
409 353 18
53 10 13
64 138 12
380 399 11
43 37 17
132 173 19
477 281 6
5 417 14
193 340 6
445 356 4
375 46 15
246 279 19
252 406 17
21 188 3
427 7 19
282 189 18
100 20 13
342 207 15
4 376 2
302 96 2
88 122 5
180 294 14
199 489 4
262 304 6
491 445 5
465 485 18
101 383 2
157 46 8
67 292 18
273 373 4
403 12 11
323 259 8
166 423 16
328 307 8
396 329 14
156 54 8
496 167 12
332 327 8
442 192 5
164 357 18
6 425 7
307 165 3
315 409 15
30 266 3
316 305 4
372 480 12
144 359 5
462 268 2
402 447 11
377 430 3
330 361 9
408 433 18
86 76 7
41 13 20
413 37 4
77 151 18
410 457 7
403 17 10
173 269 20
365 11 20
243 336 18
240 134 4
390 27 2
259 485 17
486 1 16
371 8 15
68 254 18
216 3 18
378 479 6
115 143 11
369 100 5
26 443 5
141 73 20
59 274 1
408 34 5
253 112 1
102 257 6
120 472 15
331 151 5
87 436 7
239 195 16
314 247 10
236 198 8
339 352 2
420 90 18
179 490 12
366 408 16
213 57 10
144 131 20
444 378 10
244 170 6
47 284 13
422 354 11
28 249 4
472 15 4
24 61 12
360 344 16
15 92 5
36 350 9
366 378 13
270 475 6
6 69 11
356 479 20
217 303 9
76 28 11
402 486 14
297 281 10
499 81 1
407 11 9
299 487 10
90 26 3
488 151 4
5 300 2
43 90 15
207 222 12
47 350 7
174 114 1
331 128 14
292 222 2
498 130 17
91 479 5
247 136 10
85 459 9
49 234 20
356 297 9
319 120 10
342 441 9
307 447 5
67 394 15
28 326 2
221 94 18
215 242 3
37 217 5
145 388 8
128 195 8
419 86 4
243 182 9
416 12 12
393 105 7
285 146 8
198 349 16
348 45 2
303 59 14
297 18 11
334 371 1
444 138 10
251 2 13
232 446 1
359 378 5
252 435 7
187 150 4
57 343 16
478 386 5
271 484 5
301 227 18
280 318 7
91 109 14
100 468 9
41 383 15
357 379 14
323 285 15
203 13 15
407 84 17
197 318 12
91 139 14
208 331 3
371 190 4
383 182 10
161 36 17
469 1 10
3 52 6
334 331 12
192 246 14
353 288 5
297 381 3
391 160 11
22 124 4
444 451 16
78 42 4
438 478 17
95 213 7
457 429 11
212 111 8
390 250 2
29 259 9
226 500 15
225 200 4
127 251 10
195 392 16
355 448 8
486 442 14
412 181 2
152 209 14
17 429 5
136 487 10
179 111 9
80 254 14
251 290 15
332 426 18
341 185 12
111 470 18
201 466 19
475 488 5
20 471 7
234 288 2
271 81 5
416 191 9
11 148 12
221 73 15
372 294 7
205 227 3
411 70 14
297 466 20
62 184 8
322 196 16
256 476 14
14 312 13
191 438 1
261 143 15
406 370 14
457 207 14
431 51 20
411 130 5
434 415 1
53 47 20
283 377 5
439 39 18
481 313 13
210 87 11
53 436 7
321 333 5
132 306 14
148 310 4
69 477 4
137 344 7
142 69 20
254 59 17
339 484 1
204 500 19
94 17 11
303 405 20
129 495 3
258 479 13
23 408 4
200 280 16
482 111 4
87 41 15
295 211 2
239 496 9
49 482 19
201 253 1
350 132 15
54 492 19
237 454 13
233 161 6
305 29 7
297 83 9
433 41 14
347 410 9
55 330 2
485 278 9
419 126 12
200 435 8
114 180 10
472 251 10
403 218 16
280 472 1
36 84 2
39 488 10
435 217 1
129 498 4
65 281 5
485 169 20
494 127 12
242 484 15
170 192 6
317 328 6
38 286 15
201 159 9
214 196 6
446 371 3
331 10 16
496 214 15
376 428 3
35 349 6
494 118 4
422 177 19
413 244 12
392 239 14
302 444 18
184 262 10
253 104 15
190 140 10
497 346 14
237 398 17
287 129 19
294 352 11
320 79 6
307 191 15
480 494 5
238 33 8
134 480 15
495 137 11
373 239 14
339 374 5
7 320 13
195 218 1
481 242 1
135 187 20
429 240 19
77 325 3
499 201 19
231 473 8
202 65 2
289 339 16
304 3 20
367 81 2
491 16 2
108 206 3
84 476 1
154 376 20
298 180 12
147 268 9
213 440 16
204 16 18
24 406 13
62 459 8
220 247 19
19 280 16
2 166 15
427 104 13
155 131 20
349 230 2
433 58 19
233 93 14
40 422 17
471 81 9
56 396 3
207 74 20
134 83 2
85 316 2
215 213 3
431 232 19
119 116 19
33 41 20
43 205 12
430 215 7
229 486 7
34 474 8
111 143 9
294 399 11
181 199 9
451 167 15
190 33 8
36 78 9
378 107 4
390 226 20
362 303 7
212 371 14
430 319 13
245 61 15
138 228 9
231 36 5
158 306 6
75 497 11
335 114 18
441 102 1
93 48 12
493 287 13
455 212 19
371 364 20
51 403 19
244 353 4
166 227 5
13 227 18
404 355 11
235 345 19
222 288 1
194 336 13
365 416 10
296 156 8
301 267 5
329 49 12
169 44 6
437 477 7
426 101 16
203 36 8
89 364 8
231 63 18
44 192 15
90 266 6
243 100 7
10 91 19
50 325 1
239 157 8
162 93 20
406 424 5
167 314 3
397 278 13
11 474 9
314 272 2
35 142 1
401 312 14
77 140 15
481 335 19
61 187 8
347 220 18
4 225 12
141 381 6
59 475 17
140 438 11
307 286 5
81 114 13
413 443 13
8 147 14
110 151 18
465 373 18
279 62 17
107 363 13
33 141 9
154 205 3
344 480 20
376 493 3
491 417 20
13 433 10
141 325 13
295 71 12
137 156 2
352 201 6
391 187 16
216 305 8
82 303 1
74 54 14
441 148 2
342 378 14
365 382 12
155 13 3
461 356 8
475 29 16
453 144 10
212 209 15
396 230 17
118 410 7
4 332 3
444 97 17
116 187 13
339 163 3
335 3 16
228 205 8
461 405 11
483 213 14
237 441 4
303 393 8
25 333 17
162 409 17
191 280 10
489 75 17
481 162 5
126 297 7
374 382 2
156 341 14
303 21 10
304 395 12
295 37 14
157 103 6
93 317 14
278 440 11
173 480 6
90 108 14
242 479 15
179 27 2
389 333 11
419 260 6
179 392 14
53 132 4
381 271 1
190 43 11
165 491 19
257 241 17
45 96 17
391 344 6
272 378 12
496 411 12
342 434 4
144 17 18
493 181 14
1 67 6
66 325 11
69 352 7
62 388 18
215 480 10
38 210 13
474 234 16
389 236 15
356 58 6
481 368 9
228 50 13
370 413 14
499 436 18
77 417 18
449 120 15
351 198 7
465 352 3
300 483 10
294 365 15
415 374 20
71 304 10
450 239 20
67 88 1
348 312 16
37 439 13
229 191 13
258 231 7
354 33 5
478 460 5
61 433 18
135 279 13
170 20 5
404 401 3
418 381 17
271 231 4
286 440 3
75 186 7
35 5 14
139 246 6
45 330 11
289 425 13
72 437 17
197 445 11
250 463 4
51 38 7
299 402 13
348 490 9
471 301 10
378 316 10
443 370 11
193 222 4
269 470 12
101 378 6
130 239 17
252 36 20
443 479 19
179 361 17
64 111 9
109 222 3
156 132 9
330 125 12
50 249 16
386 71 6
481 78 17
401 285 9
162 314 14
31 246 2
124 263 1
167 169 12
198 244 14
173 252 18
401 37 10
74 46 2
146 437 15
326 442 3
271 492 20
110 32 17
142 190 3
369 96 7
63 233 5
25 208 16
297 304 12
479 69 10
403 198 8
237 255 13
102 490 20
188 310 19
203 43 17
13 27 6
85 391 20
200 310 1
15 351 3
330 137 13
99 162 8
124 431 10
341 157 8
348 240 18
84 72 8
258 480 2
457 206 12
137 11 13
378 433 17
204 441 15
447 60 10
343 427 1
262 150 13
381 328 5
62 323 11
274 343 6
4 101 4
244 154 9
79 261 16
241 445 9
246 202 11
447 30 17
488 333 12
398 183 11
359 174 13
413 243 4
231 367 2
105 245 3
297 43 1
207 188 16
55 136 14
197 459 6
360 274 17
494 109 11
82 286 3
130 47 12
489 367 11
271 476 17
231 195 1
492 165 4
93 172 11
485 76 18
161 362 11
177 381 17
57 301 12
410 242 20
62 339 3
97 444 16
470 353 10
170 261 16
287 411 6
142 489 19
386 200 2
346 461 15
296 70 3
155 431 5
104 322 12
95 74 3
188 249 18
263 382 10
62 334 12
52 420 18
135 253 9
198 196 11
110 126 19
147 80 8
139 486 6
391 44 16
176 44 9
114 167 15
78 175 19
216 251 20
102 459 12
434 23 13
21 317 3
229 489 3
377 243 2
321 341 20
239 198 2
67 10 18
417 229 7
15 285 16
319 40 18
202 427 11
39 380 19
453 95 6
313 203 3
404 219 9
434 430 5
264 455 15
380 114 16
426 53 20
216 357 18
291 390 12
463 131 15
225 188 9
277 95 12
494 26 1
368 200 13
291 80 12
452 12 14
255 258 18
389 473 12
278 388 3
27 291 10
292 217 18
73 246 13
216 139 3
433 76 13
199 89 3
365 141 9
198 28 18
9 16 15
201 470 18
355 434 5
210 178 18
165 349 20
479 73 19
235 111 18
452 209 18
467 333 6
389 426 16
254 439 3
53 382 9
257 97 11
251 6 13
107 484 3
350 182 7
418 109 10
470 139 2
69 304 15
420 204 18
256 263 1
53 465 14
435 444 18
368 459 6
278 238 15
304 17 2
13 109 16
71 353 10
200 173 9
97 219 4
239 369 7
361 122 17
437 381 17
379 274 7
12 485 5
476 103 15
24 471 7
356 151 9
240 127 4
80 50 16
392 90 19
226 383 13
9 425 8
158 351 14
153 323 17
358 376 9
317 112 2
100 41 3
61 159 12
337 23 12
15 270 17
424 235 15
6 310 20
32 116 4
166 47 12
479 225 3
417 380 5
88 426 20
321 492 7
334 478 13
300 492 3
432 300 15
286 450 20
336 147 3
385 261 13
155 263 11
211 83 15
135 72 2
202 245 3
74 132 19
216 102 15
299 54 14
111 301 9
441 119 18
481 69 5
140 93 10
458 338 6
280 33 5
29 371 16
224 236 16
3 398 16
53 384 12
232 458 17
229 97 13
158 93 4
89 61 11
93 144 13
222 486 7
291 161 6
410 12 11
76 346 13
123 497 7
246 38 16
379 345 11
119 95 8
64 252 17
351 361 11
471 254 12
182 8 5
129 66 8
427 231 7
36 65 2
133 292 19
295 336 18
154 343 10
8 15 18
293 395 17
473 284 15
103 239 18
474 438 6
254 312 8
138 190 2
168 430 14
161 387 2
57 328 8
11 82 3
398 198 13
242 28 12
378 34 16
10 279 14
169 26 10
153 452 9
119 69 11
182 393 2
288 167 5
268 478 9
353 395 3
298 363 9
100 212 14
221 477 13
407 70 11
104 191 6
482 92 10
298 353 14
74 82 16
390 468 9
213 325 18
97 261 12
62 86 6
489 254 3
426 382 17
128 79 7
343 316 19
417 49 4
416 237 11
9 165 15
463 67 19
165 146 2
358 3 11
182 268 5
492 204 12
115 178 4
169 9 5
150 106 12
62 30 11
5 297 10
134 121 17
355 471 6
35 43 1
227 130 11
327 211 3
358 300 5
316 299 1
216 66 13
2 398 2
215 314 6
359 189 1
118 244 3
323 308 13
284 332 14
66 486 17
80 12 17
488 221 12
321 370 7
16 100 17
135 268 15
196 183 2
35 474 2
292 490 3
258 212 15
91 244 2
303 211 7
126 474 5
23 176 18
250 426 8
87 200 10
15 203 18
31 249 2
348 464 15
305 495 20
403 57 12
125 332 15
349 408 6
466 349 12
459 190 14
209 295 20
430 115 17
394 222 9
149 206 18
134 204 8
261 472 19
159 377 20
68 153 18
227 207 20
100 1 8
474 101 20
246 206 15
376 230 14
121 367 9
397 134 2
263 238 3
493 344 3
298 136 17
394 139 7
280 143 16
78 237 11
245 90 1
224 149 3
306 425 5
255 41 20
6 192 20
115 199 2
350 277 17
68 260 19
34 41 12
256 129 3
110 189 20
44 440 9
202 469 6
209 52 4
230 400 14
285 50 7
211 133 15
436 344 16
154 92 19
285 111 3
469 260 15
260 138 9
320 391 18
180 91 12
287 269 15
172 163 16
133 110 4
25 410 12
250 371 3
269 330 16
273 365 11
335 350 8
243 121 7
32 52 16
498 285 3
388 461 2
415 350 12
14 50 6
294 260 10
293 76 14
154 233 14
280 290 7
226 310 1
215 414 13
64 67 9
305 492 20
102 225 4
432 284 15
260 263 2
108 306 1
193 475 17
214 118 14
126 242 16
260 396 11
130 442 17
289 251 4
455 138 13
287 404 19
352 156 1
225 23 5
179 338 2
160 405 13
235 68 15
224 90 17
110 277 7
265 247 16
479 108 6
171 331 16
279 152 14
375 135 12
443 2 5
5 214 20
369 35 15
267 299 20
148 431 17
231 133 17
150 141 3
382 479 3
351 18 8
44 66 16
148 30 8
164 155 14
152 412 16
125 87 12
443 498 10
261 329 5
100 45 3
442 425 1
42 252 20
91 308 5
187 251 16
338 452 2
88 71 18
79 140 18
446 470 16
274 8 18
402 104 6
487 130 9
207 289 19
58 102 12
402 489 14
321 479 5
334 453 8
421 466 1
19 318 8
275 453 12
458 489 12
171 437 7
101 219 2
158 174 5
458 433 15
233 119 20
113 498 11
413 141 17
257 119 7
150 322 16
474 175 7
11 107 19
355 452 14
113 299 18
382 221 19
389 318 6
139 389 9
77 156 1
151 135 6
169 231 16
108 77 4
269 240 15
275 13 10
353 47 20
418 89 4
368 312 1
498 478 15
166 11 14
283 51 18
76 203 1
135 156 13
80 85 4
214 28 16
293 319 4
392 416 9
69 393 12
274 123 18
263 98 8
59 13 18
386 75 8
386 430 3
205 487 13
304 457 7
215 478 14
324 347 20
249 425 12
161 86 19
121 48 15
437 195 6
383 393 8
182 173 18
481 479 10
227 287 16
118 330 18
128 244 2
158 437 16
422 3 11
478 310 12
431 142 2
114 378 8
259 472 11
307 465 18
337 142 3
436 17 12
314 372 2
39 82 3
165 368 20
263 157 4
97 8 5
78 239 13
170 31 4
130 100 19
487 361 2
243 24 18
494 482 4
99 299 10
138 273 5
425 88 16
437 411 9
92 453 14
91 77 17
269 143 14
471 69 16
408 147 12
133 215 3
199 460 17
481 187 1
498 357 10
457 391 11
29 206 10
230 264 14
157 437 19
21 225 1
205 98 5
465 94 19
246 394 4
185 222 9
339 129 12
445 77 16
331 305 1
253 5 15
263 296 9
144 282 16
30 28 14
35 147 11
433 362 3
52 356 4
187 328 13
141 155 15
306 324 12
488 397 16
163 278 19
20 312 18
437 120 11
432 128 19
190 442 20
66 355 7
325 240 16
432 450 11
425 163 5
319 399 16
331 67 9
348 343 5
238 27 4
407 239 9
8 380 10
206 86 6
78 334 8
240 249 5
271 7 11
102 197 7
102 303 17
30 451 15
127 455 20
81 142 9
131 182 2
424 70 12
429 449 10
88 381 2
487 380 8
404 1 7
389 449 12
220 84 4
500 2 7
461 435 17
193 439 1
455 401 16
311 325 5
103 112 4
148 69 16
161 274 14
2 181 6
384 25 15
250 486 11
204 171 19
95 364 20
419 89 18
230 307 12
254 274 3
356 273 3
232 346 19
430 288 6
168 480 19
264 403 3
150 371 3
193 15 6
45 55 12
207 73 2
375 338 3
120 431 8
165 225 6
139 409 12
26 31 11
46 51 6
53 311 10
155 481 13
33 368 13
485 31 20
303 264 3
169 59 2
81 251 13
391 323 17
339 436 20
108 96 5
439 326 17
461 52 17
57 26 3
179 324 4
84 434 12
304 360 20
183 330 18
249 181 20
388 44 7
493 302 16
167 482 2
219 230 5
402 476 19
434 191 19
104 463 20
74 130 14
413 184 4
410 158 2
402 46 1
439 383 19
340 383 4
77 306 16
128 138 12
420 175 1
130 164 10
493 285 16
5 91 5
92 67 13
315 280 7
191 457 11
108 456 16
381 418 19
286 342 10
267 414 2
347 242 18
346 226 16
138 41 19
499 472 5
358 199 13
351 214 13
380 445 20
239 26 4
387 376 14
273 397 17
461 28 13
357 134 13
298 370 12
372 277 9
208 102 11
52 362 13
17 26 9
25 61 11
83 401 14
334 104 18
397 294 2
41 301 15
370 240 5
131 275 16
321 160 18
473 104 9
201 422 7
326 245 8
5 93 19
268 143 18
184 181 1
142 323 2
111 120 7
210 357 17
265 281 5
10 366 19
334 176 20
401 142 8
43 443 5
17 248 18
401 127 6
90 102 14
339 164 19
36 327 15
89 176 16
289 104 20
439 325 16
2 487 15
481 499 3
279 453 13
498 144 8
275 311 13
130 315 15
55 27 7
211 139 8
209 79 18
160 406 13
395 354 3
152 28 9
424 393 13
380 200 7
29 333 9
203 431 20
500 347 19
233 146 16
207 6 16
43 369 7
305 113 2
205 290 15
15 214 9
225 76 19
95 311 15
24 469 14
260 276 14
430 347 18
432 328 6
407 228 4
182 347 15
237 157 12
59 19 6
212 392 7
72 260 9
297 488 20
135 316 15
283 449 4
265 65 16
13 465 16
474 377 17
322 38 18
492 273 7
58 408 19
450 389 8
3 231 13
132 128 4
214 415 16
488 165 2
24 185 2
78 312 9
116 124 14
463 229 4
193 309 5
297 262 15
363 250 10
172 176 7
457 11 14
62 324 20
71 60 7
332 238 13
89 435 2
55 185 10
289 479 19
456 353 2
257 185 20
372 337 19
203 45 18
53 163 13
125 479 11
401 234 1
364 393 7
438 139 7
479 320 12
157 344 17
171 302 16
173 474 16
136 291 7
321 96 14
70 467 15
251 161 2
47 12 4
234 268 3
239 59 2
321 283 6
278 394 4
447 26 18
117 120 8
152 2 12
53 198 7
100 115 14
69 18 11
73 125 4
470 181 8
235 229 1
321 22 2
74 42 5
185 144 9
467 474 4
110 238 15
442 496 6
14 135 14
66 244 17
392 168 10
214 48 2
181 137 13
29 49 2
85 110 5
257 483 18
176 377 19
344 309 1
189 63 2
3 316 17
411 277 7
444 393 2
242 196 18
121 472 14
302 488 10
303 404 12
49 77 20
319 115 15
491 444 11
60 48 14
303 409 20
401 94 19
216 212 1
229 346 3
211 30 7
469 227 9
98 496 14
414 150 18
188 123 18
3 124 7
138 185 12
480 43 1
448 267 4
63 234 6
448 458 3
178 172 5
260 427 16
298 387 14
106 482 14
490 27 6
411 53 15
402 374 14
460 101 20
500 430 12
277 357 17
98 292 1
465 291 19
2 76 2
310 246 17
195 266 19
134 59 5
153 222 10
46 325 6
260 28 14
30 310 18
324 97 5
285 405 19
232 144 3
80 102 19
444 350 8
358 417 10
380 268 11
485 22 2
211 448 10
100 302 7
151 342 2
246 172 17
237 7 12
56 40 18
327 246 11
268 55 2
419 8 12
187 249 15
294 371 15
340 171 6
209 499 1
12 131 11
210 203 14
299 233 4
1 10 8
39 229 12
212 276 10
103 234 7
198 483 18
352 430 11
222 286 8
82 159 4
463 293 20
372 81 12
322 175 18
261 44 12
230 130 9
371 225 20
91 294 18
28 298 11
487 174 19
221 168 14
195 325 16
407 77 14
306 219 3
464 60 4
410 353 7
359 409 6
108 59 14
51 141 12
439 164 1
216 37 5
449 434 9
363 287 16
313 250 8
234 85 17
335 86 15
350 204 3
2 59 6
333 441 11
403 470 3
218 11 7
353 443 14
186 234 9
390 283 13
49 405 7
255 117 15
227 286 19
52 138 5
226 237 5
369 13 14
7 54 3
455 268 12
194 192 10
117 60 15
127 324 13
108 210 15
151 237 13
406 9 4
31 21 10
392 129 18
409 58 14
51 461 2
375 217 13
340 298 17
291 127 1
180 330 8
273 19 6
176 460 18
381 18 20
358 489 2
44 422 15
77 258 19
437 185 9
215 448 16
211 174 5
346 20 12
12 167 1
454 336 12
227 352 14
329 85 19
290 176 9
133 276 18
43 65 12
436 157 16
140 454 1
120 400 13
76 51 9
471 366 3
320 1 1
162 469 10
53 155 19
134 299 13
141 196 1
61 70 2
189 7 4
272 172 2
211 399 7
366 444 1
113 484 9
243 265 17
367 439 18
335 47 3
89 402 11
186 486 14
424 146 9
102 372 5
9 381 1
197 255 3
461 122 19
429 440 10
52 95 14
350 495 8
316 285 13
4 95 5
112 17 7
393 260 18
353 82 9
63 144 4
7 430 18
361 385 6
212 267 18
89 26 4
117 194 5
310 273 2
188 213 5
12 288 19
165 408 15
8 291 10
176 192 3
291 42 17
249 374 18
311 291 7
282 129 12
42 345 2
170 142 15
12 121 17
321 30 7
126 302 6
257 467 13
111 440 8
408 95 10
210 22 19
12 30 4
136 263 9
233 184 14
282 436 6
307 209 9
117 236 3
417 355 14
52 158 11
193 449 13
160 74 16
490 261 4
473 455 7
142 119 16
258 463 11
435 308 6
381 163 7
38 426 10
282 21 7
434 400 12
36 319 13
137 460 11
309 89 8
346 179 7
395 181 2
412 4 2
453 72 14
321 435 6
451 162 6
106 338 1
67 444 13
239 337 13
295 465 20
169 395 14
177 173 14
32 234 11
269 472 17
155 240 11
234 105 15
478 37 14
101 162 12
165 232 11
107 33 20
499 471 2
475 15 9
72 488 11
492 433 11
142 479 7
445 277 19
274 130 3
23 318 20
129 281 4
31 46 4
287 59 12
357 31 8
441 365 3
403 472 6
176 54 4
188 20 6
113 358 10
178 296 5
16 23 14
417 195 6
50 203 13
208 400 18
45 297 12
55 494 20
216 125 18
224 214 9
133 457 18
19 442 14
228 330 19
432 211 19
408 371 17
74 135 8
383 9 11
299 117 1
31 436 16
114 395 7
256 471 4
141 333 4
266 113 6
36 322 14
480 293 15
453 321 7
250 254 10
310 474 1
249 158 19
369 414 13
363 263 5
63 489 8
313 332 3
246 416 9
5 328 4
499 268 9
406 30 15
237 283 4
309 442 16
94 11 13
229 47 2
154 364 9
273 231 17
447 280 13
429 400 9
82 3 4
425 451 12
276 260 5
99 72 6
446 477 20
221 402 20
8 450 14
275 426 7
379 210 20
2 61 16
343 267 9
356 36 12
173 7 16
188 253 5
225 291 9
271 11 13
218 198 19
308 59 1
6 298 2
425 181 4
227 137 17
406 314 9
71 101 10
313 399 5
271 381 11
408 449 5
208 221 20
186 460 16
250 193 19
165 138 15
392 111 17
229 268 3
14 191 17
428 191 5
352 454 7
219 247 8
51 204 5
229 491 8
251 432 17
118 223 18
497 134 9
70 389 2
407 291 16
220 164 6
68 181 5
188 424 5
288 184 8
238 207 14
172 355 14
83 412 6
332 117 3
111 412 20
482 341 8
179 201 19
231 356 1
335 292 14
100 258 19
233 462 3
212 45 1
367 91 12
297 59 11
374 167 16
155 65 20
160 343 5
347 359 3
20 12 3
211 170 3
360 306 16
223 382 7
390 500 9
454 90 4
227 233 7
60 294 10
239 69 14
140 302 1
399 154 9
76 389 13
387 393 3
485 271 12
224 266 6
445 120 16
239 209 5
443 165 6
284 130 17
77 341 6
230 290 11
308 211 15
157 387 18
306 363 10
276 334 19
94 46 9
133 91 11
424 131 19
354 12 20
182 136 8
438 384 13
383 144 10
84 124 14
126 277 3
96 8 10
411 78 13
330 368 19
334 222 10
446 210 16
126 189 18
78 495 1
62 141 17
469 132 11
158 168 18
68 325 19
192 456 15
119 423 4
81 282 11
362 270 14
27 59 9
254 298 14
210 48 2
257 184 14
54 302 10
490 292 19
307 48 5
3 482 16
451 144 7
50 280 2
271 482 4
163 218 8
294 107 4
159 227 5
455 318 3
412 73 4
430 416 1
256 414 10
265 183 12
338 50 5
256 291 5
398 339 6
483 13 5
226 163 11
194 286 11
308 149 19
242 155 15
264 302 2
162 284 10
20 157 1
198 382 4
148 358 16
408 326 12
3 155 20
279 271 10
112 33 8
384 341 10
365 309 4
35 283 20
318 173 2
247 116 9
311 457 18
2 492 19
163 238 12
492 383 7
77 10 11
121 221 15
193 472 6
92 136 13
329 306 3
442 252 14
39 360 9
183 121 4
30 72 8
426 212 15
3 294 17
90 375 4
117 361 8
160 402 20
128 479 11
207 492 1
379 324 10
188 155 5
104 261 14
272 263 7
137 157 11
366 365 5
216 437 12
236 50 14
362 280 9
380 116 13
281 403 7
472 247 5
83 27 14
272 294 10
108 136 4
34 149 16
262 451 11
228 477 12
316 284 3
123 94 5
75 39 16
19 30 3
166 465 14
127 484 9
452 186 16
118 171 14
331 32 4
49 200 3
363 118 6
23 317 19
375 232 5
355 50 11
50 285 10
458 234 3
427 274 18
104 46 10
238 221 15
359 72 19
327 99 13
209 476 2
231 284 19
102 27 15
485 347 14
200 183 2
69 492 5
134 179 7
213 291 2
106 219 17
441 65 4
359 345 19
51 263 7
305 70 11
137 403 5
483 206 5
222 39 12
428 342 1
354 129 11
258 468 7
31 290 2
436 454 16
73 451 19
200 418 8
220 129 11
317 61 3
36 329 11
12 329 2
56 424 15
206 241 9
423 432 17
301 280 8
302 227 5
39 119 3
369 436 4
240 474 1
281 372 16
10 92 11
291 317 2
108 162 5
208 142 16
333 16 2
177 170 13
439 433 13
269 166 4
260 115 3
194 463 12
151 479 3
12 320 11
175 397 12
285 242 16
44 471 19
483 297 14
252 333 16
338 316 16
391 380 16
163 445 4
73 275 1
271 4 15
107 349 10
76 345 9
107 429 10
41 499 6
122 117 4
439 250 20
236 404 14
372 258 16
317 388 19
438 27 17
92 126 6
370 423 17
248 229 8
31 413 3
286 83 18
175 218 12
73 58 3
320 275 6
166 45 16
329 412 10
304 101 1
51 336 5
414 52 13
183 76 6
443 117 6
185 170 7
360 214 10
427 342 17
318 287 14
273 394 20
79 297 19
219 168 8
134 95 8
339 84 10
406 163 12
287 483 18
31 82 3
393 111 15
304 386 3
84 351 10
351 45 5
323 236 4
416 333 1
72 446 7
330 169 1
297 70 3
329 136 8
70 445 20
181 481 7
249 499 5
209 28 10
51 400 10
237 363 12
235 23 16
456 468 12
349 188 18
224 63 9
419 454 11
164 436 9
359 355 10
240 476 1
100 488 18
265 253 13
107 435 9
7 354 1
468 471 5
467 23 11
460 144 15
344 275 20
190 346 3
251 247 15
438 98 9
67 364 17
249 170 2
349 225 5
357 500 8
499 451 8
76 63 5
81 418 7
332 87 13
69 164 16
1 84 4
197 413 12
17 61 10
383 178 12
231 445 15
247 493 15
150 402 5
212 4 19
321 461 12
235 386 14
421 404 8
45 278 18
332 316 13
90 27 15
157 388 5
416 344 5
111 276 11
145 186 1
190 70 10
152 78 18
114 131 12
174 464 5
75 68 14
331 263 9
471 421 8
447 469 17
210 129 17
166 456 18
92 377 2
255 143 11
226 332 11
27 432 7
136 143 6
246 325 17
453 392 8
188 114 12
185 225 9
45 71 10
202 147 12
470 88 18
323 340 11
21 443 10
466 411 20
392 470 18
127 389 19
489 119 17
89 338 4
109 469 10
314 423 12
355 187 10
433 1 10
35 383 4
323 307 13
118 133 12
387 380 4
452 360 11
19 455 19
476 185 16
493 119 17
182 442 18
403 482 10
461 32 1
190 430 17
308 108 4
270 5 3
386 135 16
185 322 4
376 337 4
43 225 19
266 241 9
52 374 6
398 206 17
423 211 14
486 152 16
102 370 17
8 261 6
264 291 13
128 385 6
432 393 1
455 363 7
500 282 16
437 165 10
226 73 6
419 481 17
196 128 1
225 65 2
395 286 16
46 378 1
51 184 20
124 475 12
298 200 17
393 128 13
374 473 2
241 459 9
360 217 3
299 248 8
332 484 3
126 442 14
305 463 9
108 151 18
425 188 19
162 488 2
364 225 12
432 475 14
363 114 20
153 283 9
62 210 4
34 354 1
107 500 1
140 40 18
279 327 5
288 169 18
78 481 7
214 163 6
118 304 9
405 109 18
257 321 2
415 486 20
206 486 19
495 120 18
50 239 16
245 479 1
1 25 16
167 111 12
314 266 16
8 296 17
475 419 13
292 481 9
288 229 15
298 203 9
193 256 4
269 36 10
130 50 14
475 430 9
19 316 20
287 88 7
149 19 13
278 33 17
300 321 3
88 124 14
172 205 15
170 51 9
426 175 5
457 169 14
56 269 5
486 224 5
335 253 10
144 317 15
417 274 13
288 279 13
204 168 16
217 63 5
408 32 6
441 372 17
248 67 5
325 230 6
322 474 10
55 454 9
256 319 15
488 84 1
50 233 5
212 139 17
288 440 8
125 52 20
118 495 18
301 397 9
203 294 6
110 173 8
251 454 7
443 386 5
284 299 3
479 343 17
280 3 18
231 168 18
25 232 15
435 195 16
352 358 2
345 241 14
420 62 17
456 270 9
250 230 17
383 145 4
377 327 3
290 494 18
489 327 7
327 143 18
173 32 11
144 440 19
332 285 14
306 180 4
112 26 11
291 343 3
82 404 4
459 135 8
233 299 3
344 442 3
318 64 10
218 193 1
128 396 7
243 479 2
263 159 1
37 72 17
3 306 16
279 402 1
405 274 16
244 177 15
377 330 14
173 132 18
485 173 11
250 123 10
378 126 1
9 148 19
10 34 15
184 169 5
227 288 13
415 137 8
428 136 6
76 275 2
293 30 16
177 327 20
119 319 18
376 211 19
57 401 1
109 415 20
42 172 10
493 190 5
85 144 18
267 82 4
335 441 18
448 185 4
178 409 18
250 491 12
333 264 10
272 419 11
298 328 13
104 163 11
164 325 12
253 13 7
9 203 11
154 89 14
322 85 20
122 284 17
322 154 16
104 418 20
270 206 4
357 391 10
172 462 4
397 282 20
187 468 2
111 443 9
220 331 18
405 82 8
334 269 12
277 83 7
81 63 7
143 76 8
424 247 16
477 256 14
464 276 4
355 387 9
94 308 17
388 111 19
281 215 11
411 208 13
302 491 4
31 47 10
6 462 2
29 65 2
305 429 5
248 426 15
211 47 1
363 379 16
325 189 17
312 456 6
6 402 2
424 316 10
282 53 3
44 160 18
344 53 10
3 106 16
395 101 16
13 392 4
232 466 19
187 434 8
129 52 3
100 326 4
250 288 11
211 276 8
280 166 13
416 17 14
468 443 8
424 360 5
208 23 7
68 373 15
172 421 14
58 53 7
105 25 8
291 327 2
186 380 7
74 303 20
376 492 5
241 87 1
252 429 15
348 500 7
120 73 4
460 25 13
116 467 5
127 67 5
128 230 9
239 420 3
267 466 9
63 52 4
229 59 6
398 440 15
464 62 7
69 159 13
264 231 9
275 316 12
366 276 15
181 218 17
448 325 13
432 420 5
61 249 7
310 57 11
6 399 15
403 283 16
472 463 12
458 65 18
2 58 10
408 18 16
404 218 5
65 271 8
470 190 20
195 346 2
490 306 20
318 184 8
187 71 12
85 387 4
336 435 16
423 345 11
311 111 13
25 436 17
237 259 17
276 296 13
133 403 20
155 187 10
86 444 7
362 475 10
479 94 20
343 500 3
99 315 9
63 13 11
115 18 2
457 197 16
29 58 20
138 413 17
305 389 9
186 143 11
44 189 15
139 227 15
233 36 7
4 238 14
86 163 1
133 172 11
155 408 2
104 117 17
112 219 9
181 159 20
81 363 19
217 486 7
258 92 4
447 339 4
251 238 3
161 225 5
206 466 12
239 264 12
459 25 14
38 184 15
71 184 10
58 423 5
133 395 3
349 82 1
104 479 1
235 391 8
355 241 2
173 429 3
107 385 11
62 458 17
389 251 20
251 171 16
309 42 17
441 475 13
224 478 1
32 81 8
225 336 13
333 436 20
134 403 5
367 475 13
135 274 8
242 278 12
153 388 3
396 193 20
364 218 12
298 480 11
333 403 3
322 318 3
355 224 11
117 429 8
250 425 15
468 206 14
288 362 11
377 111 2
168 494 14
61 72 14
142 330 19
406 455 13
126 499 17
62 258 11
181 475 13
284 216 10
439 368 15
142 416 10
200 105 8
411 225 12
273 496 13
399 425 12
305 447 15
418 209 2
467 159 5
99 326 14
432 375 12
180 334 16
466 339 10
208 160 18
174 229 7
180 367 17
345 246 2
150 61 10
493 165 7
143 208 19
322 79 20
28 340 13
19 352 9
271 220 16
260 42 14
481 350 20
13 236 6
21 472 14
133 271 19
80 276 4
336 23 11
360 246 1
308 205 12
211 57 16
348 269 13
77 189 10
460 329 7
194 36 18
62 350 5
181 121 11
110 447 4
111 458 5
27 485 16
255 325 4
302 67 6
23 170 20
164 228 12
402 92 16
308 333 3
356 404 19
215 378 18
14 457 13
416 15 8
378 157 4
143 492 19
481 211 8
14 352 5
246 91 14
378 62 11
200 165 9
304 410 9
392 33 8
337 275 10
258 269 14
354 461 13
402 418 1
192 113 2
138 351 11
25 416 10
394 486 19
68 441 1
175 58 9
45 421 9
40 164 3
421 72 10
439 399 5
272 196 15
367 372 8
455 63 5
222 15 11
408 168 1
289 38 1
39 465 2
326 141 16
355 278 13
458 211 9
17 355 16
133 494 18
472 268 16
418 52 11
471 167 1
112 433 1
34 56 6
52 222 2
292 445 7
203 89 12
81 471 19
267 13 18
271 182 18
14 106 1
157 297 4
53 381 14
459 166 1
11 484 7
83 442 18
319 483 3
324 179 4
474 454 18
359 162 16
172 306 5
377 288 8
343 130 9
492 438 15
76 472 4
257 433 3
141 475 15
247 461 4
489 353 20
280 40 1
335 104 9
350 439 15
248 131 19
475 114 9
201 104 16
28 473 4
346 290 16
50 436 16
292 478 14
328 79 8
91 419 9
140 357 5
154 57 20
251 41 4
50 116 1
2 423 1
467 480 12
407 195 17
326 295 20
442 234 7
367 261 18
135 130 2
242 322 19
268 128 9
47 391 10
452 430 15
218 223 9
327 401 6
82 99 18
494 175 7
148 5 16
375 10 11
256 307 15
367 252 20
67 265 4
358 389 14
234 170 5
131 109 15
273 224 4
28 109 4
305 109 1
113 221 19
5 361 4
399 396 12
333 407 8
38 324 20
413 58 1
472 40 4
134 488 12
258 366 4
384 348 18
152 98 12
198 278 7
161 262 8
387 125 13
130 84 7
380 392 2
165 217 20
485 468 15
436 69 15
292 385 20
480 370 17
46 94 3
313 496 11
288 414 18
333 230 16
204 491 10
262 335 14
295 222 3
97 226 2
300 48 7
243 262 4
215 212 1
393 432 6
256 45 15
482 308 18
117 305 2
319 10 5
255 97 7
64 404 4
26 300 14
457 167 2
446 430 1
421 391 12
168 184 2
354 491 16
43 124 11
171 250 16
383 225 8
233 102 5
481 444 15
2 14 20
32 220 20
267 431 10
384 475 8
497 58 7
170 285 3
222 162 19
198 250 1
165 257 19
107 358 1
262 327 10
415 490 8
196 463 12
92 260 16
438 26 19
290 312 4
348 217 12
482 373 4
219 333 15
313 150 11
17 242 12
338 472 6
163 116 5
211 291 16
36 156 6
378 486 12
346 258 19
254 50 7
237 498 11
430 285 17
208 38 19
494 209 5
373 225 10
114 40 1
444 242 20
468 119 10
162 114 18
162 460 3
86 452 3
336 401 20
397 255 5
171 209 4
206 397 17
358 494 19
235 475 20
337 288 14
477 234 5
2 380 10
470 323 14
81 438 12
49 134 16
168 438 1
71 285 6
407 177 2
410 500 10
317 51 12
281 314 17
451 177 15
213 26 6
348 190 8
500 89 13
95 469 20
451 2 12
488 470 14
2 69 20
249 44 16
152 438 10
496 103 14
82 2 20
213 145 9
447 409 9
315 376 20
243 268 9
436 188 9
476 380 18
48 487 1
27 46 12
422 348 5
357 466 17
309 238 1
40 46 17
108 427 2
195 267 11
38 335 18
6 153 14
382 87 4
88 453 17
49 126 10
191 19 14
285 96 16
462 256 15
186 450 4
282 488 10
21 114 10
260 353 7
346 39 15
101 17 19
173 124 13
474 211 8
224 330 3
222 96 15
263 418 7
405 423 1
81 87 16
22 312 7
106 68 12
267 173 20
405 168 10
53 498 8
16 39 10
178 352 16
2 124 12
43 231 1
436 87 2
291 190 14
147 47 1
191 204 19
380 486 18
127 296 7
256 220 3
100 375 17
480 498 11
453 399 6
21 312 8
396 102 1
64 469 7
217 128 7
471 65 7
354 255 16
475 60 9
492 306 15
445 443 17
105 312 4
151 492 16
194 321 17
262 73 1
414 365 6
334 282 7
124 343 12
162 27 19
180 139 8
463 148 6
359 177 7
107 474 14
464 405 15
330 222 10
474 267 1
47 193 12
346 306 12
133 199 10
298 455 1
231 123 11
40 427 19
264 342 7
493 471 8
397 343 3
294 226 2
257 452 13
312 409 4
138 308 7
66 434 14
74 415 18
493 243 1
388 108 17
356 463 13
211 404 16
348 28 10
256 27 15
73 463 14
387 396 18
136 149 4
259 38 2
374 173 5
154 426 3
266 4 20
457 361 6
319 193 17
192 165 18
446 324 2
29 290 16
161 12 5
449 485 16
183 452 10
489 385 15
41 228 19
413 356 10
275 178 14
158 370 6
428 212 16
253 99 4
268 61 2
206 346 5
17 285 4
44 168 12
256 150 2
195 380 5
477 351 5
482 290 20
410 163 2
317 225 7
456 8 4
310 416 19
418 335 5
175 189 7
339 3 15
31 300 1
393 202 16
373 128 3
96 339 20
438 215 16
36 125 17
5 223 17
133 195 14
75 69 6
447 295 12
285 295 13
173 425 20
359 389 5
52 211 15
173 13 4
269 474 5
492 167 12
351 8 20
202 44 3
195 94 5
149 210 17
144 179 6
202 404 16
166 318 19
277 281 12
124 165 18
399 145 19
102 353 13
221 187 11
339 427 16
188 281 9
453 497 1
165 338 6
201 211 9
372 399 12
206 94 10
363 269 1
238 396 20
403 156 17
162 311 8
489 337 12
110 136 2
459 406 8
275 341 2
92 215 11
31 13 2
498 376 6
96 465 14
358 440 10
334 85 3
231 365 7
239 287 1
319 125 20
206 63 13
358 320 18
168 158 9
135 94 9
479 488 16
355 229 7
349 184 9
247 220 2
281 113 14
361 486 20
14 168 10
200 55 8
25 243 15
59 375 18
401 473 3
403 402 2
39 244 1
35 34 11
44 298 16
188 9 3
343 75 3
448 263 2
212 393 18
400 216 18
297 207 3
271 376 12
195 476 1
404 436 10
177 403 14
475 380 11
500 411 14
424 1 3
336 39 13
3 242 3
329 99 7
95 482 19
281 321 18
378 98 12
453 131 18
463 68 4
8 111 12
236 385 13
143 305 3
168 46 14
21 28 5
14 137 20
346 185 5
110 99 8
376 141 19
394 81 14
33 488 5
273 93 6
215 6 17
28 346 14
146 218 18
94 299 13
320 319 7
20 152 9
3 460 13
140 51 13
89 167 16
349 451 10
236 2 14
161 372 1
405 229 13
122 192 11
315 368 17
188 38 11
322 156 17
341 369 10
79 391 20
112 481 11
393 451 5
323 200 8
236 294 19
186 208 18
475 216 16
471 313 14
207 390 20
168 356 18
431 131 1
268 163 9
338 325 10
164 116 14
3 375 4
419 42 4
454 438 9
50 27 20
280 151 14
17 194 10
498 77 1
64 50 14
308 468 16
477 420 19
397 316 13
302 223 8
268 85 1
323 363 2
407 58 20
372 359 20
103 263 19
395 221 13
9 188 16
75 151 11
95 348 14
282 323 1
51 151 16
132 150 4
321 239 10
310 305 15
251 390 17
47 46 5
494 63 2
362 265 17
452 310 8
167 5 19
164 27 20
230 345 17
387 24 17
283 224 16
281 83 13
331 419 9
385 193 4
228 26 4
210 488 8
187 89 5
28 245 4
131 46 20
181 426 9
97 233 2
32 30 1
116 342 12
465 479 16
22 395 18
251 486 5
135 497 15
249 226 4
469 313 20
330 157 3
75 213 13
327 462 10
265 133 6
126 423 3
413 450 6
35 181 5
378 102 1
129 486 13
435 286 15
380 51 2
165 287 4
28 417 13
242 217 6
482 246 9
491 477 6
51 235 16
131 63 11
64 40 15
352 474 7
322 311 6
176 274 1
178 88 11
286 218 8
254 49 3
222 331 14
213 294 16
39 309 14
394 21 4
288 5 9
459 465 10
335 295 13
72 13 2
304 153 2
457 200 2
239 190 5
78 85 13
367 20 10
212 191 20
165 242 5
270 322 4
129 395 6
102 291 13
121 31 5
260 158 11
486 274 8
414 344 9
202 160 15
28 91 11
356 426 5
393 149 3
292 270 10
76 32 3
321 335 4
354 141 9
40 37 3
34 274 3
86 481 9
169 201 9
200 146 2
177 333 15
193 177 3
276 161 20
70 140 13
223 194 7
256 144 10
328 147 10
432 435 19
318 317 5
272 61 8
430 294 1
351 267 6
340 469 7
220 66 18
260 164 18
2 279 2
227 422 5
278 122 3
340 277 11
197 343 3
72 213 10
59 299 2
248 130 5
464 120 19
268 9 14
149 329 5
419 396 4
357 347 10
59 427 18
215 22 17
66 346 7
400 168 13
246 367 16
136 198 8
82 455 11
247 309 7
95 365 16
399 255 20
410 16 15
82 152 6
334 399 13
250 329 14
301 18 15
72 34 7
170 211 9
203 33 6
146 30 1
61 126 11
147 485 18
257 80 2
336 69 15
17 497 13
403 274 9
271 397 17
379 94 3
67 131 3
475 73 17
71 183 17
104 305 1
144 202 1
16 49 14
83 456 11
185 312 15
244 186 11
410 348 12
486 456 2
445 485 1
159 68 15
55 383 19
102 22 9
459 492 19
397 273 11
194 323 17
388 292 6
102 211 20
227 446 7
94 58 14
468 332 8
408 45 6
485 48 13
137 432 6
421 11 17
383 476 13
280 365 7
30 439 19
465 365 10
475 146 12
401 245 16
194 422 14
222 100 4
95 221 9
124 28 9
371 222 16
340 234 8
411 162 13
39 138 5
264 107 8
471 423 2
110 486 18
133 455 12
326 160 10
14 96 19
284 227 10
369 182 20
139 20 16
271 48 18
439 6 9
148 4 16
392 311 15
216 448 11
158 281 12
289 222 2
99 116 20
119 156 11
229 290 6
457 230 3
389 398 11
307 10 17
489 411 6
111 478 17
38 231 20
475 182 17
1 201 19
138 86 7
265 412 8
25 29 1
98 482 16
45 366 2
403 229 16
390 358 9
21 105 16
171 306 12
416 273 4
299 202 5
333 425 19
463 273 17
339 495 2
449 93 6
158 167 6
401 226 15
32 248 9
243 282 17
135 79 5
295 368 6
1 22 1
61 197 19
206 169 5
473 11 12
278 81 7
460 389 14
92 14 5
63 263 15
497 285 16
350 421 11
155 233 3
305 331 16
183 137 1
70 216 19
97 60 13
95 16 20
128 261 5
351 14 4
329 360 1
168 286 13
256 322 5
211 467 18
456 478 4
354 451 18
249 150 16
127 57 20
59 114 7
86 41 9
366 173 11
380 345 20
421 87 2
244 109 5
396 202 18
466 274 15
415 323 12
66 470 9
134 53 15
89 371 16
412 179 2
299 405 9
119 367 2
164 498 9
417 453 15
290 131 17
175 88 14
278 450 19
321 19 19
29 444 1
139 172 19
313 484 1
179 150 11
30 469 13
60 131 12
284 218 6
239 317 2
243 40 16
32 292 3
427 462 14
464 41 11
435 426 13
96 122 4
246 397 10
352 321 11
454 281 1
360 151 4
169 462 14
98 220 1
375 268 13
318 118 18
81 214 10
394 107 13
207 40 2
452 477 19
110 149 15
243 492 2
98 195 20
102 104 15
462 271 10
454 317 1
50 481 17
415 104 4
115 376 7
479 83 10
440 53 17
196 24 17
222 20 12
154 267 4
23 330 7
17 418 1
108 42 13
203 446 19
309 263 6
263 209 12
348 197 12
443 204 9
69 194 8
479 409 8
266 233 11
88 255 12
100 464 12
280 216 5
304 92 14
345 431 14
239 214 5
445 191 6
132 289 17
209 401 12
236 278 18
294 89 6
278 476 11
244 440 15
239 238 14
9 426 11
474 143 15
495 68 5
171 73 12
137 248 2
380 102 6
40 54 19
424 49 7
87 175 7
426 321 8
300 1 9
240 394 14
247 242 12
420 160 6
117 442 19
411 399 2
470 417 13
281 427 17
339 233 11
260 52 8
91 198 4
200 331 15
181 433 13
217 304 7
224 151 20
473 26 12
274 375 16
302 328 7
151 457 9
450 396 4
91 111 18
303 387 9
18 469 14
330 485 18
331 36 19
49 425 7
45 496 2
362 136 16
390 36 6
196 2 7
410 445 18
181 431 5
278 261 18
78 132 17
130 302 19
414 486 12
111 197 5
341 53 2
230 477 8
314 430 18
14 59 10
12 409 11
483 310 17
169 498 4
266 158 10
298 224 12
181 78 11
361 210 19
266 375 8
2 472 3
151 477 1
357 261 11
191 331 18
170 72 13
477 137 1
173 78 2
465 47 8
141 492 10
376 110 17
283 302 9
119 159 10
77 322 18
45 279 4
221 335 12
167 147 4
349 450 11
48 241 4
439 364 3
266 131 13
259 455 18
156 407 3
259 486 11
74 388 8
60 419 2
193 246 4
368 334 7
292 233 12
164 440 3
277 131 19
379 171 1
83 372 3
56 347 2
355 354 10
456 490 3
344 9 1
440 392 10
486 493 14
183 253 2
233 442 13
388 164 9
170 372 19
265 259 1
361 211 17
325 442 10
385 43 8
280 63 12
225 305 6
8 367 3
104 270 6
301 59 16
448 441 13
67 495 1
30 199 4
373 313 19
343 31 15
41 445 11
147 374 12
84 280 20
32 437 9
281 111 20
457 442 6
478 318 10
8 221 20
225 345 18
146 418 11
48 434 18
323 298 11
11 228 19
194 354 17
164 156 6
37 68 8
32 259 5
134 113 11
186 153 20
311 179 12
183 302 18
166 30 8
244 265 13
83 59 13
32 328 5
405 110 8
119 373 14
415 483 3
91 6 16
111 497 5
65 98 5
168 425 6
366 383 2
147 99 13
247 179 15
194 401 1
467 302 10
357 26 2
442 342 20
262 31 8
35 419 10
43 386 14
156 192 13
255 17 15
32 183 20
299 146 6
413 59 19
411 458 18
467 439 11
402 234 15
57 208 19
108 143 15
438 232 6
3 76 20
111 164 3
470 187 4
212 97 9
465 424 6
317 438 9
457 274 18
376 408 8
94 426 6
259 108 4
470 243 5
372 311 1
251 125 12
110 113 19
141 399 13
96 128 13
179 219 15
392 200 4
7 176 6
493 105 4
247 416 2
131 78 20
168 460 13
390 293 5
68 352 12
480 238 7
192 135 7
203 94 8
71 18 17
222 276 13
74 347 17
188 119 18
322 366 19
330 209 18
246 353 8
63 479 3
399 276 9
26 410 6
82 498 8
443 280 19
299 148 7
490 299 16
280 450 16
379 214 20
316 238 15
452 238 4
202 323 17
264 373 14
451 133 3
211 17 7
40 135 8
272 462 8
278 164 12
452 91 17
194 171 7
440 99 3
39 294 19
477 29 14
481 407 6
120 24 8
355 48 10
480 380 18
477 442 13
329 103 17
305 175 17
176 27 17
230 22 13
292 96 20
101 31 1
150 226 13
224 92 3
111 318 8
277 473 15
296 213 10
483 294 15
81 69 5
115 432 19
440 425 16
81 239 4
212 464 18
389 447 12
199 211 15
498 415 15
208 260 4
80 382 11
93 290 16
479 71 16
54 146 16
460 134 17
301 294 16
247 327 16
238 377 5
323 188 13
250 163 6
34 330 13
106 355 1
91 246 7
49 339 6
288 195 2
199 401 11
152 459 8
286 460 7
216 29 2
177 277 17
100 76 6
97 229 9
33 4 7
358 18 4
409 294 18
336 88 3
162 203 15
464 383 17
61 24 3
439 273 12
152 354 6
242 287 9
154 329 11
379 246 1
31 256 14
388 443 1
270 61 15
99 306 13
238 413 13
176 331 19
90 169 19
93 362 19
389 373 4
463 264 3
485 201 11
338 447 7
420 346 18
428 160 6
357 492 16
264 292 1
120 343 6
182 48 1
202 372 16
417 379 7
170 212 8
123 179 13
267 220 7
490 162 19
398 92 20
370 188 3
470 64 13
323 405 2
294 146 11
241 238 12
69 475 3
477 144 10
483 158 3
171 486 15
376 299 12
44 314 11
174 130 2
403 205 5
91 33 11
281 393 18
55 114 8
173 373 10
84 169 10
45 106 4
218 279 18
254 326 6
429 367 16
317 487 14
341 178 10
426 388 20
230 429 5
390 383 13
423 139 12
98 101 5
283 351 2
230 206 13
276 173 17
221 229 10
395 128 10
389 116 12
313 456 13
232 395 4
192 294 9
322 142 19
315 277 6
354 218 12
142 302 3
271 107 7
43 470 5
243 270 12
441 477 19
59 369 19
164 251 14
240 61 10
144 136 16
69 342 5
475 72 2
492 80 17
209 123 17
155 106 8
467 45 18
99 105 14
443 8 2
37 255 7
45 155 7
406 12 3
25 33 14
93 366 12
65 234 18
224 41 18
264 58 7
67 487 13
60 30 3
187 422 5
397 68 15
47 72 9
197 313 11
470 464 8
417 64 5
19 248 6
280 497 11
39 476 9
470 60 4
206 385 17
4 229 15
375 319 15
153 123 12
263 360 19
14 393 1
320 157 3
170 182 17
474 191 6
256 72 16
147 192 3
209 412 19
406 214 20
154 246 5
329 17 12
191 196 14
134 107 7
429 310 2
99 269 12
293 478 15
421 157 3
127 165 12
150 307 8
280 418 5
43 239 13
8 446 5
492 463 7
328 229 4
51 293 14
69 391 14
332 158 5
134 266 18
383 446 16
79 39 5
240 90 12
248 150 20
317 155 3
476 408 6
434 476 8
401 400 11
313 290 2
106 471 12
286 125 6
265 448 18
269 82 11
158 406 12
139 68 10
130 306 1
437 49 11
218 360 1
128 235 17
378 339 8
32 316 13
464 406 2
352 461 15
185 107 19
114 248 16
176 400 14
289 229 17
220 196 6
389 317 10
113 11 16
447 125 17
464 489 2
127 276 11
338 417 18
49 191 12
302 121 7
184 373 13
382 318 18
120 300 5
412 362 7
70 484 12
30 254 3
322 118 14
429 13 6
108 278 19
234 237 5
141 474 8
299 431 2
299 80 17
194 76 8
483 99 14
496 138 16
76 436 12
449 235 8
259 385 17
121 282 4
490 206 15
291 268 19
70 321 4
286 253 1
6 32 8
45 78 9
155 317 8
290 221 7
229 175 14
443 309 12
200 321 13
41 377 16
196 60 20
133 301 9
359 30 3
33 480 4
334 280 10
153 200 5
117 219 6
496 137 3
100 236 8
71 113 16
388 453 9
291 16 17
30 70 11
262 370 16
294 370 9
474 448 8
236 232 3
294 32 6
472 90 15
215 13 16
62 220 10
134 52 1
350 447 3
381 373 19
130 202 2
34 109 7
473 369 15
216 413 9
319 336 2
424 43 1
1 484 3
87 409 17
325 186 12
237 173 3
98 56 13
316 472 3
351 360 14
101 467 13
83 189 11
305 34 10
27 270 14
303 298 10
492 143 14
98 285 16
486 292 6
122 86 9
333 118 6
165 137 12
333 338 2
306 55 17
233 255 8
247 123 11
54 156 6
151 374 6
424 75 16
137 244 2
174 249 13
434 140 7
446 325 12
297 73 17
264 343 16
265 404 14
258 98 16
176 169 4
135 242 10
384 434 12
79 147 20
474 193 20
339 45 7
219 213 10
90 310 5
215 311 6
144 355 11
75 265 11
149 486 7
360 223 19
16 345 12
251 417 18
206 422 4
291 169 8
367 18 17
297 279 20
111 13 3
169 500 4
374 499 14
28 302 17
403 64 19
34 256 4
423 491 17
396 273 5
497 391 17
4 57 14
239 152 15
478 484 9
86 394 9
289 322 10
310 27 20
123 245 17
281 271 20
227 36 9
317 78 16
234 147 3
226 151 3
73 240 13
343 301 15
155 118 17
17 183 1
421 454 19
262 196 14
91 203 7
254 339 16
161 256 16
326 325 11
217 167 9
175 310 15
368 491 1
340 101 1
246 363 3
343 406 6
408 175 16
39 37 14
347 43 19
377 469 12
459 172 10
68 417 12
306 76 3
449 296 6
115 389 10
318 340 2
267 354 9
418 357 1
78 434 9
31 363 8
161 413 6
430 491 13
185 31 13
439 488 11
293 122 17
130 86 11
372 36 2
434 365 16
395 263 15
423 324 5
120 307 16
212 95 16
91 283 12
271 318 19
18 269 8
29 436 15
402 429 20
291 388 15
8 359 19
285 482 1
219 288 6
194 407 18
212 80 16
321 494 11
214 281 8
54 432 13
145 24 10
177 361 12
301 355 19
301 129 14
70 438 14
177 231 10
472 496 12
153 236 20
303 231 16
433 207 5
388 30 3
223 44 19
218 469 2
274 30 6
488 345 13
151 427 4
219 309 19
283 155 8
361 366 17
12 179 18
467 485 4
306 449 11
89 173 11
397 333 9
392 78 12
488 412 2
423 116 16
490 115 6
365 390 9
256 497 10
209 110 18
291 226 15
255 280 12
211 366 2
44 349 6
299 171 4
441 290 13
171 363 18
218 98 5
409 183 3
413 83 14
2 75 12
186 285 16
38 145 1
71 132 5
34 140 13
327 137 15
385 137 20
183 92 3
310 340 11
447 474 18
199 5 8
50 213 10
39 300 4
179 489 7
272 102 8
94 136 20
93 408 3
250 13 19
466 390 4
479 314 14
106 457 1
112 388 7
492 397 19
498 272 12
462 27 14
388 121 4
434 438 15
150 383 4
380 288 2
426 348 16
24 196 5
478 45 10
63 415 19
424 19 11
444 53 17
490 237 2
47 225 17
449 228 17
78 56 10
358 482 9
365 242 5
308 200 1
427 291 9
317 410 6
164 47 3
172 166 9
480 135 15
93 3 7
71 325 12
410 415 17
406 62 18
466 28 15
416 493 7
356 226 10
433 132 15
289 457 12
254 140 6
382 323 17
263 69 15
325 171 9
331 367 9
176 302 10
324 370 17
255 170 1
149 82 17
428 318 13
237 308 8
461 442 10
418 153 16
442 444 15
384 307 4
297 271 20
207 36 17
239 220 12
279 51 14
278 275 17
317 409 5
439 219 20
27 224 15
311 157 1
410 482 12
25 87 15
6 469 18
375 69 19
91 9 6
66 217 18
120 11 3
96 308 8
316 405 12
194 66 6
148 286 5
86 451 13
80 236 2
459 167 1
281 294 15
155 484 19
160 500 3
160 38 13
8 143 11
57 260 4
96 145 4
116 310 20
271 296 6
55 477 5
450 75 11
493 134 9
10 46 7
102 152 20
184 92 18
383 256 14
102 439 3
447 298 15
267 50 14
30 186 14
485 221 7
409 242 10
343 284 20
361 439 13
204 364 4
31 226 1
459 115 10
375 364 1
198 500 18
306 99 8
381 407 16
282 496 7
297 155 12
317 19 14
118 453 14
322 488 12
356 294 18
256 485 4
457 134 14
68 331 20
418 162 1
383 378 8
299 247 12
323 364 1
463 110 6
189 231 11
486 476 16
352 236 7
411 332 12
73 75 13
162 379 5
275 8 5
424 114 1
197 287 6
438 395 2
49 95 8
310 485 8
94 75 19
283 479 6
367 206 18
412 20 20
325 219 1
286 345 17
242 460 19
162 475 13
489 105 6
191 383 20
197 419 5
250 141 6
141 377 5
359 379 20
37 226 16
22 270 20
495 34 5
168 51 18
213 421 2
328 432 3
318 467 1
105 458 3
431 498 6
335 22 8
34 361 13
71 194 5
439 23 11
160 241 20
142 65 14
198 106 6
26 43 20
222 317 5
417 462 10
383 101 14
64 102 13
127 311 9
295 327 16
336 213 5
334 275 5
190 55 4
309 277 8
37 470 12
237 115 19
383 440 8
28 170 7
296 46 19
374 388 2
150 227 20
165 103 2
476 402 10
437 442 20
96 205 14
264 481 7
6 389 1
410 484 8
179 405 9
28 319 19
108 156 20
75 315 7
84 78 16
458 217 4
302 129 11
271 363 11
259 462 12
401 482 12
297 413 10
455 413 16
303 58 17
106 92 6
409 73 20
466 294 12
106 215 10
296 204 8
49 33 20
485 35 18
273 72 17
214 270 10
250 306 11
158 432 18
253 219 17
223 178 12
282 224 7
13 412 4
103 292 13
420 98 17
372 385 20
490 354 1
257 267 16
490 407 3
486 86 8
346 89 2
180 297 13
165 294 4
462 166 6
53 340 10
363 478 13
217 428 7
137 87 6
259 132 8
16 481 20
229 204 20
353 195 2
150 224 13
299 126 4
129 80 20
25 450 17
427 17 7
468 451 12
51 77 6
125 195 11
488 141 6
492 351 12
193 187 18
379 357 9
65 460 10
138 428 3
204 186 3
121 365 4
210 411 15
271 86 12
377 244 5
104 165 8
140 346 20
106 339 18
2 120 10
296 72 12
153 287 5
323 63 8
14 498 14
90 368 3
488 185 18
65 309 18
120 299 12
136 440 14
107 80 2
325 425 4
268 123 12
441 61 10
341 225 10
288 390 13
182 107 17
26 35 16
263 107 10
443 344 17
190 57 19
478 490 18
226 188 17
425 450 7
115 246 6
485 272 1
102 7 18
164 451 15
206 211 7
417 89 18
201 437 13
229 138 10
351 485 12
458 394 19
330 236 4
221 18 8
388 85 19
122 89 16
110 223 8
153 229 2
160 245 20
186 214 1
265 180 16
488 203 14
202 318 3
389 136 2
410 208 5
410 393 9
58 186 16
118 345 4
158 404 18
23 423 14
443 61 4
13 401 11
432 381 18
357 155 19
434 80 7
181 267 18
256 156 16
168 247 13
371 169 4
60 426 2
207 325 3
373 104 8
145 425 2
60 307 18
495 197 5
353 44 8
438 239 7
295 407 14
198 478 6
30 341 16
406 114 2
33 420 17
34 72 7
131 37 9
311 90 4
460 289 3
214 247 19
492 341 2
220 101 5
390 135 4
384 183 7
186 386 12
118 271 5
445 174 1
434 173 13
150 319 14
93 24 20
72 440 8
182 355 17
41 341 7
4 365 3
209 488 18
426 368 3
190 373 16
418 328 12
118 29 6
381 56 2
455 458 15
212 17 2
336 149 5
9 200 18
227 437 5
115 381 2
336 327 4
264 2 14
7 358 9
260 15 17
199 68 17
424 183 11
402 463 6
497 280 1
17 160 11
190 157 20
273 297 4
368 427 4
6 363 12
257 31 1
223 77 20
7 186 1
281 233 9
471 235 12
105 380 6
359 282 14
176 387 13
224 18 1
269 455 12
154 168 17
393 100 16
496 368 9
99 90 18
106 128 20
473 33 15
410 14 12
457 396 4
105 122 7
64 120 12
212 265 14
240 458 20
468 125 9
49 149 7
215 335 19
421 277 8
491 231 20
189 302 3
344 170 2
316 287 5
13 329 15
455 43 11
34 136 4
475 463 13
281 375 5
499 183 3
216 35 9
8 428 13
198 301 2
6 424 6
379 348 2
302 91 4
197 52 3
326 21 10
51 394 10
51 191 18
249 39 10
129 303 14
440 278 10
330 141 18
362 353 15
127 53 11
379 200 18
448 308 10
325 364 16
14 331 5
433 138 3
261 294 20
135 97 4
152 150 10
199 307 2
440 435 18
149 42 19
272 438 4
197 224 8
230 173 8
7 299 12
455 348 19
310 176 16
27 250 4
420 283 11
265 423 7
72 91 10
414 219 14
61 332 18
71 10 14
375 492 8
59 264 12
8 284 13
176 53 8
394 398 6
223 410 20
42 283 8
413 383 18
335 9 3
51 449 2
471 315 1
331 334 16
29 265 18
66 115 17
460 442 16
114 54 20
432 392 17
137 77 2
436 163 10
385 407 13
191 377 19
385 150 13
175 463 3
482 25 18
23 304 1
73 136 14
439 358 18
297 410 6
448 175 12
263 151 15
299 365 13
131 471 5
227 135 17
497 10 11
206 88 13
148 93 13
263 206 11
308 85 12
480 405 10
404 455 14
50 235 6
276 414 9
42 274 20
9 499 9
404 146 10
442 15 8
137 70 20
184 352 18
177 453 9
48 250 5
497 276 14
292 332 10
271 112 3
171 158 10
175 34 14
432 39 1
64 30 12
97 499 7
329 27 12
473 38 16
139 231 4
370 5 13
389 212 12
360 489 19
14 410 19
416 345 10
235 415 4
38 467 9
396 347 19
373 339 16
210 9 7
447 328 7
147 168 1
428 7 2
377 16 4
124 67 12
213 127 7
286 117 3
286 155 18
38 34 14
312 229 8
382 167 11
213 149 19
94 289 16
314 455 5
440 451 13
394 317 14
386 320 9
6 245 13
443 418 17
486 360 1
224 169 9
243 251 11
146 430 19
96 318 14
123 400 13
170 74 7
98 226 13
400 374 12
39 65 3
1 97 4
123 41 10
142 490 11
401 379 9
278 258 5
430 69 5
55 73 10
56 267 20
162 245 1
412 354 17
156 418 1
135 76 2
394 426 18
62 85 6
55 447 15
418 355 20
321 203 3
359 3 13
347 246 13
421 393 7
395 333 15
373 187 11
24 395 12
113 86 3
395 102 17
244 141 16
264 368 15
166 296 1
189 32 9
22 3 17
266 419 19
481 254 15
237 125 13
187 245 12
108 319 9
432 180 19
455 39 3
377 486 4
397 207 2
201 383 13
455 234 9
44 126 12
10 148 2
260 233 16
391 281 8
49 37 10
135 206 19
207 394 17
84 208 12
486 413 4
8 377 11
34 184 5
211 29 19
163 74 4
215 496 3
140 219 19
410 203 20
287 245 6
232 362 16
413 329 2
19 279 20
9 114 12
78 44 6
232 331 8
430 123 19
444 456 6
34 164 11
119 353 3
438 425 10
191 500 5
473 127 10
395 39 12
493 456 8
486 371 20
129 283 9
23 181 12
429 265 1
95 487 20
100 324 9
199 113 1
331 314 14
471 427 6
480 47 3
216 264 6
393 3 16
490 84 1
258 303 16
96 89 5
283 207 13
457 333 13
300 201 16
357 265 13
145 82 19
410 454 13
212 345 13
373 432 7
487 299 1
400 387 8
148 158 6
109 349 10
258 42 1
159 147 11
269 247 10
67 424 18
162 470 17
389 429 2
143 131 3
66 397 7
251 80 14
105 212 6
50 488 1
422 317 15
80 20 6
450 453 9
331 237 14
453 482 10
392 102 20
452 300 15
323 72 1
120 4 2
81 466 18
459 191 5
289 454 10
273 280 3
342 413 2
59 239 4
318 475 9
186 74 1
145 53 13
123 401 3
107 252 20
185 8 7
495 32 2
474 240 20
290 465 12
381 28 12
342 173 12
318 352 19
127 86 15
40 480 1
99 217 6
244 334 16
310 111 17
146 167 7
301 272 2
137 383 1
213 9 15
184 30 7
192 169 18
420 192 14
133 319 7
22 53 13
432 411 9
69 127 18
468 107 15
229 116 3
129 249 15
439 62 7
268 187 8
490 468 15
140 55 9
213 315 9
285 121 2
401 472 19
300 103 11
273 4 3
329 190 5
174 196 7
101 88 17
143 66 8
143 203 12
58 207 14
209 83 16
286 256 2
479 434 4
110 170 14
64 75 10
183 188 16
331 127 9
373 39 5
428 250 20
243 398 1
69 19 6
301 257 16
218 297 12
290 309 1
268 240 10
60 282 12
253 3 15
304 379 7
405 32 8
224 61 9
411 361 7
282 176 8
172 325 10
75 459 11
172 181 12
469 467 8
135 340 15
180 328 12
407 335 12
157 151 3
126 103 4
484 341 8
427 224 3
132 192 4
179 161 1
422 336 5
482 328 13
78 124 16
186 484 19
219 241 10
335 122 15
250 262 10
230 499 11
268 250 14
247 344 7
221 156 16
434 389 4
274 132 2
219 377 10
469 154 17
131 415 5
389 303 9
368 420 2
247 451 19
49 337 10
356 194 8
141 328 16
184 336 10
271 138 9
294 373 4
302 83 15
488 415 9
394 74 1
473 171 15
205 421 2
467 488 12
412 480 6
189 364 12
247 205 7
382 454 4
309 122 4
438 440 19
354 87 10
404 280 2
230 434 2
492 64 18
109 31 2
462 475 10
60 303 9
280 212 11
130 421 3
369 108 19
36 402 6
428 39 17
182 90 14
438 281 20
235 460 9
407 258 3
452 369 10
123 10 17
432 415 5
366 120 1
36 283 19
192 160 13
150 432 11
409 316 7
368 2 7
346 363 15
31 347 18
371 265 9
217 202 10
351 216 8
188 354 20
70 316 14
470 28 18
148 77 18
294 415 10
75 329 20
104 129 20
313 341 8
433 425 16
352 362 19
414 255 2
122 395 4
85 325 11
90 95 14
434 77 4
117 168 19
109 74 12
370 331 2
214 471 10
71 99 2
133 50 1
83 343 6
317 427 3
76 414 3
432 271 5
207 335 5
98 392 13
144 247 4
218 401 18
95 124 15
269 236 2
96 320 1
418 59 12
147 450 2
55 75 7
22 434 10
397 1 12
248 473 14
396 119 6
151 415 16
44 425 13
232 184 5
449 444 19
334 77 20
86 152 3
13 228 8
24 207 13
158 353 10
339 491 2
424 314 4
300 369 10
352 97 19
477 60 9
285 89 15
283 309 1
21 354 3
185 166 6
465 82 12
306 391 19
445 84 13
313 356 8
145 477 2
291 256 17
376 78 17
100 192 17
278 180 7
353 134 1
370 25 10
183 11 20
175 276 11
463 198 12
6 227 12
466 55 13
459 112 3
10 257 8
429 264 4
373 256 18
495 297 12
184 257 4
143 258 16
247 384 19
281 388 15
15 411 14
45 125 10
85 246 16
7 391 8
46 234 5
455 389 3
190 1 11
401 308 5
211 163 6
147 262 15
127 52 3
160 423 17
327 15 8
242 8 4
58 248 16
258 429 8
444 475 1
209 233 13
152 217 10
360 138 9
236 150 11
169 69 15
232 315 12
142 85 8
474 36 1
16 189 5
196 159 12
307 407 10
113 256 18
347 283 15
122 253 17
431 257 9
80 237 2
121 421 16
437 41 5
466 432 20
64 367 12
128 220 16
442 421 1
175 257 10
88 279 2
62 228 19
267 217 8
82 451 16
372 474 15
290 270 14
431 19 12
124 197 13
68 56 3
451 284 7
86 100 4
328 230 1
169 490 14
174 79 10
170 492 17
353 418 19
441 352 13
318 405 4
187 173 9
358 62 19
192 409 7
239 345 5
94 164 16
143 41 4
4 366 7
50 354 20
295 457 5
18 398 2
44 435 9
293 70 13
310 12 7
490 109 3
84 102 19
38 312 9
14 154 11
130 218 18
91 223 4
457 347 15
163 142 9
327 382 17
394 380 13
203 149 11
159 226 14
12 22 11
65 462 12
197 346 5
341 419 11
377 435 13
76 23 19
100 271 1
42 434 10
359 111 4
121 286 10
126 335 9
427 351 16
367 142 12
49 383 16
105 410 7
416 87 20
32 307 18
342 53 5
162 72 13
180 403 9
143 466 16
9 195 1
164 41 11
462 84 15
196 490 4
7 192 17
65 44 10
345 291 6
417 367 1
40 84 10
454 17 2
457 231 8
250 148 15
324 115 7
366 327 3
141 223 7
117 220 18
357 341 9
478 421 3
215 78 14
461 152 13
219 401 8
74 448 13
485 280 18
94 109 7
204 391 6
237 340 16
475 151 4
31 189 6
336 284 7
222 3 20
73 189 18
321 74 19
235 400 13
237 192 20
162 473 10
251 219 6
153 383 17
401 346 11
216 223 8
278 266 3
331 401 13
268 325 8
322 334 11
316 343 10
394 273 7
34 192 11
419 153 11
222 378 13
140 289 6
41 340 10
241 302 14
351 474 12
299 89 3
95 107 3
164 22 6
68 85 7
444 297 11
316 147 18
222 423 17
46 303 5
431 350 17
434 405 13
303 99 9
327 389 12
232 372 20
297 196 12
105 66 2
90 323 10
168 404 12
4 261 16
220 179 14
213 233 2
101 460 6
222 320 5
19 181 5
438 94 15
131 34 9
500 228 7
400 406 13
150 68 1
474 276 18
247 442 10
116 239 16
93 252 14
106 48 7
157 81 7
156 170 1
293 6 2
202 130 7
327 113 13
347 392 12
345 86 2
152 7 6
338 377 20
370 416 8
83 267 9
162 103 17
131 21 11
62 21 4
218 450 11
295 228 18
209 249 5
491 395 17
485 344 6
171 112 15
152 465 15
294 9 4
322 422 17
299 263 3
359 198 20
216 328 11
337 26 18
321 361 16
20 125 15
169 481 18
96 307 10
236 305 4
247 238 19
40 12 3
103 205 19
97 424 18
420 463 4
316 247 2
318 7 17
163 36 9
77 428 11
28 278 10
479 81 16
29 362 6
275 484 2
131 399 9
160 361 19
237 137 16
145 189 15
123 127 12
467 195 16
93 302 13
191 249 8
194 222 12
253 147 19
54 323 3
249 281 13
170 89 18
241 16 19
373 58 9
220 80 3
346 98 9
137 314 13
187 383 18
337 419 4
46 93 8
316 90 19
485 461 17
155 121 9
229 13 10
497 388 9
23 37 5
429 186 5
314 339 17
76 17 3
247 36 6
260 425 1
427 1 11
399 314 5
5 459 15
58 468 15
323 500 9
230 266 10
373 341 20
145 148 1
44 376 15
162 267 17
218 438 13
216 136 9
181 210 12
381 477 15
350 206 17
151 110 6
168 22 9
97 337 20
222 183 6
329 75 10
196 445 11
410 344 6
48 469 1
370 415 19
257 41 4
60 244 9
23 434 2
368 23 13
90 441 2
17 445 8
283 455 7
144 19 10
391 285 14
346 24 2
34 139 8
114 23 5
125 319 16
142 316 8
331 205 3
134 118 3
416 250 13
369 76 14
144 327 15
57 220 2
460 327 2
341 177 12
293 440 13
185 390 4
390 33 18
372 65 6
65 53 2
218 30 1
91 269 4
169 411 3
243 326 20
122 391 16
318 148 5
218 21 11
303 169 11
304 213 6
366 4 5
55 228 19
152 500 17
255 64 3
362 69 4
439 71 15
130 375 19
78 362 12
148 276 3
57 299 10
50 297 11
370 303 13
175 268 2
459 102 17
119 387 4
118 492 11
83 3 11
352 186 6
80 42 3
427 400 8
455 208 16
419 345 11
127 25 20
246 197 3
312 106 4
443 66 13
348 462 17
31 191 10
417 172 20
124 279 5
133 249 3
212 85 2
123 141 20
10 273 7
474 383 5
405 374 6
317 223 19
229 92 1
322 26 10
450 119 7
45 337 11
401 67 17
199 51 12
424 450 3
271 211 9
461 303 1
310 241 5
24 405 17
292 337 14
161 150 7
490 77 13
299 57 5
102 182 17
173 272 17
284 391 1
135 288 7
209 59 12
169 365 4
387 196 17
8 116 14
240 397 15
397 93 15
164 356 18
62 411 3
411 420 11
476 164 18
485 408 9
411 164 17
338 486 13
370 499 2
397 188 4
204 372 4
186 269 15
148 437 10
362 166 14
100 395 17
237 497 15
222 488 5
254 458 4
205 483 11
480 148 2
172 117 15
364 440 6
194 74 20
31 243 14
221 453 9
220 8 19
343 322 13
89 181 7
423 157 1
490 442 8
22 450 15
199 323 9
476 76 2
236 80 17
380 252 2
459 302 17
446 495 8
110 298 1
178 322 3
277 110 13
98 66 10
91 187 1
408 84 7
354 347 18
416 104 9
447 473 9
443 307 18
63 449 1
354 312 14
135 55 14
188 442 10
184 379 9
379 489 6
205 26 13
325 254 13
35 167 3
382 227 4
169 7 18
422 20 4
166 165 18
68 129 20
252 485 8
327 390 4
261 496 12
154 174 19
24 336 13
49 36 13
4 28 19
421 298 10
175 206 18
161 13 5
150 180 12
110 361 13
145 464 13
351 393 12
207 438 1
368 269 13
422 138 14
136 177 15
331 488 14
242 66 5
129 406 10
27 38 11
58 344 10
329 135 1
216 394 14
312 250 19
43 475 17
43 143 8
331 269 2
200 330 19
433 129 7
80 332 12
302 82 16
245 42 16
117 420 17
40 459 20
160 473 2
441 495 14
248 146 13
66 262 7
309 410 17
24 243 4
138 294 15
289 477 1
213 178 17
438 35 17
431 216 7
464 222 20
347 373 15
340 39 14
164 104 2
129 430 1
146 130 19
115 39 12
161 74 1
483 296 8
300 308 19
208 68 3
453 426 12
131 369 3
341 155 4
112 133 17
90 393 11
306 353 16
364 249 15
408 289 12
40 404 16
333 15 20
181 6 17
24 266 9
236 268 14
431 135 16
455 488 7
242 138 6
169 89 4
347 163 8
488 107 10
243 30 3
231 97 13
392 268 16
430 117 4
258 109 15
430 29 17
4 12 20
174 225 14
145 437 15
339 180 2
402 428 9
284 274 17
171 117 6
479 441 4
178 20 11
304 20 14
438 247 11
207 116 17
273 71 2
388 144 8
464 466 17
451 261 3
457 378 8
466 7 16
480 108 9
471 400 20
384 37 13
150 100 1
134 133 14
213 179 17
270 395 20
56 486 17
207 46 1
351 60 18
132 206 19
268 352 15
41 108 3
122 360 11
45 52 16
312 419 4
290 107 3
225 39 2
178 130 9
374 239 17
226 456 6
470 456 1
301 72 20
301 418 16
399 364 10
35 370 13
397 46 10
152 226 19
150 367 4
470 344 8
403 258 20
364 153 5
36 80 11
123 342 6
235 240 20
92 316 4
87 293 16
343 110 4
174 346 15
280 161 12
313 318 10
76 329 20
216 208 15
145 40 18
349 60 5
312 476 17
51 459 3
450 400 18
176 170 15
251 495 9
457 22 19
479 161 10
497 316 2
94 63 10
38 437 13
210 126 20
249 128 18
441 247 19
152 285 20
47 459 15
451 110 8
374 229 7
211 249 9
129 156 1
253 252 15
309 440 4
466 308 16
268 131 20
296 316 11
359 121 14
466 246 19
319 211 13
414 437 13
236 326 8
472 314 12
454 140 12
140 28 11
461 58 17
447 428 6
57 381 8
489 28 11
146 375 7
347 297 11
180 33 11
121 476 16
74 367 20
392 344 10
107 379 19
107 232 4
324 24 12
491 324 15
436 88 8
285 233 7
277 309 13
399 226 2
258 147 1
218 215 20
365 459 20
194 462 13
467 200 9
90 24 4
468 280 11
326 93 15
287 308 17
86 21 3
152 252 14
30 243 15
409 388 11
491 437 20
99 257 1
282 122 20
243 217 4
12 226 18
75 309 12
179 374 14
350 288 8
424 278 15
354 402 17
347 313 15
32 207 11
164 349 7
301 205 18
5 383 9
339 71 9
238 427 16
349 47 19
345 54 19
89 54 16
220 296 17
243 88 17
487 498 7
246 454 13
336 402 7
157 223 5
470 42 10
3 461 8
387 437 13
492 377 11
74 283 14
311 320 15
335 55 17
31 93 17
1 141 15
397 319 5
476 129 18
478 121 8
35 48 12
498 97 19
145 278 2
252 251 18
197 484 1
294 500 20
5 309 12
319 9 20
447 4 6
141 114 20
445 495 9
364 238 12
309 316 8
349 93 6
125 62 8
478 137 6
54 272 13
446 305 8
157 3 9
250 21 9
349 472 5
342 143 17
398 483 6
463 388 10
109 84 4
402 109 10
333 336 17
477 311 17
109 420 3
9 196 15
394 416 1
77 87 5
138 20 14
412 233 20
431 287 14
271 165 15
263 291 19
495 493 11
285 129 9
83 182 12
25 259 18
494 401 1
123 18 16
363 441 6
324 100 15
463 203 14
215 129 19
165 315 13
121 102 12
228 402 17
379 263 5
362 120 10
265 372 18
137 3 6
232 264 20
108 48 3
112 214 17
349 400 2
302 180 9
120 225 7
92 399 10
108 446 20
221 155 5
350 123 17
80 206 18
335 284 4
327 105 5
207 354 6
313 354 9
23 226 6
16 50 19
221 487 7
311 92 7
226 147 2
218 312 2
427 372 3
206 246 15
402 233 8
146 482 18
458 142 9
421 134 17
238 108 7
273 382 12
220 449 15
469 60 11
300 156 20
98 308 11
152 215 10
364 18 19
165 71 4
493 278 20
454 494 11
489 92 7
84 308 14
245 82 6
430 428 20
102 265 11
385 123 17
489 23 19
230 352 2
273 495 17
131 190 11
30 2 10
439 278 4
23 234 10
2 215 2
152 145 19
409 489 3
102 140 16
400 230 9
276 288 13
222 137 4
123 49 17
96 449 8
210 55 11
61 238 1
186 455 14
414 436 19
437 440 7
85 28 13
485 46 8
223 107 12
255 100 17
252 358 13
462 118 3
203 418 5
226 452 17
106 187 18
256 272 14
180 24 7
158 348 12
390 205 17
436 145 17
202 10 17
342 365 4
169 78 12
119 213 11
161 307 19
452 377 17
413 257 2
268 450 9
265 338 12
384 191 11
327 339 2
408 457 19
406 379 13
259 76 9
134 330 15
248 356 13
118 438 2
314 185 9
256 418 20
363 389 2
68 86 12
346 240 15
140 6 1
116 102 14
161 407 3
356 439 13
174 228 20
488 178 11
161 461 6
111 209 15
463 15 18
8 205 17
315 119 1
67 298 2
199 305 13
466 398 1
58 400 11
339 103 20
248 269 8
57 354 4
55 465 12
163 270 15
195 268 12
486 334 18
165 64 15
483 480 4
435 278 13
289 134 2
332 417 1
269 155 3
492 448 10
188 289 9
215 42 12
88 406 7
364 450 18
275 367 6
88 254 16
97 181 7
263 279 17
199 454 4
29 24 2
391 317 11
292 104 9
228 127 13
12 395 14
163 125 8
158 318 18
499 38 20
364 260 7
83 22 4
410 101 12
461 447 18
9 266 13
254 9 6
33 415 5
191 236 1
479 171 19
320 387 2
385 430 20
307 208 15
109 141 8
495 8 12
262 251 20
8 148 10
89 488 4
128 154 8
8 454 3
327 307 5
366 291 19
246 61 1
469 172 1
334 401 3
143 465 10
492 415 11
409 202 14
59 315 13
252 205 16
245 195 1
216 203 1
73 4 12
52 171 12
336 75 6
215 99 7
345 424 19
298 207 8
350 493 14
149 397 1
419 414 5
132 448 3
56 474 11
248 451 3
26 149 2
213 152 12
40 289 10
284 315 6
29 440 6
421 282 11
422 480 5
178 194 12
165 293 3
302 348 15
244 185 17
312 407 10
300 113 13
247 37 5
421 441 1
472 201 16
24 360 15
313 208 15
100 426 20
176 166 15
154 22 2
387 208 19
101 139 20
319 294 2
402 228 13
412 42 16
250 159 16
58 36 18
131 73 8
297 472 18
108 34 4
38 99 5
49 415 10
379 392 19
183 84 11
277 409 19
429 113 5
106 123 8
469 483 19
332 212 1
111 169 19
288 72 7
22 21 7
370 280 5
310 411 16
178 484 13
289 429 20
456 307 18
5 12 15
473 300 7
59 293 14
443 357 11
425 171 10
436 82 14
359 200 13
17 304 19
468 414 14
334 381 13
395 95 16
116 415 15
450 95 18
165 437 11
267 283 7
308 401 2
230 221 10
425 362 17
22 370 2
400 181 3
173 441 4
19 56 10
287 339 18
486 490 7
276 22 3
101 461 18
38 407 10
233 1 2
160 217 17
348 247 1
97 410 8
333 366 4
271 176 16
367 283 14
145 76 2
226 204 11
177 39 14
398 349 2
25 101 17
270 313 4
420 384 15
96 298 3
28 444 11
129 200 10
160 289 2
29 15 13
189 206 5
127 312 20
411 451 18
184 127 7
17 164 12
105 414 8
139 339 12
469 484 5
452 192 8
467 253 19
218 154 14
453 41 10
288 326 8
77 114 20
302 229 13
214 231 9
412 194 3
486 225 11
66 405 11
230 220 2
149 190 12
183 483 10
348 130 19
221 259 14
10 233 12
113 450 18
467 256 9
31 19 12
56 436 11
300 274 7
449 393 19
408 481 9
201 128 6
280 350 9
280 424 6
476 447 16
82 186 9
211 48 6
500 240 20
96 112 19
269 100 3
459 375 8
463 298 11
383 460 6
290 390 3
183 388 9
431 12 4
71 191 4
90 128 16
450 360 19
129 83 1
60 141 9
436 24 6
148 134 8
64 71 5
333 392 20
361 177 11
317 455 11
94 288 7
86 168 1
261 66 6
321 225 6
312 19 12
337 233 6
10 158 6
455 132 4
320 78 14
14 419 2
36 312 13
182 43 9
456 46 14
88 404 19
28 381 5
114 450 4
378 297 10
54 150 4
60 129 16
97 107 3
446 146 3
107 166 6
282 434 6
419 334 1
446 387 4
148 256 8
99 232 20
82 419 18
214 380 16
76 278 18
138 445 10
189 47 13
55 154 18
171 281 6
271 210 13
163 300 7
362 187 3
65 412 1
133 40 2
90 12 20
214 42 20
302 187 5
333 121 2
389 240 3
27 116 11
135 391 4
460 347 3
3 146 2
192 482 1
16 266 6
376 283 4
393 84 6
365 235 18
437 102 11
53 380 20
352 130 6
445 75 6
253 176 5
174 426 14
168 497 1
71 315 4
40 271 19
95 422 17
25 308 9
50 71 19
448 61 18
500 29 1
284 317 19
137 322 19
247 191 16
10 149 8
411 34 15
193 240 8
88 248 15
225 428 20
266 209 4
405 58 1
278 389 17
386 491 15
366 351 17
197 421 6
187 72 16
45 213 4
216 444 16
71 216 19
368 251 8
402 222 12
45 242 17
390 253 9
70 317 14
295 342 15
176 208 17
121 290 5
128 438 14
389 381 2
377 297 1
293 55 5
296 290 18
185 361 6
107 305 4
450 198 10
279 242 20
211 13 20
460 395 8
113 246 20
55 431 14
289 155 5
420 5 3
431 106 5
441 192 1
196 82 5
163 308 8
374 468 9
234 148 11
157 230 16
464 122 13
249 446 13
447 499 15
152 476 12
80 115 9
349 256 14
9 258 18
384 316 3
463 159 9
339 2 1
292 499 2
468 470 19
202 135 5
334 96 9
377 130 1
128 196 11
231 40 12
365 316 3
204 11 5
325 450 4
436 361 20
408 59 10
116 478 19
317 344 10
195 75 8
367 238 16
323 497 20
396 268 5
113 213 20
206 436 1
250 480 19
56 328 20
228 103 10
176 307 9
270 333 7
379 341 3
36 476 17
204 303 10
348 145 18
476 333 10
378 153 2
89 389 6
241 479 10
40 29 11
181 317 6
164 421 13
66 362 4
361 86 4
109 251 16
105 13 13
382 372 20
249 60 7
108 126 8
429 385 19
403 192 7
408 301 11
385 421 18
115 475 18
299 369 6
76 276 16
316 404 20
22 319 9
296 58 17
338 236 10
158 334 15
163 282 5
182 75 4
470 12 8
408 338 17
204 264 10
38 32 2
439 416 15
467 347 11
279 110 17
353 31 8
297 201 2
378 224 9
107 478 20
155 91 8
249 3 15
344 123 4
490 132 11
222 135 11
49 267 16
202 8 18
338 359 16
341 222 2
254 47 1
4 142 8
373 260 1
80 221 12
178 64 5
327 144 13
264 187 19
251 1 4
64 269 9
23 290 10
161 345 10
368 402 7
317 76 14
104 157 8
459 223 20
280 406 20
108 412 9
61 142 10
141 481 8
460 256 5
271 217 17
117 129 6
127 366 2
259 306 5
233 31 18
428 66 13
387 292 12
472 41 13
313 338 2
227 93 11
69 448 18
263 248 2
144 372 1
176 374 1
35 456 14
461 72 17
161 159 15
210 493 3
440 402 18
256 279 20
237 480 10
101 14 6
408 316 5
69 415 8
249 234 19
82 190 19
193 278 18
358 433 19
364 476 20
179 199 15
425 434 2
278 229 3
496 27 11
53 109 9
185 180 11
483 144 10
39 203 9
325 117 16
421 97 19
277 251 13
305 379 13
72 1 5
223 477 15
38 428 19
50 462 11
250 50 5
44 396 4
338 128 5
147 213 5
475 355 1
490 91 4
221 319 5
220 290 19
285 255 3
32 279 17
484 84 16
315 358 4
262 58 7
482 462 7
262 134 6
336 469 18
49 91 3
428 8 7
272 4 14
174 65 3
166 136 2
298 431 7
436 33 16
34 25 12
243 64 2
68 292 14
244 337 7
450 395 11
166 489 8
320 330 16
284 494 9
215 108 6
288 437 4
128 3 16
240 478 18
128 81 4
113 360 3
278 168 19
403 307 11
21 409 12
385 351 8
137 220 1
457 336 6
259 174 17
4 343 3
391 18 3
487 451 3
266 298 15
443 272 8
401 336 11
122 127 16
494 129 17
14 222 20
271 110 10
134 29 7
480 5 15
285 196 16
97 12 2
374 144 16
499 44 19
296 16 10
229 411 13
350 400 6
478 476 16
440 98 13
427 131 13
81 133 13
188 395 5
297 429 7
95 133 8
132 368 10
471 477 12
78 389 18
182 447 18
64 43 8
382 377 4
235 458 16
494 36 10
362 57 15
285 498 1
126 299 16
495 19 7
75 94 10
111 477 16
57 490 14
196 35 6
209 216 11
445 110 7
400 151 15
139 190 7
270 413 4
355 475 2
485 390 4
399 403 2
105 345 6
230 10 3
26 246 8
45 348 6
486 109 11
241 187 3
231 41 9
285 395 18
154 252 15
99 374 9
261 356 1
363 81 5
244 71 18
435 467 16
292 451 16
408 322 9
145 493 13
348 116 11
21 210 16
371 417 10
24 422 11
466 85 10
123 326 8
30 349 11
120 241 10
81 162 9
125 303 14
162 332 11
199 50 19
487 44 11
411 173 18
196 146 14
433 228 17
340 21 20
100 162 9
267 67 9
107 164 19
492 332 10
233 188 19
130 325 3
408 219 11
183 467 14
201 461 14
105 147 19
63 71 8
135 281 12
334 230 2
113 412 9
453 344 14
179 191 12
18 96 5
45 277 10
79 410 8
85 334 1
305 201 13
162 251 11
97 156 5
358 202 13
259 364 15
396 427 5
254 58 2
284 7 1
293 149 4
441 130 14
229 146 1
485 267 14
236 422 19
334 51 13
52 352 9
257 308 12
371 76 12
333 209 7
328 359 6
327 363 11
431 121 11
94 348 20
297 409 20
165 223 13
500 499 7
71 372 19
68 2 12
56 321 2
412 74 10
75 450 11
382 300 1
489 244 3
395 89 3
438 452 1
407 263 7
227 488 20
178 103 2
214 27 11
472 108 2
216 85 1
365 302 12
192 86 15
76 335 3
409 297 17
367 350 3
455 371 15
108 263 11
132 129 18
9 419 18
105 398 14
177 390 1
317 312 16
98 341 12
53 114 10
282 284 14
171 440 10
288 365 7
386 143 17
485 66 15
409 103 9
391 147 7
134 10 9
57 165 17
37 347 19
228 382 9
72 75 17
397 241 11
420 357 12
176 476 14
87 73 3
339 292 19
235 6 18
436 216 17
266 104 17
411 245 11
374 154 5
243 232 4
301 395 1
174 370 17
447 249 1
252 127 10
334 499 2
171 28 16
18 477 4
77 499 19
305 51 16
226 177 9
410 131 14
41 245 8
447 457 1
120 264 8
218 126 1
78 87 10
332 480 11
237 215 17
164 158 1
392 180 10
483 88 6
119 244 9
1 29 13
343 71 10
82 472 18
208 388 10
25 206 10
458 109 18
389 395 4
139 387 19
48 187 7
58 88 18
352 172 8
294 452 1
74 490 11
445 118 5
26 87 12
7 43 3
155 111 5
257 313 15
493 113 18
305 282 6
417 416 9
187 479 5
460 8 14
495 258 4
152 483 19
233 444 19
179 428 14
90 236 14
494 242 20
347 367 15
452 233 9
94 41 16
109 357 9
225 98 9
476 107 13
42 228 5
166 146 7
472 352 17
117 180 11
60 290 8
54 170 20
482 296 1
384 441 16
218 490 7
84 310 12
321 195 3
352 101 5
19 227 17
427 166 12
71 155 2
160 294 15
466 439 7
145 411 19
19 257 10
313 472 11
268 285 3
251 296 19
245 144 7
120 420 10
495 277 5
429 233 2
19 323 3
27 65 3
465 247 13
117 345 19
223 173 17
438 297 17
396 184 10
221 186 17
61 214 6
113 134 2
190 467 1
492 174 2
234 104 7
264 475 14
298 393 19
352 379 7
98 39 16
190 447 10
499 275 2
87 222 19
152 140 6
238 147 14
76 181 10
426 267 8
119 496 6
96 57 5
190 7 14
93 242 19
52 86 8
277 1 3
429 156 16
63 14 4
410 497 9
169 136 16
63 104 7
344 272 9
192 141 3
461 279 7
353 156 12
178 321 16
22 159 16
408 396 6
415 477 7
106 358 14
99 83 12
187 54 13
414 61 14
186 264 18
80 235 9
338 16 12
482 67 3
387 72 12
321 209 17
433 276 18
115 403 6
28 266 5
408 367 10
109 323 13
106 109 12
171 110 14
196 415 18
186 268 1
30 476 6
106 218 8
31 51 13
53 117 13
22 468 14
347 138 6
203 495 12
412 1 14
436 102 7
115 82 11
261 22 12
155 299 18
333 87 5
462 36 20
219 354 18
369 95 20
299 181 1
88 186 16
269 161 13
163 254 12
49 469 14
212 361 16
259 265 2
424 281 20
199 291 19
340 273 6
347 107 11
437 1 9
477 296 4
28 173 18
470 249 15
182 60 1
356 250 15
231 490 10
430 58 14
105 93 13
73 186 11
188 46 18
171 228 20
305 372 7
213 43 3
28 383 4
321 128 9
219 12 18
170 433 7
114 78 13
90 233 18
102 305 17
471 341 6
357 432 7
375 216 4
387 143 5
362 449 14
432 51 2
171 366 7
458 219 13
8 401 5
292 161 6
464 30 6
263 380 9
348 133 11
255 443 2
361 203 10
352 482 5
26 95 1
112 102 12
13 472 3
365 267 7
480 395 10
231 210 8
378 211 12
85 444 11
19 260 7
258 221 20
498 278 15
123 52 14
213 121 14
210 289 16
212 419 9
305 263 9
69 374 16
141 235 19
360 70 3
92 234 2
23 250 13
390 464 4
149 56 7
409 361 9
98 289 12
239 376 5
149 492 20
7 137 18
139 462 11
411 348 10
198 413 20
209 483 6
267 229 1
194 437 2
244 134 5
283 364 11
232 296 4
432 444 2
1 377 15
243 362 13
479 41 17
188 357 12
229 129 10
317 150 17
420 162 3
404 205 8
486 71 6
1 445 18
488 379 16
200 44 1
70 418 10
159 3 5
475 249 11
106 262 18
356 92 7
496 336 20
435 115 1
136 329 8
394 352 10
422 23 18
495 149 5
215 404 12
219 84 20
286 111 3
280 111 1
160 239 15
169 408 6
163 203 6
217 99 8
289 56 10
399 119 5
175 478 17
404 50 6
344 495 12
125 26 18
440 277 9
312 1 2
68 165 13
444 434 17
498 25 13
324 480 5
19 468 4
368 319 16
324 205 14
253 325 8
448 300 2
339 470 16
269 245 1
248 28 19
108 425 6
455 254 17
7 380 15
253 382 12
279 401 7
178 94 17
74 91 3
193 7 8
490 446 19
286 456 4
499 123 11
361 343 6
345 69 17
174 224 1
325 71 12
141 443 18
40 115 3
29 271 7
101 279 19
401 111 13
414 11 7
434 326 3
186 444 8
436 212 13
347 81 7
308 168 6
368 58 13
371 409 20
332 215 15
429 191 18
178 76 16
224 110 9
339 294 14
386 267 12
163 390 15
282 393 5
184 305 14
102 96 4
389 357 13
484 43 3
30 240 16
293 323 15
405 28 15
37 163 16
164 170 7
488 372 18
456 492 16
98 355 14
339 50 18
146 329 2
291 215 5
79 189 14
278 350 3
57 133 9
470 484 9
191 273 6
114 147 15
280 82 19
124 353 1
205 108 16
336 157 6
399 63 19
486 483 20
220 228 6
25 81 20
304 249 20
289 475 19
94 354 18
495 124 7
44 467 7
370 116 15
23 19 17
306 273 16
57 363 16
197 487 17
35 325 9
77 59 12
256 352 8
175 383 6
247 339 10
385 99 15
440 374 12
32 189 6
254 109 3
124 481 8
19 154 10
138 105 19
371 65 11
37 395 20
99 104 14
319 491 2
305 273 17
249 498 20
437 279 13
325 461 2
457 108 17
12 16 3
73 219 18
198 139 5
40 215 15
182 430 17
243 101 16
485 50 3
332 477 8
441 443 8
119 227 7
114 329 12
185 111 20
91 322 10
65 137 2
64 37 19
136 120 5
223 293 1
454 264 14
394 437 6
246 161 20
484 386 15
218 499 8
336 183 20
324 263 16
460 377 16
79 64 20
290 203 5
126 247 15
196 469 18
188 63 12
345 48 12
260 227 2
32 439 1
248 341 19
174 422 9
346 41 5
115 297 20
88 311 16
239 52 2
175 110 7
296 411 7
447 367 17
340 344 9
36 293 15
122 143 3
482 183 17
62 445 11
80 49 12
320 229 3
409 330 1
100 253 9
210 107 2
24 378 13
407 499 14
420 259 9
271 145 16
307 257 10
192 222 20
271 92 20
189 2 10
462 216 17
280 133 13
347 167 10
387 409 4
108 61 16
492 108 10
377 454 19
214 321 13
474 224 16
77 276 6
416 150 12
1 448 11
143 228 7
73 332 19
93 323 12
470 235 12
344 362 10
491 481 16
429 159 6
143 328 1
119 70 1
250 142 15
296 310 10
451 251 3
437 238 13
292 464 20
87 392 15
3 412 2
472 162 9
367 11 20
145 66 15
115 59 4
357 414 1
177 420 17
308 181 8
493 252 9
387 265 14
23 306 2
224 322 12
288 133 7
202 138 11
337 149 3
123 122 9
156 362 10
84 117 7
55 2 20
461 337 11
297 288 4
489 358 2
17 152 17
172 368 9
243 357 19
296 383 13
283 214 1
227 487 12
175 75 7
384 490 20
428 214 14
181 36 10
55 124 18
420 12 12
101 240 10
100 439 14
330 297 18
275 480 7
53 306 7
489 8 14
215 211 4
9 187 7
356 15 2
285 394 16
462 374 5
400 470 20
81 234 8
282 332 10
26 232 2
399 126 9
343 183 2
428 320 6
124 18 5
247 295 16
461 22 13
462 89 7
121 101 6
11 147 6
118 220 17
60 39 4
471 449 16
121 272 1
332 343 2
306 92 5
302 113 9
482 339 16
235 84 9
110 397 20
15 355 20
406 182 9
447 34 14
488 22 12
493 157 16
188 59 4
175 83 9
267 106 16
442 283 13
442 473 17
297 323 13
298 193 9
334 56 1
362 22 6
297 81 7
31 478 4
282 65 3
206 244 19
460 381 1
497 462 8
296 250 19
306 59 10
167 161 11
471 15 15
214 230 12
474 345 10
103 148 5
28 49 1
242 348 17
284 195 4
391 359 13
135 151 20
183 461 15
273 88 4
235 166 12
183 396 14
448 45 16
87 419 11
56 432 4
315 249 5
494 91 10
92 437 11
160 109 6
405 135 19
440 55 7
17 35 2
241 340 11
458 430 6
149 318 11
126 289 12
70 132 17
39 262 9
147 132 7
233 332 2
437 85 18
175 202 17
353 406 6
333 323 5
149 494 7
283 412 4
330 288 5
194 373 2
61 107 16
133 214 14
90 176 18
139 497 3
475 298 7
479 393 1
182 387 5
377 428 2
125 58 3
208 347 16
227 176 5
154 373 2
298 176 6
428 359 10
30 268 20
496 211 9
13 169 18
200 140 7
486 42 19
298 127 9
43 149 1
311 38 5
185 149 19
310 98 7
456 131 11
264 398 13
334 386 10
303 374 16
337 273 6
408 438 19
61 496 7
474 403 4
117 391 10
135 254 19
306 238 15
400 50 7
493 237 8
101 79 9
396 253 8
469 393 14
487 333 16
375 416 9
438 68 13
399 458 7
132 363 4
164 367 5
420 127 4
349 491 19
4 334 3
198 388 14
111 433 14
226 26 17
344 134 17
403 63 6
52 240 13
447 59 4
477 309 8
403 355 17
295 67 6
472 274 11
296 59 3
1 248 17
178 228 4
201 199 9
122 22 12
416 360 10
387 80 17
231 235 15
479 333 20
379 199 13
60 83 9
298 39 10
337 218 7
167 479 20
265 428 14
157 411 5
324 313 15
466 9 16
414 389 14
451 159 3
471 458 15
437 177 11
352 439 14
320 30 20
186 45 14
74 10 2
275 465 8
41 35 3
331 221 10
376 315 6
27 207 1
7 392 9
120 386 16
32 378 11
224 109 13
338 494 1
175 108 10
474 14 9
148 106 7
408 99 4
342 450 12
362 405 20
358 395 13
96 430 19
370 367 17
193 121 11
297 197 20
296 321 3
5 305 1
340 60 14
141 205 3
261 257 4
83 480 2
416 399 6
452 140 8
43 396 7
290 439 12
460 209 14
298 161 19
414 423 7
370 267 14
323 370 17
345 243 3
263 158 9
492 126 10
203 360 6
158 195 1
487 315 9
154 260 11
133 139 6
346 190 3
115 67 10
107 190 5
51 418 16
331 293 3
261 36 12
431 277 19
341 240 17
133 435 16
147 277 1
150 131 14
409 158 19
285 398 7
194 480 15
374 450 5
372 115 5
63 403 3
188 31 13
152 359 11
47 296 2
391 341 7
153 445 9
363 43 14
124 337 1
491 180 6
449 470 9
262 405 11
425 23 11
117 222 8
410 217 11
89 471 17
236 474 5
214 306 18
183 292 7
345 309 7
206 291 18
283 396 2
393 282 7
31 440 13
477 147 1
47 42 3
272 135 7
388 419 5
391 327 16
436 140 17
85 212 17
500 98 1
426 125 16
153 60 16
134 71 4
102 45 15
112 2 5
346 303 4
11 156 16
94 437 10
177 488 4
163 355 17
310 146 1
215 164 2
208 186 20
273 49 16
298 450 3
391 204 12
368 197 15
122 226 4
4 36 13
72 416 12
256 300 5
19 45 9
160 468 7
99 79 14
11 115 14
60 334 9
190 319 9
241 467 20
19 15 2
96 281 20
281 36 5
136 352 20
125 160 19
455 262 14
187 463 7
1 28 3
162 337 11
358 275 16
58 228 13
167 57 19
106 360 20
54 250 12
207 190 7
402 145 18
43 442 10
454 355 9
373 434 17
460 454 6
24 155 19
93 193 15
181 117 19
78 259 12
344 281 4
252 250 8
489 440 11
355 218 3
478 182 8
110 118 7
457 23 19
283 491 15
458 181 18
302 489 9
377 86 7
109 428 15
322 367 7
263 491 11
481 288 4
223 418 15
329 467 12
189 223 8
429 249 13
391 79 9
205 285 2
470 226 16
407 172 17
435 498 12
333 459 7
212 328 5
268 79 7
173 158 9
320 462 13
238 127 5
19 171 8
379 78 18
115 240 5
311 94 1
340 167 12
348 291 19
408 343 1
417 356 8
464 149 4
489 270 1
240 420 5
159 190 12
74 28 2
275 37 11
357 76 4
213 390 11
263 150 16
105 75 18
239 464 20
120 456 17
262 21 20
115 419 15
63 131 8
132 274 5
213 458 15
155 27 19
376 207 13
450 417 8
138 194 15
54 366 10
339 267 10
175 199 17
363 42 7
135 477 6
496 456 15
168 401 9
411 314 20
349 421 5
215 36 9
493 303 5
139 349 2
54 7 17
429 125 6
41 254 19
133 406 12
21 500 12
415 64 7
308 48 16
51 45 2
71 125 1
119 491 9
334 171 3
353 467 14
79 369 14
223 170 8
102 428 16
424 459 11
422 25 2
450 350 2
395 159 14
216 467 10
212 219 16
437 32 16
463 327 5
228 18 4
229 461 13
387 340 7
157 431 8
184 222 17
120 261 18
414 95 5
347 101 2
280 322 1
69 273 6
251 184 8
191 358 15
189 261 10
441 220 18
93 127 7
81 41 8
101 169 3
486 204 7
378 42 19
479 325 18
280 461 4
349 240 2
407 164 8
434 302 17
283 99 11
52 395 20
343 172 6
394 370 3
380 251 15
168 30 12
368 398 13
371 90 8
284 154 3
75 328 1
416 57 6
354 302 1
282 185 3
219 132 2
17 176 10
44 69 7
390 448 10
488 384 19
451 86 2
141 192 3
360 287 2
148 150 7
76 317 14
248 175 19
196 324 3
243 390 13
383 404 12
416 231 14
237 58 9
143 454 20
115 137 9
156 179 2
188 455 2
431 488 18
57 180 16
57 146 14
420 143 1
184 27 9
51 485 1
354 34 5
442 9 10
206 353 20
267 140 7
162 350 20
199 70 6
156 84 18
289 103 18
140 123 9
155 30 13
206 196 16
280 268 13
92 282 12
102 480 9
201 389 3
460 42 5
51 187 6
235 177 3
493 29 13
44 156 17
36 430 18
309 301 7
258 45 3
451 476 12
469 460 19
490 361 10
377 35 15
423 343 8
413 26 11
60 210 11
157 367 4
150 298 18
381 40 8
478 425 6
417 106 19
388 73 3
411 418 17
202 145 10
18 296 5
471 163 1
218 90 11
407 65 9
13 167 13
69 272 17
83 278 14
309 461 4
441 246 15
345 144 8
497 390 9
79 196 8
269 15 11
6 72 12
33 463 8
242 68 18
76 68 11
113 245 18
21 99 14
112 6 8
420 482 11
68 310 10
230 26 14
339 206 13
158 282 11
450 254 16
9 8 10
372 349 6
133 130 10
461 144 20
3 399 12
410 89 15
439 384 2
350 19 13
288 254 9
77 484 17
489 429 17
91 355 18
167 190 2
176 500 11
73 494 5
345 78 5
200 176 3
161 7 16
53 145 12
180 461 13
200 338 3
484 346 10
387 240 12
151 121 20
46 167 19
320 50 15
13 85 3
82 376 2
87 150 15
126 427 17
276 205 14
327 117 7
131 448 8
269 167 9
335 334 14
336 63 14
215 332 20
388 484 11
185 252 5
14 34 1
447 75 11
136 65 14
369 31 15
242 370 2
125 170 10
44 400 12
221 138 18
62 328 20
296 361 4
45 294 10
499 163 5
466 266 5
299 121 13
431 6 3
69 281 20
185 55 17
89 411 1
412 373 1
156 475 7
112 148 11
200 442 5
433 227 13
24 272 5
96 243 18
41 392 9
299 341 13
495 248 2
124 377 9
118 240 8
68 274 9
244 164 15
91 122 3
209 365 16
300 435 5
490 433 10
442 97 4
87 124 6
119 474 5
455 174 9
415 229 19
129 392 14
22 287 6
77 8 4
185 436 8
290 415 11
437 285 10
203 118 7
251 382 5
310 271 14
164 134 14
184 99 17
332 433 3
419 111 17
141 35 13
340 197 8
3 372 17
385 245 16
123 207 4
444 497 10
3 32 8
453 444 14
363 206 7
13 179 16
57 434 7
413 290 9
300 455 10
70 417 1
287 33 19
438 73 20
285 348 9
102 319 2
99 198 16
329 390 9
410 73 6
148 279 9
457 436 8
221 142 20
180 129 19
175 178 17
289 388 16
341 183 13
304 253 5
398 366 10
305 465 16
360 310 6
196 157 14
370 249 16
121 73 17
337 124 9
300 13 12
147 320 11
283 243 15
374 41 15
301 3 20
465 102 7
76 499 4
92 414 16
409 169 3
93 110 14
126 92 9
82 375 13
369 263 2
82 350 3
487 280 11
373 146 11
292 459 17
69 152 19
276 262 18
280 162 5
44 286 5
172 375 17
93 406 5
310 16 5
246 83 7
188 65 15
38 61 9
199 462 5
134 131 18
241 129 18
209 453 8
50 490 6
172 251 16
78 291 5
281 381 5
6 31 6
114 458 10
393 163 14
135 454 18
352 386 19
66 38 19
197 200 11
324 19 2
134 106 14
112 423 4
34 457 20
143 429 10
143 67 20
187 246 20
471 309 9
497 279 13
359 253 18
310 188 13
407 280 12
137 389 14
126 67 14
271 260 18
444 357 18
264 460 15
186 324 16
266 154 16
390 491 13
450 172 3
295 75 7
483 412 3
314 118 10
83 361 16
245 218 14
75 193 15
332 268 18
493 102 12
144 174 19
209 156 12
130 312 14
485 18 18
119 173 2
145 218 14
190 76 1
184 455 15
117 311 10
302 140 19
197 194 8
356 427 14
485 448 18
407 297 11
164 33 19
460 168 20
401 375 2
314 367 18
20 119 8
46 422 16
395 66 1
169 366 11
381 77 2
124 290 14
132 5 19
37 472 16
230 391 12
123 332 13
492 57 18
126 312 3
63 244 8
7 321 3
471 169 2
458 427 19
311 194 14
299 415 1
14 235 14
456 211 4
477 466 14
400 447 9
274 387 11
102 203 13
481 329 6
299 231 7
59 67 8
365 400 9
420 394 12
56 163 9
128 443 20
164 493 10
50 301 5
357 462 3
320 139 8
241 321 11
236 59 7
370 42 8
349 75 13
348 221 8
313 374 13
103 406 20
111 160 10
58 4 14
250 203 6
227 82 11
220 312 15
462 376 1
265 394 19
143 383 12
156 105 16
143 361 11
384 83 14
234 61 14
266 414 7
86 288 12
155 53 8
309 420 11
258 96 3
243 50 13
388 123 3
443 102 17
100 23 18
70 175 16
408 336 12
56 173 11
154 55 17
64 21 1
497 357 6
371 386 16
435 14 3
444 95 12
236 10 15
437 464 15
294 325 6
210 378 7
450 407 10
311 19 12
28 71 19
78 326 4
196 427 9
116 211 11
360 439 9
218 105 12
349 218 18
89 147 12
123 398 3
442 142 12
251 461 17
3 43 6
179 66 16
428 461 14
90 465 14
253 60 7
374 11 9
9 484 12
185 445 11
446 75 2
458 499 11
24 261 12
376 486 13
488 334 12
442 150 19
82 493 2
58 273 11
199 442 13
467 282 17
128 487 17
271 327 19
280 144 16
295 303 6
260 85 14
30 374 13
237 477 15
228 181 19
244 457 5
483 493 6
36 287 17
437 98 15
97 52 2
493 343 19
441 351 11
488 264 7
241 232 15
471 142 1
11 482 17
306 105 15
365 181 9
209 200 16
90 193 10
251 7 20
238 433 9
419 230 11
335 481 6
371 173 7
307 337 5
107 97 1
26 373 12
455 148 13
66 304 20
331 452 2
417 335 12
253 188 9
300 465 4
494 106 12
423 166 3
354 305 14
376 118 13
154 27 11
395 111 15
165 22 12
439 296 20
268 73 2
290 307 18
150 260 10
172 333 1
241 22 1
106 341 2
139 141 11
125 157 12
16 487 6
145 192 6
465 154 3
201 31 16
160 258 20
261 41 16
210 138 13
327 456 1
279 222 6
475 402 6
484 199 10
108 101 9
482 174 9
237 473 13
450 211 14
307 12 20
62 281 18
382 477 11
65 84 13
379 23 1
236 84 12
28 134 16
253 258 18
246 491 20
377 495 8
11 401 13
71 61 18
484 464 4
9 92 11
30 348 20
332 139 8
117 441 8
25 429 17
155 37 3
294 23 7
480 296 7
363 204 10
471 20 18
157 358 18
356 429 8
458 235 10
45 392 19
308 131 15
355 98 5
181 436 17
334 47 3
242 73 19
53 261 2
57 452 1
390 461 19
352 148 6
433 123 10
423 65 12
239 203 4
361 227 19
143 304 20
333 453 1
207 426 9
178 59 9
80 436 7
422 114 8
447 91 20
313 75 2
13 18 12
217 409 17
328 164 16
389 328 12
452 469 13
154 111 17
25 490 15
86 336 1
207 64 15
314 43 7
228 292 9
88 24 2
380 165 3
34 370 12
210 96 9
90 55 15
486 407 9
400 398 2
229 182 2
466 226 19
371 185 8
426 264 7
416 366 7
379 488 3
252 68 17
448 127 12
330 263 17
325 143 5
452 388 4
234 464 18
78 9 18
260 235 6
486 395 2
244 478 8
174 428 3
369 310 7
367 392 20
316 15 10
404 241 7
448 208 20
377 202 14
163 295 6
94 117 10
409 182 12
248 165 8
148 341 14
392 150 17
279 448 6
53 350 4
243 49 20
66 72 7
30 351 20
215 8 20
316 376 8
58 448 8
285 292 6
272 345 5
274 19 16
193 139 5
3 91 15
262 126 17
30 77 17
395 15 17
37 60 12
231 14 19
199 385 11
337 332 12
375 496 1
214 220 7
264 270 7
262 161 8
144 490 10
467 311 11
309 243 12
151 95 4
305 84 16
419 338 12
357 173 20
235 448 15
453 168 14
178 323 11
368 235 2
127 246 14
183 299 1
193 66 19
441 420 5
129 483 5
141 25 4
418 182 11
301 197 5
186 498 8
49 124 20
214 302 18
211 369 17
212 117 8
315 71 6
358 182 13
115 88 8
122 55 20
160 417 11
338 271 16
463 186 8
37 488 15
321 469 16
39 165 5
321 448 9
145 422 7
127 196 14
306 402 20
445 180 9
107 477 10
73 384 13
332 318 6
178 43 3
282 298 18
395 216 6
405 76 14
225 358 15
164 7 5
254 446 1
295 330 6
363 438 3
255 261 11
374 222 3
48 326 6
392 469 16
201 230 17
159 352 20
316 58 15
403 188 10
320 433 19
25 475 12
334 67 4
461 145 18
386 165 11
395 385 10
393 414 2
123 44 14
405 194 1
41 471 8
452 429 1
8 388 11
184 268 14
243 264 7
331 40 17
206 304 2
96 198 4
15 454 14
196 393 11
257 448 10
232 339 8
51 193 1
169 439 8
267 458 11
355 433 18
159 279 14
217 434 20
223 29 20
246 56 17
292 322 12
63 464 11
241 84 15
437 391 1
153 412 15
139 159 8
106 14 15
84 156 3
265 244 15
357 472 6
298 94 11
453 282 14
459 457 8
398 305 13
48 215 3
347 201 2
467 80 17
12 308 18
431 415 5
478 236 15
180 490 17
116 324 20
137 489 7
229 232 16
216 137 20
326 50 18
144 51 7
426 193 7
41 5 9
8 276 11
163 70 8
408 495 18
332 349 13
408 44 14
253 212 4
37 415 6
56 179 6
311 76 12
242 326 15
189 242 19
491 247 18
383 379 7
6 473 14
482 405 18
355 300 4
142 467 16
187 423 15
310 282 8
230 114 12
490 479 6
5 393 4
354 69 6
426 467 19
375 59 4
7 472 17
264 97 12
139 423 1
174 359 15
21 426 2
43 279 7
335 260 20
437 427 3
119 289 4
113 116 2
66 327 13
333 228 19
163 457 13
151 167 11
376 37 15
4 64 12
138 403 1
213 304 4
284 35 2
317 479 11
108 79 19
340 50 3
215 472 9
186 289 15
447 283 18
326 190 5
110 380 5
296 392 10
98 434 16
247 119 4
363 276 15
104 10 6
141 407 18
403 405 14
153 423 8
390 279 4
314 328 18
6 322 4
424 223 13
125 466 20
109 27 19
255 38 5
287 41 10
126 402 1
448 375 17
322 471 2
391 351 17
386 261 7
384 303 20
188 434 9
133 4 1
257 379 14
34 268 9
45 307 3
283 34 15
147 212 19
305 205 12
471 56 20
498 127 4
198 363 1
376 354 6
314 304 3
428 12 17
413 47 12
158 462 20
192 352 16
294 320 18
285 351 7
221 344 17
297 63 12
301 29 7
103 116 10
410 177 12
178 334 3
312 178 11
275 188 20
362 150 2
203 350 9
194 106 1
330 206 7
28 284 9
68 466 1
116 168 3
13 362 7
368 310 3
464 107 3
413 485 4
82 199 20
300 443 9
28 321 7
246 485 18
394 173 17
331 337 15
89 144 19
26 120 2
79 335 11
251 268 6
415 331 1
360 38 11
233 182 18
245 366 9
366 441 7
264 30 13
354 200 16
36 390 8
459 222 13
498 193 10
115 421 18
309 101 7
253 225 19
458 494 18
233 293 6
250 267 11
460 296 10
216 96 9
187 269 17
237 392 7
98 119 13
485 277 15
460 440 4
48 257 4
235 397 19
296 474 2
229 403 19
179 265 4
425 49 7
221 407 7
366 345 4
120 193 4
221 455 13
212 205 10
26 92 12
289 497 2
319 39 7
1 195 20
464 442 1
65 474 19
86 13 1
387 315 9
242 286 3
155 24 16
458 98 14
491 141 4
91 486 9
371 196 11
42 269 1
293 239 18
300 287 16
345 27 14
215 184 17
38 367 15
117 359 9
463 220 14
400 48 19
11 104 8
358 317 20
48 268 1
241 222 3
8 303 1
295 88 4
72 483 11
379 82 7
427 71 18
50 366 13
64 152 14
72 216 9
162 428 11
94 303 13
418 188 1
291 26 19
134 188 13
459 397 6
301 180 3
57 404 8
146 312 3
432 269 15
354 274 11
364 140 13
273 447 4
303 5 8
372 60 13
146 45 13
220 19 8
281 84 14
84 122 6
481 366 14
220 153 15
198 494 13
447 14 2
406 63 7
473 415 20
381 412 15
204 60 9
304 150 3
91 23 17
212 449 18
491 159 5
480 372 10
478 71 18
394 240 16
351 264 20
78 150 11
249 65 8
345 413 7
491 321 18
54 389 5
16 250 10
342 11 4
152 470 11
317 97 16
52 312 20
488 233 20
353 390 9
329 368 1
313 84 20
377 456 14
363 86 17
410 374 11
272 190 5
439 76 13
166 196 10
194 120 18
73 76 7
287 445 7
354 481 2
484 298 18
34 445 14
380 31 16
329 380 8
118 183 10
388 32 5
138 109 18
4 6 6
36 162 3
86 476 6
140 19 3
158 224 6
431 253 8
389 443 20
307 83 13
220 6 9
79 264 4
435 156 5
1 136 1
233 73 18
153 19 13
228 9 9
281 297 8
230 405 6
183 335 11
476 105 8
243 263 3
400 23 16
447 485 20
110 490 2
481 105 16
443 119 8
340 243 14
484 410 18
148 466 2
223 272 14
51 455 6
117 331 3
391 110 7
225 491 11
430 73 17
256 62 4
138 1 13
64 362 6
241 389 14
366 161 16
116 110 16
296 113 12
438 66 4
465 388 12
2 282 12
352 117 4
389 111 10
436 295 6
308 332 6
361 410 11
157 471 1
365 310 2
324 148 5
136 141 16
494 472 1
461 328 19
267 286 8
386 369 14
471 212 8
95 23 2
493 427 1
484 429 15
432 317 11
244 277 20
110 442 16
313 321 15
165 190 20
119 256 7
274 493 1
232 329 2
475 333 3
428 390 14
290 52 13
361 214 5
133 313 13
211 433 15
214 49 6
23 99 15
398 59 16
456 380 4
110 471 18
240 414 1
347 239 19
313 394 2
420 19 20
126 372 4
50 6 11
69 325 6
462 456 4
284 15 6
163 263 11
498 117 18
35 23 17
60 173 6
400 255 10
221 441 16
29 3 17
392 443 19
153 206 4
366 439 1
132 90 6
384 287 2
61 195 15
320 301 1
71 152 18
21 256 11
88 303 2
267 59 12
392 98 4
54 397 15
91 366 12
172 291 9
171 370 17
386 144 4
53 450 9
238 365 14
382 122 16
322 81 12
16 147 18
344 293 15
81 90 19
201 90 1
261 464 12
291 288 19
100 152 19
31 380 2
500 477 3
31 264 16
286 19 16
249 213 16
91 481 13
70 416 12
488 189 6
55 282 3
341 75 18
216 163 16
265 485 4
472 443 18
322 492 11
156 12 17
403 424 12
101 176 20
410 132 16
64 419 18
368 83 8
230 248 1
226 210 18
313 151 6
437 180 20
459 488 20
95 452 19
216 232 15
115 25 8
2 371 18
9 38 14
45 141 6
243 9 4
325 227 1
469 73 2
243 315 8
143 442 6
401 422 14
254 193 20
4 490 7
350 302 11
295 355 10
284 181 3
266 421 18
310 290 6
146 263 20
307 149 13
341 130 5
23 109 16
391 242 1
458 278 11
471 215 13
115 211 15
422 353 1
385 7 20
401 88 6
369 427 5
189 285 4
414 410 1
490 42 1
456 425 6
206 242 3
123 361 6
440 379 8
245 173 13
150 182 15
94 78 7
342 407 6
376 93 17
53 203 10
171 329 17
329 476 7
99 291 14
58 107 7
370 381 4
391 165 8
124 351 16
34 135 2
413 113 8
276 200 13
127 272 9
170 166 17
313 59 19
471 447 9
174 333 2
90 146 2
103 261 6
445 482 7
414 56 2
191 45 7
429 23 16
461 289 2
400 40 20
339 214 14
386 217 5
316 209 13
12 334 14
193 471 8
190 431 19
222 457 10
416 122 2
229 193 18
148 94 9
435 232 15
339 251 11
192 473 11
198 339 9
289 353 17
477 493 13
277 101 19
412 447 10
492 20 16
239 149 3
253 169 10
472 317 16
366 83 16
345 139 1
243 183 6
424 117 10
147 326 13
428 445 19
314 161 1
198 450 13
31 137 20
337 145 3
9 4 5
260 249 13
412 323 14
183 261 18
112 392 20
426 252 7
396 486 14
85 137 19
117 235 4
350 129 2
257 370 16
243 346 12
343 214 14
449 218 2
121 419 3
244 196 12
156 298 9
408 159 15
144 471 10
289 237 16
348 178 17
35 212 10
169 198 18
171 357 12
27 435 8
428 217 1
177 51 2
187 18 17
393 194 6
61 165 18
96 209 11
226 3 11
111 46 9
265 370 13
457 83 13
185 87 7
455 477 19
485 478 5
462 11 8
26 471 19
86 395 20
69 202 12
332 28 5
452 459 11
423 154 7
123 63 5
404 288 14
50 34 8
274 435 20
126 31 12
366 307 8
302 42 12
401 437 15
212 406 10
138 355 13
322 487 7
208 471 12
277 349 13
156 15 18
264 486 4
391 197 18
77 414 11
379 244 18
162 302 3
73 480 20
8 39 12
238 448 5
426 411 4
432 113 9
464 318 3
374 30 19
373 155 4
112 96 11
357 247 17
349 447 8
274 126 1
298 346 1
205 236 10
339 419 19
389 327 3
399 413 8
479 119 10
250 73 4
343 6 10
306 74 18
34 431 17
203 474 8
371 484 9
114 324 19
411 417 16
410 134 12
384 149 18
190 164 15
206 488 15
126 471 9
150 127 18
475 377 3
286 499 1
361 170 16
289 283 9
477 97 9
151 468 9
357 448 8
493 467 1
24 142 9
292 444 19
413 135 17
265 453 12
37 362 4
474 201 5
24 443 20
388 198 1
30 497 13
391 454 13
100 306 14
65 298 18
315 74 10
110 432 13
484 465 12
498 408 10
211 120 15
198 340 8
180 25 18
31 274 9
432 20 19
363 212 20
210 236 2
438 249 15
290 379 5
302 46 12
35 287 15
304 355 2
291 280 9
179 281 3
455 487 15
461 27 4
221 217 7
300 92 11
11 349 1
461 79 8
375 404 14
487 335 10
170 222 5
10 157 5
67 83 20
242 177 6
492 426 15
71 350 13
21 107 16
230 172 3
445 190 20
357 33 18
355 495 16
437 196 13
342 172 2
388 110 11
240 73 2
210 116 15
77 266 2
153 344 6
499 464 11
401 209 13
170 88 19
418 346 8
309 490 5
333 130 5
312 64 5
222 478 11
18 381 3
367 468 14
306 375 10
157 304 15
323 156 10
24 9 3
259 314 16
298 452 2
407 103 15
447 82 11
479 36 6
58 347 15
220 315 18
286 204 7
382 229 20
484 436 2
283 48 12
255 364 13
378 447 18
48 228 16
148 12 4
81 182 14
75 219 17
398 169 14
304 418 18
37 155 12
101 201 19
38 462 5
144 203 13
168 426 6
8 45 6
217 233 20
327 310 8
130 346 15
6 406 20
153 443 3
379 281 7
433 249 18
326 4 14
456 282 9
189 339 18
272 118 17
48 270 12
410 245 14
175 179 11
323 235 13
94 77 5
222 163 4
223 393 17
101 203 11
186 343 7
197 477 20
147 410 2
194 488 17
369 121 8
491 41 18
356 2 3
277 60 6
489 221 3
288 413 9
76 44 12
290 325 9
475 477 16
439 321 19
79 49 11
252 356 7
72 411 15
464 303 13
354 234 2
453 485 19
155 281 16
55 265 20
175 352 16
224 299 3
203 172 4
33 486 10
168 463 16
500 152 4
220 280 2
152 401 18
392 16 11
239 9 16
179 384 2
141 164 18
43 109 6
151 385 4
297 92 15
488 111 6
273 455 7
266 300 11
335 464 6
165 419 9
6 360 5
460 429 13
234 265 8
198 491 6
146 368 9
190 354 2
183 415 2
314 456 16
207 162 6
259 136 19
221 64 17
351 134 16
432 451 7
101 190 13
91 175 5
345 18 19
171 165 9
439 59 9
435 28 2
463 183 12
381 128 4
449 493 1
447 171 3
16 273 13
296 23 1
285 321 9
217 309 7
26 403 20
422 425 15
415 373 8
392 8 19
117 309 14
317 481 12
214 279 13
241 47 7
363 334 6
272 52 4
423 210 20
415 482 13
180 237 17
35 348 19
256 134 11
103 225 1
188 326 10
347 21 11
46 158 5
152 288 10
436 275 16
406 397 11
452 330 3
141 53 18
130 231 20
263 99 11
143 430 8
226 315 7
447 484 17
242 24 15
42 426 16
87 128 6
154 124 10
354 473 4
387 351 12
140 192 15
387 294 12
281 245 17
158 135 4
339 25 3
53 479 16
53 491 1
233 79 14
271 268 9
14 264 17
377 91 6
180 101 3
399 415 14
149 111 18
428 463 12
207 494 17
337 56 18
95 161 18
122 69 12
268 446 6
306 198 13
11 213 20
2 133 20
413 392 12
180 31 6
171 142 6
47 257 8
470 409 16
407 472 2
240 89 7
492 63 15
265 489 12
318 417 1
94 1 2
366 138 8
218 27 15
69 322 11
365 95 16
426 66 9
89 39 10
330 16 14
409 494 1
199 303 10
443 21 7
118 331 4
369 104 13
140 43 4
496 234 7
455 266 10
347 258 6
231 10 15
419 128 7
283 222 13
320 379 3
105 114 1
453 179 11
220 425 11
337 162 1
116 148 7
374 327 8
410 170 13
245 49 2
303 69 1
424 308 5
33 23 13
253 89 4
407 36 17
69 365 8
188 330 18
143 275 2
72 32 12
45 301 19
473 266 20
17 186 11
21 470 19
331 58 13
307 118 1
243 482 13
429 475 4
339 171 5
143 192 9
444 157 20
251 381 20
27 358 17
53 168 17
160 132 13
431 380 1
37 478 6
301 290 2
33 6 6
359 163 12
123 493 9
249 404 3
139 219 1
319 3 5
362 460 14
58 231 5
377 359 17
409 284 11
7 81 9
307 290 20
446 343 16
144 163 4
315 50 14
266 467 14
295 243 20
122 376 9
437 257 18
317 369 12
55 466 18
342 425 1
429 308 12
101 34 11
136 349 12
283 139 4
284 42 20
12 345 17
335 259 11
385 331 19
130 371 8
417 350 16
404 208 4
276 29 11
368 437 20
492 61 12
495 471 12
84 32 14
286 61 3
320 192 4
81 410 14
182 401 7
292 76 16
67 342 6
171 137 20
70 97 8
311 281 8
308 465 13
377 169 4
213 151 19
388 360 20
350 423 14
358 226 16
291 467 15
451 164 2
382 105 1
271 56 3
173 289 9
161 329 14
69 370 20
483 479 15
257 283 11
430 359 3
14 49 1
444 385 19
201 321 11
259 208 7
175 343 13
274 82 4
407 54 10
289 301 17
349 250 11
93 394 4
416 74 15
453 486 10
327 174 2
291 192 20
362 316 19
37 407 14
400 126 16
32 436 4
61 391 2
447 38 11
189 308 9
383 486 1
201 223 5
320 472 16
282 483 4
194 332 5
32 80 15
87 93 8
312 462 9
53 417 17
81 211 20
283 462 6
148 110 2
224 371 19
292 229 8
408 476 13
18 440 2
437 230 18
320 282 1
395 99 15
365 429 14
373 37 11
331 374 6
127 372 16
265 396 18
104 423 1
52 40 11
137 194 9
90 9 13
385 499 20
476 312 11
152 238 18
161 463 11
143 214 11
470 155 13
74 191 18
265 497 9
207 490 1
315 500 19
478 349 14
8 134 15
40 302 13
71 208 19
482 311 10
78 14 18
57 92 14
276 251 16
56 315 1
377 457 14
280 452 9
482 388 8
479 444 3
147 349 14
447 58 16
485 300 13
340 465 14
246 315 3
343 35 1
415 14 4
52 65 15
175 209 10
153 356 15
97 295 13
143 217 11
111 2 7
386 159 20
148 349 7
149 484 8
378 221 5
337 207 20
379 440 7
119 461 14
146 166 9
143 249 13
488 417 13
418 269 17
457 228 5
472 159 10
342 374 20
445 159 4
28 487 17
438 145 2
61 269 16
330 323 19
206 187 16
424 26 20
244 178 17
333 238 5
344 493 19
482 90 8
149 314 12
69 358 18
239 15 13
221 409 19
19 388 17
361 87 18
459 416 17
185 105 13
86 153 3
407 174 18
306 90 7
428 201 6
432 338 12
99 103 6
19 42 11
187 452 11
108 194 13
72 421 5
288 294 16
185 306 17
403 331 3
163 414 10
159 380 8
31 491 20
201 250 17
144 221 18
173 313 5
421 387 15
200 376 16
333 204 7
3 280 17
105 202 12
315 446 8
168 408 12
175 143 4
254 449 20
4 220 14
453 230 8
417 38 16
356 485 17
477 113 8
401 442 1
476 201 20
52 317 9
293 190 14
403 226 14
32 371 19
423 323 16
208 104 1
353 469 18
414 122 7
231 66 8
442 492 7
260 178 2
31 49 14
247 406 9
490 317 16
7 168 13
17 82 18
490 274 9
83 275 6
330 94 3
91 298 9
496 274 20
52 60 1
90 346 17
90 273 17
331 478 19
137 412 8
452 442 2
406 355 16
79 288 5
230 18 14
209 152 13
328 245 7
169 10 5
203 47 1
216 180 7
339 273 12
276 312 9
314 40 16
67 103 13
257 320 14
422 246 2
79 413 5
132 232 19
260 277 17
177 294 8
14 256 19
102 455 18
492 320 3
40 447 8
491 449 4
480 31 5
429 8 11
195 370 14
354 377 4
344 389 6
488 168 17
335 375 19
338 309 4
60 124 19
178 307 13
457 355 19
316 112 15
300 215 16
391 319 16
276 174 19
13 94 16
115 480 8
170 52 16
477 54 2
304 184 1
184 420 6
24 169 7
294 185 19
18 330 6
416 272 12
375 91 13
334 379 8
132 397 11
497 55 14
364 210 3
53 122 3
148 294 18
17 300 19
162 441 9
19 49 3
79 134 6
1 348 8
416 124 16
92 481 8
413 411 3
68 380 5
64 171 11
100 102 7
178 191 15
464 361 18
499 193 8
496 44 2
470 141 11
428 174 19
4 460 3
490 309 3
230 366 12
66 377 12
160 87 7
446 475 9
188 421 10
332 122 4
429 413 14
288 198 2
280 150 14
146 161 1
459 215 6
115 464 8
452 171 1
294 37 10
162 183 5
306 447 16
330 286 9
117 176 16
258 475 4
495 127 4
72 371 17
7 443 7
400 380 9
253 208 13
419 480 2
202 177 3
198 379 9
290 159 1
472 396 16
189 400 8
368 208 19
76 221 19
81 457 9
10 113 6
256 351 2
300 476 11
230 276 8
288 474 20
217 480 3
344 372 11
116 382 1
427 42 20
311 498 18
410 71 7
208 210 13
368 228 18
337 380 12
477 431 8
473 463 12
154 139 15
62 318 4
448 82 3
199 278 6
287 94 17
349 329 15
485 65 19
427 308 10
388 481 16
293 107 12
454 232 1
191 489 5
245 456 13
490 34 14
72 380 1
359 343 9
369 143 11
81 397 4
221 472 2
402 275 4
34 232 7
15 157 19
230 174 6
416 376 20
88 171 18
42 326 14
494 112 11
126 226 3
49 318 11
80 74 13
136 82 6
249 348 20
454 49 11
84 29 4
199 382 3
77 62 3
288 108 5
231 198 11
177 269 11
50 114 18
98 145 1
461 453 3
469 94 9
468 246 6
370 289 18
491 246 4
137 490 5
312 489 1
130 462 16
400 481 9
282 239 8
481 290 18
309 446 16
365 407 13
221 254 9
399 124 3
461 302 6
220 396 10
481 127 15
104 145 15
174 348 20
162 401 16
388 259 13
285 375 2
192 498 14
283 403 9
239 309 14
314 66 7
338 164 5
250 466 13
314 166 15
188 415 8
426 13 5
384 396 13
400 136 16
257 219 8
204 53 18
117 283 6
354 453 20
485 156 13
330 156 6
295 76 20
363 435 4
321 246 7
3 289 15
207 483 3
278 2 2
80 245 16
43 489 12
218 99 9
236 260 18
375 261 19
3 435 9
266 34 17
207 475 2
390 281 6
236 452 10
345 251 6
296 388 1
350 154 1
48 42 8
30 448 18
452 132 13
301 32 14
317 343 18
49 289 15
241 330 16
82 248 6
221 79 4
125 92 20
466 328 18
254 333 9
254 121 18
289 87 15
307 115 6
390 305 12
236 194 15
264 48 5
344 215 6
434 14 19
490 175 12
493 286 7
119 127 1
78 107 5
441 100 20
16 327 2
59 73 12
291 248 10
234 172 2
53 474 10
299 90 19
199 18 18
276 233 11
404 240 16
128 181 4
253 197 12
212 161 2
96 188 5
60 84 1
402 137 3
276 427 9
337 72 10
446 6 4
425 387 11
147 6 1
477 152 4
318 147 13
302 79 12
14 253 9
206 322 1
355 341 13
218 355 12
144 230 2
210 45 19
146 73 7
280 206 12
58 445 6
172 416 12
292 42 5
142 130 6
180 379 7
61 229 1
37 209 17
365 255 5
396 320 17
213 486 2
156 429 9
152 458 17
409 234 15
329 338 7
53 190 17
35 385 13
14 402 17
206 451 3
180 210 2
51 88 7
264 395 19
286 452 20
411 475 7
107 445 1
96 65 15
373 130 10
45 3 20
319 276 1
162 97 6
141 302 14
33 266 5
390 365 8
481 6 1
147 364 14
258 140 19
182 58 7
118 252 8
156 471 18
353 209 6
30 464 10
443 241 7
334 460 7
382 473 1
25 136 5
21 340 13
59 323 1
361 160 4
498 263 19
466 73 18
289 99 1
388 478 4
210 141 19
262 278 4
440 490 17
30 123 1
278 481 19
426 29 12
346 105 10
159 434 13
206 53 7
273 10 2
382 351 16
351 426 14
36 279 10
41 369 2
493 65 5
9 462 6
412 33 4
455 295 18
353 83 7
391 155 11
121 270 8
54 469 2
141 352 8
186 25 8
351 434 17
437 245 1
158 461 5
300 16 6
470 232 17
187 56 6
473 215 17
355 158 4
4 446 5
467 125 20
472 253 19
221 245 11
10 26 17
207 276 5
345 41 16
25 428 15
114 234 9
182 12 20
410 425 9
285 416 13
484 37 5
8 256 10
69 329 17
260 135 14
259 150 1
357 223 2
178 257 7
377 167 7
199 73 18
483 222 7
135 178 2
447 495 9
474 433 19
376 328 17
283 427 5
251 66 13
156 227 18
229 385 16
127 48 2
27 301 14
227 197 20
147 28 3
220 106 14
12 315 20
438 468 13
462 82 2
472 486 1
226 401 16
285 147 20
222 451 4
142 497 3
69 466 2
357 368 18
330 474 7
428 458 9
259 225 17
177 116 2
134 295 10
448 477 2
16 225 13
195 471 9
160 392 14
379 32 5
165 326 7
233 96 13
346 63 6
439 126 5
267 411 20
342 104 10
111 468 6
199 471 17
365 91 20
382 494 20
294 136 10
287 371 20
315 481 18
126 167 8
113 368 11
422 48 16
256 111 4
405 276 12
328 237 18
271 179 12
9 81 9
11 38 1
339 404 3
114 462 18
466 459 2
279 120 5
476 220 17
27 488 10
1 417 6
165 379 5
101 277 19
480 176 14
433 299 4
78 462 11
378 452 16
300 445 13
58 439 20
182 429 20
186 360 2
167 79 8
368 44 4
43 306 8
198 387 12
47 40 17
58 464 7
141 294 15
8 248 14
355 138 17
179 483 13
468 166 12
279 61 16
214 233 8
237 285 1
238 9 6
412 330 8
437 479 11
168 342 20
383 74 13
75 401 9
340 294 5
410 216 11
288 333 19
416 143 14
236 313 19
271 371 12
263 272 20
482 14 20
346 124 16
59 434 8
267 333 11
222 189 11
116 445 7
10 420 2
255 150 8
273 370 18
15 73 10
464 93 5
147 93 6
408 288 14
197 372 14
446 54 7
230 11 19
71 31 4
170 464 11
340 285 4
83 284 13
21 77 4
238 426 2
320 486 4
276 254 14
17 333 2
18 188 17
413 296 10
201 318 1
305 202 4
89 484 18
54 373 7
410 282 10
389 40 2
149 128 12
392 82 2
56 434 10
150 412 1
298 191 2
499 89 14
404 86 17
66 22 5
482 65 11
246 399 1
240 332 20
338 191 10
380 375 7
54 166 8
268 316 6
379 349 10
313 378 14
489 114 16
471 411 3
186 245 11
441 283 14
258 104 4
461 241 14
368 79 17
132 37 4
490 424 10
397 371 16
353 438 12
408 36 17
493 218 18
425 476 10
58 302 8
176 338 5
29 469 8
386 477 20
361 333 14
169 184 5
391 265 13
494 136 11
13 304 13
429 155 18
368 497 5
450 235 2
47 417 11
18 238 12
419 80 7
488 21 17
256 439 19
54 377 3
138 346 6
25 132 4
439 396 6
107 324 13
221 76 12
412 411 12
429 459 2
239 416 4
19 271 20
157 245 7
355 291 16
215 337 11
81 57 10
288 106 6
303 403 20
83 269 10
415 404 10
39 42 18
316 223 18
161 488 11
459 143 2
417 125 4
313 303 3
353 429 3
119 354 19
298 190 16
207 274 11
66 247 5
42 5 17
26 37 9
52 112 15
272 340 5
14 226 4
103 399 7
189 421 11
452 190 2
445 156 19
294 355 15
439 308 3
50 290 16
379 314 11
302 9 8
487 71 9
114 443 17
400 97 16
497 242 19
350 404 2
189 352 4
365 134 3
275 335 11
400 137 17
425 399 17
295 78 9
317 217 20
69 355 13
308 473 10
399 144 17
64 314 18
90 468 8
482 305 15
371 121 10
145 85 2
112 222 8
102 219 10
185 321 19
427 176 4
298 400 3
278 239 12
20 462 19
182 133 15
381 357 8
155 290 10
143 145 19
279 91 12
294 495 7
146 233 4
217 300 9
346 440 3
133 135 2
150 445 15
224 154 14
370 134 5
120 125 9
10 357 8
207 261 13
323 11 19
6 204 8
70 110 9
438 40 5
382 260 12
105 40 5
108 84 5
482 430 3
301 122 20
394 345 17
415 213 1
215 204 2
337 37 2
351 395 16
15 114 14
446 403 5
186 196 17
42 253 1
239 387 3
498 425 4
465 333 5
354 324 4
327 189 15
280 399 11
402 53 6
53 457 9
351 296 7
122 169 11
372 391 11
67 47 13
81 70 10
199 287 10
288 410 16
379 411 5
1 59 16
454 296 2
102 149 10
385 5 6
279 31 1
100 384 15
12 68 16
268 310 9
254 8 3
213 491 19
173 203 11
168 57 2
22 233 3
25 162 10
305 99 9
248 352 13
25 462 11
320 243 5
359 245 19
482 157 17
234 83 7
239 184 6
244 401 20
79 257 16
380 180 16
423 7 3
485 396 18
375 210 5
27 329 8
186 98 1
401 172 15
352 452 13
266 178 7
265 209 17
240 3 16
471 115 1
426 374 4
372 7 8
283 440 3
454 31 13
152 17 14
101 464 4
208 84 5
381 302 2
188 116 18
365 6 18
112 431 7
148 432 10
23 479 13
456 451 1
494 44 10
496 495 6
463 71 16
244 309 14
29 217 10
376 245 5
220 104 13
384 267 15
326 487 10
368 138 6
228 188 8
28 267 13
262 41 3
378 203 2
85 412 11
472 128 16
230 243 2
490 454 14
469 394 8
213 90 19
480 87 20
378 196 16
269 399 20
129 370 19
7 250 17
452 112 18
308 121 11
43 412 15
102 35 1
373 202 12
116 163 5
465 136 5
145 209 4
442 42 5
442 62 15
338 348 13
82 293 3
476 445 1
176 8 12
423 398 10
281 338 8
314 279 20
210 158 5
53 32 19
34 498 3
497 96 2
418 186 5
329 438 9
470 184 18
167 222 1
98 204 17
94 161 8
318 324 9
11 421 4
381 430 1
355 262 8
500 281 5
310 366 9
108 190 3
330 117 11
135 92 7
179 154 7
262 385 15
167 21 7
444 367 16
368 428 1
397 380 3
260 498 11
494 102 19
326 33 12
117 27 13
483 461 17
170 456 7
149 85 13
163 360 4
179 41 4
487 404 13
337 60 11
130 258 2
30 252 9
38 119 5
350 86 11
477 107 11
481 198 16
385 212 7
342 238 3
285 221 12
486 117 9
302 326 5
389 345 5
145 496 6
89 94 2
104 467 17
177 96 4
23 165 1
320 329 14
321 71 12
26 11 17
455 310 16
474 67 3
497 166 13
80 23 16
414 172 14
73 457 18
166 382 9
54 189 14
51 55 12
207 306 18
318 156 16
392 142 3
231 461 13
64 178 11
53 127 20
470 212 18
311 187 12
377 34 2
468 411 6
474 485 2
279 475 12
343 415 12
303 411 20
15 311 6
411 151 20
363 330 5
493 188 5
287 392 17
249 240 11
59 14 12
28 103 7
33 97 18
150 480 8
35 273 15
191 252 5
199 128 14
260 234 20
283 239 18
117 363 11
292 35 7
337 167 18
278 151 11
30 251 16
291 295 11
380 418 4
121 235 1
294 148 4
246 300 17
365 50 3
360 266 16
346 498 1
176 182 7
128 405 9
96 413 5
102 337 5
85 273 6
56 292 17
187 133 6
280 314 3
386 161 17
19 292 12
173 114 9
396 249 5
27 433 20
54 4 6
442 325 4
464 316 8
369 320 1
298 145 10
58 472 1
174 36 15
376 227 15
93 483 16
55 342 9
145 33 12
405 114 17
139 268 9
138 179 2
64 224 1
201 146 17
65 31 11
160 29 14
67 288 19
345 248 2
400 241 16
411 61 1
124 184 20
145 117 18
304 382 9
275 366 7
367 171 7
461 10 2
237 159 12
384 360 8
140 23 15
362 92 11
405 42 5
108 357 12
286 328 7
261 375 3
103 282 1
18 93 3
249 494 20
153 376 16
348 402 5
174 223 7
123 489 13
344 238 3
371 367 7
386 426 19
44 53 4
321 38 1
173 75 16
246 274 10
87 346 19
338 380 7
475 394 4
294 49 10
375 234 17
417 485 6
428 386 10
177 45 12
1 218 8
297 219 16
267 405 19
430 497 1
273 335 13
105 230 3
222 27 8
113 162 1
178 128 15
340 135 17
282 131 16
153 109 15
170 96 18
188 90 3
43 160 11
165 89 10
130 401 16
195 158 6
134 374 3
132 330 14
177 369 15
143 58 11
277 445 1
223 193 8
421 465 4
149 246 1
169 209 7
350 82 5
91 134 15
465 177 14
261 413 8
268 294 1
41 423 18
312 9 18
44 333 18
497 179 3
464 57 3
388 169 8
292 289 6
409 492 8
474 183 2
187 131 13
238 231 19
134 25 1
99 145 10
474 26 16
8 466 16
217 102 16
198 447 18
465 185 15
356 284 6
450 258 15
172 179 20
242 166 15
397 100 20
71 381 8
237 289 16
368 101 19
51 149 13
301 479 19
388 371 12
483 496 5
95 498 6
339 201 6
305 10 14
436 433 2
403 81 11
276 365 2
385 269 7
90 494 4
477 422 11
165 426 12
191 389 14
58 293 3
115 171 7
209 138 8
259 147 13
450 178 14
362 58 5
182 473 2
287 397 18
144 389 19
338 264 9
121 112 14
150 444 2
98 377 1
30 172 17
76 48 11
204 33 19
377 442 13
370 107 10
324 212 7
234 343 17
255 94 5
108 6 18
202 425 17
28 430 17
132 93 3
296 211 3
270 66 10
195 454 18
86 498 13
35 279 8
97 388 11
364 49 7
156 422 17
39 130 20
461 330 3
8 210 13
489 457 18
27 218 10
481 375 15
41 359 10
183 328 9
417 268 9
274 261 7
338 67 5
204 465 14
266 152 12
127 63 12
485 6 9
320 334 4
419 9 2
348 292 13
56 473 16
369 94 18
30 377 7
105 413 12
253 421 10
274 225 18
393 461 13
499 420 4
240 120 11
158 175 16
232 45 17
419 195 12
387 165 20
332 70 10
15 7 13
61 12 12
345 292 11
445 426 18
233 463 14
389 186 10
163 298 11
29 78 8
276 442 19
76 57 13
466 329 14
83 213 19
420 206 20
27 119 4
137 178 7
19 393 15
306 241 16
114 17 18
108 494 18
389 378 15
150 168 3
385 238 9
231 430 9
207 48 3
177 303 7
371 144 15
63 161 11
153 318 7
16 201 9
479 187 20
165 406 3
129 48 20
381 199 13
392 375 11
397 247 9
238 432 10
24 452 9
370 490 15
60 52 18
74 413 6
54 380 6
480 80 16
132 213 10
20 136 7
274 414 15
83 262 11
205 31 19
430 352 2
481 153 10
275 65 10
89 114 17
68 247 11
262 438 17
313 156 7
34 309 6
6 65 10
208 392 11
183 165 17
39 320 7
68 211 1
391 43 11
335 94 5
14 304 5
284 2 17
52 472 17
400 176 15
258 457 11
291 304 2
379 33 9
407 342 12
133 67 4
313 10 11
383 197 20
162 391 8
310 391 10
369 159 19
291 474 20
387 171 8
479 2 1
1 229 15
139 66 3
86 36 19
233 168 10
108 305 15
185 432 15
291 289 4
221 249 10
480 409 18
121 9 19
439 450 10
173 96 18
47 311 16
324 388 12
394 211 19
34 299 4
498 27 14
134 254 18
100 494 12
316 215 20
245 187 6
138 291 1
112 181 8
495 22 11
251 168 15
100 499 11
264 122 18
153 440 7
332 500 20
160 244 3
174 270 16
335 80 20
201 390 3
69 262 11
293 50 1
437 345 11
350 34 4
313 139 14
153 161 14
460 346 9
171 146 11
484 284 6
62 375 19
146 101 19
84 274 17
336 438 10
251 429 17
74 441 7
461 293 7
353 246 19
444 96 8
164 485 7
320 43 12
395 449 17
2 212 6
111 448 10
50 156 20
219 145 6
278 347 17
372 401 14
247 397 11
278 10 19
369 7 4
93 185 2
160 86 16
351 175 20
288 251 10
26 59 6
6 75 19
404 17 5
95 104 2
153 470 1
93 130 19
333 245 10
486 29 6
498 459 8
63 9 5
62 465 20
328 379 2
33 20 11
454 121 3
213 464 8
169 259 1
500 169 2
136 381 14
286 137 18
311 127 17
253 15 18
175 167 12
120 85 1
267 142 13
220 388 5
481 448 14
206 133 14
468 174 12
58 220 17
72 209 11
267 303 9
147 408 14
101 155 9
85 315 10
288 243 3
74 476 20
308 26 11
272 173 19
456 293 19
185 290 19
65 204 12
95 402 13
468 455 6
28 345 7
119 470 1
257 497 17
390 290 18
97 13 14
468 102 13
462 369 20
190 175 14
280 361 13
246 324 20
209 218 18
439 117 18
449 353 16
308 244 12
482 467 14
215 246 7
480 348 3
276 154 11
179 54 8
33 472 14
372 193 16
350 337 20
265 406 13
160 265 2
460 402 17
78 207 19
188 476 7
357 251 19
496 383 11
399 265 8
116 230 8
446 418 7
134 37 2
500 301 1
115 28 17
134 321 14
252 17 14
445 121 3
94 486 18
17 440 19
192 234 6
9 225 17
492 408 18
439 106 7
491 117 5
167 28 3
268 50 14
60 36 1
109 162 16
401 388 16
269 211 3
158 366 20
135 15 9
89 382 5
359 242 4
17 72 9
68 57 3
500 5 13
412 85 18
92 210 11
499 336 13
235 314 1
412 91 7
118 215 12
132 75 4
150 433 6
168 376 12
469 347 5
201 354 5
243 292 11
171 56 11
377 374 2
323 249 16
499 212 10
327 340 20
220 405 16
72 406 18
33 63 13
7 139 19
59 320 3
147 384 6
12 188 15
198 402 18
419 329 17
365 164 15
326 113 5
329 82 3
353 189 16
483 21 20
316 229 5
42 61 16
370 318 1
454 467 12
310 24 19
114 456 9
284 120 15
402 439 10
35 366 4
274 179 16
13 275 3
246 423 20
218 351 10
427 208 4
280 331 14
18 202 5
271 413 12
494 294 19
49 365 15
429 304 2
163 435 3
74 24 9
341 306 5
172 24 16
176 101 16
218 160 3
419 144 16
339 438 9
94 26 5
352 57 9
263 24 16
498 461 12
83 496 2
286 107 10
455 114 6
322 359 17
181 432 4
440 256 18
416 425 15
465 5 10
434 397 13
467 374 10
136 476 1
368 318 8
205 63 17
364 30 3
440 219 13
29 410 14
352 305 14
98 393 2
370 389 19
6 115 6
316 278 3
295 205 3
274 458 20
266 70 9
149 192 17
83 261 9
264 13 2
312 62 13
320 169 3
33 224 3
47 291 15
99 106 1
265 205 19
128 153 13
455 13 17
338 90 4
31 466 9
202 240 16
352 158 18
22 357 16
77 209 16
163 5 2
43 313 6
467 418 7
207 473 1
362 77 4
383 410 7
424 422 1
454 486 17
439 352 9
214 115 8
493 340 12
261 189 13
168 177 3
249 71 14
424 318 2
94 270 16
283 400 4
368 107 7
281 385 15
59 349 7
372 419 5
431 230 4
248 281 2
300 438 20
439 96 3
5 60 11
119 363 10
225 117 7
492 116 18
138 480 3
310 463 3
362 440 17
103 452 14
450 343 4
111 232 7
159 100 19
91 163 16
66 175 1
408 427 1
153 193 12
23 394 7
43 423 13
45 288 15
334 188 16
44 99 17
60 253 11
265 157 12
175 35 15
484 18 18
81 330 7
253 133 1
288 441 8
75 381 11
499 68 10
77 282 11
353 374 4
8 10 17
136 359 10
322 467 1
245 168 2
415 352 5
393 293 4
426 343 14
337 397 13
49 151 14
287 78 11
480 53 14
192 320 10
179 461 7
445 282 3
422 432 6
389 412 18
482 256 3
154 339 14
471 322 5
499 204 2
1 490 19
337 187 14
492 175 2
300 171 14
17 318 10
386 343 3
221 400 7
172 281 9
290 248 13
335 364 20
122 491 1
158 228 3
151 238 14
341 87 20
304 109 15
440 478 13
415 75 20
11 328 8
475 281 5
248 343 20
489 414 10
85 280 4
126 313 7
433 435 18
224 32 12
59 321 19
294 7 6
209 162 19
257 312 9
104 257 1
382 353 6
413 125 15
152 300 16
70 338 17
399 108 12
38 361 12
314 388 5
103 311 2
335 78 17
438 17 1
158 429 1
452 334 1
234 477 19
327 440 10
486 10 9
359 57 6
170 388 3
23 233 11
485 488 15
334 218 13
279 311 12
223 320 2
125 130 16
184 14 2
281 105 11
498 315 10
333 111 9
156 92 14
398 77 12
105 448 4
72 236 13
90 336 7
162 152 7
357 302 17
415 276 3
401 153 2
318 358 5
194 10 20
164 157 5
305 172 17
170 70 3
261 75 6
4 350 17
46 256 5
282 134 13
423 317 1
413 351 20
338 342 17
221 122 13
447 289 7
305 357 15
39 59 17
372 397 5
137 491 13
458 400 15
2 386 2
117 417 7
33 137 17
338 246 19
85 354 8
169 118 3
297 463 20
15 472 19
358 13 17
475 404 16
346 229 18
287 335 16
138 68 16
409 32 8
181 381 19
381 349 3
408 214 5
350 223 10
238 203 14
80 67 18
245 14 13
123 79 13
34 489 2
457 49 6
425 402 17
215 226 7
410 368 4
402 284 19
316 369 14
408 156 1
39 128 5
473 77 15
33 297 5
80 105 17
278 240 18
200 14 19
157 289 16
420 490 1
231 43 16
200 16 4
372 41 6
259 390 15
411 334 11
118 61 1
423 312 9
304 137 3
46 245 7
25 241 2
52 466 5
161 265 13
349 115 4
481 308 3
230 152 16
55 488 17
401 112 4
442 328 20
450 6 9
179 193 2
175 78 16
448 84 18
432 408 6
468 13 18
143 72 15
12 117 1
276 152 2
274 131 4
84 83 10
356 402 10
292 262 15
303 205 10
130 9 1
194 176 9
410 235 6
235 359 14
195 215 14
294 231 1
228 94 8
236 481 17
331 120 12
353 220 8
381 493 10
38 421 18
336 250 18
8 499 20
17 462 5
334 103 16
138 161 5
18 404 13
362 450 10
287 430 15
44 451 5
171 269 15
122 46 7
327 229 12
491 84 19
182 356 8
361 67 17
260 296 1
180 454 6
214 367 11
198 444 16
409 6 16
18 418 2
435 54 2
184 498 12
21 10 6
493 363 2
371 321 14
442 128 9
398 358 12
151 79 6
367 345 18
303 481 6
180 390 1
109 71 4
492 235 18
280 174 10
132 153 18
243 32 16
480 463 14
121 370 9
435 474 16
205 45 19
322 290 4
452 394 9
294 26 12
339 4 9
210 358 5
409 499 6
280 243 18
463 338 5
258 47 3
118 305 20
344 396 18
423 351 16
340 391 18
319 281 9
32 231 17
102 355 20
298 292 17
107 304 13
226 309 7
399 377 11
57 160 9
81 480 13
266 352 7
291 322 17
283 177 9
214 346 16
465 379 1
436 383 3
35 337 11
266 257 10
158 431 12
98 307 11
210 49 7
289 470 18
224 135 7
399 236 9
222 68 8
250 207 20
94 370 20
79 458 2
223 342 9
26 17 6
458 355 14
224 328 19
355 308 16
326 407 20
445 472 14
177 371 18
23 217 5
424 231 3
411 258 1
470 468 4
373 330 3
5 384 5
251 234 16
371 329 5
73 358 10
466 434 19
323 232 6
42 2 10
378 142 15
286 486 14
189 312 14
54 387 7
178 376 15
273 79 11
310 213 2
342 235 15
245 2 6
108 379 15
248 43 6
136 496 15
456 321 2
315 112 5
342 249 14
450 101 13
493 271 5
203 302 19
189 11 15
68 77 12
465 149 13
435 340 9
255 251 18
148 63 7
49 117 20
496 389 15
475 199 18
205 495 6
362 45 18
280 343 14
180 416 16
403 420 11
265 114 5
320 204 19
208 334 2
243 425 20
383 32 2
237 83 18
46 427 6
64 425 14
414 353 1
294 312 19
293 321 17
482 238 11
248 233 8
120 334 13
299 213 2
271 307 3
143 97 9
145 319 7
51 442 17
172 488 14
407 299 14
486 88 1
105 199 14
353 75 2
342 445 17
152 219 11
412 237 19
408 332 20
285 138 3
393 90 19
270 46 18
30 273 12
437 302 18
73 83 18
246 148 20
436 484 17
79 51 6
127 281 9
346 80 14
207 18 15
61 105 19
11 299 14
429 375 3
260 4 5
385 364 18
391 192 1
483 67 16
253 411 12
76 131 8
161 91 12
17 210 1
332 67 6
248 466 10
402 455 12
157 456 16
500 467 19
467 260 2
401 9 3
359 287 14
130 274 19
235 283 1
120 484 19
115 431 10
309 240 7
326 475 15
313 205 11
28 461 12
377 198 3
356 292 4
250 373 12
426 395 11
68 429 3
333 140 9
162 445 8
404 441 7
83 129 12
4 393 3
409 180 16
125 59 1
488 152 2
392 373 5
107 224 19
283 27 14
322 436 4
176 432 12
478 418 7
494 12 13
401 195 18
149 235 1
440 427 18
453 428 8
188 305 16
401 138 13
94 280 7
141 49 18
440 14 20
340 389 1
99 458 15
140 92 11
310 220 4
26 82 10
383 235 20
284 306 5
178 53 19
110 345 15
114 414 16
101 186 5
382 244 20
248 452 17
121 490 4
132 154 17
390 224 1
189 187 3
409 340 7
70 54 12
40 8 8
187 343 18
356 114 10
253 267 20
417 256 20
224 107 12
36 212 8
202 99 19
202 462 20
131 101 2
456 454 1
491 9 1
165 79 13
278 296 9
299 209 11
334 349 17
298 82 4
54 157 13
145 440 19
295 113 3
237 20 11
99 9 13
318 144 18
102 54 11
417 432 5
72 458 15
205 147 8
483 191 1
162 181 8
111 345 16
386 94 9
75 418 14
260 133 9
180 485 14
317 221 14
76 224 9
108 174 5
39 374 14
278 400 7
291 470 4
460 232 14
96 270 2
357 467 19
338 420 7
26 63 17
60 293 9
480 303 13
464 289 5
70 464 14
319 134 2
132 92 11
95 321 13
461 64 6
52 131 13
223 390 1
448 228 5
381 129 8
449 430 15
15 431 16
147 354 11
119 439 3
78 232 7
146 471 16
139 101 13
236 329 4
86 85 14
335 84 3
400 83 14
273 436 7
350 148 9
395 438 10
389 480 17
327 51 3
392 15 7
65 143 2
119 221 11
387 6 16
321 360 7
296 196 8
64 236 8
253 67 5
316 438 1
471 54 19
97 362 12
227 330 13
133 140 12
291 89 20
53 427 19
254 256 17
207 376 17
468 42 7
73 439 3
373 62 2
228 460 8
390 42 7
439 401 6
362 193 17
122 147 11
373 67 11
288 481 17
150 420 1
410 113 2
310 460 10
422 275 18
5 445 19
427 490 2
116 213 12
38 129 6
193 337 3
158 367 8
99 271 18
95 401 2
305 88 6
288 21 11
170 417 19
478 146 6
252 63 9
246 285 7
232 113 1
285 177 9
199 421 7
75 375 8
116 437 18
325 107 16
197 152 19
435 455 5
460 86 18
159 347 1
270 35 12
219 47 13
116 357 10
263 304 3
168 473 3
233 358 2
138 87 9
500 123 6
449 110 7
391 410 4
352 173 17
405 281 8
463 156 10
363 346 19
247 168 5
314 225 5
189 205 2
228 270 19
259 248 12
183 343 10
102 449 18
208 79 18
3 128 2
4 255 16
370 130 14
210 422 1
485 92 12
229 463 1
341 90 15
128 316 14
255 153 1
123 381 18
329 409 12
258 277 2
244 159 10
267 40 18
111 144 10
126 298 19
175 93 6
267 168 3
259 172 11
315 287 1
78 467 19
313 197 18
91 470 4
19 476 12
422 42 18
279 408 19
373 125 7
323 286 11
448 386 17
379 453 3
320 324 10
446 247 3
323 164 12
95 166 8
305 381 16
74 144 19
270 272 12
302 425 8
317 289 4
190 38 15
68 3 1
457 158 16
436 94 20
162 292 7
314 374 10
143 484 1
33 40 10
217 96 17
221 312 13
185 428 7
33 232 6
34 154 12
451 303 6
206 235 16
305 128 20
67 87 16
103 285 17
274 449 15
316 401 13
430 8 4
348 441 14
19 149 14
176 127 11
187 387 13
10 84 15
181 370 3
60 429 20
490 494 10
406 493 18
36 374 14
416 329 17
228 322 19
254 392 9
358 220 6
384 96 12
170 157 12
427 18 11
226 43 4
351 317 13
151 37 15
125 150 18
82 458 19
126 467 7
192 42 4
248 264 2
351 33 16
284 262 11
278 47 11
13 279 1
448 440 14
213 38 16
236 442 19
62 335 11
178 456 18
40 356 19
458 478 18
383 174 9
304 238 9
341 186 13
23 485 11
116 199 2
49 51 19
425 489 2
231 495 15
106 323 12
399 104 19
134 393 6
91 453 9
99 400 15
43 189 19
390 34 2
201 102 5
307 215 18
136 457 10
7 348 3
21 243 1
486 189 5
96 461 19
92 89 9
194 44 18
140 97 11
467 56 17
280 23 8
490 189 10
378 223 12
35 129 19
438 457 4
145 99 11
464 20 11
349 42 9
122 33 16
451 76 11
25 330 12
425 41 16
14 247 3
389 156 15
100 413 2
306 441 8
254 132 4
469 443 13
328 324 15
20 209 15
328 465 16
284 436 7
137 113 3
388 4 13
490 322 5
155 219 18
35 153 11
220 416 11
438 199 7
478 454 11
345 284 3
277 461 6
495 142 15
6 253 13
375 154 11
331 355 13
229 16 13
321 434 4
226 439 11
395 32 12
235 427 18
428 425 12
25 365 10
23 336 14
194 478 14
321 237 20
183 112 14
26 496 16
234 244 10
18 439 6
65 187 2
226 463 13
176 284 19
219 176 11
185 362 14
479 220 19
161 470 16
363 63 14
11 410 1
195 70 12
189 371 6
21 139 17
430 202 7
114 193 10
425 377 4
368 47 2
269 310 20
74 387 15
441 58 5
360 135 11
68 210 17
460 197 18
403 345 9
380 490 12
158 133 20
152 348 13
183 437 15
181 460 10
59 161 6
167 7 4
327 466 4
138 119 12
118 372 12
260 337 16
54 299 16
62 120 8
226 4 11
403 204 11
177 441 2
209 349 13
250 85 12
131 13 14
396 275 13
354 45 7
105 295 17
40 18 12
54 422 17
220 118 17
346 25 15
380 442 19
6 50 16
241 334 17
145 203 18
206 134 10
140 264 11
1 333 15
262 129 7
280 96 1
429 275 20
356 237 1
399 233 11
136 118 12
44 305 14
404 320 14
329 259 17
68 285 15
261 204 18
354 458 6
276 18 6
77 411 19
15 84 19
106 381 15
364 209 15
445 358 1
289 125 10
451 327 2
301 427 8
361 367 10
36 460 13
490 411 2
255 490 12
255 320 5
482 249 4
478 312 15
296 19 20
476 181 7
186 103 9
48 218 12
195 372 15
450 330 15
240 286 5
292 4 1
250 337 18
215 427 11
198 328 1
182 211 3
130 250 20
231 339 2
67 471 2
92 475 5
122 232 17
339 278 2
145 323 6
347 183 19
36 155 10
322 320 1
354 165 19
326 276 20
135 36 10
493 52 4
366 40 3
315 123 4
432 42 15
186 355 12
457 184 7
317 304 13
217 199 6
396 133 10
238 338 14
18 403 12
364 447 9
65 413 18
177 451 8
124 8 4
399 232 2
170 499 18
434 487 19
139 100 11
432 60 6
166 75 12
396 260 1
105 331 10
394 157 2
221 495 17
145 163 20
189 163 12
51 240 2
273 80 8
229 494 17
237 364 6
80 384 17
337 402 1
332 208 9
390 115 19
210 337 19
71 172 18
336 202 5
16 348 11
253 294 16
367 373 6
447 253 17
42 491 15
293 475 11
81 27 11
343 439 9
314 104 7
103 302 15
393 235 12
253 419 17
324 406 20
306 32 17
116 363 14
359 24 16
85 339 4
50 35 10
454 324 10
347 304 8
198 482 10
141 153 12
119 180 9
405 20 18
245 361 8
122 342 1
21 343 9
145 401 18
32 8 11
486 151 5
55 125 10
259 142 10
334 411 8
40 78 6
24 423 12
75 298 3
154 35 10
499 99 13
364 354 11
210 204 10
158 435 5
288 450 20
13 372 7
26 202 15
447 44 8
332 461 3
328 371 18
293 439 17
498 40 9
470 405 13
493 88 4
201 442 15
115 176 16
319 417 4
153 395 5
201 343 17
127 211 2
70 262 11
303 134 15
498 168 10
347 180 11
9 85 5
380 238 10
146 47 10
484 319 15
158 365 9
125 283 2
83 448 11
66 289 7
107 357 5
329 441 15
397 449 3
362 216 13
288 78 6
314 362 8
375 236 20
189 235 1
183 257 12
311 244 20
122 384 16
249 332 9
469 223 15
53 90 15
473 265 13
294 479 14
407 379 9
372 331 1
47 90 14
183 441 13
493 1 20
6 382 17
136 181 8
304 420 20
278 449 20
260 223 8
240 175 10
213 314 20
41 443 12
234 276 14
179 491 6
230 59 9
206 433 11
128 301 4
195 163 18
35 392 5
103 186 8
185 26 14
482 494 13
157 114 14
300 173 16
290 487 7
372 180 18
208 489 2
34 286 4
132 166 4
47 150 7
158 333 8
331 307 8
333 137 8
312 243 10
436 398 15
327 243 20
10 333 13
196 105 16
437 358 5
335 407 17
200 60 15
434 331 16
136 83 5
494 225 7
254 164 18
497 45 14
141 372 20
425 488 17
279 382 13
19 208 19
82 355 6
311 114 19
177 351 16
306 183 20
389 261 17
351 199 20
106 254 4
16 315 19
412 137 19
273 277 9
253 86 1
364 41 15
95 383 6
80 11 8
214 296 2
353 96 8
180 281 13
430 371 8
176 436 5
411 390 20
257 277 16
74 207 9
36 458 18
81 315 8
215 390 3
332 17 4
224 441 9
181 491 6
9 63 16
293 41 2
428 500 3
264 363 7
199 189 20
40 496 16
123 328 17
271 39 10
465 107 10
16 130 7
262 311 4
84 359 6
247 122 18
260 357 2
243 467 13
469 69 1
341 354 8
240 57 5
90 477 6
433 42 1
244 26 20
220 23 19
435 190 15
320 15 14
256 392 15
137 164 13
452 231 3
202 415 7
110 460 16
498 396 2
123 300 12
372 165 9
1 77 15
248 106 4
82 306 17
143 337 3
413 493 10
156 74 11
206 93 7
28 352 15
154 113 18
462 214 15
329 377 14
40 158 7
114 110 10
106 248 20
230 119 10
19 100 4
15 197 7
54 67 13
233 99 7
498 288 13
286 489 14
10 495 2
334 219 20
463 332 20
32 225 5
30 209 2
353 88 9
344 242 19
464 391 6
80 412 13
451 281 4
405 67 14
325 18 4
315 329 13
61 442 20
359 224 4
257 118 17
15 207 16
36 82 19
290 141 4
216 73 12
83 396 1
483 277 9
186 438 19
484 428 18
402 229 4
230 203 13
26 490 1
173 355 10
273 262 11
291 320 5
474 471 7
480 32 19
165 66 13
404 461 6
27 103 10
421 158 9
166 374 5
238 339 8
245 230 12
239 76 14
306 86 16
215 445 4
228 291 2
222 439 1
258 43 18
242 231 16
32 481 14
467 360 14
133 190 14
262 94 20
254 130 19
135 283 2
390 429 8
221 458 5
473 2 13
493 294 11
315 408 12
225 97 13
34 177 10
38 153 4
77 377 1
183 105 17
406 320 14
310 357 9
452 65 2
17 320 7
172 231 15
475 149 12
231 238 20
4 500 2
139 385 3
279 356 8
292 335 16
268 149 16
186 457 19
27 67 6
333 412 10
196 175 17
427 207 14
94 189 2
289 23 20
122 21 4
195 233 18
310 331 10
473 314 5
477 114 4
149 49 11
18 66 13
296 445 7
443 342 14
161 417 16
208 498 20
399 247 14
2 72 4
144 310 17
272 233 20
74 293 9
40 118 9
123 292 5
398 225 5
297 328 18
497 291 11
232 492 3
434 274 12
495 446 17
119 117 18
71 50 9
233 129 13
314 286 16
184 395 1
52 391 13
217 345 18
315 126 6
46 446 16
106 4 6
273 337 15
326 206 18
135 231 18
122 74 16
261 292 4
273 485 6
470 81 15
293 455 2
100 199 14
220 374 5
147 302 7
370 478 11
181 312 14
339 63 8
350 437 10
146 299 20
341 428 20
1 374 7
168 337 10
82 133 20
493 490 1
377 324 9
13 382 6
120 455 12
273 325 10
405 414 4
268 146 9
373 106 11
492 21 8
15 322 20
385 235 18
491 276 8
359 160 7
357 413 3
133 252 6
484 77 18
375 291 3
58 453 5
499 294 15
214 259 8
150 247 8
458 238 2
345 478 17
341 338 3
64 258 14
450 285 2
262 6 17
316 261 4
455 186 20
284 253 7
423 462 13
145 433 11
295 297 12
138 181 12
39 103 16
328 130 9
113 405 20
62 469 16
487 183 5
336 392 8
383 381 4
186 233 6
487 255 3
177 103 8
364 203 12
360 321 3
463 305 8
319 216 6
325 217 2
171 394 4
99 313 11
296 139 9
363 347 19
468 190 19
342 385 1
272 420 8
12 135 8
136 191 6
15 388 8
14 240 13
229 301 13
198 146 13
300 151 4
3 385 6
435 302 5
413 190 5
352 406 2
86 359 15
262 152 20
468 274 6
386 295 10
259 32 11
151 459 18
334 433 8
423 69 3
219 90 11
211 441 3
173 295 9
388 356 17
197 424 7
490 408 8
349 456 16
396 176 8
262 496 9
53 266 7
398 493 20
497 61 4
297 211 15
315 131 4
25 245 17
377 421 20
130 79 7
319 47 8
131 7 9
421 372 4
314 232 8
12 199 2
383 495 3
238 334 18
471 221 19
182 33 10
379 340 15
487 317 4
273 160 15
270 252 2
367 61 14
480 15 7
263 481 2
391 19 2
456 453 16
175 298 18
40 166 7
355 86 9
161 378 18
312 277 18
363 280 1
32 47 6
315 448 10
443 208 17
269 291 11
341 20 8
421 104 8
227 320 4
95 275 8
175 431 16
5 489 12
77 219 4
368 239 12
159 110 14
411 148 14
157 194 13
447 11 12
70 147 6
10 185 13
235 432 18
42 130 4
390 85 3
29 375 12
336 59 2
344 435 1
440 134 16
271 2 19
441 172 4
418 495 11
287 356 14
437 276 11
500 286 12
82 198 2
7 65 20
126 57 11
199 106 3
354 168 7
215 24 9
344 273 2
160 429 3
338 343 20
233 45 3
281 371 10
68 235 14
134 331 13
274 319 19
58 477 6
361 421 9
62 380 11
342 120 13
353 242 18
127 192 16
443 95 1
200 207 7
112 255 2
440 302 5
335 286 9
355 87 2
132 410 17
460 122 7
257 306 10
229 390 5
405 326 19
192 494 20
37 361 2
340 456 10
204 267 9
184 183 20
299 401 1
341 277 20
26 185 9
187 420 9
496 487 20
457 27 10
235 24 20
412 461 1
433 125 3
454 15 15
1 444 14
93 371 15
1 106 18
28 95 18
132 422 3
56 352 9
490 447 17
218 178 17
313 349 9
352 460 9
151 202 4
85 441 19
338 144 8
405 186 6
13 80 19
400 385 11
381 287 14
9 192 18
425 305 10
355 186 14
334 409 10
455 232 11
48 168 5
356 244 9
311 230 2
127 429 17
110 58 17
223 349 19
360 22 18
123 284 2
64 100 17
301 469 10
89 344 16
485 81 13
138 262 1
281 319 9
193 138 1
379 206 15
79 325 19
20 49 18
178 277 5
488 236 8
25 134 13
255 115 5
368 498 9
381 207 19
86 443 8
119 163 8
23 476 1
55 134 13
127 149 20
177 437 19
102 347 14
137 364 10
399 15 10
71 393 17
191 34 10
209 103 10
419 446 12
375 445 2
212 468 15
149 48 17
205 344 7
484 371 6
235 331 13
454 490 19
329 1 4
495 99 15
174 3 12
316 319 18
461 80 4
14 10 10
371 24 7
123 112 18
285 497 1
111 86 10
147 468 1
468 250 8
8 213 3
417 297 5
285 159 11
96 222 7
152 241 9
385 325 14
34 434 16
465 244 17
38 188 13
181 97 12
431 4 11
275 385 2
428 133 7
104 356 11
364 16 18
5 474 20
65 293 9
91 19 20
134 160 17
430 166 5
187 120 9
6 386 16
238 310 1
440 383 7
374 385 17
300 401 6
476 60 11
146 417 17
177 107 14
213 468 16
254 355 12
397 248 9
471 475 16
135 61 10
324 379 10
111 20 12
53 105 5
116 186 5
492 338 2
492 386 3
141 116 7
282 302 16
147 405 1
242 473 14
326 400 4
174 473 17
232 217 18
151 51 4
425 411 1
154 347 12
291 108 6
24 147 16
391 53 13
13 138 16
53 36 20
286 473 1
13 144 17
40 248 2
105 396 17
215 106 1
154 277 8
24 377 12
247 460 16
451 209 5
33 204 6
500 45 12
209 57 10
110 381 2
86 246 5
289 156 18
189 341 3
382 438 8
124 15 8
462 407 20
424 23 9
206 65 17
282 153 1
62 13 2
209 178 7
340 307 8
477 157 15
352 441 18
46 160 19
8 335 5
450 79 10
84 30 20
93 458 15
453 347 15
359 459 14
12 98 6
348 169 7
423 39 5
353 272 6
498 450 6
103 309 14
267 216 1
308 157 13
383 18 17
73 72 10
19 284 17
394 36 14
110 301 7
155 202 5
220 447 14
195 428 10
290 110 1
162 111 19
100 248 14
100 267 12
302 172 3
279 129 5
350 138 11
31 251 2
335 108 20
273 403 6
339 380 19
457 95 16
197 70 6
408 398 15
41 189 8
128 468 13
339 143 8
267 425 4
34 103 8
182 145 14
16 12 3
26 158 8
253 396 13
416 331 11
147 241 2
77 29 4
107 418 2
140 202 15
322 119 12
6 91 2
17 464 20
487 115 19
457 297 7
123 223 14
210 118 11
176 245 10
344 190 15
418 337 4
223 368 10
296 452 19
153 189 4
431 114 17
465 287 15
417 208 14
215 40 13
148 295 18
400 496 12
158 211 7
184 458 16
225 170 13
486 76 9
206 347 16
225 294 3
95 454 16
13 346 13
357 284 9
469 104 18
169 483 2
285 39 19
450 408 9
95 77 5
432 388 19
334 291 7
481 234 17
175 290 10
333 281 13
177 135 19
133 55 11
125 189 14
424 363 17
189 132 11
173 245 20
66 5 8
4 23 11
70 11 1
274 113 8
248 444 12
419 448 20
394 117 16
442 432 1
23 144 20
451 276 6
413 211 14
26 186 15
470 83 7
228 170 2
457 294 20
264 222 3
223 429 11
337 32 9
461 477 6
5 498 18
47 395 1
406 298 12
261 14 1
459 81 13
469 182 20
192 344 4
136 261 13
313 224 11
388 55 18
235 407 3
414 144 19
67 414 12
388 355 15
175 62 15
425 241 14
457 315 14
314 213 20
332 314 19
107 398 1
30 247 16
191 404 10
165 139 7
132 495 20
138 235 8
184 78 17
493 112 1
90 424 19
381 277 15
437 59 10
401 407 18
6 46 18
442 54 10
202 473 5
359 442 4
26 62 18
93 231 9
341 238 1
12 476 6
239 284 10
20 263 20
350 186 12
28 396 2
491 129 6
14 199 19
449 31 13
19 489 6
203 184 8
93 342 6
301 384 6
219 35 7
234 437 12
442 389 10
199 66 1
169 28 7
68 176 5
280 305 1
374 247 20
296 127 20
309 72 4
67 268 7
165 112 1
293 417 12
94 90 17
225 118 4
473 86 8
269 44 6
28 373 11
443 105 10
345 8 4
90 10 13
474 219 4
223 181 3
179 238 10
51 7 8
105 488 8
312 158 16
480 175 20
94 330 14
449 86 13
324 477 10
111 185 1
345 29 3
200 237 20
61 361 5
194 16 15
170 207 17
5 112 17
180 114 8
251 456 6
208 490 12
396 252 4
193 9 6
499 482 11
437 472 2
144 34 2
100 429 15
403 368 3
89 150 19
369 296 13
125 468 14
466 40 13
317 485 12
9 492 10
438 15 8
218 226 16
497 177 13
267 345 14
50 13 15
135 212 9
279 172 1
54 118 5
460 205 18
463 105 18
68 84 2
233 379 12
25 499 18
43 374 19
432 286 5
244 252 19
203 309 9
305 455 2
320 460 8
151 275 17
411 486 12
353 319 4
336 215 3
143 16 8
105 335 2
345 161 11
95 320 19
138 107 18
344 390 5
432 378 2
293 290 16
402 334 9
64 371 16
85 30 18
136 456 2
255 377 11
189 171 19
344 380 20
461 370 18
319 109 10
65 450 13
354 41 17
148 11 20
323 366 11
477 31 11
137 464 4
285 213 6
115 493 16
298 147 7
468 431 4
430 156 14
301 77 8
340 483 13
284 310 11
93 43 15
251 29 15
151 244 5
2 496 18
371 375 19
49 29 6
495 380 9
447 496 14
409 189 8
168 119 10
23 387 20
462 331 11
397 329 11
191 410 6
456 154 18
479 436 7
436 448 1
222 156 17
499 396 14
297 382 6
103 32 17
375 371 3
141 353 12
169 479 7
139 450 17
327 157 8
90 67 14
483 112 11
126 452 11
434 480 19
166 19 2
388 454 15
270 42 19
158 30 12
338 298 1
447 374 1
219 87 19
181 388 20
226 89 14
483 497 6
220 64 19
387 397 4
452 182 15
226 216 15
124 477 7
273 107 17
457 136 11
121 497 20
410 9 5
5 279 5
429 277 20
485 151 15
478 193 1
356 207 5
422 57 10
411 464 17
196 253 14
103 145 14
410 417 14
138 2 16
93 57 17
234 404 16
313 5 1
232 100 16
483 464 17
216 174 10
135 436 5
149 237 6
319 440 9
483 209 15
252 401 19
72 206 2
85 226 19
444 489 11
185 223 2
375 323 11
93 261 15
461 8 14
215 281 3
413 217 11
3 270 13
382 163 8
138 129 18
209 117 5
459 480 6
92 220 7
124 113 6
266 111 8
182 304 10
133 149 9
191 209 10
47 448 18
488 91 19
161 134 15
256 53 18
293 213 3
263 100 4
85 132 15
402 422 14
184 371 19
445 12 8
382 330 13
140 148 8
223 179 10
208 78 6
399 128 20
265 104 2
227 252 2
360 203 10
350 3 12
457 420 7
303 199 8
337 443 4
173 233 11
375 115 7
212 75 6
327 80 8
48 114 10
242 82 11
334 468 16
329 222 12
62 500 4
192 291 16
455 98 17
25 246 19
258 336 9
70 152 13
235 267 1
72 131 5
387 200 4
378 307 18
456 144 1
494 35 4
210 372 3
186 125 7
484 174 6
256 258 16
179 487 12
51 288 4
439 208 20
70 231 20
398 175 15
187 5 1
301 219 6
243 464 8
366 9 10
359 201 20
288 210 7
75 25 12
271 242 1
207 466 20
152 382 17
225 179 10
406 40 11
68 305 16
228 212 4
57 358 16
290 450 6
369 358 5
42 210 5
296 357 10
152 490 3
120 160 17
210 497 16
88 90 18
111 96 18
138 144 20
265 310 5
284 208 19
290 83 8
360 97 1
450 89 16
29 113 2
448 271 18
138 287 11
384 155 18
313 194 19
411 276 14
5 191 19
287 181 15
369 421 16
55 462 10
289 77 15
488 427 5
491 258 14
172 222 12
402 273 14
153 417 19
257 383 7
170 178 17
475 489 13
350 12 10
285 113 19
307 178 1
382 173 15
259 365 9
236 403 13
150 379 5
39 251 6
397 253 18
412 264 18
207 235 8
353 69 8
298 148 15
62 110 18
227 53 3
208 326 6
22 172 1
291 380 20
466 188 14
143 301 18
88 157 1
144 227 17
365 288 2
3 22 3
296 227 14
241 175 12
320 397 17
278 395 8
405 19 16
300 385 17
113 198 3
163 230 1
226 154 15
410 248 13
86 222 3
204 234 2
240 288 13
320 232 9
33 493 6
266 21 11
23 179 15
228 364 7
460 471 8
430 274 13
432 76 1
406 142 5
126 149 20
483 137 15
485 374 2
19 301 9
161 495 5
59 318 15
493 491 3
475 498 17
297 487 16
34 494 2
56 296 14
152 102 17
122 80 1
41 198 11
236 419 3
95 185 15
378 152 9
130 484 20
131 323 11
88 493 10
398 250 17
148 222 14
345 58 9
497 287 15
175 153 16
437 223 16
431 304 11
435 225 5
65 130 20
159 388 12
439 438 3
388 500 18
397 180 6
401 288 19
353 359 1
2 213 16
194 326 19
260 202 9
109 456 16
189 409 9
174 417 18
414 271 19
281 178 16
382 107 20
138 204 5
228 82 5
378 214 20
411 63 11
433 130 11
224 137 1
20 491 7
431 70 10
10 409 2
163 216 9
331 210 13
304 297 5
411 117 5
357 290 9
338 171 15
475 481 18
485 404 5
369 84 5
35 246 10
91 392 8
389 400 1
190 396 12
171 108 18
486 241 3
143 139 7
479 224 2
29 320 19
198 353 3
222 151 3
124 78 3
53 205 9
424 24 3
420 440 6
473 207 19
33 71 3
341 349 11
414 227 14
294 436 8
61 446 9
352 271 2
353 439 3
359 261 3
206 403 20
63 440 5
392 490 17
143 403 4
385 66 9
461 106 3
397 196 17
459 486 11
307 231 17
296 403 11
228 373 19
337 239 6
237 427 3
369 425 16
34 116 3
192 457 14
200 187 19
467 471 5
389 175 7
380 361 11
119 475 13
428 345 17
309 487 12
85 470 15
224 296 8
436 474 14
281 157 16
233 408 18
28 275 4
335 247 18
322 257 10
417 220 20
288 467 8
495 460 10
397 116 15
175 48 15
418 394 9
319 282 3
495 447 15
410 294 13
291 362 13
40 110 3
495 423 14
298 70 15
194 9 8
301 295 17
149 70 14
56 216 2
167 117 6
382 131 17
71 142 3
240 494 15
372 445 10
278 72 5
373 396 14
372 364 7
66 63 5
120 128 7
232 23 19
83 104 3
331 318 7
212 252 11
352 55 9
20 169 6
369 492 20
208 354 2
377 107 10
115 341 8
300 442 20
141 354 20
169 178 20
362 91 8
293 361 13
270 484 12
450 214 5
418 448 7
267 115 8
60 487 13
23 238 11
160 459 4
480 478 16
145 26 5
183 135 17
431 414 13
101 207 11
297 268 20
3 89 16
49 302 13
86 206 10
8 357 2
285 126 5
124 209 15
13 402 8
53 316 14
230 406 3
344 211 10
387 145 8
67 317 15
46 460 19
424 364 12
384 393 15
475 409 5
179 213 9
356 156 9
1 493 10
79 34 3
147 136 4
48 312 20
359 130 12
142 340 12
4 76 18
469 196 13
38 36 13
281 435 12
238 341 12
134 376 16
355 296 4
254 386 19
238 274 18
255 152 5
18 368 20
480 120 2
333 139 15
411 199 4
119 417 9
479 287 16
159 229 9
354 435 15
64 5 13
236 475 2
232 76 8
211 32 16
322 480 6
432 5 14
343 329 20
199 58 7
293 87 16
457 255 11
35 33 4
235 20 7
292 452 12
462 58 1
371 328 2
135 174 10
182 446 2
430 380 13
436 229 13
302 74 8
417 368 13
170 468 5
309 283 20
356 110 11
43 142 14
477 58 4
252 217 15
2 359 12
198 228 9
274 5 8
25 493 8
274 386 19
425 238 15
28 420 3
62 358 4
373 98 7
103 336 10
13 208 16
416 391 4
8 225 15
158 381 19
124 363 14
121 470 9
387 321 20
101 244 12
445 207 8
31 492 17
143 281 19
117 322 16
110 56 17
302 122 20
251 398 20
338 435 7
284 185 19
85 90 4
405 498 4
166 111 9
316 186 11
255 334 12
52 18 14
427 498 10
396 355 17
161 68 18
116 318 4
141 248 12
111 307 15
320 196 14
360 443 6
52 412 16
322 297 14
84 98 20
443 116 6
254 344 2
102 487 10
445 270 8
328 179 11
437 436 16
279 321 12
428 135 15
162 230 10
71 210 13
133 427 16
417 237 14
218 104 2
467 454 10
224 138 20
276 242 16
397 8 14
97 22 12
219 403 18
307 69 6
462 10 2
446 145 10
103 194 7
441 280 5
303 455 1
332 152 4
164 386 5
292 353 13
202 36 13
477 229 1
74 319 13
74 225 13
34 500 5
38 142 15
343 121 13
225 191 20
264 174 3
90 498 10
310 53 20
100 87 12
218 119 3
353 149 3
412 153 11
312 464 14
306 384 10
188 69 16
309 114 11
348 220 1
47 370 6
17 109 1
165 283 19
176 486 8
464 345 8
311 379 19
413 180 16
214 492 2
490 324 9
247 75 8
258 421 16
438 60 12
172 374 15
186 452 6
339 488 11
195 387 1
113 190 19
308 424 4
114 107 3
424 191 4
42 118 8
307 98 18
480 28 5
404 147 17
132 70 16
371 82 17
86 454 10
2 246 10
366 357 6
193 195 14
488 36 18
336 430 8
451 211 13
233 155 8
292 480 9
375 289 4
470 116 9
48 328 3
171 480 8
196 385 15
398 324 12
451 398 14
119 189 9
477 454 14
151 241 16
420 195 15
359 90 17
223 54 16
50 344 14
258 27 9
223 430 12
425 149 1
395 158 13
121 114 1
145 214 8
232 80 2
321 236 9
393 227 17
370 424 13
204 105 7
147 368 6
466 258 12
30 210 2
164 456 17
106 252 17
432 336 3
194 197 4
479 332 13
245 193 3
160 378 15
76 447 9
298 341 5
166 133 7
458 257 16
225 423 13
330 107 6
112 383 16
40 211 7
251 186 5
297 251 11
456 108 1
131 179 10
194 375 20
267 316 9
297 61 18
263 497 12
475 173 12
5 357 16
227 297 6
133 349 8
364 276 7
483 163 3
259 26 9
176 298 9
455 274 3
156 101 20
297 327 1
267 419 11
366 49 4
306 234 3
436 43 2
253 317 5
300 334 4
326 215 8
97 23 10
275 196 17
68 361 2
60 224 4
188 67 1
172 26 2
113 214 18
466 293 18
205 159 16
119 185 18
210 336 4
229 234 20
432 138 20
264 88 19
62 190 14
133 13 7
310 287 13
206 26 12
207 119 10
388 146 7
34 321 20
280 159 3
359 152 16
211 350 16
341 211 6
189 286 13
449 75 18
366 336 8
77 173 14
141 476 9
215 342 9
306 145 4
342 309 18
466 309 12
471 150 6
58 276 4
392 38 19
246 84 5
273 326 5
38 427 18
291 182 19
165 452 18
431 359 14
366 103 7
4 210 10
460 119 2
251 483 14
142 10 15
8 198 14
334 272 17
380 35 5
259 289 13
2 253 2
322 2 14
296 200 14
258 290 15
130 81 17
150 1 12
19 12 5
433 219 15
104 173 4
273 66 15
151 50 17
59 395 18
344 145 9
254 19 7
33 10 19
261 484 13
320 269 11
8 285 15
146 454 15
2 134 18
452 248 5
380 465 10
337 308 4
270 50 4
446 329 16
266 447 19
130 7 13
99 346 18
323 155 17
485 260 9
92 306 14
367 428 19
135 77 17
163 471 15
159 215 6
154 125 8
198 35 4
256 119 11
131 214 12
55 399 15
8 172 11
433 10 13
152 138 5
295 134 6
71 269 13
41 160 1
392 339 2
74 186 4
421 59 1
479 329 8
476 411 8
495 330 13
290 469 9
177 373 4
178 206 2
369 486 16
441 337 17
37 287 6
240 5 16
484 3 10
254 189 14
178 498 9
349 407 16
167 44 1
203 138 17
310 393 18
244 272 1
497 368 19
224 17 8
414 295 16
328 365 1
144 187 11
54 466 7
460 121 9
422 444 15
304 486 12
436 292 7
326 144 19
24 156 19
435 386 1
146 404 8
350 365 3
328 249 5
61 360 18
142 156 18
446 11 18
137 88 7
268 472 3
69 22 12
259 164 7
303 202 2
489 486 2
67 126 3
392 417 6
477 133 3
56 405 6
143 238 17
445 97 12
91 112 6
249 339 4
420 218 6
239 266 5
102 59 12
250 272 15
223 344 13
391 176 12
46 414 19
340 56 2
17 357 18
47 438 19
339 298 15
39 247 10
228 453 7
59 374 8
402 197 19
170 401 1
109 72 18
5 70 5
380 407 10
45 38 12
77 11 13
382 332 9
285 229 5
154 342 4
339 8 14
359 451 15
336 493 18
359 479 1
469 490 9
58 320 2
303 288 12
246 430 13
66 375 4
213 476 19
397 50 10
54 6 1
131 430 3
182 391 13
69 42 17
37 371 16
322 293 13
381 193 9
454 151 14
232 173 17
63 481 20
112 93 6
162 306 7
337 247 12
454 377 17
283 359 16
210 428 10
469 376 14
20 89 1
80 73 13
305 327 4
158 316 7
193 13 2
76 388 9
341 467 11
360 482 10
270 445 19
46 180 20
379 132 18
266 49 2
337 223 9
288 124 14
127 466 2
96 142 15
373 232 16
405 266 4
217 5 20
238 168 12
107 481 17
338 101 10
289 466 15
413 122 5
391 271 19
52 4 10
166 51 12
190 230 18
54 437 4
370 60 3
161 38 9
237 367 13
375 353 12
413 421 17
264 361 17
338 133 8
467 148 18
291 61 13
316 61 7
322 383 5
256 168 12
150 78 20
330 109 3
468 8 11
452 130 19
106 127 6
188 370 19
168 7 1
467 306 8
374 163 20
417 53 13
124 210 12
108 179 4
427 431 9
298 397 17
429 321 5
136 333 8
326 376 19
10 363 17
202 132 8
433 372 8
317 268 12
266 475 18
248 216 12
129 369 11
458 424 4
26 247 10
232 176 14
72 37 1
281 228 20
486 346 20
420 39 20
444 361 17
274 158 12
353 420 19
371 400 14
250 327 10
147 100 8
494 146 14
4 300 11
20 464 6
48 393 18
68 192 3
115 47 1
65 325 2
274 224 16
209 155 6
455 12 12
426 201 8
246 278 2
304 437 7
136 315 17
434 249 10
415 12 17
32 124 16
124 13 8
93 225 3
193 468 18
220 285 3
299 490 17
229 305 18
224 190 2
149 252 11
465 108 8
238 375 1
66 55 7
218 86 14
258 458 1
20 29 6
101 222 13
111 62 9
240 425 2
340 49 14
109 41 4
313 310 10
370 312 3
289 173 1
493 194 9
264 444 1
242 428 15
240 265 5
3 426 6
49 258 20
440 215 15
224 329 3
377 304 20
41 253 6
50 350 8
134 206 17
215 20 18
439 211 6
480 344 17
37 86 16
10 22 4
343 251 5
466 300 14
357 80 14
180 109 13
429 31 5
360 220 20
103 54 19
273 167 13
202 447 3
402 468 2
214 203 8
104 301 17
405 156 20
102 460 8
209 428 4
74 218 9
482 248 11
261 135 16
124 376 15
234 115 15
135 285 10
394 42 13
313 455 1
339 354 7
281 440 11
41 159 11
121 351 15
430 251 15
86 146 4
73 347 12
111 55 7
36 364 12
474 342 12
342 77 17
337 45 16
412 236 10
395 187 7
159 121 10
431 355 4
423 333 16
427 445 14
315 456 15
390 453 20
109 122 15
358 131 8
101 365 13
482 210 3
182 378 17
42 397 2
217 297 15
370 294 10
28 224 16
234 43 1
143 473 15
368 263 18
262 344 15
429 22 10
35 135 5
123 14 9
110 177 9
314 179 5
422 10 2
30 321 8
96 287 3
54 351 19
468 205 18
429 415 4
139 198 6
78 5 15
471 352 15
180 222 1
93 283 8
124 239 15
294 44 13
352 470 4
290 294 12
177 493 14
164 130 5
224 159 8
478 106 2
440 305 17
312 498 7
159 154 2
354 485 14
449 423 3
137 192 19
393 320 12
489 43 18
77 70 17
149 100 6
448 498 5
342 312 18
262 442 18
403 270 20
403 84 20
11 130 1
86 312 17
13 447 3
213 133 17
272 392 16
390 381 15
177 76 18
417 376 8
86 310 13
199 93 10
278 27 18
348 374 11
437 446 16
497 274 7
165 329 18
112 259 19
82 378 20
442 134 17
63 259 18
417 494 9
41 473 19
442 111 8
225 363 1
431 325 8
453 110 7
100 96 17
445 388 3
361 450 20
297 32 5
481 136 9
121 93 17
152 193 14
13 63 15
123 128 16
197 308 3
138 448 6
443 28 13
377 491 4
225 351 4
298 475 15
487 363 2
385 102 14
436 241 3
146 197 9
192 491 8
232 286 2
180 357 16
383 85 12
156 291 14
494 111 8
207 419 5
418 314 4
363 145 5
164 285 20
368 317 2
63 72 14
153 481 13
201 142 20
85 78 6
437 459 14
27 245 15
126 308 11
356 493 2
309 488 1
213 80 11
342 118 19
343 452 9
416 83 10
402 31 16
477 192 17
125 148 7
325 16 7
335 459 17
68 151 8
159 445 9
338 399 16
455 61 1
216 334 16
441 104 1
429 444 12
9 190 17
184 93 16
393 423 4
162 310 18
438 377 9
475 49 2
272 385 3
474 218 6
285 460 6
3 479 9
277 423 6
430 442 11
261 141 10
238 143 19
332 151 19
107 469 20
265 60 4
499 207 1
238 8 16
290 4 13
274 85 14
394 285 16
134 215 4
39 205 1
295 36 17
108 183 13
300 382 19
487 60 3
113 158 10
393 52 6
10 384 16
188 140 12
7 44 13
129 45 20
191 5 13
260 63 19
491 281 6
17 244 5
413 103 11
51 475 19
136 428 10
62 279 1
312 265 13
369 484 14
411 316 4
297 426 18
148 298 16
133 26 9
494 441 20
201 221 14
431 447 2
106 240 10
322 321 14
289 307 6
127 1 7
103 380 13
403 380 8
325 275 19
209 94 17
464 236 15
247 368 3
373 354 18
384 97 5
237 100 7
33 412 8
376 206 9
364 88 2
128 200 10
113 171 8
28 11 20
25 30 19
258 378 9
287 357 20
64 295 14
70 497 9
180 467 15
97 239 9
193 238 15
52 280 17
3 347 9
274 240 8
429 131 12
211 169 20
285 124 3
403 431 2
244 294 6
17 347 3
9 149 4
320 467 13
90 86 8
367 112 8
230 324 10
430 334 20
267 369 9
426 40 15
485 476 7
489 161 11
208 408 6
314 94 14
16 10 4
237 163 14
462 87 5
162 146 16
351 308 19
500 191 15
483 469 12
99 31 1
442 89 13
408 178 5
43 14 18
414 263 12
406 131 8
238 410 17
430 356 4
404 466 18
122 58 13
26 293 18
488 136 5
78 270 18
405 26 3
286 133 18
240 258 15
80 157 4
53 177 14
443 304 16
79 481 12
162 14 10
162 312 13
201 151 9
313 37 19
94 400 13
27 267 6
460 374 5
22 346 2
106 214 1
162 390 20
361 188 19
158 280 5
340 233 7
392 127 15
43 252 6
240 22 20
310 439 16
257 56 14
369 87 1
387 11 13
308 112 19
45 28 2
154 244 17
446 361 20
441 164 11
201 103 20
328 316 17
306 335 5
142 464 6
476 454 19
33 308 19
334 352 10
366 167 15
483 236 14
256 90 3
291 101 18
318 300 13
8 292 19
138 43 1
461 133 5
345 260 3
378 202 7
344 468 17
43 74 14
52 495 7
43 251 10
92 120 9
234 400 15
486 353 5
47 147 15
174 387 2
114 328 18
229 478 18
233 478 9
494 257 1
231 170 1
254 216 13
363 341 15
103 199 12
255 98 8
228 344 20
377 50 9
112 34 19
413 170 13
282 490 11
154 484 14
12 473 16
467 283 8
58 476 18
50 419 3
268 441 15
91 224 6
439 490 15
125 381 8
276 135 19
232 374 20
185 411 10
102 232 18
313 54 5
1 253 16
171 138 15
491 119 1
453 413 6
106 264 8
68 453 18
80 38 13
15 482 6
279 306 5
140 57 12
218 225 7
296 51 16
58 15 16
200 475 5
195 203 11
247 101 10
411 445 2
296 429 18
260 74 14
400 372 19
494 165 5
99 352 8
239 299 8
10 43 9
88 194 9
100 61 16
284 4 20
263 425 8
298 359 2
124 32 18
283 405 4
429 464 15
12 437 8
65 295 1
296 473 1
103 389 6
273 372 13
250 183 4
410 315 5
145 12 11
295 448 8
384 47 18
396 454 5
367 94 1
452 438 1
395 479 19
406 201 10
6 81 3
146 465 15
322 439 16
427 65 18
289 365 10
30 74 6
34 31 11
333 377 5
243 140 11
138 182 16
33 200 1
436 365 13
95 217 11
304 171 18
319 408 20
329 448 20
370 290 15
18 132 5
127 253 7
185 125 15
459 268 4
206 145 7
292 320 13
162 6 4
287 225 12
485 350 2
254 68 4
104 52 17
338 161 6
100 187 7
75 92 19
129 122 5
91 104 9
264 443 6
483 403 1
332 124 8
121 382 6
89 489 3
357 390 4
67 423 20
93 55 2
157 21 12
337 195 9
169 214 9
56 480 5
176 427 19
445 377 14
121 316 11
320 316 15
155 231 1
85 405 18
280 390 1
219 481 7
373 415 9
449 24 14
284 143 17
300 193 12
376 276 2
227 157 10
130 154 4
158 383 7
497 293 17
328 393 14
439 177 4
7 211 10
402 23 14
472 27 19
254 314 7
416 20 10
4 56 7
320 125 20
269 251 3
79 407 6
456 396 20
5 125 18
430 264 16
475 194 12
127 131 4
68 22 20
192 148 15
183 252 16
110 299 1
7 441 13
310 150 17
305 430 3
376 97 13
499 214 20
411 356 2
319 222 4
73 308 2
32 463 15
495 321 3
205 42 4
264 202 4
368 55 18
228 237 13
170 441 14
185 255 12
218 432 14
270 179 13
150 361 19
343 408 6
42 158 16
483 393 1
351 43 7
433 275 15
340 158 20
31 362 6
245 373 8
459 346 3
85 374 7
248 230 15
416 132 20
143 37 10
100 362 5
242 472 17
211 2 8
164 88 2
183 406 4
207 353 1
467 369 3
334 400 13
361 334 10
318 423 15
364 196 18
186 83 3
159 189 13
326 255 2
421 395 14
478 2 4
70 26 11
325 211 11
473 450 13
161 52 20
58 278 19
46 323 11
189 348 17
5 195 16
277 38 16
187 366 9
108 260 11
244 44 17
333 379 19
10 394 6
168 130 12
144 153 12
369 220 15
111 364 18
339 319 18
258 455 4
395 316 14
419 400 15
464 335 6
106 142 5
140 394 3
200 429 5
288 287 17
320 414 15
448 23 13
304 438 3
167 59 20
29 90 17
457 438 6
408 479 12
90 442 8
63 495 12
332 443 4
228 242 18
137 256 13
242 154 15
28 151 17
296 378 14
42 145 6
14 396 8
342 458 7
295 103 12
343 493 20
290 19 2
299 258 17
425 433 14
34 319 6
341 355 14
481 62 6
170 383 4
389 299 2
308 436 20
361 464 3
398 392 11
494 34 5
213 74 13
61 164 5
54 408 3
97 305 1
408 153 8
332 49 1
119 329 16
37 474 18
375 327 14
165 219 10
20 421 20
66 477 12
42 113 12
350 260 7
119 144 18
376 402 19
371 299 18
500 429 19
448 2 11
305 426 11
320 148 3
341 142 19
195 225 4
484 349 19
56 306 1
101 184 20
121 327 5
35 482 13
435 408 9
238 392 7
36 115 8
64 206 3
48 15 7
130 358 8
135 315 12
287 304 17
311 207 9
135 102 5
465 359 18
444 458 11
188 275 6
364 425 8
65 445 13
411 212 15
458 218 1
86 145 1
330 278 5
293 458 9
492 210 5
359 34 19
288 28 14
200 252 6
142 336 7
92 247 17
239 449 12
245 261 20
440 8 17
360 303 1
241 200 9
217 467 18
59 433 10
279 122 15
21 329 7
153 238 6
392 44 4
65 409 13
82 196 11
126 291 6
367 224 1
495 349 17
160 10 20
22 360 18
252 478 19
149 415 14
189 359 1
311 128 14
273 414 4
178 180 6
147 298 6
115 267 4
258 273 14
462 179 16
381 159 17
407 1 16
281 335 17
113 207 10
332 198 2
286 216 1
165 492 14
495 101 18
448 321 4
406 271 15
26 200 14
185 484 8
195 92 6
34 437 5
480 456 15
269 30 2
333 439 8
227 368 4
318 133 4
443 358 18
34 172 12
150 296 12
479 70 1
176 167 17
479 470 18
190 414 6
90 320 10
279 477 10
445 20 1
256 252 10
128 89 8
414 193 10
449 202 12
412 295 14
82 416 2
15 406 6
247 300 9
432 316 1
177 273 10
165 254 18
213 343 2
423 90 5
405 247 6
358 265 15
485 83 4
153 419 3
458 252 1
130 18 14
327 300 11
311 136 1
192 30 19
378 436 2
89 257 18
110 22 7
109 206 16
490 254 9
130 4 15
251 325 3
449 325 15
190 52 17
231 493 7
70 298 13
328 163 20
465 85 1
60 20 6
101 27 9
372 366 7
402 391 8
290 425 17
163 57 20
100 44 2
193 417 17
250 281 12
99 123 9
141 484 16
379 103 2
430 162 18
214 331 9
108 431 16
226 431 5
442 387 8
489 158 18
102 332 18
253 125 20
151 287 8
306 464 18
423 464 6
242 319 13
189 378 11
336 317 20
188 126 4
363 66 13
245 386 14
29 182 11
322 184 20
236 160 14
394 77 8
415 141 6
449 6 2
446 47 7
111 146 17
286 245 11
260 27 12
449 466 18
297 143 2
367 50 11
353 199 2
334 393 13
95 500 14
326 70 13
334 138 3
481 225 12
476 430 16
380 87 19
52 275 7
275 42 8
203 470 15
492 195 6
21 276 15
453 353 4
415 364 2
301 63 16
337 121 5
233 138 17
131 120 17
481 264 7
325 344 20
298 105 7
142 18 5
70 160 19
424 332 3
459 286 7
173 456 16
246 30 10
109 138 13
411 116 16
332 271 3
446 171 4
44 407 7
41 480 1
288 150 8
374 125 5
56 103 4
313 340 2
211 409 14
482 192 19
102 437 7
198 173 18
257 73 1
268 433 19
74 140 12
384 373 7
29 287 6
40 268 7
40 457 7
343 438 12
475 153 10
263 117 2
309 213 20
97 138 7
68 358 8
11 34 4
130 142 6
479 378 6
443 86 6
329 21 5
51 369 17
98 197 5
86 499 5
39 471 13
71 368 9
414 44 11
72 357 9
162 362 17
255 159 5
200 266 7
326 51 13
418 342 16
267 237 3
52 142 12
99 361 16
483 45 6
101 328 3
442 466 17
66 382 17
252 203 8
333 167 18
356 128 20
172 77 1
86 371 14
434 73 8
420 381 8
175 101 3
61 465 19
498 209 11
266 238 11
404 131 15
328 268 16
411 500 4
292 197 8
331 236 9
116 390 9
106 175 18
261 224 10
169 398 2
23 499 16
158 116 5
177 255 13
490 3 4
409 146 19
60 369 10
407 457 18
419 250 5
348 10 4
54 29 20
444 194 7
401 63 15
454 223 5
367 326 15
412 230 20
442 295 13
247 303 8
10 457 7
119 56 12
283 95 16
217 150 14
163 398 6
414 450 15
96 417 19
263 446 14
186 30 6
325 296 17
409 469 3
247 31 4
58 425 9
492 401 8
227 420 2
470 165 5
365 103 3
112 271 11
345 51 15
69 286 20
23 416 15
237 82 2
242 400 6
208 173 5
248 142 20
100 260 1
170 116 3
160 126 3
102 371 8
401 92 4
483 251 7
302 247 15
37 328 3
10 272 8
397 105 2
147 158 4
62 490 5
4 479 20
303 362 3
370 119 12
150 192 18
408 103 12
126 101 3
60 191 2
103 204 14
159 350 13
87 306 17
456 116 9
392 113 3
279 113 1
239 196 6
163 450 19
132 299 17
273 158 5
95 194 5
406 85 18
146 269 20
184 444 5
159 293 4
350 329 18
264 449 1
201 436 7
197 378 9
458 460 7
455 419 2
401 246 18
499 155 7
186 426 15
165 325 9
88 247 12
433 46 9
48 95 8
416 111 16
228 16 2
144 188 2
22 254 4
34 279 12
278 433 12
316 160 14
466 140 16
60 261 14
484 365 9
450 373 5
349 457 7
216 430 20
168 355 10
43 474 10
332 32 19
173 220 20
49 473 6
428 328 7
377 344 19
315 190 15
317 414 13
384 312 2
292 22 16
321 172 18
466 498 20
374 448 1
42 19 18
40 208 11
103 242 4
86 88 1
274 353 10
4 78 19
248 261 5
66 273 6
427 235 14
222 198 8
77 103 6
63 255 11
177 431 5
136 418 10
239 275 5
454 495 14
49 170 16
466 443 6
365 455 6
260 414 13
37 65 6
421 169 2
384 270 4
268 108 18
411 248 18
289 363 13
374 376 13
76 323 4
209 234 16
40 291 10
321 253 3
386 229 5
428 189 10
268 465 6
157 144 20
276 432 19
94 14 6
240 372 1
185 275 19
17 282 16
251 482 4
212 261 13
341 498 2
206 150 1
236 389 17
71 171 2
61 199 11
361 184 17
1 198 1
227 3 9
136 250 13
149 244 15
293 461 15
243 133 17
498 236 16
199 45 3
64 479 13
446 397 11
143 96 20
313 237 14
89 17 2
227 490 11
78 159 1
251 82 18
214 205 13
309 133 12
41 50 15
143 157 4
475 226 7
315 26 7
451 89 11
308 380 19
384 159 3
453 54 2
61 135 19
191 443 11
310 139 19
374 93 12
27 376 10
204 140 10
438 220 1
392 170 10
58 402 19
72 314 12
220 302 11
67 335 18
70 172 17
168 281 12
26 42 15
96 215 3
122 248 18
284 438 20
232 7 20
377 306 3
24 56 19
102 238 20
109 32 12
328 180 2
134 178 14
105 342 16
18 460 7
325 484 15
76 406 8
148 183 14
211 285 10
278 32 19
432 67 2
37 12 15
466 450 5
381 336 12
3 345 18
213 485 18
143 48 1
70 4 7
131 498 2
456 9 13
323 294 14
432 164 15
161 33 12
375 499 20
73 378 2
268 116 14
181 94 5
313 277 15
94 287 9
265 463 14
496 390 10
424 106 3
341 409 4
77 297 19
293 483 15
457 342 9
491 393 14
321 418 10
250 218 16
69 282 19
67 475 5
335 7 20
10 170 18
390 489 17
267 468 9
497 376 10
58 479 15
34 217 3
53 33 20
439 185 20
47 188 19
203 139 1
70 233 13
451 160 18
379 389 11
214 478 1
107 109 20
369 403 20
326 399 5
231 5 4
334 343 19
338 105 19
121 259 14
184 1 6
431 458 19
55 452 18
183 435 11
318 18 9
49 449 8
440 240 19
3 458 4
76 410 2
22 325 2
301 37 11
470 140 20
47 371 3
27 495 13
315 20 18
201 217 1
182 332 10
14 23 15
185 41 1
172 480 7
384 325 14
31 355 11
492 480 2
10 358 8
254 416 6
10 460 11
267 181 6
30 203 6
476 308 11
443 317 14
263 420 10
160 55 15
278 445 3
163 396 10
153 401 17
309 56 3
198 290 15
432 2 20
445 414 4
232 289 20
402 66 16
454 11 16
99 485 15
499 351 3
284 269 3
290 448 18
315 450 9
338 390 11
192 85 9
218 362 16
412 365 15
100 26 15
8 17 9
331 444 7
212 214 19
494 440 18
249 124 18
461 263 1
357 240 7
18 151 6
479 218 5
31 367 10
476 247 20
411 230 16
292 55 2
392 35 8
373 453 3
216 190 14
346 32 3
192 18 12
18 107 15
309 4 11
344 258 19
134 421 20
326 409 15
272 51 20
189 150 4
389 245 19
80 423 10
357 412 19
256 225 20
329 161 12
404 494 18
459 55 5
6 42 19
7 89 6
225 5 4
440 24 12
333 357 6
292 69 9
418 395 14
196 257 19
241 217 4
79 194 15
269 242 6
99 126 13
86 380 17
488 324 19
453 302 11
185 119 5
192 273 1
91 161 1
87 114 18
333 108 15
211 218 1
183 496 2
478 209 16
89 205 8
43 157 8
20 114 9
236 82 18
325 261 6
409 372 6
99 216 12
363 110 14
324 384 16
107 361 10
114 49 10
434 114 20
313 81 3
326 170 6
266 324 3
50 309 13
382 243 3
130 259 8
428 352 12
496 36 12
418 499 9
175 469 20
118 402 5
294 42 12
7 167 12
282 95 3
477 417 11
40 89 14
270 218 7
362 438 5
20 319 15
173 95 12
110 320 20
246 178 2
465 383 3
33 462 14
203 368 14
474 380 19
173 341 12
81 58 13
363 500 20
410 56 19
427 368 18
431 405 12
405 436 16
276 348 18
466 419 4
235 395 5
1 334 9
312 297 16
398 388 6
184 267 1
48 184 10
203 83 20
487 173 11
199 135 3
390 486 16
7 404 3
63 292 7
448 22 19
466 205 4
81 106 4
146 108 1
22 58 14
202 290 7
28 493 10
269 1 6
71 257 20
299 23 17
109 403 16
230 448 9
77 75 20
452 481 14
357 437 9
294 69 17
489 324 15
235 406 14
342 108 17
101 396 5
198 127 6
82 340 16
397 35 18
191 111 19
141 263 14
485 239 10
15 94 16
392 197 11
194 25 8
260 295 18
293 448 7
375 270 5
218 331 12
227 214 9
441 155 14
48 371 19
57 307 8
236 500 12
13 350 18
381 288 20
83 458 11
373 88 14
114 19 17
497 266 14
427 175 5
446 110 6
180 168 2
28 153 9
130 275 17
496 352 14
396 88 15
80 84 13
103 482 14
28 25 11
339 362 7
459 194 13
94 381 12
115 98 16
359 76 4
100 434 15
11 332 10
30 40 18
361 369 16
40 31 3
160 494 17
337 265 12
393 437 14
335 443 3
89 222 1
478 177 10
80 443 3
310 486 17
258 495 10
296 125 11
309 400 2
85 193 2
339 284 18
235 202 4
217 75 7
438 170 3
148 423 4
388 192 19
437 492 13
415 119 18
59 179 10
478 248 18
468 271 11
269 457 20
438 236 9
129 289 5
73 291 7
459 298 2
395 199 11
142 327 9
181 230 4
456 23 8
127 75 14
461 344 20
83 192 5
41 55 4
424 279 4
12 285 8
299 451 2
131 25 16
212 274 18
340 402 8
127 485 9
279 202 11
401 128 19
288 445 1
66 236 2
245 499 10
443 110 2
226 451 18
25 16 16
34 228 12
145 162 11
426 166 13
176 69 14
27 415 4
171 139 13
417 109 8
493 255 15
394 424 18
324 220 20
401 295 13
338 148 16
207 227 19
9 329 18
130 477 15
421 419 9
469 165 3
14 41 16
228 319 20
352 465 15
226 6 14
376 267 13
215 244 3
380 29 7
79 415 5
471 269 18
178 40 6
466 271 16
164 97 16
395 206 18
468 169 12
234 309 20
268 97 19
26 119 8
214 493 11
454 386 6
56 112 14
13 123 17
147 497 4
224 335 16
445 329 12
288 405 13
158 22 3
263 307 16
272 165 14
447 101 4
108 277 1
167 106 5
321 450 3
407 112 14
213 211 11
276 383 12
446 339 20
498 47 11
462 57 19
220 14 1
497 403 16
353 273 6
485 371 3
94 304 10
36 153 2
345 104 1
189 8 17
294 47 7
429 162 10
355 388 3
412 250 17
457 161 8
497 349 20
37 157 13
50 307 18
161 478 18
176 66 17
268 37 16
73 157 13
421 208 18
113 407 12
189 31 6
249 57 8
483 16 18
102 71 10
428 467 1
352 253 8
448 149 6
320 455 3
70 365 18
285 247 7
408 491 18
437 355 7
361 466 5
158 96 9
75 156 20
178 278 5
246 196 11
139 341 6
9 35 5
215 194 9
111 328 8
194 328 3
91 379 15
217 490 15
350 462 8
396 277 16
461 123 13
374 350 18
386 333 10
200 178 9
405 50 3
165 377 12
373 275 12
400 228 11
415 56 14
196 97 18
363 290 5
328 278 15
182 116 8
154 250 4
208 302 18
34 355 14
378 449 3
330 320 13
200 455 4
406 479 13
36 410 15
220 480 20
351 242 11
119 336 17
84 145 18
459 387 5
439 388 12
311 117 3
191 107 1
321 311 3
121 67 3
352 256 16
489 332 6
485 161 19
321 163 10
125 133 7
144 470 15
211 164 15
239 6 8
366 395 9
182 334 14
369 418 3
55 374 14
457 265 11
154 126 12
494 31 18
469 58 9
241 155 17
455 42 4
11 427 7
215 234 3
479 496 19
366 313 14
39 498 2
109 493 2
443 296 15
488 109 20
9 69 4
125 361 9
466 490 9
4 375 18
190 285 15
337 437 19
372 202 9
229 224 17
204 302 6
421 229 5
373 462 2
177 322 5
495 464 12
88 197 12
369 71 15
300 270 9
153 275 13
2 340 13
314 64 8
5 282 8
256 221 16
331 137 4
323 143 4
447 243 1
119 413 9
391 333 11
417 20 1
53 95 18
182 417 18
197 89 1
263 183 19
78 306 11
145 409 16
386 327 4
196 34 6
458 174 17
451 342 16
499 18 18
187 111 3
37 400 12
377 133 6
211 129 7
66 93 1
413 391 15
108 111 12
420 267 18
216 256 15
195 350 17
272 470 20
73 95 7
249 454 3
34 203 12
65 95 2
327 148 20
446 42 16
240 200 1
253 349 13
368 435 4
479 84 16
180 470 14
39 211 13
39 83 7
188 117 2
415 5 18
211 321 13
268 5 19
315 17 19
397 21 18
66 349 10
202 365 3
467 5 17
417 398 15
143 486 5
282 191 4
496 435 16
79 153 14
378 395 2
242 60 16
328 231 14
418 365 6
53 227 16
212 47 18
429 175 4
498 372 1
17 102 1
138 74 3
489 261 12
203 14 6
116 37 3
474 295 3
483 356 7
223 201 20
431 211 2
295 288 12
287 66 7
184 270 20
207 316 8
157 369 7
149 485 11
77 396 2
56 455 20
490 96 6
380 214 4
282 447 17
278 362 4
294 421 6
48 7 16
73 62 12
431 449 11
95 216 4
66 121 6
193 301 6
179 460 9
253 49 9
102 324 1
186 328 16
255 189 19
279 142 13
457 421 1
469 415 8
295 458 5
104 235 5
42 148 14
141 422 8
253 248 13
402 386 6
12 191 19
111 315 15
347 79 10
105 328 12
250 483 12
209 470 3
231 388 7
311 431 1
274 416 18
284 336 20
393 54 6
262 397 19
156 342 16
230 298 5
279 46 4
288 226 1
4 118 10
407 8 13
289 277 13
426 371 6
83 451 10
352 443 19
187 264 19
230 223 17
267 113 18
242 362 18
277 239 15
427 461 2
385 286 15
154 265 18
55 470 3
282 231 19
304 380 17
485 148 8
119 438 1
17 182 7
282 14 19
88 46 11
164 415 5
367 123 18
154 226 6
320 108 12
75 417 8
263 349 10
166 208 20
466 53 2
363 425 20
236 207 12
213 454 15
104 464 19
158 152 15
151 14 6
342 390 12
251 223 10
486 196 3
137 105 4
359 300 12
412 139 12
365 219 16
367 471 15
233 111 14
469 8 14
288 8 11
142 44 1
224 205 9
233 16 6
20 249 7
499 479 8
228 358 8
32 497 16
69 36 14
301 331 15
273 145 20
448 246 3
151 165 16
287 400 12
387 341 5
178 28 10
286 139 12
173 223 15
72 362 8
354 115 9
258 20 13
11 162 8
273 412 8
357 139 13
229 83 5
94 110 18
421 200 5
125 452 7
271 335 1
56 363 6
176 80 15
98 49 20
9 207 16
442 365 15
280 170 6
222 494 11
407 216 12
460 41 13
73 352 14
223 335 12
291 212 15
178 242 15
25 138 11
361 250 9
30 393 2
319 188 12
144 332 15
19 387 19
18 79 18
223 157 7
88 411 19
466 487 13
330 324 4
32 472 7
484 254 12
475 445 9
383 350 13
430 138 12
123 85 6
115 24 16
266 473 9
73 362 3
112 25 3
315 483 19
201 312 20
336 117 9
345 30 1
28 209 1
69 9 6
465 144 6
342 55 15
277 252 1
298 47 4
27 13 14
230 348 2
287 22 8
369 309 7
137 205 12
353 133 10
417 344 8
204 250 2
387 121 1
261 284 7
210 108 9
482 386 1
286 240 11
424 454 18
86 215 11
162 233 15
202 15 17
143 374 19
366 189 2
11 371 13
50 91 17
377 106 4
85 167 3
335 192 10
471 333 6
429 439 7
50 4 1
134 57 4
33 26 1
364 339 6
459 184 8
380 249 13
129 447 19
290 364 15
76 446 6
256 491 3
297 370 20
82 452 15
456 140 5
177 278 3
86 453 11
145 321 18
379 474 2
96 59 16
482 59 1
423 256 20
81 163 18
24 363 5
482 466 3
15 154 8
187 370 20
325 174 6
376 296 15
392 203 8
81 316 4
149 7 12
228 1 4
345 315 8
466 180 6
447 492 1
436 159 14
400 381 11
9 340 20
295 280 8
40 415 14
131 305 9
318 214 4
300 89 20
425 151 4
143 463 12
138 196 9
48 41 19
378 360 5
418 458 11
485 91 18
339 185 20
458 122 5
272 57 10
252 20 14
209 238 7
113 500 14
78 276 3
101 349 1
119 106 17
92 348 12
291 118 19
246 8 6
370 167 16
290 212 8
476 474 15
132 119 2
212 278 15
40 148 5
354 466 10
226 236 16
375 67 16
111 208 12
147 217 19
337 24 8
459 246 7
2 278 4
273 259 20
493 350 3
118 235 2
376 209 14
84 309 6
495 105 17
7 382 14
225 160 20
331 102 6
266 374 20
371 383 5
364 22 3
315 214 15
486 30 3
478 356 10
304 419 7
127 200 20
18 80 11
129 46 4
397 309 3
340 323 1
32 282 4
80 118 1
9 255 8
144 100 10
495 498 2
21 152 12
390 471 6
231 321 3
114 470 13
211 353 9
206 279 6
34 212 10
416 117 2
441 203 10
294 118 14
161 283 14
350 185 5
479 421 18
127 154 17
425 295 20
18 371 3
256 275 19
339 70 6
248 149 3
368 298 13
401 392 15
477 13 6
411 456 4
119 485 5
420 488 15
339 459 18
30 255 13
124 331 5
493 420 3
405 189 6
88 286 10
171 12 4
89 131 15
89 474 18
51 82 19
344 319 14
378 21 9
395 80 12
361 304 15
140 484 4
204 496 2
30 62 15
476 260 18
341 96 5
112 401 6
219 180 8
420 295 17
196 405 11
306 317 1
324 28 15
202 74 8
482 78 20
240 31 16
434 63 11
262 84 13
143 226 18
478 281 11
457 299 14
344 392 19
177 108 19
382 303 2
78 145 2
267 475 14
147 434 11
177 359 6
206 183 2
375 201 19
140 42 6
479 324 19
171 18 13
448 397 14
161 434 2
223 40 12
209 38 18
495 180 3
313 136 4
133 314 18
308 37 18
209 240 15
13 68 2
311 348 10
80 340 13
75 305 5
355 287 13
286 259 12
6 323 11
100 48 8
469 184 3
255 330 10
67 197 15
267 404 14
346 61 10
272 168 15
76 392 4
484 342 20
414 91 18
234 118 12
88 451 9
305 137 1
364 380 20
356 291 13
411 318 13
119 99 4
153 482 6
81 245 7
445 54 1
413 15 19
44 491 10
398 170 3
405 289 2
186 372 8
86 252 10
232 235 1
485 110 2
265 59 17
392 17 3
34 438 6
60 466 16
468 80 14
187 395 10
14 11 10
469 118 16
254 96 19
413 330 10
211 358 9
179 305 7
183 185 15
82 341 5
110 282 9
335 44 7
283 217 13
18 267 20
252 240 16
351 304 2
88 342 13
297 220 10
364 242 19
59 7 14
285 397 6
437 321 8
78 256 13
382 153 12
166 263 13
263 467 12
289 220 17
133 171 7
58 69 9
291 484 9
482 319 17
120 408 2
136 413 18
298 307 17
262 51 17
148 108 17
148 136 10
159 327 1
217 398 14
347 62 19
73 173 18
363 470 10
468 241 20
181 71 1
324 341 16
77 64 10
347 486 5
434 271 8
160 121 19
34 17 7
221 427 16
231 215 7
255 43 3
268 29 1
253 283 5
148 386 4
10 49 6
463 174 3
123 12 5
477 22 3
414 30 15
162 383 6
265 98 9
372 250 1
174 321 1
341 271 20
358 113 4
273 29 19
454 198 10
230 257 19
79 149 9
220 499 9
137 152 7
201 228 13
374 70 20
90 493 19
387 310 7
437 149 6
67 491 6
314 158 1
131 97 20
41 105 10
428 285 16
244 489 9
292 209 12
489 108 2
336 246 8
398 384 5
366 151 17
189 130 14
368 487 10
170 224 2
55 426 19
37 368 20
481 341 5
71 252 13
160 16 10
372 19 2
52 316 1
81 191 2
326 405 3
351 479 4
338 289 17
484 13 4
147 369 2
444 342 8
387 197 4
421 89 14
499 387 3
496 365 19
295 271 10
359 42 7
494 432 15
271 261 19
463 184 2
377 5 10
499 385 1
493 195 20
75 405 15
72 315 3
291 368 2
143 137 4
87 231 5
191 80 13
412 187 14
114 439 17
287 103 1
280 209 2
204 389 10
400 302 11
395 37 17
340 267 6
257 388 8
110 212 11
370 58 16
418 198 10
229 398 17
43 195 16
160 100 11
489 252 1
365 26 14
371 467 17
491 175 1
214 298 5
467 186 15
136 130 15
361 335 20
195 253 12
136 271 17
101 310 9
112 304 7
303 271 4
258 305 8
58 11 15
94 423 13
399 258 2
236 41 13
386 68 16
28 446 13
262 145 9
304 489 3
279 278 16
165 108 20
389 167 16
384 308 11
230 489 1
316 325 19
35 439 18
165 21 19
251 352 19
277 356 1
415 437 8
168 206 13
186 71 5
254 81 17
240 152 2
298 98 5
76 1 4
235 394 14
376 489 13
250 132 3
344 209 14
140 17 17
60 370 17
328 89 7
83 358 1
381 385 13
376 205 3
186 215 14
142 281 19
385 187 10
191 352 7
98 442 10
43 70 18
219 387 20
305 254 4
469 147 15
466 120 6
172 33 20
175 139 15
241 484 5
217 107 15
438 399 17
408 383 9
384 395 13
210 496 3
279 15 18
187 53 2
197 490 1
4 392 16
72 195 10
268 68 5
2 235 11
437 72 1
426 59 5
207 9 10
130 276 11
499 394 20
115 14 14
73 3 12
34 352 20
304 470 16
65 24 2
78 165 13
368 56 18
33 292 11
7 180 15
98 478 1
59 75 1
361 90 14
468 193 16
416 106 6
323 98 7
95 463 6
25 227 2
60 189 2
91 426 1
478 24 8
237 60 19
42 398 3
394 490 20
496 117 9
315 393 10
390 267 12
113 344 7
399 221 6
140 33 15
34 169 20
401 152 10
467 230 20
158 484 20
122 6 11
154 444 10
234 405 15
409 321 11
55 279 6
59 337 4
420 333 11
296 68 1
168 213 12
346 495 9
214 124 11
395 202 1
225 494 16
218 241 9
243 367 6
420 18 9
403 35 11
53 438 15
496 48 2
467 123 7
187 128 9
341 123 10
94 124 2
424 292 12
414 70 5
71 363 9
285 92 12
93 100 4
251 9 11
487 260 5
134 475 3
207 290 8
29 314 20
395 98 6
338 328 11
39 164 12
384 390 15
267 290 13
464 82 16
289 400 1
188 438 3
10 295 20
432 207 11
13 483 5
306 223 18
44 179 19
238 264 9
115 414 17
268 500 18
375 284 9
245 428 4
213 321 4
476 267 16
24 249 13
229 147 14
78 257 1
460 318 1
101 390 12
457 70 18
90 237 6
265 13 16
324 15 12
349 316 20
248 495 9
378 462 14
267 250 5
144 303 18
470 351 5
401 374 16
409 247 3
196 353 13
319 228 19
125 378 14
146 491 16
384 195 14
44 373 7
350 47 6
128 224 4
28 138 1
328 323 15
141 99 5
114 338 3
121 253 9
353 249 14
424 366 15
246 42 18
458 353 8
190 103 8
166 415 14
99 195 19
24 253 14
44 290 8
39 188 3
105 297 10
157 189 6
206 313 20
102 298 12
494 123 20
251 154 15
270 257 11
356 240 12
145 468 2
297 213 17
5 264 17
248 157 3
254 488 19
250 190 5
409 232 8
304 227 15
216 339 2
56 487 3
32 286 20
364 170 18
14 184 12
435 10 3
50 204 18
406 183 17
22 78 13
452 90 10
117 257 3
239 384 10
250 68 13
474 389 15
23 382 18
31 373 18
254 31 11
391 305 1
276 481 13
402 205 6
372 292 8
135 419 5
417 8 13
261 104 15
412 148 16
16 269 7
294 91 18
127 112 11
245 483 14
185 106 10
29 458 4
166 392 6
357 84 6
140 334 17
312 118 4
75 175 8
11 308 14
217 286 1
217 47 6
26 118 19
21 469 14
293 351 18
179 60 12
345 146 4
53 156 13
98 369 15
285 232 15
488 269 9
206 191 14
299 118 7
184 463 3
371 164 10
475 52 1
257 233 15
69 467 11
65 378 20
63 243 15
495 230 16
105 262 18
404 31 6
144 115 15
261 338 5
161 476 2
115 350 6
429 151 17
430 27 12
315 51 2
102 223 4
249 75 13
487 456 20
425 236 1
410 151 11
325 33 17
14 297 11
497 310 4
326 499 13
279 47 15
300 236 10
282 403 12
359 35 6
386 493 19
425 123 8
482 426 20
24 369 11
450 257 10
242 95 16
488 499 2
266 239 8
118 72 18
173 484 19
82 122 12
191 113 16
497 320 19
362 222 8
39 108 13
484 137 11
250 195 1
333 267 20
80 86 12
357 498 19
418 284 17
326 83 6
407 403 8
12 462 18
437 387 16
109 482 7
336 76 19
100 396 6
123 349 10
349 31 5
29 359 9
55 172 7
258 207 14
440 143 4
92 221 3
413 114 19
193 97 15
108 318 10
215 421 16
287 336 11
263 197 17
427 277 20
134 358 2
410 301 11
143 75 10
115 425 1
437 52 17
275 189 19
49 67 8
93 308 4
414 477 20
66 410 1
59 288 19
134 139 2
317 262 8
343 405 15
46 491 10
37 45 14
62 126 6
212 189 18
199 178 12
457 374 20
139 405 2
225 69 1
460 351 17
316 114 12
230 105 6
277 23 7
386 371 14
336 499 12
28 463 19
81 361 8
178 282 17
82 161 14
350 213 9
280 336 12
463 80 5
420 114 19
308 324 18
316 135 17
57 353 12
389 94 8
317 291 9
327 308 10
2 258 10
214 360 4
234 338 18
412 459 16
322 465 7
430 100 15
109 280 14
438 42 7
494 77 11
15 385 13
301 116 12
268 400 9
421 19 15
481 495 1
300 55 9
215 53 12
254 225 18
293 359 9
93 372 15
71 74 13
328 233 12
400 304 9
88 394 15
195 118 8
59 21 1
423 53 6
430 126 1
163 467 3
459 481 12
156 322 5
21 15 16
155 283 3
482 193 1
104 386 3
279 425 18
91 48 17
394 70 9
337 485 7
380 374 19
37 372 7
338 146 13
108 4 13
363 196 14
458 60 7
54 46 10
300 316 12
250 488 3
192 63 19
59 494 14
302 436 14
348 72 13
406 15 12
339 291 10
265 216 13
46 296 14
417 488 20
266 250 19
104 153 8
177 357 1
142 27 2
495 232 1
251 476 7
311 465 18
7 217 2
10 314 6
142 141 7
146 66 13
235 354 9
169 410 15
267 398 18
473 299 1
34 436 7
163 115 18
425 393 17
259 438 4
152 394 14
457 422 13
380 148 10
404 328 16
317 173 15
352 308 15
370 246 2
377 240 5
227 76 9
36 96 13
495 458 7
410 125 6
401 46 10
470 101 8
490 234 11
442 141 11
351 5 7
426 409 4
130 148 16
433 135 12
156 91 19
128 455 17
125 427 20
330 97 13
239 14 19
420 422 5
51 270 14
101 86 7
356 436 5
475 465 5
481 59 11
423 114 10
28 477 8
243 69 2
135 347 8
414 20 20
207 341 13
161 232 8
478 371 18
71 215 14
137 474 10
266 418 17
145 65 3
82 409 6
182 213 18
283 89 16
195 256 1
177 200 17
53 478 14
31 12 9
116 22 11
217 141 12
353 340 2
106 27 18
158 191 11
43 307 14
430 309 19
279 381 10
170 17 20
79 90 4
7 290 9
254 464 19
324 337 18
351 450 13
106 51 19
108 130 10
291 367 9
60 473 15
443 148 5
124 227 10
201 234 18
424 93 18
53 97 12
373 479 2
156 189 16
407 59 18
159 273 20
86 69 2
11 361 14
425 428 18
26 347 15
195 21 7
282 271 1
444 311 14
403 212 18
402 257 20
376 389 17
129 388 5
263 288 9
473 313 9
148 80 9
251 179 6
224 235 18
123 32 18
264 465 8
84 144 5
297 275 19
181 354 13
269 65 10
99 415 8
75 52 19
314 351 14
431 224 10
395 309 8
158 419 12
172 199 18
141 14 15
102 346 16
2 392 20
332 76 18
493 347 9
6 185 13
498 171 13
16 211 15
449 266 19
71 35 8
385 158 12
171 197 19
261 307 13
379 68 3
248 413 12
118 6 17
60 266 18
461 256 12
74 244 4
411 91 7
1 272 18
187 426 12
454 449 15
262 81 12
237 461 9
207 95 2
348 17 10
94 230 5
254 13 17
195 347 12
486 270 18
49 319 4
393 229 11
116 31 18
418 30 4
414 6 10
84 409 7
236 333 8
358 48 10
423 176 19
189 116 14
297 231 7
154 324 19
462 287 2
251 106 12
462 31 5
159 302 6
337 436 10
365 435 12
370 332 19
431 127 6
317 138 14
384 130 19
132 188 19
164 250 18
492 429 1
294 269 10
126 121 12
444 364 7
102 301 20
54 23 11
374 324 5
402 372 11
109 90 5
77 362 3
141 220 18
213 198 12
71 160 2
500 471 16
29 170 13
221 49 7
218 7 6
71 332 3
454 334 11
156 414 7
332 220 1
458 414 9
372 184 19
363 268 6
365 486 15
259 131 16
416 470 6
167 467 4
471 461 6
303 23 14
324 457 14
233 411 2
1 61 9
183 204 20
129 194 3
453 201 9
128 232 6
201 499 17
451 404 20
129 441 13
275 477 4
259 387 15
267 91 2
249 382 13
272 407 18
397 399 11
247 70 20
409 408 8
96 282 3
168 362 9
363 184 17
46 190 20
202 141 8
51 207 3
168 496 7
112 359 2
78 104 15
328 9 3
403 257 17
461 196 7
477 48 5
371 449 9
149 137 7
257 268 1
414 330 12
87 97 14
304 116 9
16 183 18
252 432 5
216 402 2
367 225 19
75 153 17
459 439 13
6 58 14
59 215 15
453 209 4
40 472 8
357 300 17
297 356 9
95 160 2
244 364 6
425 234 1
157 138 4
188 489 14
203 345 19
319 70 2
12 478 3
344 425 18
254 87 19
101 62 18
274 439 8
385 408 20
107 183 18
137 33 16
324 17 19
154 76 9
200 305 10
145 57 2
266 23 2
374 95 3
15 232 16
267 90 11
47 56 15
140 409 8
448 304 11
11 168 2
189 332 8
47 117 12
126 487 3
319 54 13
309 148 18
385 442 20
9 193 15
122 90 9
171 136 10
108 390 3
174 191 8
24 199 15
185 68 5
451 218 19
295 28 18
491 300 19
105 113 11
451 210 11
396 372 18
397 75 14
279 111 12
24 105 13
18 320 5
178 420 3
258 311 6
304 484 5
191 242 18
1 226 19
223 187 9
326 197 3
216 182 13
492 330 14
167 30 8
110 395 8
355 496 17
250 186 1
212 359 17
406 465 15
323 306 15
143 53 10
379 321 4
75 173 19
383 429 7
425 454 2
274 124 17
437 124 14
270 276 14
308 414 3
195 460 3
177 41 12
280 481 7
491 50 1
400 96 17
21 428 2
175 413 2
339 474 4
239 31 20
385 227 15
411 288 20
53 85 6
301 100 17
109 7 1
382 304 15
222 477 1
485 421 4
309 314 18
210 78 16
89 162 13
339 74 17
82 76 17
234 10 20
50 66 1
317 184 6
157 140 4
416 230 15
42 479 1
4 243 8
347 222 7
271 127 16
223 363 17
176 14 18
229 27 11
194 263 12
457 401 9
173 386 1
26 339 13
455 93 8
308 479 11
65 290 4
163 217 19
356 57 7
129 203 6
381 377 6
432 224 6
257 90 1
240 278 3
421 394 5
392 413 1
62 132 16
303 68 16
485 306 13
468 225 12
176 295 2
16 94 14
211 280 19
420 129 20
373 171 18
468 103 3
296 273 7
248 384 8
66 278 11
146 450 10
58 184 5
158 458 16
182 126 10
123 316 4
371 366 10
140 418 13
133 94 6
359 304 16
294 469 12
423 393 6
241 489 20
483 12 18
364 136 11
16 38 2
395 46 9
210 128 11
289 434 13
52 443 20
434 65 3
118 342 8
416 294 14
264 46 10
440 376 11
401 471 4
86 45 4
77 413 3
490 61 14
379 162 15
470 161 20
48 410 15
154 162 15
143 122 5
462 199 14
54 143 20
167 435 4
16 41 16
307 351 9
460 49 1
408 209 10
29 398 3
108 222 13
129 34 10
157 183 16
109 73 4
118 85 11
377 127 19
146 61 17
156 434 17
294 36 15
181 233 19
429 301 8
22 256 15
297 187 9
465 118 9
338 193 16
362 317 18
478 112 4
312 492 18
474 476 3
274 308 15
97 35 5
85 154 7
460 147 5
479 338 14
127 243 10
117 146 10
209 418 14
147 254 10
411 372 11
309 481 4
335 308 4
88 29 7
46 483 1
3 380 14
265 400 2
431 69 17
20 149 13
185 422 1
374 342 6
45 145 5
297 415 20
448 240 10
374 236 7
180 217 3
162 199 9
205 438 2
324 447 5
25 156 6
145 236 14
82 292 4
265 93 9
496 182 17
69 141 11
490 231 9
132 409 19
35 230 9
397 201 13
203 272 8
160 275 2
53 335 3
452 60 6
354 346 20
484 157 16
486 247 1
70 455 8
347 196 1
189 486 15
108 378 14
48 415 11
490 38 10
418 217 20
307 476 19
253 457 2
139 420 18
379 375 5
180 315 10
435 76 14
449 422 7
185 33 15
217 329 10
363 187 17
470 492 13
146 87 3
45 472 8
140 315 2
426 477 13
394 300 20
58 115 19
343 391 8
170 312 12
495 456 15
497 263 7
82 265 18
230 269 13
192 168 4
460 218 17
91 12 2
372 263 14
354 446 18
425 56 8
36 140 10
421 251 7
157 53 3
283 329 13
246 35 16
220 233 1
482 450 7
139 74 15
405 341 8
226 398 11
2 56 14
484 82 8
67 459 15
7 140 12
49 182 3
381 86 15
445 428 4
352 159 18
303 107 13
268 248 13
347 187 11
246 446 11
408 135 4
433 424 7
119 40 13
28 269 16
447 453 1
266 353 3
56 146 1
482 472 8
181 339 5
108 410 2
6 282 8
486 162 12
69 301 8
421 227 13
195 56 15
354 488 15
480 81 17
383 385 18
159 295 3
10 90 6
335 240 17
96 197 14
386 224 11
163 82 20
269 301 5
165 55 4
348 239 15
73 217 12
280 221 20
356 16 7
389 472 13
366 259 9
109 372 4
415 302 20
460 206 12
255 125 6
191 495 20
155 303 4
196 381 14
357 101 11
430 295 3
170 132 10
471 298 4
360 77 2
144 14 14
359 491 13
461 97 2
364 149 2
126 116 12
8 420 1
378 444 20
96 22 10
431 466 1
41 260 6
476 32 2
174 449 9
89 211 2
74 139 6
119 275 9
197 119 12
212 185 12
167 362 16
71 496 6
3 427 8
423 327 19
465 459 12
6 487 15
244 425 15
252 149 4
49 402 6
281 208 16
449 18 3
198 476 15
444 58 14
135 10 18
474 486 9
446 237 16
419 460 17
184 488 8
242 260 15
40 484 17
284 451 3
14 483 13
128 53 17
79 174 15
425 243 18
269 124 16
306 474 13
179 329 19
205 177 13
422 143 3
385 490 8
329 472 19
280 278 5
181 9 7
184 97 16
444 15 10
378 337 10
15 263 15
22 265 7
480 316 8
152 353 16
434 283 2
91 28 16
101 9 16
133 272 20
260 157 10
36 302 12
113 392 7
363 180 5
478 471 19
307 236 1
258 2 10
145 71 5
15 190 8
214 109 20
320 31 14
159 32 2
164 426 6
422 271 15
372 425 2
129 254 16
374 261 1
481 331 2
476 115 11
409 290 18
181 24 1
179 387 2
479 117 17
21 427 14
296 459 8
386 259 20
144 155 7
180 15 19
307 384 20
229 273 6
90 22 13
190 390 5
261 421 2
126 142 2
120 423 8
179 230 10
336 432 3
420 203 2
175 295 11
235 110 10
452 63 12
60 204 15
425 32 2
31 196 17
231 332 11
407 92 12
76 248 2
53 454 9
178 215 18
392 69 11
170 226 16
132 341 2
70 111 3
306 487 4
396 96 20
8 32 2
415 43 12
255 18 18
91 292 18
481 278 20
482 455 15
43 393 19
371 3 6
417 457 9
168 40 2
12 252 2
490 119 9
351 78 19
16 304 12
219 18 17
251 439 8
429 370 16
262 462 8
68 215 10
361 345 15
371 461 7
130 113 6
183 431 5
363 423 2
248 192 2
339 168 4
304 269 20
276 232 20
342 468 5
393 466 1
5 382 16
417 461 9
415 311 4
423 16 5
116 5 3
251 204 13
303 406 12
269 117 9
443 216 1
248 283 18
441 426 8
443 417 12
482 343 5
272 285 17
347 456 15
238 235 19
129 269 15
185 160 18
200 192 10
120 68 7
333 224 4
223 24 8
18 488 13
412 155 6
6 267 9
470 461 6
162 352 14
179 395 18
178 235 18
211 271 16
305 417 15
256 85 15
219 374 13
317 123 9
253 163 17
91 304 17
359 5 1
466 36 16
301 38 7
140 498 6
37 186 3
171 113 14
303 62 3
218 166 19
20 147 7
82 454 4
18 6 11
434 460 12
9 324 16
239 106 2
71 108 14
152 387 16
485 298 9
360 425 8
95 110 20
435 392 6
362 140 16
278 487 8
62 56 1
237 266 15
437 450 19
500 245 15
164 295 2
153 341 20
100 270 19
401 366 20
420 331 4
147 43 19
446 124 15
115 87 14
149 367 19
151 185 1
35 440 15
240 58 1
398 224 10
470 108 5
51 147 9
45 249 1
270 221 1
194 134 20
108 20 4
79 108 17
312 207 5
174 234 20
286 101 11
26 103 7
305 145 10
159 37 13
229 60 18
343 178 10
365 1 13
231 151 9
23 329 2
37 285 16
274 201 9
307 71 10
387 172 19
342 499 6
121 173 1
262 249 7
283 110 20
200 103 11
151 21 18
387 342 1
337 462 1
414 354 17
168 321 10
2 180 16
498 330 20
427 46 14
276 203 17
239 234 10
46 396 5
271 329 16
133 90 4
240 244 17
474 347 11
8 133 11
104 255 4
351 440 18
40 344 2
92 381 9
439 489 1
376 465 11
212 18 18
421 470 3
423 487 10
340 166 9
313 102 13
146 432 12
391 229 17
84 382 20
127 218 9
231 278 11
372 471 7
269 312 7
117 407 9
229 348 18
361 249 16
196 45 11
125 367 20
163 26 3
303 178 18
316 431 4
93 145 9
398 134 18
229 208 14
232 218 4
15 283 6
249 402 13
368 229 9
29 249 17
273 103 18
269 374 12
162 184 19
263 337 7
56 243 15
194 499 13
490 403 6
470 114 10
35 218 7
325 87 16
402 420 19
30 189 8
137 359 9
106 124 19
304 250 4
355 337 9
297 247 3
48 225 4
330 482 20
289 45 20
26 479 15
88 369 14
293 404 12
439 480 10
112 225 13
414 296 16
20 244 18
165 341 9
108 489 11
282 57 1
428 11 10
341 137 20
351 494 7
34 75 10
382 245 19
152 369 7
128 253 20
436 339 10
288 412 12
309 289 12
397 450 1
77 271 9
249 225 9
70 354 10
262 78 16
273 181 12
471 136 8
237 190 6
332 115 14
151 96 14
51 75 12
236 185 10
26 104 10
9 112 18
340 410 16
152 207 16
393 342 6
142 286 10
445 2 11
105 125 10
158 203 3
153 59 14
24 71 7
203 300 18
256 478 19
410 230 1
192 108 2
269 283 14
499 322 13
20 13 9
450 156 12
343 397 10
334 76 2
301 162 5
242 122 6
169 77 3
291 436 2
78 322 16
341 352 9
88 236 3
151 399 5
226 245 17
43 174 2
420 194 8
234 24 14
494 304 18
57 472 5
116 473 14
494 311 11
334 61 12
461 136 12
487 101 17
314 237 19
444 391 7
334 221 16
486 218 20
106 308 9
67 395 15
173 8 20
165 374 2
115 477 1
63 432 12
392 308 7
439 319 13
62 165 12
407 105 1
435 388 4
171 404 9
369 333 9
377 409 12
316 30 11
430 296 15
457 305 5
47 213 11
461 449 16
353 231 7
315 292 20
167 360 18
293 253 4
58 81 7
237 459 14
49 441 17
164 14 12
203 72 3
442 381 5
224 16 16
146 344 1
360 98 16
11 23 10
381 76 17
265 385 6
193 365 5
364 265 8
480 410 20
185 66 7
34 7 1
383 172 14
422 401 11
216 42 10
349 406 18
106 161 3
101 199 17
406 300 9
203 68 15
410 162 16
44 51 20
44 85 8
412 386 14
128 493 2
327 8 8
487 443 13
270 24 14
180 336 5
399 235 10
5 227 14
122 201 1
405 378 12
38 311 3
90 333 9
300 145 2
139 217 20
415 445 15
213 60 15
340 55 3
452 396 16
304 124 13
355 1 20
146 81 3
437 408 3
379 237 13
300 335 11
391 396 9
135 82 19
91 173 6
417 210 15
151 392 6
146 366 9
38 270 5
69 120 19
56 257 5
462 190 15
211 209 15
395 165 9
369 461 18
4 7 3
139 201 18
30 201 2
266 229 4
117 163 12
24 384 17
118 299 3
203 211 5
103 388 8
90 5 1
423 400 2
286 244 17
242 276 18
303 448 19
461 151 11
450 300 12
102 52 10
354 110 10
338 356 14
151 39 6
338 395 15
81 360 6
445 108 1
360 320 13
352 124 19
175 72 7
248 476 2
71 317 8
1 369 15
400 392 6
341 99 10
76 370 4
105 90 15
184 362 5
199 208 17
118 44 10
411 218 8
14 160 9
389 30 2
429 288 10
79 309 4
166 157 4
435 103 12
60 182 8
406 324 5
30 13 7
239 322 13
210 348 12
104 474 14
263 359 16
55 176 2
406 200 8
342 335 2
127 346 13
28 435 11
242 222 13
128 266 20
398 177 5
71 137 16
4 450 17
384 138 8
455 179 10
390 6 2
490 120 8
429 107 12
214 31 12
167 188 13
31 493 18
317 477 1
388 342 18
59 229 4
425 129 15
435 142 12
389 34 3
86 400 4
245 12 5
285 430 20
379 51 6
371 301 16
153 233 10
263 76 12
297 374 16
321 173 4
267 132 18
121 336 17
150 486 12
232 242 18
32 186 8
309 172 6
310 39 8
477 63 8
465 156 9
314 332 5
363 247 5
239 418 12
228 215 13
46 166 1
491 70 9
90 48 19
194 284 6
419 458 4
201 170 17
250 384 5
475 31 16
174 492 10
80 9 12
293 150 20
404 286 9
1 400 3
90 440 10
284 108 14
458 451 18
313 451 13
456 367 6
187 472 16
428 452 16
321 429 3
158 183 13
57 366 17
252 10 16
428 481 9
124 467 18
220 453 5
334 427 7
138 250 6
378 312 18
164 98 1
252 275 4
494 239 7
476 444 11
483 292 10
85 34 1
269 468 3
472 93 11
431 178 15
1 257 2
341 184 2
200 59 19
460 416 10
81 286 10
378 309 7
161 321 11
207 410 15
232 121 4
11 194 8
242 148 4
185 398 2
489 301 5
475 440 13
164 113 5
390 366 2
310 232 11
127 233 14
366 247 18
239 170 3
381 292 8
228 454 2
433 61 1
263 32 16
237 408 12
380 229 14
49 394 11
97 123 12
106 311 3
370 369 12
322 306 3
475 99 20
358 318 19
351 405 7
362 195 1
259 256 20
404 4 6
403 369 7
286 91 13
292 41 3
259 120 8
110 441 19
46 479 18
66 46 4
325 314 19
437 356 10
29 499 18
249 233 18
255 386 6
135 117 12
478 325 1
56 367 18
316 297 6
166 93 6
209 9 9
494 324 5
402 160 18
443 448 19
163 67 20
197 74 2
17 2 14
292 207 18
379 49 5
8 64 14
130 198 19
212 114 20
130 384 9
28 53 16
157 255 10
120 148 16
278 107 18
131 199 17
75 420 3
70 74 11
301 365 9
245 189 5
414 230 13
442 388 12
21 201 13
113 95 9
389 250 8
168 31 3
68 413 2
439 329 14
19 487 5
39 454 15
29 423 1
287 72 5
245 194 2
216 175 2
408 441 19
268 88 14
394 446 14
20 47 14
118 261 18
460 499 15
365 383 12
165 385 16
178 87 1
115 15 2
34 351 6
323 32 8
95 200 20
193 110 5
495 388 12
164 246 19
146 232 12
232 214 17
373 464 10
335 440 16
299 215 6
201 44 2
158 69 2
14 378 20
489 392 15
107 323 6
439 125 3
418 390 17
139 367 4
351 194 18
362 97 16
124 50 18
234 160 9
266 463 16
207 21 10
20 402 18
13 145 9
496 210 1
264 32 12
94 386 9
304 191 15
216 119 2
127 260 8
26 107 11
406 351 5
94 347 14
456 450 3
472 209 13
218 194 6
392 384 14
375 134 6
483 210 11
126 416 18
388 151 11
194 114 13
293 330 3
304 342 13
483 387 10
269 89 11
224 284 1
324 234 4
417 312 2
480 339 4
356 179 14
476 6 13
65 249 13
127 386 2
141 350 16
72 394 11
496 67 1
336 214 19
445 67 12
483 338 18
300 333 2
414 169 18
451 312 18
360 436 12
226 450 16
254 150 2
288 411 17
411 450 16
182 309 5
175 201 20
389 474 16
447 465 8
156 40 14
432 257 9
302 432 5
375 303 6
113 61 8
332 183 9
303 389 13
271 488 20
95 255 11
397 473 18
324 194 4
252 350 12
491 222 13
272 398 11
491 93 17
413 419 20
407 485 17
332 422 3
257 183 8
273 318 2
437 359 18
173 416 2
147 27 12
434 20 17
59 33 4
273 106 5
371 111 12
53 304 15
485 456 2
411 267 16
348 469 16
363 373 12
296 21 16
440 194 5
429 120 9
389 24 4
48 361 12
196 95 7
160 72 10
339 405 14
205 66 11
474 334 9
231 132 3
409 411 4
71 156 12
182 35 16
199 230 12
352 275 13
496 478 5
459 182 9
246 356 12
50 7 5
329 248 6
66 165 19
387 447 11
394 215 16
143 19 1
9 214 1
43 103 16
354 403 19
19 373 6
471 171 6
390 176 6
450 3 12
342 216 16
125 30 16
141 204 19
6 409 20
278 54 10
383 475 14
218 77 17
48 82 11
84 346 17
460 247 3
63 431 7
448 41 10
479 408 14
446 238 17
401 190 9
31 365 17
216 135 3
82 153 19
268 67 5
10 2 6
95 265 16
180 399 9
394 493 18
491 2 2
187 226 17
192 249 8
87 330 14
353 19 20
237 294 3
201 282 14
453 106 9
475 263 17
430 220 19
449 53 14
190 86 10
353 269 11
472 24 13
404 437 14
150 291 6
126 114 7
261 408 5
183 74 20
427 37 17
52 139 12
198 34 5
108 78 12
55 219 8
332 352 1
63 167 15
105 490 14
348 126 16
106 58 20
149 310 13
469 137 9
42 424 10
472 139 8
15 91 9
15 123 15
78 479 14
158 190 16
241 452 15
268 238 12
179 224 3
241 133 16
111 12 2
5 404 16
29 255 19
168 23 6
123 339 4
164 267 13
157 409 11
441 381 4
431 406 16
42 198 14
483 302 6
454 104 13
70 339 18
34 249 1
322 446 7
467 423 8
354 395 8
472 288 8
299 65 13
466 104 6
396 327 10
172 31 18
491 420 1
11 464 1
495 300 4
152 127 11
54 245 8
208 339 4
149 189 12
16 499 20
461 463 6
493 475 3
264 307 1
397 350 9
435 238 2
147 76 13
242 359 4
439 99 15
155 94 18
181 309 7
112 449 1
327 207 13
256 277 12
187 15 18
484 23 10
97 492 12
1 475 4
58 136 16
473 37 2
456 133 13
59 361 4
326 423 20
190 443 5
460 212 15
426 105 20
195 354 18
173 301 10
281 309 16
240 86 10
58 238 6
202 123 7
40 377 4
431 85 20
386 396 14
84 279 18
302 89 2
441 467 10
124 486 6
145 70 19
400 294 13
371 52 19
211 313 6
158 399 19
389 335 1
62 392 14
14 485 16
227 496 19
85 49 2
340 145 13
317 283 16
104 370 15
425 442 9
362 25 5
186 200 20
318 337 9
44 105 5
192 400 9
403 319 3
72 426 12
241 481 8
157 164 19
317 436 2
73 303 2
347 122 5
370 150 13
80 227 13
11 342 1
427 298 9
25 445 17
470 465 13
380 113 14
447 191 3
150 251 20
231 285 19
257 6 15
474 360 19
455 314 1
431 247 3
202 54 1
6 290 10
317 379 8
196 89 9
311 493 6
131 171 1
405 408 15
279 407 15
268 133 19
404 111 19
25 341 13
498 484 8
272 323 9
216 416 13
226 17 9
139 492 15
403 280 10
237 474 17
414 249 2
86 212 20
398 418 14
312 45 14
204 427 20
141 467 15
348 61 2
236 68 17
242 33 13
492 293 12
5 402 18
223 59 12
472 331 7
363 256 14
458 64 3
141 148 7
364 374 4
459 385 5
288 238 9
445 467 4
233 2 16
146 335 10
434 58 12
253 30 18
414 399 9
443 211 19
147 196 5
395 180 17
27 455 1
418 150 12
460 161 5
428 378 1
58 188 19
108 349 10
366 256 8
309 110 19
433 90 2
413 385 7
1 262 4
160 455 5
360 282 9
21 434 1
428 238 11
481 271 12
238 171 11
51 500 7
15 316 5
139 43 12
18 99 10
180 366 1
180 2 3
429 272 10
455 344 8
325 392 14
365 216 1
449 106 8
464 202 7
14 244 3
43 284 15
189 104 8
390 123 18
429 363 10
467 209 11
342 471 16
229 357 16
234 180 10
364 360 10
3 37 5
252 82 9
281 31 5
121 280 1
123 228 14
156 448 4
216 168 3
471 276 5
70 64 1
284 486 10
21 374 15
382 389 17
374 496 9
373 494 7
474 109 4
31 180 20
264 208 13
185 380 17
385 330 9
162 66 15
483 419 18
165 292 3
271 457 13
477 203 19
263 44 15
483 162 8
214 57 4
5 479 5
401 173 3
163 370 3
411 349 6
332 96 10
299 14 6
411 499 12
206 389 6
405 346 18
317 28 16
97 221 1
476 58 6
435 331 4
184 26 1
182 132 5
105 284 14
86 405 15
178 457 13
57 9 15
29 27 19
252 160 7
8 406 11
18 239 15
119 360 10
122 473 3
108 38 5
202 241 19
272 307 18
307 287 1
398 231 11
39 287 5
213 334 14
197 394 16
330 196 14
126 295 12
296 343 14
72 194 15
100 252 7
118 457 18
380 477 14
357 419 3
346 279 3
182 248 8
184 232 2
441 439 15
114 435 14
318 266 8
126 411 10
145 199 3
490 399 4
253 96 6
324 252 12
25 212 8
37 417 10
248 409 12
219 465 3
38 89 13
276 338 13
282 457 18
179 216 10
54 401 1
360 82 15
11 359 7
395 68 18
303 55 3
301 174 7
46 218 6
300 467 10
178 349 19
241 197 13
236 204 3
156 3 19
370 301 15
463 103 6
311 145 1
224 453 18
212 48 5
498 166 10
330 91 12
500 85 4
393 120 2
351 263 15
130 257 1
43 499 20
170 300 8
23 25 16
489 406 4
441 115 1
258 284 12
451 81 17
234 58 5
314 207 15
3 101 4
410 269 14
130 229 19
36 473 5
259 152 12
321 307 3
176 360 14
439 469 19
404 314 6
300 216 12
404 458 19
116 331 16
287 121 20
247 310 20
208 115 2
314 402 17
112 206 18
265 141 11
299 29 13
196 31 17
301 471 7
262 7 19
490 421 16
20 302 20
202 390 19
20 458 10
202 277 11
100 241 12
375 468 18
134 13 19
303 265 15
25 448 12
382 38 18
46 301 4
439 276 16
127 117 2
310 254 17
231 341 4
169 120 11
35 118 11
141 106 8
193 477 20
267 349 14
49 290 4
93 329 11
369 424 10
203 155 12
460 279 10
334 450 19
18 393 18
97 318 14
299 411 8
43 335 10
275 357 19
411 309 17
105 420 20
492 155 15
48 488 7
250 72 12
482 448 13
236 291 13
280 462 6
67 243 11
19 196 5
244 142 10
390 488 20
198 418 8
249 10 12
245 400 17
185 359 1
337 391 13
294 396 11
267 482 6
307 477 9
237 494 9
121 103 5
269 105 3
257 40 11
259 21 4
267 79 19
310 56 11
120 272 4
114 163 8
294 492 3
95 409 20
142 191 1
424 423 11
70 420 8
61 141 2
104 452 19
103 273 10
302 437 12
102 476 19
95 459 7
99 293 16
465 152 12
394 269 7
113 220 11
286 352 6
470 123 14
72 393 15
153 79 12
266 253 18
167 183 1
18 130 20
369 73 14
353 447 3
54 3 17
407 319 10
156 178 2
438 335 10
462 473 1
169 155 13
366 72 5
436 385 3
28 216 1
10 5 14
444 94 8
477 318 12
287 123 11
280 163 14
184 245 18
340 31 4
197 192 9
70 375 12
87 75 15
413 189 18
72 346 8
106 190 9
213 94 7
41 248 11
172 361 15
171 64 8
126 438 7
432 430 20
364 8 11
437 265 5
492 186 7
294 368 1
274 436 8
110 478 2
89 219 2
410 364 8
168 256 11
378 230 8
354 478 4
244 290 14
360 289 7
404 260 14
248 80 5
7 50 3
109 480 13
78 15 2
319 49 7
447 163 16
102 361 14
393 455 5
262 17 20
466 83 1
465 341 7
278 379 6
32 362 17
212 137 2
483 285 20
314 15 14
328 491 11
382 436 2
389 439 19
345 174 8
21 394 7
59 491 10
453 33 11
484 22 12
245 161 14
421 81 1
313 4 4
374 434 8
134 143 14
365 24 10
115 117 3
298 18 10
374 343 19
112 413 4
348 165 18
468 445 2
118 93 6
132 355 18
295 54 15
331 119 11
212 364 5
419 140 17
340 254 8
55 163 2
337 449 20
252 384 5
483 118 2
248 342 5
176 165 18
179 345 8
107 265 12
72 138 2
401 96 19
366 390 17
239 374 15
467 490 10
328 209 3
51 42 19
379 362 5
15 137 11
344 41 1
14 455 2
487 294 10
147 407 18
82 61 12
478 128 2
160 215 8
336 4 3
160 311 6
355 446 5
237 312 17
107 54 9
16 285 10
89 450 2
270 223 16
152 344 10
299 200 15
453 115 16
375 331 14
358 170 9
143 181 15
313 498 15
217 149 12
13 305 10
324 9 16
151 435 6
254 350 7
434 10 2
68 456 11
250 209 4
61 478 16
443 374 8
33 174 18
307 484 13
388 365 17
356 464 4
2 220 10
240 260 17
497 23 8
354 356 7
320 393 17
350 151 18
46 364 1
237 57 13
173 60 5
265 211 19
55 85 20
81 271 20
322 418 2
237 355 2
241 146 5
10 309 8
248 47 8
152 451 11
273 446 17
221 22 15
271 120 9
57 273 16
495 409 19
432 431 20
323 229 2
329 387 10
151 118 4
50 348 20
84 468 4
357 332 12
500 37 5
356 155 3
198 479 20
343 292 6
421 415 5
217 198 6
228 87 5
260 94 16
261 78 7
80 482 2
113 137 3
267 86 2
332 331 19
353 118 7
365 143 1
167 45 4
294 309 4
234 38 13
288 219 16
471 422 15
274 322 2
87 333 3
156 310 11
95 277 1
133 156 15
76 418 3
395 305 6
127 345 12
6 78 6
473 247 10
286 405 20
498 11 12
426 200 20
183 126 17
338 300 17
299 321 11
137 291 2
71 376 13
72 134 17
328 261 1
328 124 9
123 142 20
467 174 6
167 250 11
490 17 12
102 106 7
243 387 6
284 468 1
250 375 19
219 269 6
327 191 16
137 245 4
388 433 5
85 272 1
277 293 19
142 372 6
329 239 6
35 237 19
453 97 20
166 108 8
309 95 15
394 135 16
10 336 19
181 471 12
227 29 4
200 40 18
491 407 9
239 237 6
19 409 2
348 38 1
156 55 19
42 128 4
214 388 18
475 233 10
376 352 2
483 189 18
122 278 7
491 372 16
319 4 18
16 74 5
157 393 7
113 443 3
327 78 5
221 126 20
316 394 3
215 289 6
380 23 18
171 483 16
324 231 12
76 46 2
163 206 16
349 478 10
91 361 9
252 431 12
210 333 9
136 385 1
314 226 18
175 95 2
14 16 5
11 254 7
86 330 8
446 192 7
37 168 9
256 13 2
263 345 10
156 144 9
276 121 20
96 68 16
341 421 8
303 244 11
462 292 14
107 492 3
280 172 11
493 355 7
450 85 7
421 368 9
259 277 10
132 414 8
255 232 9
301 14 19
398 431 3
92 458 20
76 197 20
1 33 20
155 171 14
221 47 10
17 249 20
403 316 15
85 234 13
480 57 14
128 299 7
472 469 8
281 144 17
402 101 18
157 492 16
341 368 20
458 118 3
75 100 7
426 412 11
197 169 18
471 220 16
148 208 8
427 398 2
346 277 11
62 136 16
61 127 11
253 479 19
460 22 5
197 405 10
473 404 7
359 139 19
193 496 6
485 349 18
163 219 14
222 307 17
194 150 5
255 26 20
301 168 2
364 139 18
285 14 8
270 469 2
111 260 16
257 160 6
241 379 6
102 204 7
492 170 15
445 458 20
492 277 14
183 307 16
209 165 17
87 384 19
352 39 3
75 442 19
477 355 12
162 136 9
338 97 1
207 331 17
397 355 7
392 439 8
436 373 18
126 273 17
139 153 16
165 231 13
128 350 7
350 51 13
233 401 17
241 212 18
67 324 9
324 423 17
337 53 2
323 145 4
294 384 4
415 396 19
230 320 11
388 290 15
206 472 8
283 415 14
260 88 5
496 479 16
224 172 14
383 20 1
217 257 11
237 229 20
240 289 19
496 128 13
448 392 1
405 100 8
356 18 3
48 414 15
415 435 6
143 393 8
309 424 15
455 475 4
444 260 15
334 235 19
183 394 19
136 398 13
375 100 15
106 464 16
474 341 10
66 70 19
194 181 3
191 453 1
266 404 8
445 59 11
260 90 1
221 413 2
176 246 7
125 56 5
3 92 1
1 487 10
349 301 9
84 152 4
306 450 10
369 130 10
2 406 6
33 182 12
104 143 13
445 488 1
365 362 9
281 461 5
275 201 20
249 108 10
407 150 1
25 88 8
238 244 17
360 28 18
126 131 18
335 452 15
457 364 19
172 440 6
278 271 13
281 158 8
431 78 9
112 202 6
473 469 10
397 189 8
417 454 8
123 188 6
492 87 14
388 451 16
442 408 12
28 456 8
291 23 6
313 245 12
280 97 16
30 399 9
270 132 5
482 36 19
22 264 10
175 14 17
213 275 16
381 290 3
379 264 19
373 50 8
160 151 16
145 460 18
326 243 1
411 40 5
488 64 19
473 330 10
309 312 6
448 405 19
26 470 15
436 23 19
178 423 20
209 342 4
431 268 18
152 8 2
417 246 8
77 30 7
9 40 19
327 25 14
438 383 4
198 134 13
101 317 8
436 296 2
248 59 1
440 247 12
151 209 17
259 56 12
103 118 20
286 196 19
72 365 1
204 5 20
197 88 9
1 21 20
323 149 8
137 127 15
155 228 2
424 73 18
97 354 7
419 18 9
45 438 10
93 375 5
368 196 6
60 219 1
238 160 10
309 349 11
29 277 19
270 285 5
197 32 8
391 171 5
209 191 6
73 359 1
71 76 1
412 7 19
268 459 2
229 363 14
256 213 16
411 125 7
224 486 13
95 22 6
71 429 1
359 109 1
383 217 15
48 175 9
34 360 15
179 12 18
395 53 16
1 142 12
487 418 18
100 218 19
211 117 16
169 246 5
229 235 19
370 193 20
78 329 2
97 19 13
408 313 13
351 47 13
429 102 9
463 271 16
125 184 13
299 456 18
280 484 11
17 127 16
469 82 19
410 493 1
97 167 7
110 294 8
326 234 4
409 193 16
483 175 3
226 84 6
351 38 5
396 307 18
287 222 17
164 341 20
202 479 18
370 243 4
255 272 2
64 326 16
415 300 8
366 164 3
31 317 2
497 88 19
84 113 3
65 283 13
361 408 9
286 95 19
112 429 19
72 104 9
139 418 17
170 215 13
78 151 2
452 242 17
223 11 13
261 370 4
17 189 14
202 120 7
150 66 17
409 484 18
38 240 14
403 492 20
247 27 2
138 22 11
185 199 2
64 117 17
139 273 14
219 30 5
174 412 12
323 346 5
467 350 16
466 89 4
364 263 3
171 487 4
489 230 19
144 292 9
309 456 18
363 484 8
147 19 20
120 151 4
150 311 11
389 36 18
108 422 12
378 450 5
364 84 17
341 264 2
409 407 19
68 464 7
261 142 3
238 202 20
53 387 7
212 226 5
453 148 5
95 192 16
355 293 6
16 46 16
377 475 14
175 82 9
67 339 11
342 81 10
426 147 1
73 191 11
222 246 6
359 91 2
255 475 7
289 421 17
310 317 7
334 480 1
472 133 7
248 53 7
299 198 8
180 341 6
240 300 8
416 330 18
216 446 7
254 98 6
125 327 14
455 272 3
456 285 9
468 85 10
93 220 1
168 66 9
119 6 3
415 265 17
454 30 15
121 477 14
340 359 13
412 331 11
235 265 6
81 99 12
240 308 7
124 356 14
36 4 15
93 253 12
80 449 11
376 279 19
481 475 19
159 378 10
109 187 4
411 98 10
365 179 16
430 389 9
422 475 10
198 403 15
296 62 8
35 133 3
450 32 17
162 260 18
248 304 13
138 322 12
64 476 9
351 468 7
86 42 12
378 456 14
341 392 8
74 316 16
145 101 17
170 348 18
18 233 3
67 386 8
281 203 11
494 462 5
314 352 3
85 239 1
21 481 10
295 478 6
480 78 3
160 305 14
353 263 5
71 267 2
46 476 11
173 292 14
58 176 18
341 500 16
378 400 20
408 368 16
360 169 17
68 167 7
121 56 18
492 374 9
241 26 1
140 3 4
223 412 10
73 409 13
224 455 12
137 440 8
11 424 15
71 63 16
491 421 13
221 153 1
451 286 9
331 402 19
235 200 3
140 147 6
244 15 14
325 416 19
92 276 14
254 390 10
28 36 5
65 266 9
16 159 2
29 316 1
310 427 9
146 468 6
285 465 19
222 173 7
251 8 11
484 175 10
446 274 12
52 398 7
351 218 18
23 143 4
371 244 16
54 223 18
25 413 8
327 393 17
430 324 12
198 443 8
379 61 13
44 118 12
276 269 17
362 164 14
379 2 2
416 219 10
7 312 6
335 485 8
3 188 15
305 286 18
21 471 1
90 242 10
141 284 18
98 354 1
163 362 8
201 463 13
1 319 20
77 254 5
204 319 11
240 82 11
301 265 13
152 195 1
313 331 6
449 142 19
207 372 20
62 423 13
176 141 15
494 321 13
419 96 16
231 60 14
444 341 8
26 275 2
457 75 18
166 346 19
419 213 7
303 233 2
481 385 4
487 349 2
365 343 10
462 370 5
416 178 7
284 478 1
435 18 7
435 220 15
37 142 6
10 224 17
22 194 14
419 58 17
484 452 2
301 266 5
208 10 15
211 304 12
446 399 19
267 476 18
215 315 5
154 225 9
18 10 20
270 260 2
214 248 20
235 297 10
200 1 5
145 257 10
454 436 7
336 265 17
130 200 7
498 17 19
27 79 2
235 349 16
263 429 17
175 44 20
373 490 12
3 132 16
77 139 19
284 487 17
157 463 16
163 442 2
4 280 2
25 414 1
123 143 19
492 257 9
159 108 8
485 452 6
278 65 6
441 327 12
181 120 2
423 229 1
455 474 13
35 479 13
100 319 4
388 493 17
188 459 17
413 224 18
448 341 17
345 263 19
382 193 3
427 341 12
120 106 12
444 306 15
466 263 2
278 1 18
294 430 10
461 469 12
329 428 3
249 303 3
395 10 12
457 485 13
1 104 19
275 290 4
497 192 18
478 400 11
427 139 16
455 10 6
482 228 4
76 235 5
433 73 17
227 146 19
257 491 11
474 33 1
483 230 19
476 56 2
332 299 11
231 435 4
491 123 19
446 18 17
167 153 9
181 87 10
305 384 5
416 84 11
133 450 9
304 296 10
204 437 11
39 121 4
156 394 5
248 222 7
426 33 14
300 388 9
188 111 16
119 272 12
268 18 2
88 219 2
114 176 6
351 140 3
235 246 14
105 309 4
186 53 18
304 15 19
449 433 9
123 395 18
1 87 3
166 396 9
415 467 9
354 133 3
340 178 14
496 415 4
64 260 19
461 421 10
143 498 20
426 289 3
440 97 12
207 47 19
78 8 4
231 72 8
418 60 3
233 345 20
396 424 10
275 354 4
492 248 1
443 67 4
94 334 16
252 257 11
494 240 9
104 221 5
83 433 12
486 81 6
440 48 14
426 211 15
98 213 19
369 324 5
280 355 11
236 371 2
269 438 14
32 429 8
176 129 16
465 362 15
177 149 20
455 21 10
301 458 17
412 493 8
123 281 20
294 308 8
88 352 16
147 376 8
236 439 19
355 15 17
50 112 10
45 64 10
346 5 14
418 160 18
242 382 7
275 313 17
291 282 2
117 338 7
259 140 8
86 351 9
98 91 10
169 38 2
13 496 14
479 272 13
201 167 1
114 160 12
278 385 12
383 345 8
418 425 5
36 269 3
443 65 6
435 55 4
20 469 4
331 100 18
32 486 1
31 123 8
61 390 16
59 158 1
200 491 15
273 162 18
225 241 4
292 183 16
83 411 8
50 229 17
405 445 1
374 195 4
38 13 5
250 446 1
262 52 20
10 263 11
88 104 20
347 393 4
282 42 12
475 456 6
119 497 1
362 342 7
324 92 10
409 341 8
176 117 10
473 447 16
499 75 7
96 177 17
430 370 18
78 379 11
453 417 8
61 297 17
251 126 19
103 24 8
472 357 16
447 346 13
400 67 15
292 40 2
362 37 13
372 355 6
204 324 5
290 320 20
410 221 13
407 498 18
108 291 16
283 24 15
189 469 5
382 387 14
158 226 7
188 346 15
226 423 18
405 94 7
483 161 19
419 475 16
160 397 7
220 214 3
413 139 7
437 134 20
126 400 14
247 77 8
10 443 9
430 47 11
495 428 12
222 461 12
411 113 18
160 433 4
180 200 17
480 367 14
172 407 9
204 117 19
137 366 1
421 198 1
324 245 1
28 480 4
1 267 10
216 324 5
45 166 1
257 63 14
28 317 4
444 178 4
110 302 16
170 448 19
71 182 15
342 4 17
246 164 2
198 378 20
121 190 18
169 247 12
74 451 14
229 242 6
97 275 6
433 99 1
481 231 10
281 242 4
146 149 13
34 223 7
111 363 9
255 224 7
329 403 10
444 321 14
74 470 8
262 336 8
429 438 9
324 169 8
299 44 3
401 368 7
241 292 19
119 35 8
432 391 8
365 461 8
129 161 17
435 97 5
68 302 12
156 123 4
378 27 18
274 250 13
157 154 8
498 406 15
251 393 5
65 329 18
472 236 5
66 182 18
43 417 14
153 457 17
221 9 9
455 380 3
120 447 1
30 309 6
256 290 10
313 275 11
443 154 19
297 25 13
164 383 15
70 398 6
110 146 16
243 342 14
459 276 12
305 395 18
448 387 3
441 276 3
499 28 8
8 467 11
380 95 10
412 127 5
206 394 14
471 19 20
402 268 15
443 175 11
47 164 7
243 169 3
334 134 20
22 184 9
463 413 16
493 169 10
91 146 2
166 2 13
263 193 12
206 82 3
88 96 5
352 330 2
318 109 19
97 90 19
408 217 3
335 454 14
409 379 9
446 259 6
456 302 7
148 8 13
258 31 16
135 319 7
352 270 20
277 394 3
114 221 7
347 310 5
319 416 3
274 335 16
24 297 16
34 340 7
436 317 12
191 195 13
343 17 8
475 88 9
77 485 14
388 456 13
443 350 8
64 150 4
274 267 15
169 116 19
252 303 17
42 440 15
208 277 11
233 481 17
293 234 10
410 476 11
431 369 1
225 246 9
324 8 3
151 196 15
128 241 4
480 230 2
10 37 19
292 428 18
214 453 9
330 453 20
66 312 19
62 372 18
450 438 2
395 493 20
201 367 7
190 303 6
294 334 20
3 475 9
319 248 16
146 50 13
309 357 11
309 112 3
236 42 10
26 168 20
453 204 5
136 41 8
407 154 1
408 475 20
77 231 2
23 489 17
345 494 10
172 258 17
361 63 14
168 301 19
108 500 7
335 442 16
80 184 3
427 344 7
91 127 13
113 155 6
404 349 4
139 135 8
447 302 17
400 248 4
121 454 20
226 203 15
233 117 6
237 440 11
8 30 18
52 340 10
84 316 12
435 327 7
229 319 4
343 279 14
463 65 13
480 52 3
36 394 8
430 20 2
381 25 17
329 3 18
234 419 17
483 313 5
81 156 18
154 11 11
36 331 16
284 287 9
91 404 1
266 487 9
32 379 9
129 114 1
333 287 6
347 46 12
93 146 13
114 191 5
73 483 9
311 189 18
250 276 3
208 158 17
204 474 3
100 477 15
436 92 12
173 261 10
493 331 16
86 300 10
394 413 20
95 479 5
138 264 16
71 112 4
35 241 3
277 71 8
402 294 2
187 374 17
203 277 20
51 99 7
21 179 9
223 229 20
279 86 10
32 171 17
64 45 4
170 290 15
85 458 20
133 70 8
155 227 17
203 383 6
425 8 5
63 433 10
414 178 18
378 399 5
180 78 8
320 286 12
119 303 20
51 365 13
102 453 14
260 259 10
376 400 6
254 470 15
150 315 18
189 251 17
387 345 14
119 233 4
426 468 13
102 227 14
341 386 10
155 336 5
431 273 12
382 354 14
10 326 14
433 74 6
296 420 10
265 457 15
453 94 12
478 22 15
409 65 2
122 139 3
263 192 3
68 236 14
419 407 11
343 293 1
496 238 1
46 92 19
308 246 16
217 331 19
137 115 7
484 140 1
249 413 11
72 265 6
266 173 15
462 198 18
64 113 15
280 447 10
230 417 18
431 76 1
300 377 1
497 178 17
262 239 14
87 268 20
59 370 14
282 91 9
157 350 14
327 263 13
347 412 3
254 142 7
207 379 3
475 110 4
221 25 2
186 290 7
313 257 16
362 208 19
403 446 14
462 128 17
412 215 17
155 215 17
494 90 2
36 457 19
156 243 7
454 402 16
229 464 1
144 288 11
424 111 2
115 27 7
109 5 6
68 311 16
113 118 19
195 462 14
206 21 15
17 137 1
35 249 9
271 52 7
107 342 18
13 2 9
174 149 14
23 477 9
400 299 18
385 148 17
119 407 3
327 317 5
477 470 10
357 365 6
68 350 18
223 329 18
325 431 8
350 162 12
189 143 8
386 152 5
115 187 10
121 191 19
384 56 3
455 184 5
23 212 13
196 155 8
477 410 18
144 80 17
69 458 15
77 474 19
472 409 12
100 43 15
118 262 8
242 452 6
55 135 18
276 178 16
214 66 15
382 212 4
368 189 6
480 12 14
8 219 20
80 448 17
413 128 6
94 174 4
262 191 7
344 227 14
234 269 12
487 369 12
387 299 12
370 496 11
432 445 11
223 360 6
434 359 8
43 286 3
100 165 17
196 375 8
59 115 11
182 353 1
171 297 6
262 266 19
495 346 14
354 367 4
314 25 16
378 288 9
315 149 5
299 329 7
384 1 5
32 24 8
4 484 15
322 127 15
344 217 12
243 90 5
488 210 19
390 121 10
268 1 19
113 264 17
149 219 12
215 326 16
138 53 2
207 245 1
492 30 6
316 136 5
339 464 5
467 356 3
415 378 17
369 371 20
363 35 13
129 243 3
434 195 2
211 114 15
480 363 13
319 484 18
70 13 11
42 470 17
148 270 12
5 30 13
491 377 18
288 274 14
446 290 4
358 161 2
439 218 6
383 497 14
36 201 17
498 337 19
25 116 17
394 267 12
298 146 18
138 358 6
65 50 20
105 244 11
128 158 15
457 212 19
185 64 14
72 120 18
473 373 2
360 374 9
113 270 2
126 139 5
353 449 20
154 97 5
241 372 3
59 41 15
255 459 13
365 33 16
467 443 9
342 86 6
90 371 5
485 309 14
443 262 12
61 308 17
147 9 7
478 309 7
122 449 14
466 187 18
179 106 15
370 476 8
447 50 18
160 106 15
485 320 17
318 55 18
454 148 7
341 69 19
62 401 10
333 360 9
87 82 5
411 365 18
302 108 6
88 70 6
276 194 16
108 339 4
178 120 11
408 244 8
337 452 9
209 221 11
351 15 16
37 274 19
398 491 2
410 426 16
304 35 19
310 133 7
483 373 18
308 147 15
124 64 1
347 280 4
56 108 4
302 386 10
320 279 12
131 460 2
207 250 20
379 201 10
147 243 18
403 241 9
194 266 20
214 197 6
300 490 18
162 486 1
446 404 16
384 79 8
50 351 1
143 21 14
107 433 12
446 206 20
160 205 1
172 322 13
471 194 20
468 233 5
480 212 9
27 278 16
5 249 19
329 304 11
498 440 7
498 62 17
334 84 18
476 145 8
483 263 7
279 133 20
404 43 17
293 19 18
410 400 18
236 426 17
185 82 16
209 374 15
13 160 8
168 351 4
383 328 13
173 156 15
390 355 18
422 383 9
460 19 7
437 222 13
414 99 7
192 53 8
467 341 7
418 378 20
108 328 12
348 243 8
157 149 12
390 259 2
221 437 13
221 320 9
193 192 19
392 407 11
354 244 9
320 60 1
417 133 6
477 391 5
387 469 1
62 218 15
344 88 12
374 418 20
139 415 19
411 260 18
116 87 6
141 180 19
436 306 6
175 261 6
172 404 9
149 449 18
254 153 20
367 384 11
354 109 12
200 121 7
404 453 12
73 323 16
118 45 5
326 108 18
387 307 5
272 479 9
373 468 20
50 384 5
438 344 14
346 469 11
311 265 1
381 32 19
403 113 15
230 149 10
244 246 14
470 296 10
137 158 13
35 57 2
252 85 20
196 115 15
380 295 3
74 317 3
118 426 10
106 20 11
6 149 12
193 273 14
220 284 20
131 470 9
369 379 12
219 469 14
334 213 7
476 95 7
322 308 6
68 145 13
242 376 2
74 198 3
279 329 5
60 44 8
231 331 9
116 210 6
342 7 13
256 374 2
500 409 11
29 294 9
304 327 1
3 83 8
157 199 11
497 204 18
323 131 7
493 226 6
249 79 10
398 255 19
240 229 11
424 433 9
354 319 19
31 378 18
489 203 5
19 163 15
56 293 5
172 341 2
440 316 13
496 221 13
317 386 15
198 253 4
188 78 12
70 301 10
450 497 17
3 241 20
233 10 19
454 41 4
120 336 16
172 266 4
374 353 20
317 94 5
239 37 4
3 462 15
257 163 1
263 464 12
459 23 3
385 32 2
203 77 14
111 84 4
207 148 16
256 216 8
446 51 12
297 326 14
259 217 9
217 3 8
482 72 2
294 94 17
340 38 17
465 1 12
68 213 8
132 91 15
433 13 14
290 324 6
11 86 11
120 196 6
110 245 20
109 327 9
40 391 12
448 274 9
26 192 18
279 131 13
485 67 16
452 57 10
98 252 5
9 5 6
283 490 15
90 40 14
142 445 18
15 347 19
263 122 15
328 4 4
96 21 17
451 449 11
479 442 12
141 251 18
270 197 19
312 231 1
26 372 4
490 147 15
413 187 1
143 493 11
176 487 17
82 222 15
167 456 9
192 195 5
418 99 11
158 216 11
185 51 17
101 129 14
161 181 18
33 479 15
406 4 12
32 357 2
267 84 12
21 330 17
336 243 16
40 335 4
447 5 14
458 259 4
27 23 11
274 270 2
58 350 15
235 100 10
245 169 5
75 127 18
471 64 2
38 94 18
386 466 5
224 217 13
342 167 18
1 47 20
396 143 10
27 10 1
478 191 9
51 388 3
203 228 12
86 430 3
45 193 12
295 233 12
412 400 15
182 27 20
378 12 12
269 496 15
49 304 7
55 245 16
45 394 11
261 200 14
135 343 13
26 473 9
264 87 13
464 68 8
64 56 15
21 218 13
368 15 1
71 220 6
49 330 10
153 17 14
247 415 12
25 277 3
129 265 17
373 180 1
203 346 13
345 19 3
176 119 5
439 135 1
173 68 3
106 369 18
156 466 11
89 98 15
238 99 9
289 40 14
475 220 4
207 84 10
189 244 7
218 426 4
281 165 6
255 356 15
455 478 3
256 19 12
395 208 15
283 193 18
12 365 14
359 19 6
85 157 19
291 21 9
22 139 14
48 112 18
25 234 14
205 16 20
80 91 2
449 480 18
258 340 4
469 110 13
233 77 8
349 33 15
232 1 7
312 213 16
351 493 8
175 461 14
203 283 16
63 92 11
440 131 6
205 49 4
132 420 15
18 295 2
146 300 16
371 307 11
15 382 4
476 144 7
493 22 19
43 6 13
313 135 8
269 34 8
398 141 11
207 371 9
439 10 1
326 218 19
351 206 18
294 446 4
79 323 12
120 418 9
81 107 10
377 352 18
145 398 16
320 29 12
236 352 11
22 227 6
401 280 5
154 79 16
321 277 11
16 296 1
380 243 3
290 413 2
462 7 20
374 242 6
32 365 15
219 379 14
16 355 4
499 255 17
157 5 18
38 459 6
457 32 13
189 384 8
93 264 3
490 185 16
337 168 18
304 169 19
235 32 4
447 217 20
71 221 14
136 335 20
231 427 15
139 360 12
356 323 11
306 146 6
187 147 3
261 344 8
352 47 12
243 486 2
499 256 9
399 58 10
226 275 5
4 117 2
338 465 17
481 4 9
90 298 2
27 236 4
162 52 15
372 456 19
92 375 14
378 390 5
4 342 20
416 369 19
383 322 8
34 244 1
262 124 2
233 449 16
110 117 9
18 171 1
266 468 8
482 82 10
32 97 8
212 170 1
11 256 3
247 231 15
75 97 9
185 397 13
407 382 8
321 245 15
279 275 19
297 309 14
165 366 14
333 327 20
128 26 13
430 158 15
462 152 5
109 192 11
405 218 16
260 262 14
259 311 7
372 132 13
414 302 3
7 190 7
403 190 12
85 410 5
332 434 14
215 63 9
413 318 18
246 440 8
468 126 10
395 105 14
121 326 8
380 9 7
412 426 13
281 328 17
440 289 16
330 207 17
280 234 17
215 158 12
126 444 4
192 486 8
381 256 13
217 213 4
367 245 19
331 498 2
161 85 7
173 92 6
107 334 3
11 460 20
325 460 3
258 254 9
148 401 15
182 400 5
273 153 16
265 496 18
191 429 10
43 173 3
226 274 8
364 375 14
450 437 20
162 47 4
47 470 18
156 468 16
25 453 19
298 73 6
462 62 13
351 350 5
395 413 2
493 224 12
379 496 3
372 206 6
260 271 4
427 375 2
259 178 8
215 483 9
148 68 4
259 200 11
315 113 9
11 87 8
292 406 12
405 13 18
454 452 3
256 500 16
349 55 14
339 60 18
358 133 9
141 450 12
321 299 5
51 34 13
374 72 1
349 58 12
488 122 6
486 435 13
133 367 7
121 79 20
40 139 11
64 444 14
246 128 5
41 130 2
475 364 4
373 372 20
299 384 3
220 211 16
124 109 6
125 281 16
84 60 5
364 137 11
400 346 10
277 300 8
446 269 12
469 222 15
482 198 8
173 224 9
149 439 19
280 266 13
137 356 18
211 395 13
239 405 6
141 296 4
307 87 2
311 482 17
454 9 8
30 236 15
54 97 7
404 156 20
49 273 7
42 347 18
273 233 11
162 344 2
218 441 6
385 37 11
58 193 14
145 21 20
148 301 6
138 498 10
172 129 1
306 278 2
423 51 5
97 478 5
226 202 8
478 228 10
161 396 4
397 439 17
164 209 1
298 178 14
281 290 13
37 238 16
54 438 6
495 150 15
449 360 6
375 179 14
198 256 19
152 113 20
445 48 14
125 275 17
133 101 20
215 406 11
152 218 12
484 363 2
170 79 7
231 150 17
410 219 18
100 188 16
299 50 7
378 336 4
353 475 19
25 288 17
294 28 19
338 347 12
236 499 9
169 58 17
406 153 8
51 390 7
190 239 2
186 305 4
16 384 4
79 500 11
375 205 20
310 337 13
194 403 2
305 330 4
275 212 1
9 251 16
46 62 10
89 103 5
289 260 18
264 18 14
442 272 2
7 86 7
263 306 15
203 213 2
303 291 11
471 103 9
240 284 10
124 267 8
261 477 8
416 144 8
376 250 17
233 214 13
246 9 15
485 257 4
244 269 6
93 489 2
96 276 16
78 153 19
215 256 14
453 42 17
216 129 10
371 202 16
320 251 9
451 406 6
488 359 15
310 438 11
130 78 14
202 304 18
70 446 8
234 310 5
175 260 18
226 426 16
489 204 8
134 436 20
445 387 5
379 37 7
295 169 16
170 286 18
490 230 15
52 184 16
146 164 8
213 91 20
421 369 8
304 439 20
206 276 15
405 78 10
416 59 16
149 300 6
262 488 16
166 306 15
87 277 5
215 481 13
109 379 11
32 168 12
241 373 9
15 293 4
474 284 3
189 301 9
249 178 3
404 148 16
413 376 6
448 226 4
2 105 10
175 403 4
91 58 11
295 17 8
436 51 15
409 171 11
76 297 3
148 289 20
489 266 10
98 192 2
194 316 4
453 25 8
68 123 19
136 216 2
17 339 14
329 292 17
277 383 3
265 9 10
248 362 19
40 55 13
472 49 6
115 120 5
381 367 16
137 73 20
268 210 1
160 257 3
36 116 16
12 124 12
187 439 2
28 94 18
390 129 8
325 271 12
71 265 14
291 183 17
427 391 12
436 160 20
104 448 8
243 46 15
175 63 17
419 6 17
388 233 3
47 77 19
369 464 16
422 484 1
53 367 11
102 235 8
237 130 14
262 202 1
373 27 19
378 427 19
51 349 9
196 390 8
462 496 20
276 140 7
474 74 8
85 349 4
351 141 10
79 282 10
185 65 20
31 169 3
469 180 10
414 42 10
335 363 17
222 323 12
286 81 6
242 332 2
283 248 13
29 339 7
126 336 5
122 73 13
487 314 15
173 51 16
316 342 14
121 432 12
418 289 14
345 475 1
189 259 17
153 259 16
45 152 20
377 279 17
227 277 12
3 443 16
88 294 12
135 214 20
367 230 3
222 220 18
471 402 12
61 347 4
429 67 20
219 337 9
177 202 14
84 17 11
40 21 15
366 79 1
116 202 6
435 500 7
223 116 19
373 63 3
372 411 20
104 126 18
498 449 8
3 463 9
498 54 4
213 381 8
245 244 19
393 334 2
76 482 11
291 69 11
206 101 12
160 154 7
333 378 1
271 193 15
46 473 15
417 177 12
257 25 20
445 147 2
294 74 1
129 134 13
333 131 16
118 409 7
154 285 13
122 321 8
262 273 16
321 250 6
103 188 11
461 143 9
206 377 3
121 1 15
465 413 14
38 352 10
471 250 14
132 489 1
458 375 14
254 374 13
287 11 18
104 494 4
8 298 15
168 434 13
194 140 2
204 7 13
421 446 19
19 469 12
148 85 14
332 81 1
479 311 3
139 307 5
126 220 15
150 225 16
466 220 17
381 378 9
61 11 9
92 4 10
107 124 12
419 402 12
454 457 18
462 20 18
228 43 13
31 139 1
140 62 12
486 451 8
197 457 1
146 342 2
421 320 20
356 276 16
373 279 16
409 210 8
452 179 17
62 454 11
98 218 6
479 35 11
349 327 3
128 382 6
212 369 6
141 453 7
108 314 14
321 393 18
257 418 9
479 457 6
23 67 1
369 475 11
273 155 7
91 232 5
174 56 8
190 417 20
298 60 17
282 304 18
332 286 11
252 87 15
357 180 8
378 31 13
28 183 17
96 447 15
384 489 5
420 25 2
457 236 11
68 363 6
281 260 17
333 497 18
64 478 4
365 460 3
265 263 12
288 25 10
377 31 17
336 395 3
421 440 10
82 466 14
58 414 8
448 275 8
377 362 8
248 333 6
345 498 6
373 484 1
9 133 18
153 363 8
480 90 5
438 244 20
240 400 12
98 194 2
282 174 5
48 71 11
484 10 6
457 133 7
51 178 5
178 25 9
42 213 2
490 207 4
141 361 18
457 127 17
202 337 6
40 34 14
464 432 14
352 17 13
167 96 4
92 473 11
100 401 7
149 378 17
438 160 16
407 474 12
493 104 3
453 20 16
353 493 15
4 464 12
183 495 8
492 182 13
284 109 10
227 470 15
9 288 18
277 287 4
320 159 11
200 193 11
210 171 2
20 219 13
331 407 20
311 274 4
271 293 20
191 39 8
137 142 7
492 139 5
55 372 14
335 256 9
55 91 12
412 186 6
309 292 7
44 457 13
343 486 8
359 331 13
307 382 20
29 488 7
101 114 10
335 401 12
333 252 6
379 337 18
430 204 19
133 478 20
39 492 20
57 413 17
383 113 8
52 197 4
380 110 10
490 391 4
146 445 18
17 243 20
260 231 13
305 35 4
312 93 16
217 448 3
285 258 13
73 311 20
93 14 9
303 212 4
141 83 15
30 76 19
298 494 1
249 385 10
323 125 10
92 469 13
60 284 4
482 439 6
311 165 20
90 282 9
258 497 13
281 387 5
53 348 1
422 240 18
391 72 12
85 141 17
261 318 7
471 373 11
494 70 19
376 74 15
92 180 11
292 176 11
291 389 6
488 391 4
141 281 6
285 115 1
61 434 1
251 295 14
161 102 4
414 403 7
349 396 5
108 57 6
374 152 16
394 118 5
57 17 9
180 26 4
60 336 20
194 490 3
357 309 4
182 260 17
368 12 6
109 118 5
277 198 13
314 298 15
281 274 17
495 238 6
400 286 11
197 263 15
353 454 3
164 224 2
427 388 9
44 178 11
402 280 9
106 186 15
443 347 6
454 319 16
300 158 17
427 412 12
455 362 18
479 443 7
27 475 20
217 322 10
255 238 8
227 359 19
38 349 4
36 210 7
226 165 4
444 54 18
257 72 4
77 71 7
383 279 11
102 314 15
313 447 3
8 443 11
148 89 3
199 366 5
255 16 17
316 23 9
451 391 6
100 64 16
378 260 15
146 123 6
84 437 15
113 14 5
471 292 17
138 34 4
156 59 6
300 364 3
68 33 9
378 198 2
127 132 1
137 353 1
10 289 2
53 285 13
456 38 12
489 466 9
470 495 11
169 349 14
489 42 17
363 20 16
314 302 18
284 39 18
443 356 10
79 244 7
444 110 11
390 220 19
55 138 3
81 35 15
395 21 2
167 221 2
136 394 3
495 9 17
461 341 2
84 479 12
300 165 7
385 248 4
325 179 6
477 405 10
275 356 17
451 481 15
96 474 7
489 495 11
268 212 17
298 68 18
24 339 12
157 60 18
288 117 17
97 235 7
455 157 18
284 223 4
191 339 15
259 476 7
187 200 9
4 234 12
296 225 5
225 309 2
74 71 9
270 361 14
198 310 7
357 326 16
282 331 20
472 228 3
394 16 7
103 237 19
197 485 15
244 43 19
331 326 7
301 468 14
128 497 11
403 59 5
142 317 19
260 194 7
353 99 3
201 319 3
255 382 1
275 481 20
276 55 14
379 271 11
127 363 1
15 361 16
475 413 19
426 463 16
256 28 20
209 315 18
88 351 8
71 81 18
330 490 15
104 79 6
461 71 12
447 364 6
77 431 17
251 31 6
382 450 7
246 103 12
270 136 19
330 123 12
474 93 8
351 39 19
273 44 7
9 267 16
61 298 16
207 305 19
325 213 20
348 425 13
397 362 6
197 342 7
343 7 6
468 199 9
211 457 16
421 474 4
168 299 3
84 142 15
331 125 7
194 459 7
239 177 6
307 150 14
224 381 19
68 343 10
44 150 12
474 133 20
42 116 7
399 274 19
178 90 3
234 76 10
170 95 10
50 465 1
280 403 15
497 113 5
468 83 14
137 433 16
274 237 13
366 388 8
262 187 2
438 453 15
284 182 1
74 453 8
346 429 11
431 354 15
320 37 12
131 372 11
90 149 11
241 201 15
17 363 9
198 425 13
109 265 14
37 171 19
226 368 7
58 203 20
34 481 2
20 293 11
419 388 5
257 76 20
498 234 17
328 37 13
237 291 5
419 297 10
353 496 9
390 233 15
425 300 17
456 89 9
63 457 8
228 327 6
195 291 17
194 229 1
432 27 9
181 299 12
196 87 4
24 205 5
74 49 5
43 384 18
22 176 9
127 275 5
230 127 14
373 456 11
138 23 17
162 281 8
112 463 7
416 108 2
289 114 12
100 149 5
190 432 20
350 164 2
429 169 10
369 454 1
306 271 17
59 170 6
382 72 11
201 403 8
326 86 3
178 316 6
93 177 18
218 415 1
40 357 16
372 133 5
181 211 6
102 300 20
244 411 14
403 449 3
413 130 18
116 63 8
99 184 12
109 178 20
19 374 9
218 141 12
199 28 9
235 92 9
219 169 12
138 220 13
116 18 19
383 439 5
4 63 9
225 212 9
71 96 1
217 156 18
304 290 20
413 36 12
456 288 14
25 452 2
350 388 16
429 51 6
151 419 1
424 171 17
427 89 16
185 400 12
86 77 11
498 45 15
49 239 6
216 28 18
371 498 19
360 192 5
186 390 5
173 136 11
308 195 4
342 285 7
297 276 8
396 321 20
408 89 16
266 249 9
216 367 13
263 215 8
335 344 1
342 433 15
67 148 1
347 174 10
156 472 18
1 150 3
231 30 15
319 421 8
271 409 12
359 486 1
447 225 6
203 69 4
387 12 7
492 109 6
200 162 9
378 377 3
495 478 17
277 325 11
447 274 10
92 449 10
33 321 18
403 88 3
447 42 12
286 1 10
45 254 17
189 316 17
460 163 11
330 75 1
223 445 16
156 464 10
256 475 10
490 498 18
486 235 12
188 292 10
351 215 3
32 121 19
441 196 19
189 184 2
313 383 13
413 488 11
311 347 1
468 434 3
219 48 10
169 464 17
354 188 2
440 238 1
329 195 19
32 128 4
54 340 15
348 170 3
186 476 20
231 336 12
172 453 15
62 95 20
418 236 1
308 341 13
283 245 14
139 348 7
490 134 8
198 345 20
28 453 13
182 115 20
112 179 12
371 27 5
133 279 12
443 289 3
336 451 16
433 436 17
257 302 15
50 426 15
475 486 8
24 347 5
244 474 7
294 60 10
440 412 1
485 59 13
105 386 14
438 197 15
44 102 16
284 497 3
473 63 15
220 48 9
230 186 4
47 276 15
225 120 9
92 480 10
415 252 13
206 307 1
20 137 4
123 35 14
213 300 6
214 34 14
197 4 16
246 464 20
415 158 1
395 252 10
76 412 16
174 379 3
220 12 2
147 65 9
409 41 15
467 445 3
142 235 17
283 197 12
25 203 2
1 206 15
67 218 18
234 279 6
470 290 11
52 31 14
228 298 7
322 484 19
414 37 13
116 3 12
161 359 16
419 303 5
13 202 14
143 421 7
333 328 10
381 187 16
43 258 13
201 233 14
366 434 16
439 235 18
108 311 15
93 186 9
281 420 2
9 284 18
41 121 9
196 217 11
222 405 5
196 323 7
15 496 8
79 106 18
276 176 11
71 168 20
391 157 20
34 283 3
156 148 13
40 312 20
173 376 14
35 64 2
172 435 12
58 204 1
401 45 11
374 136 13
29 153 8
49 334 15
330 84 1
187 199 18
243 141 6
99 478 2
478 262 14
85 335 18
324 88 14
369 231 3
474 138 15
476 177 1
7 24 14
422 285 10
170 462 11
92 55 20
443 24 9
24 269 8
150 158 6
436 276 20
217 402 11
136 317 15
294 363 17
225 178 8
435 325 1
260 487 11
262 267 9
333 426 2
320 268 15
307 185 20
431 394 18
479 72 8
307 27 2
279 13 15
126 196 9
361 431 5
359 98 3
499 369 13
139 223 8
63 134 18
308 239 5
298 304 16
459 251 11
39 267 12
175 441 17
429 227 2
225 277 7
251 153 6
456 264 8
93 297 14
404 400 1
90 437 17
346 92 7
380 488 4
471 489 19
83 279 17
250 4 1
375 4 3
238 83 2
436 273 8
413 28 2
414 408 1
391 136 13
202 27 14
494 429 2
415 35 9
367 427 3
71 416 13
339 280 10
135 326 3
178 44 3
210 156 13
212 193 16
434 135 6
238 199 2
191 305 5
370 445 10
149 180 9
432 320 15
330 294 5
203 90 13
211 143 14
153 54 7
469 307 17
216 373 11
346 324 19
412 469 20
346 281 9
331 224 11
376 500 12
376 495 11
431 442 7
344 24 4
250 369 16
199 232 8
85 415 12
396 244 16
152 95 3
494 450 13
86 54 7
289 67 12
96 211 16
217 435 4
367 115 15
268 86 19
269 448 9
295 33 3
389 218 7
414 327 3
156 376 9
397 58 17
294 375 5
218 82 12
411 99 14
276 249 19
441 156 11
192 232 13
103 275 11
364 173 4
400 323 15
227 101 17
339 75 15
273 473 14
349 6 7
168 432 16
133 269 7
172 461 14
498 471 1
224 423 15
41 111 5
207 303 5
148 248 17
238 362 3
52 239 7
210 272 1
252 366 12
12 60 19
230 33 6
203 70 2
58 316 15
22 186 7
442 219 4
202 349 14
198 171 3
418 461 8
3 26 20
437 8 3
366 206 9
453 373 10
77 67 4
390 218 7
94 193 15
78 51 9
297 178 3
452 276 18
132 116 4
149 121 3
487 491 14
246 120 18
202 88 12
293 20 4
259 393 14
398 476 16
62 332 14
354 300 17
70 409 11
96 437 12
165 280 4
9 79 9
441 180 16
434 426 8
414 297 2
186 446 20
111 210 8
177 209 10
230 464 16
465 116 7
476 366 18
401 103 16
149 303 5
420 481 5
292 33 7
306 401 13
212 307 17
171 58 3
458 18 16
443 369 19
85 229 5
232 309 6
238 317 20
312 387 2
20 51 5
81 80 12
316 37 5
400 30 2
159 245 19
182 19 7
455 176 15
360 331 8
425 350 11
281 298 16
479 159 16
269 84 1
186 7 7
410 218 10
113 6 1
302 256 11
241 17 3
185 158 8
214 212 3
387 300 20
347 459 2
7 151 18
496 178 5
279 157 15
315 192 17
33 104 2
8 88 19
186 299 5
12 172 1
406 145 6
198 329 19
492 461 18
377 6 10
296 432 5
154 467 4
22 167 19
148 385 4
175 188 9
299 280 17
45 481 6
279 314 10
149 87 10
366 222 2
339 260 13
175 32 17
7 481 8
402 128 15
131 366 6
364 78 20
153 273 11
46 120 7
175 223 1
30 216 4
453 151 4
477 66 5
444 377 18
52 469 15
335 88 4
468 406 17
78 114 3
188 163 12
92 335 13
402 221 1
157 365 5
52 143 20
245 495 15
227 155 16
337 66 18
447 15 19
78 43 18
430 331 14
129 474 19
305 136 19
112 125 13
319 79 18
133 273 7
210 167 16
496 176 18
234 178 4
268 454 3
459 261 2
450 219 3
405 329 15
388 59 8
277 477 7
48 9 1
465 204 18
384 480 9
320 447 13
77 343 16
226 83 20
52 388 2
425 366 18
221 424 17
284 408 17
63 399 5
248 63 10
322 212 17
327 111 18
272 293 8
122 345 14
229 4 19
111 368 15
408 366 2
223 304 3
176 221 11
402 421 6
216 207 13
126 261 12
38 388 2
294 46 14
314 276 17
284 328 20
150 49 14
192 278 9
225 177 20
92 272 5
398 19 5
202 184 16
173 463 10
477 365 9
280 103 6
117 28 3
44 431 18
169 73 8
140 480 9
466 335 17
436 96 14
105 326 14
53 383 6
54 309 5
364 119 4
176 379 11
30 318 17
8 297 3
110 260 4
354 399 8
59 157 8
142 150 18
47 368 13
249 416 7
1 127 20
131 299 15
497 32 10
415 267 10
459 461 9
61 45 16
238 12 17
152 149 10
390 147 5
43 155 16
66 462 10
125 213 6
201 372 5
206 361 10
319 499 5
389 489 13
74 164 3
349 153 19
11 288 15
454 433 10
207 107 20
182 274 11
111 50 4
150 109 1
205 100 13
213 176 9
404 152 18
137 390 11
319 475 18
155 258 5
136 42 4
290 434 14
221 323 6
442 346 13
47 338 4
432 412 18
247 463 14
154 332 15
308 488 13
374 335 15
87 426 16
87 347 2
353 441 20
79 77 12
311 257 5
164 447 6
467 217 2
182 108 10
262 89 10
194 208 14
426 366 20
186 192 19
147 322 6
281 33 13
201 257 19
341 120 20
385 438 15
414 102 16
475 71 20
431 27 16
479 361 16
120 42 10
15 284 19
224 418 11
153 8 3
44 264 3
40 299 20
261 287 19
164 152 1
116 378 16
126 17 16
317 230 4
259 270 12
317 114 17
419 161 20
181 261 13
472 433 7
340 24 14
318 226 11
82 207 1
454 279 8
63 95 7
262 65 12
209 73 18
323 116 9
494 372 3
346 457 3
96 346 15
111 432 3
177 64 20
158 68 7
339 235 5
489 381 13
459 26 14
40 217 13
104 279 14
136 122 4
322 169 8
374 111 10
279 274 13
246 473 11
265 55 8
86 356 11
65 116 13
245 299 2
224 415 9
58 335 12
403 372 8
485 247 3
249 369 9
3 49 3
402 208 13
448 5 8
31 96 1
398 222 18
447 333 4
316 499 5
185 287 19
259 146 7
89 234 19
106 349 19
469 38 11
333 115 7
433 52 13
151 46 13
428 184 4
359 250 8
454 316 5
157 348 1
389 97 11
358 2 4
136 364 19
235 471 7
41 428 18
120 488 17
207 93 6
210 235 8
89 459 10
283 276 14
287 247 8
66 280 13
325 47 1
465 403 12
253 69 12
282 177 14
51 166 7
281 404 13
192 260 5
401 177 8
111 61 14
77 415 3
26 237 16
437 310 16
49 9 5
19 407 2
378 207 11
148 333 4
418 224 7
127 418 19
118 8 4
256 248 14
499 39 17
386 210 10
40 240 9
498 404 13
255 421 2
130 408 10
98 58 18
356 228 11
486 45 6
460 155 11
320 487 14
426 219 18
448 465 18
249 87 6
477 388 3
474 174 3
118 308 14
303 442 7
239 427 14
115 154 2
402 144 12
17 272 9
41 51 4
175 294 1
404 169 9
479 149 6
185 211 3
363 151 18
273 383 2
432 344 18
326 411 20
423 357 8
494 383 9
422 323 9
209 463 6
388 404 19
6 182 13
31 187 8
489 456 3
14 358 1
316 467 16
432 493 14
423 370 4
345 242 19
317 169 15
285 130 18
273 219 5
451 483 2
446 421 13
171 500 15
43 246 12
271 352 15
357 490 9
216 434 19
216 70 6
163 242 4
282 16 13
437 229 12
263 480 11
228 124 16
474 410 17
32 130 8
124 66 19
247 99 5
335 221 10
433 430 4
265 53 3
425 7 6
107 362 18
452 378 11
491 71 7
241 176 16
280 340 9
374 148 14
137 478 4
61 7 11
102 98 6
221 337 8
65 288 14
477 259 5
57 113 15
301 132 12
131 151 6
495 251 15
111 422 2
146 119 9
22 211 15
421 439 4
171 7 6
354 17 13
325 65 9
469 251 12
197 429 18
353 64 4
197 204 7
360 150 11
494 317 11
247 361 5
163 80 16
391 448 2
373 244 12
76 169 20
321 395 19
166 314 1
310 370 9
301 189 10
102 273 7
114 76 7
499 190 13
76 376 4
251 10 14
128 446 10
200 36 18
146 497 4
49 245 9
16 452 10
452 176 9
418 105 11
190 484 16
172 366 8
110 386 17
160 282 15
469 403 18
262 170 20
257 409 2
12 134 2
369 208 2
254 209 17
499 325 10
315 15 1
103 157 19
443 125 13
456 322 17
191 183 5
455 167 8
445 127 13
137 309 16
153 321 15
303 154 16
495 139 19
373 417 18
340 118 6
459 359 18
332 284 11
434 157 15
204 42 3
270 368 8
434 247 19
217 242 8
247 465 2
301 21 2
245 59 8
14 351 19
307 457 7
81 120 14
423 189 19
393 197 10
213 323 18
225 59 2
327 104 14
219 218 15
192 14 4
478 201 2
132 406 9
391 488 8
118 358 10
468 90 18
39 430 4
159 195 14
394 386 3
44 169 15
436 397 18
440 309 11
216 246 7
34 473 15
459 37 10
267 300 10
73 344 16
73 172 12
22 250 2
199 424 3
139 495 4
235 371 3
314 239 18
56 479 1
416 460 20
346 159 11
454 253 11
408 116 7
180 418 6
11 290 16
245 1 17
485 405 7
323 213 7
61 67 11
437 194 20
474 314 5
26 342 13
37 322 18
274 498 17
484 290 8
299 120 15
190 104 5
196 455 3
275 255 1
286 421 20
47 442 16
167 155 11
435 380 15
200 407 18
144 38 10
152 437 15
283 219 6
64 222 1
64 161 9
449 271 8
218 320 3
457 21 16
397 447 15
217 383 14
480 124 12
58 463 17
122 254 4
384 76 8
214 273 20
309 454 6
261 404 19
347 64 7
337 173 8
173 401 18
265 267 12
347 477 6
404 113 11
310 60 9
479 481 20
113 306 5
279 313 5
135 338 4
307 373 18
64 130 12
385 489 7
253 141 14
263 59 18
381 180 4
419 101 4
445 17 3
232 448 16
93 75 8
263 442 15
101 471 12
99 234 3
319 157 10
291 204 19
489 356 11
205 256 18
320 202 15
305 259 1
25 194 6
99 144 8
369 286 11
69 244 20
217 195 4
178 271 13
319 372 17
108 159 9
484 355 11
397 471 11
48 475 14
359 288 2
216 304 19
301 101 6
261 168 7
127 319 18
393 176 11
41 431 19
306 316 2
4 258 18
370 319 10
397 160 1
337 493 3
18 408 15
143 300 18
346 397 5
344 326 7
129 105 3
245 115 8
298 426 2
218 335 17
128 55 5
412 467 9
459 224 12
19 25 18
320 351 19
92 262 17
354 140 17
341 469 1
17 410 16
445 351 19
483 280 12
460 97 19
484 482 10
129 244 18
97 237 8
233 396 12
123 276 15
162 157 13
440 166 7
183 96 5
84 327 8
248 487 2
52 81 8
265 213 9
471 310 12
87 84 10
185 78 16
168 491 8
226 59 20
180 143 13
106 283 14
495 408 17
23 27 8
142 105 6
6 268 20
295 94 15
175 181 17
403 101 7
136 28 18
359 446 16
88 5 19
44 170 3
271 290 17
88 444 18
359 55 8
102 362 18
214 314 14
59 261 3
448 330 5
287 277 4
121 6 2
120 74 17
94 145 8
318 12 16
67 401 8
255 137 14
46 413 9
360 37 20
494 202 14
123 450 11
162 70 5
18 291 12
95 307 18
171 193 15
215 429 15
84 105 17
174 107 11
98 96 13
214 305 1
1 65 10
459 280 4
498 132 16
417 444 17
351 301 5
483 329 5
7 166 17
352 268 14
86 90 18
487 417 2
366 71 8
397 242 9
488 176 11
202 260 18
471 270 3
337 365 16
72 103 11
95 98 7
210 310 6
155 39 6
486 311 7
91 435 4
375 314 5
291 434 19
24 170 6
6 117 18
457 440 4
39 425 3
434 334 6
158 131 9
482 285 10
352 385 4
316 44 15
93 404 6
226 254 6
192 24 12
91 357 8
92 405 3
418 319 12
267 262 13
215 80 13
498 318 7
183 22 2
56 24 3
108 50 5
262 316 18
208 338 4
166 393 1
381 485 5
18 77 10
115 296 11
234 482 3
171 350 20
261 345 5
324 114 17
308 262 14
255 436 15
192 238 11
313 132 17
64 294 6
138 25 7
266 197 13
8 471 11
32 222 16
265 18 20
12 103 17
446 86 16
140 442 20
256 207 1
40 265 16
253 171 19
6 126 10
215 351 12
127 488 8
269 63 17
332 460 9
399 163 6
123 104 19
247 331 15
90 295 6
333 59 5
433 334 10
11 373 15
401 224 18
152 455 20
151 437 8
53 38 3
323 241 9
500 104 2
73 253 6
82 380 1
301 412 20
278 102 7
84 71 7
265 58 1
183 283 11
356 344 16
76 147 2
405 106 17
323 349 4
362 226 13
216 44 18
481 140 3
369 203 20
442 482 8
450 464 16
298 349 20
2 190 18
474 464 16
117 401 13
412 267 4
205 306 13
412 146 19
487 391 15
220 439 5
31 113 20
402 488 11
69 478 1
195 45 12
33 216 14
437 170 16
468 498 16
55 498 15
326 220 20
406 432 3
478 314 20
327 108 14
180 228 12
121 459 19
210 237 11
488 103 5
397 205 6
358 194 7
378 206 20
229 39 6
363 226 2
261 346 13
305 241 13
308 293 15
422 76 12
35 96 16
428 317 14
55 61 2
497 118 17
238 179 2
89 189 8
438 163 5
84 64 14
113 196 11
157 460 1
207 294 2
434 336 2
2 353 6
312 461 14
311 499 5
491 308 17
446 211 12
130 414 13
227 79 19
22 311 14
20 329 12
187 300 16
192 271 10
212 27 1
380 310 12
387 231 15
390 396 1
406 244 6
86 285 4
312 157 10
484 115 3
87 153 6
440 294 15
283 343 19
114 340 5
18 71 8
488 436 19
447 84 14
6 114 13
230 39 18
470 248 20
323 280 8
141 79 10
483 170 10
470 180 1
459 22 17
373 409 15
464 4 5
360 24 6
446 481 3
60 147 17
343 392 8
304 424 9
349 462 2
79 245 11
46 15 15
430 479 19
144 168 3
444 4 11
31 52 9
329 481 10
169 74 9
374 462 5
204 290 10
422 194 5
326 32 13
312 463 3
420 404 15
264 85 9
38 2 3
54 89 2
247 237 2
295 404 2
129 452 13
430 81 18
314 285 2
382 242 10
132 494 20
48 162 20
144 461 1
254 152 6
477 482 7
39 45 17
122 370 10
372 318 17
460 54 6
263 178 1
290 489 18
229 172 2
386 439 15
295 18 2
302 294 8
165 429 17
358 328 19
117 266 13
475 238 4
168 24 13
478 202 19
225 284 6
112 317 12
97 331 20
304 369 5
315 336 14
267 334 9
346 174 17
117 122 7
234 162 11
414 235 18
354 98 13
296 20 11
173 192 11
458 332 17
128 264 14
280 296 5
208 25 9
267 112 19
92 376 14
7 463 2
323 211 18
289 364 9
179 261 19
78 197 8
37 190 6
334 41 1
166 32 2
485 115 20
125 431 10
248 496 13
425 458 6
308 206 9
16 107 10
149 199 19
350 196 10
427 105 6
102 254 11
393 171 15
332 298 16
121 357 4
68 266 16
230 410 3
382 395 3
4 302 8
405 302 20
389 353 17
189 221 16
392 475 9
488 479 12
333 60 14
39 93 1
314 182 20
482 374 11
99 55 9
360 7 19
190 289 3
26 53 8
401 297 9
270 440 18
264 433 12
488 291 13
177 78 2
313 417 19
101 82 6
427 353 12
217 113 20
330 365 8
436 396 7
402 35 13
129 407 19
280 36 4
454 14 19
168 20 8
366 352 18
436 500 1
95 201 2
100 483 18
421 424 12
250 61 19
430 19 13
443 499 11
457 475 16
133 324 20
294 5 12
445 317 7
274 166 3
32 403 6
468 128 5
296 145 16
271 380 12
410 166 8
364 471 5
353 208 17
251 30 10
253 33 20
183 80 2
84 366 10
17 139 5
206 80 16
56 354 17
467 314 1
43 305 1
304 212 20
468 235 11
388 75 14
128 54 9
416 115 1
134 200 13
115 470 8
365 80 2
133 465 10
50 371 7
115 317 18
168 76 20
348 404 13
26 357 20
58 211 15
43 321 7
232 402 17
35 132 3
338 294 8
164 430 11
476 47 5
437 280 7
201 115 18
324 237 3
148 389 9
332 419 5
338 8 13
341 485 19
287 346 14
426 298 16
366 306 11
451 137 13
313 234 15
467 141 1
382 317 16
243 51 3
362 139 13
320 133 3
336 197 2
382 346 6
460 50 19
64 354 17
49 122 4
185 451 1
390 217 2
158 193 9
186 146 8
430 476 8
101 246 9
19 286 3
247 142 5
150 111 15
383 316 1
332 216 9
361 149 1
361 437 14
236 60 13
449 417 6
44 296 6
46 188 9
201 130 9
441 98 11
441 90 18
277 92 10
433 210 7
181 2 2
294 133 15
178 427 1
39 388 18
28 220 20
275 496 17
183 455 9
50 219 7
341 11 5
311 295 9
225 4 2
22 368 4
255 245 8
472 12 5
202 187 20
383 231 2
309 432 9
472 107 2
117 479 10
285 231 15
8 102 6
23 440 4
285 297 9
328 240 1
115 365 17
405 73 2
276 497 2
317 295 16
206 467 20
475 7 11
320 409 5
470 231 8
358 497 18
378 161 6
341 381 14
42 32 13
66 476 18
185 420 8
141 29 16
5 337 9
480 142 10
7 327 10
98 73 4
332 486 14
319 12 11
265 353 18
131 495 11
292 70 6
77 314 10
269 130 1
20 58 10
299 331 17
356 82 7
27 465 14
314 460 1
73 346 15
172 42 11
137 247 8
18 100 16
66 283 12
225 469 8
18 372 16
68 242 2
95 407 17
430 228 7
49 46 6
494 55 7
11 129 17
409 133 12
9 436 6
264 146 15
267 297 19
341 345 8
477 287 12
365 112 5
195 457 3
345 222 16
195 226 3
472 471 14
476 196 5
264 426 9
59 477 11
486 350 6
395 382 11
404 366 11
182 174 11
328 318 8
184 60 15
121 496 17
331 228 9
152 191 14
77 79 6
209 311 7
188 94 15
290 381 2
401 344 4
407 491 11
27 333 1
291 194 10
260 328 12
311 397 5
281 147 15
245 138 7
337 448 17
199 240 2
417 382 20
372 87 2
215 76 3
411 163 12
487 175 12
349 488 14
122 42 3
481 353 6
98 148 16
185 382 3
418 338 14
94 226 14
166 242 16
312 228 11
45 24 11
452 492 19
396 46 16
307 18 11
493 4 2
127 350 4
222 384 6
85 384 6
276 60 11
238 96 13
401 265 4
197 164 7
143 317 10
40 333 20
114 12 2
158 201 2
173 175 9
80 383 12
311 21 9
176 135 8
467 290 14
397 419 5
417 250 4
409 222 13
245 348 3
353 130 13
131 327 8
164 13 4
332 235 10
409 20 10
367 73 2
408 205 5
22 303 12
480 129 2
205 490 1
226 24 2
183 482 7
81 154 14
441 150 8
305 106 1
311 500 6
173 442 7
368 88 18
156 134 13
12 274 6
7 286 4
494 466 18
384 94 7
275 127 17
317 193 3
356 107 13
460 176 20
127 496 10
297 237 15
137 132 16
415 100 8
179 452 18
488 85 11
493 458 13
38 452 11
125 289 2
277 298 15
291 205 11
100 269 9
245 474 13
172 460 10
366 46 2
305 365 17
252 210 4
439 386 5
400 312 9
381 41 17
217 476 12
319 444 8
488 476 18
25 239 13
430 293 4
305 460 6
23 367 9
472 497 1
33 24 8
77 16 12
366 2 1
317 242 10
383 50 12
363 100 19
37 381 7
328 325 20
348 309 15
366 282 4
95 432 5
358 437 3
470 72 9
178 118 1
350 115 2
188 83 6
88 170 20
482 226 8
286 341 17
182 265 10
239 246 20
391 142 9
242 277 11
98 217 13
193 140 10
151 212 2
112 79 18
154 56 12
490 415 7
11 70 9
479 219 2
447 68 17
444 479 7
452 136 13
137 108 10
20 221 17
238 320 3
89 361 13
43 265 14
369 437 7
267 110 2
173 57 8
269 60 1
465 355 20
476 258 8
212 456 18
230 438 6
67 221 13
455 83 2
182 494 11
62 419 2
334 201 7
307 318 9
225 244 18
59 416 2
342 103 17
216 487 14
465 34 1
203 461 5
296 240 11
497 398 19
441 375 16
393 119 16
145 369 19
78 61 13
15 265 1
237 390 11
462 145 19
355 239 13
139 401 4
47 429 8
457 216 13
406 227 17
105 222 19
361 253 7
206 461 2
83 9 6
98 302 16
283 31 10
126 374 5
124 430 16
341 232 14
186 248 4
452 431 10
67 145 13
26 459 5
368 78 1
474 38 8
34 118 3
395 341 9
196 14 20
388 147 4
270 265 2
200 82 19
297 55 13
289 423 5
430 426 6
485 167 12
283 41 8
442 308 10
204 448 11
495 365 2
328 7 13
426 237 12
347 404 1
253 78 6
194 99 9
408 238 20
273 425 13
390 297 2
62 450 6
62 265 20
30 253 12
449 500 3
13 54 9
422 72 3
272 16 15
409 197 13
172 127 17
229 233 13
95 53 17
171 317 12
58 442 16
60 95 15
121 80 16
45 388 10
291 243 18
12 397 8
120 358 5
65 434 16
199 420 5
378 375 1
500 142 12
345 417 4
440 442 9
386 49 17
420 234 12
415 333 13
28 457 8
88 267 20
480 146 20
219 3 2
3 485 13
351 429 6
116 418 20
399 83 5
55 491 16
386 108 2
161 22 15
45 185 18
219 225 5
197 167 3
183 178 14
48 497 4
212 484 4
334 209 10
221 14 13
476 465 3
138 442 9
58 1 14
343 212 6
90 207 10
75 102 13
281 362 20
276 268 8
218 15 18
193 352 13
408 61 12
414 159 15
354 273 2
456 484 11
1 93 17
369 165 1
457 292 19
434 356 12
188 252 17
263 235 17
118 275 7
378 255 6
81 372 11
85 489 14
368 346 1
261 12 13
394 455 17
263 114 10
248 116 14
348 452 17
352 354 4
14 65 4
40 91 5
405 2 16
167 462 2
382 1 7
314 27 3
383 166 3
181 133 13
140 421 1
460 431 7
376 463 14
7 495 16
266 465 20
164 283 7
126 110 15
125 11 3
370 366 15
99 366 10
224 72 16
230 253 11
238 120 14
388 173 12
59 252 11
97 210 19
388 143 5
84 68 13
198 490 18
51 245 13
25 293 12
138 136 10
166 427 5
104 315 7
3 144 9
486 56 16
472 30 2
426 387 3
398 299 5
13 263 12
271 80 1
40 481 8
198 216 18
491 455 20
336 476 1
209 485 11
84 416 4
396 208 18
92 365 5
42 422 15
43 397 15
99 461 11
134 442 7
328 246 19
355 385 7
480 200 10
134 209 16
475 83 4
499 12 12
12 491 13
13 488 11
279 428 13
205 444 4
221 216 4
441 193 10
135 333 10
132 431 2
188 486 20
32 199 12
164 260 12
132 302 7
289 203 16
226 488 16
223 112 8
72 83 7
239 259 14
491 397 6
461 404 15
469 346 16
370 86 6
125 33 11
6 318 12
58 108 17
360 96 18
495 418 7
442 21 17
146 169 6
356 358 7
55 473 20
335 124 1
401 33 16
168 244 8
285 12 13
356 449 14
161 88 20
208 243 10
279 182 20
185 372 7
120 227 18
434 207 16
191 353 13
352 206 13
296 41 5
227 279 7
78 489 6
170 364 1
349 25 1
272 298 2
483 450 8
88 363 7
455 499 16
11 269 17
137 414 9
288 235 18
200 256 20
305 451 6
327 500 7
286 97 7
140 316 15
16 248 16
216 187 14
179 226 15
499 326 14
35 229 9
97 441 4
173 449 11
374 351 14
244 151 1
440 6 7
148 454 14
349 475 16
344 172 11
322 298 3
172 81 14
119 343 20
174 377 5
72 381 7
257 382 20
239 55 2
266 343 16
437 470 17
326 227 12
275 388 10
291 491 10
492 378 17
393 488 8
436 35 16
250 107 6
168 486 3
435 364 8
498 85 11
182 249 13
136 334 10
48 203 3
203 317 6
360 64 17
445 385 2
447 363 10
14 400 11
461 154 17
307 8 17
402 37 16
91 25 13
253 132 4
335 324 17
443 397 6
162 63 8
179 85 1
330 340 13
199 72 9
117 447 8
90 18 7
410 58 19
415 19 13
93 463 13
278 175 3
375 169 17
282 328 12
34 357 17
299 294 6
325 286 14
388 250 7
283 287 18
151 181 1
4 405 1
497 275 6
190 64 1
189 305 9
204 240 15
168 380 11
284 377 6
407 66 1
448 103 4
47 413 6
159 426 5
486 429 10
32 489 5
417 477 12
88 260 8
289 348 13
81 235 15
104 36 13
281 8 18
372 466 20
155 298 9
362 430 1
191 251 10
71 492 12
143 78 20
365 281 1
154 120 3
276 216 12
316 447 20
261 438 17
5 208 12
465 122 11
487 496 9
316 387 13
468 111 4
443 459 17
474 126 9
292 84 3
172 402 16
3 187 1
183 172 6
155 400 6
472 327 11
203 34 1
480 134 14
387 416 18
195 353 2
257 265 7
196 290 10
403 61 4
109 312 5
153 325 19
307 253 6
451 373 17
233 72 19
12 487 7
61 206 17
252 323 8
255 351 11
28 350 1
65 57 4
335 252 12
414 390 16
303 286 17
163 486 2
399 351 5
154 371 1
128 456 10
500 205 5
330 103 2
121 420 9
471 89 20
420 51 9
137 111 14
136 266 7
389 493 20
386 247 2
323 28 8
40 180 12
308 212 15
289 187 14
435 468 11
407 2 3
304 204 5
405 309 16
310 408 10
136 11 18
224 189 1
186 404 9
317 227 15
422 320 18
487 419 20
55 444 3
329 429 18
465 307 3
232 240 19
262 269 11
465 43 18
399 242 6
74 209 7
314 54 18
48 17 4
139 427 18
246 495 9
120 188 6
322 109 20
181 430 3
461 312 5
61 412 12
338 445 16
480 26 19
289 491 20
393 375 12
320 492 1
389 371 20
359 116 6
212 257 8
429 428 6
384 246 1
316 414 7
125 185 1
286 69 18
144 267 2
262 458 18
356 189 16
409 208 8
14 477 20
94 475 17
179 469 3
235 239 3
9 293 8
443 111 19
178 438 11
20 41 10
135 311 6
202 174 8
167 423 16
463 122 20
127 116 9
309 159 9
494 251 12
287 198 11
101 40 6
16 286 16
222 113 11
370 264 20
365 32 7
44 218 1
364 63 17
297 16 20
270 450 1
157 404 10
156 456 5
427 38 9
487 325 15
472 9 3
154 223 10
383 435 9
58 469 9
434 449 15
276 145 9
341 219 7
359 406 15
159 119 9
333 361 20
172 8 2
460 53 17
12 214 9
497 396 8
354 51 17
238 480 6
365 236 4
369 30 12
58 386 13
309 306 7
81 85 17
105 435 6
283 392 15
269 163 10
355 120 6
169 289 3
65 320 20
392 291 20
190 287 17
24 144 10
318 26 14
281 451 10
306 190 15
329 488 19
41 153 5
17 93 6
250 465 20
295 154 4
117 250 11
158 57 2
35 432 11
333 119 6
130 235 9
48 365 14
28 390 15
467 122 5
312 34 14
267 25 17
337 19 14
360 432 7
87 154 18
405 454 9
315 469 11
249 140 4
435 422 16
59 205 6
364 176 20
460 152 13
12 351 17
103 356 7
250 138 9
111 17 4
166 117 2
495 265 18
117 302 19
81 280 18
407 432 3
396 27 18
32 176 12
473 394 20
378 68 10
162 384 9
438 494 8
127 241 6
470 473 20
306 445 20
389 157 16
235 70 19
181 318 10
456 336 14
259 82 16
36 159 14
437 76 4
372 410 14
217 391 7
386 57 17
465 143 8
346 6 18
481 5 17
24 453 11
333 423 10
421 456 4
95 91 14
35 54 20
33 443 11
234 202 8
181 474 20
156 35 17
120 494 20
188 97 13
428 363 19
332 109 19
453 429 15
494 355 19
256 394 13
206 131 17
418 483 17
15 301 9
55 31 9
329 7 4
119 147 8
21 440 6
225 386 14
173 11 17
82 203 15
484 98 7
115 218 3
450 491 20
430 286 2
265 419 14
109 457 4
190 357 13
135 149 19
299 350 1
489 21 13
48 450 2
350 428 4
398 389 1
51 135 18
458 231 3
416 199 20
56 464 13
455 329 18
155 73 8
435 110 7
80 186 18
288 207 8
322 36 8
421 53 10
176 99 8
44 103 10
441 369 9
498 135 15
74 422 14
63 53 13
35 255 16
73 377 5
112 167 14
358 388 14
191 44 18
194 248 14
289 275 19
65 47 16
397 256 9
23 92 10
333 24 15
371 458 15
461 305 6
285 274 19
272 332 4
34 417 15
48 327 19
406 337 10
85 122 18
341 143 11
92 121 18
354 121 11
307 446 17
341 68 16
50 208 4
306 191 15
98 282 1
386 113 13
102 342 9
282 44 18
462 469 16
331 433 3
405 85 19
287 86 11
244 241 17
293 63 10
57 463 14
310 494 20
295 429 1
36 22 15
308 355 5
193 199 12
163 28 6
49 452 8
348 357 11
11 268 4
60 490 15
190 326 9
484 273 12
361 288 9
404 364 11
252 78 11
267 223 6
184 398 7
63 456 6
54 473 13
314 146 9
465 175 17
283 431 16
368 473 20
248 121 6
254 80 4
480 467 10
276 275 18
483 160 13
370 360 10
351 56 18
147 208 5
142 359 19
231 355 17
127 400 15
479 235 18
109 322 2
128 148 6
453 289 19
214 440 9
256 262 8
48 245 17
115 301 5
51 358 18
180 395 3
42 224 1
152 157 18
129 103 2
413 365 20
45 327 18
473 348 19
273 26 5
203 367 3
122 229 18
305 243 5
140 460 1
279 378 10
73 290 2
249 361 20
433 142 4
79 13 2
432 127 3
316 276 17
360 307 13
481 397 20
440 359 20
39 442 10
433 382 16
91 381 14
337 192 20
48 256 5
144 32 6
42 467 2
248 259 10
52 364 7
57 241 20
267 362 11
453 19 12
84 284 14
192 490 9
422 303 12
91 274 7
500 160 1
86 177 13
120 224 10
232 47 2
451 24 4
270 284 13
143 445 14
351 414 20
211 62 9
246 488 7
245 126 7
430 329 20
77 183 19
376 136 14
202 410 9
174 500 16
477 6 10
203 232 12
83 477 14
491 299 8
76 214 18
329 147 13
321 190 6
160 315 11
390 251 6
347 61 1
344 77 15
414 216 12
476 81 8
418 74 20
383 202 6
483 131 17
109 383 17
44 424 20
245 50 6
163 77 7
108 245 20
64 177 8
67 262 5
168 90 11
361 448 14
172 384 19
59 273 20
382 410 17
377 122 9
294 95 3
345 450 15
198 375 1
185 444 7
202 472 10
470 111 4
248 70 15
406 402 12
346 83 13
52 69 6
448 211 2
190 298 11
360 157 20
79 336 14
177 114 13
444 387 16
97 76 18
174 189 8
291 5 8
138 154 17
69 279 4
244 82 1
480 77 1
328 222 19
153 389 15
388 381 5
201 194 18
18 170 2
24 110 1
398 210 18
6 275 17
110 311 14
414 489 20
120 483 15
466 302 8
489 359 18
210 408 11
382 93 16
440 413 17
117 452 17
438 95 20
442 354 10
461 221 9
185 204 7
12 125 4
261 18 15
66 186 6
159 59 10
309 468 7
432 407 9
400 110 2
62 301 15
40 109 18
8 463 18
232 97 20
472 174 14
89 410 6
498 427 9
418 336 5
19 471 3
87 159 10
255 191 4
436 266 5
158 47 17
207 349 16
19 97 20
311 442 1
327 92 10
265 169 15
486 491 11
245 171 11
89 468 18
495 392 1
4 430 13
183 418 19
329 22 7
112 217 5
416 307 5
385 64 9
301 97 5
181 99 13
17 211 8
220 390 7
241 247 18
107 78 4
429 215 6
291 424 2
314 39 2
395 84 11
403 463 13
235 13 3
6 143 20
295 277 18
38 271 13
453 471 10
169 175 13
453 220 16
2 422 10
131 361 10
212 169 20
352 408 18
7 131 9
356 22 15
15 374 10
248 51 10
302 161 17
352 243 3
66 103 4
213 259 15
307 437 3
196 201 16
157 381 2
231 201 4
459 53 15
439 134 15
83 257 19
476 183 12
369 334 5
175 361 9
445 29 5
193 401 3
41 258 8
311 205 4
62 354 10
364 87 12
16 284 13
106 17 20
326 333 2
165 129 13
59 284 3
163 166 5
362 241 3
303 191 9
103 75 17
313 309 1
239 141 1
16 491 16
246 185 13
468 216 20
294 453 3
137 313 1
313 96 4
375 280 3
179 189 4
409 500 4
43 408 2
147 51 3
178 262 2
192 182 4
85 220 18
294 175 18
318 210 7
244 39 7
52 84 9
261 498 5
493 209 3
334 419 4
437 290 8
247 58 9
238 399 7
490 55 11
35 106 20
403 391 16
251 127 15
210 265 5
49 178 16
308 311 5
375 354 11
383 444 7
172 30 5
157 155 7
288 94 5
286 181 10
358 490 14
78 249 5
220 176 17
248 357 17
101 258 14
318 409 13
132 336 13
344 22 15
244 131 8
447 102 1
120 218 7
93 354 20
230 468 19
331 247 11
356 50 1
204 340 15
166 203 14
142 75 14
55 334 10
466 154 6
70 477 12
477 94 15
291 407 13
381 108 9
172 16 11
245 44 15
397 454 16
92 353 14
174 134 2
286 165 2
121 475 14
344 86 13
387 242 10
140 393 6
132 241 13
77 468 1
416 3 5
75 340 7
458 423 2
215 410 7
372 72 4
484 142 15
79 307 10
292 228 12
272 316 10
129 15 16
121 276 14
44 166 2
367 486 17
172 351 8
491 436 1
470 410 13
45 94 16
88 365 12
449 121 3
106 149 14
154 132 1
159 175 1
303 146 17
236 273 5
472 335 7
11 35 2
145 63 1
234 167 13
10 356 20
56 416 13
86 60 9
97 124 2
51 351 16
215 103 13
19 185 12
439 320 11
342 369 2
124 181 9
285 216 2
51 386 19
389 178 8
200 89 16
363 72 15
420 73 15
129 472 5
197 317 19
299 256 9
357 57 18
474 332 6
17 411 17
481 319 18
442 159 7
396 251 19
35 462 10
395 407 10
305 474 15
347 69 7
195 440 9
198 297 10
500 144 3
405 116 4
156 108 8
465 495 17
303 349 9
108 85 1
264 177 10
85 288 1
140 490 13
466 350 20
291 237 10
403 433 12
159 138 13
342 5 11
141 127 12
174 447 3
38 365 10
159 14 3
83 400 13
424 227 5
444 469 20
371 500 17
221 284 10
167 330 6
494 306 16
126 486 12
354 235 20
446 203 15
74 237 20
365 169 10
75 152 12
310 79 15
76 79 12
26 475 5
195 492 14
202 21 10
19 60 20
359 256 16
443 140 5
451 441 19
409 53 6
19 70 20
180 187 10
339 1 4
313 236 3
378 180 19
122 302 11
101 172 1
208 15 13
90 455 6
8 396 6
370 214 16
113 447 14
304 129 3
483 252 17
109 170 19
198 325 5
407 393 18
149 407 9
339 54 16
147 245 17
205 228 10
261 362 19
353 21 16
323 174 10
310 141 1
414 109 17
366 370 20
16 193 17
331 493 8
366 450 15
260 377 6
415 98 3
133 61 1
480 320 6
378 225 2
112 442 6
490 62 20
458 376 10
241 49 1
64 211 7
264 477 15
497 402 13
153 367 2
491 239 10
81 262 17
250 95 16
281 109 15
439 498 5
447 460 10
145 459 2
324 436 7
341 353 17
13 113 14
479 282 19
277 426 20
23 53 14
226 473 15
406 7 8
235 405 6
166 221 1
117 471 10
434 240 2
364 489 14
374 337 14
234 14 4
258 373 2
57 330 10
250 461 8
433 462 12
144 199 4
258 301 8
97 14 17
394 182 19
6 212 17
67 439 2
141 295 1
48 392 12
294 407 4
198 225 18
186 141 20
187 293 8
15 66 14
318 351 13
382 485 6
76 272 4
271 125 9
40 97 10
262 453 20
475 98 3
460 299 2
377 418 14
368 34 13
303 78 1
396 334 3
373 291 19
448 85 15
403 145 4
81 144 12
219 99 3
244 365 10
251 458 15
250 166 10
15 184 1
342 56 1
412 359 1
258 28 13
249 457 20
15 456 12
434 213 3
256 320 2
446 496 16
38 455 4
433 266 18
302 460 6
232 497 3
236 402 13
368 364 14
62 447 5
280 398 16
76 8 5
299 423 1
183 158 13
13 261 2
356 193 12
71 379 7
248 151 3
142 484 18
306 356 2
369 330 17
181 53 16
61 367 1
406 433 1
89 56 7
55 156 17
88 472 13
207 192 16
289 252 15
493 34 19
295 41 12
292 419 9
382 130 19
487 386 17
436 450 3
14 281 19
463 331 19
325 39 9
465 84 14
243 157 13
153 13 8
433 106 17
236 255 15
178 173 4
219 94 1
329 383 2
289 271 3
42 393 9
372 310 8
62 52 1
426 262 18
311 235 17
11 422 6
453 270 6
49 256 1
59 133 9
128 164 16
429 478 20
265 398 6
465 406 15
460 282 19
414 325 6
371 1 3
47 418 11
143 307 8
285 22 10
71 49 15
109 10 15
262 57 15
480 240 6
51 408 6
154 451 15
133 246 1
309 406 13
204 81 19
84 384 20
473 175 13
224 357 2
221 449 11
288 142 5
307 361 7
473 85 15
58 170 6
423 127 20
66 237 15
65 273 9
134 116 20
278 76 1
152 493 2
351 149 6
402 355 3
164 50 19
43 202 11
194 384 8
343 399 6
387 67 6
401 252 9
457 120 16
183 77 2
167 238 2
199 188 16
417 248 2
38 302 12
48 459 16
303 483 10
63 250 15
333 11 17
276 423 4
259 266 12
495 474 11
116 81 20
392 243 14
368 371 5
490 74 10
145 88 14
186 463 4
236 281 17
145 300 4
250 35 10
393 478 3
186 14 10
111 118 6
32 461 9
1 459 4
22 87 19
335 34 11
45 75 10
42 281 9
47 106 15
125 42 12
220 255 19
61 160 8
34 333 9
210 481 18
224 11 7
82 33 6
232 84 14
389 349 12
323 54 1
17 60 6
275 109 6
116 107 15
271 456 2
240 287 15
170 332 16
100 191 14
175 65 18
472 436 7
246 162 2
103 259 9
94 322 8
48 102 12
210 303 13
207 459 17
51 451 9
32 499 14
266 279 9
44 346 18
307 127 15
120 474 19
174 341 9
60 149 15
189 269 14
404 82 11
340 315 4
437 214 9
475 223 9
305 443 7
113 68 6
407 279 12
76 497 9
181 340 8
472 28 4
296 465 14
488 420 7
172 380 14
160 172 3
392 353 3
417 34 3
203 399 16
424 158 6
228 92 12
328 440 17
58 217 15
247 436 15
291 41 4
364 258 10
162 244 10
367 352 14
408 210 15
96 473 6
14 462 12
499 488 12
283 487 19
215 201 10
136 443 13
132 487 17
173 342 2
396 319 5
361 8 19
469 201 7
68 378 7
142 46 18
231 318 16
478 337 7
460 249 3
256 205 8
455 211 9
433 40 18
446 101 3
291 72 4
360 11 10
223 313 17
410 222 7
188 64 6
260 490 18
454 109 10
22 485 4
307 22 10
420 209 15
146 313 9
272 116 8
419 318 10
463 132 6
133 157 14
497 471 15
260 349 13
301 145 8
431 397 17
115 366 11
325 333 2
155 268 1
446 50 17
190 168 12
324 326 6
214 189 6
193 35 3
80 461 8
153 343 20
273 356 3
104 93 7
397 54 7
360 25 6
232 167 2
442 70 18
499 372 6
1 37 14
381 23 3
117 91 9
114 178 4
340 347 13
398 338 16
52 419 20
302 104 15
241 20 7
371 320 4
345 447 1
477 103 2
399 281 1
443 467 13
164 121 15
231 412 15
169 427 12
353 108 9
443 427 5
302 282 17
20 438 10
366 409 11
83 191 19
105 473 4
339 342 2
127 465 10
300 73 2
240 254 13
475 460 2
15 483 20
264 345 6
164 118 15
27 243 15
354 251 6
184 333 17
171 13 1
107 352 6
13 224 7
222 11 19
251 88 1
68 447 15
384 288 9
391 2 3
148 133 16
363 74 11
174 354 3
52 328 18
367 387 17
340 10 12
482 10 18
163 465 3
78 199 12
424 369 5
137 119 5
356 44 17
83 339 18
443 92 3
463 484 6
132 370 12
203 377 7
55 273 7
97 468 15
63 156 8
449 66 4
56 365 2
198 474 10
400 184 16
53 233 9
339 443 12
155 249 3
289 464 8
25 382 15
255 439 16
315 135 5
151 344 3
99 171 9
280 233 15
164 406 20
388 203 2
125 159 3
88 232 8
412 114 7
356 309 17
118 100 2
411 24 18
208 428 13
197 104 3
401 179 3
478 480 8
80 444 11
381 46 17
87 492 20
234 370 19
34 211 16
476 111 10
432 292 11
327 264 11
317 52 9
70 245 15
274 58 12
5 452 2
156 149 11
79 491 13
283 482 19
484 204 16
243 103 2
291 64 7
481 343 11
160 367 16
11 53 13
241 88 19
266 207 12
181 177 9
255 167 14
216 27 8
320 418 12
442 250 8
343 153 18
226 145 12
440 38 19
396 373 17
1 184 20
91 472 12
31 314 8
159 317 17
429 332 2
213 123 12
160 398 11
4 25 3
203 456 2
106 486 12
125 357 14
139 229 7
64 218 8
485 489 16
138 9 20
138 487 10
102 285 10
415 8 15
379 62 4
328 49 1
168 382 12
153 83 19
254 463 11
139 286 14
415 270 8
36 462 20
261 374 18
444 460 14
253 381 11
23 18 15
424 284 5
497 66 2
138 454 3
201 213 17
213 459 9
384 292 3
79 6 1
229 240 1
351 436 12
166 31 4
359 289 15
295 47 13
385 173 18
384 113 3
244 466 9
194 245 3
165 224 6
366 242 7
318 11 16
19 224 6
43 338 6
452 92 8
362 416 19
84 272 1
398 45 10
152 38 19
111 102 18
314 421 19
23 142 5
443 337 10
95 149 5
117 271 1
178 14 7
393 406 4
317 387 3
325 481 10
48 368 3
491 152 2
138 438 2
118 414 7
191 58 18
306 423 11
243 436 11
366 221 15
489 88 6
451 464 4
199 497 19
122 346 1
124 319 20
37 435 19
325 151 3
431 285 15
67 24 6
367 158 6
409 168 13
350 72 5
256 420 19
270 152 12
10 27 5
304 11 3
47 340 11
154 49 12
219 284 16
207 35 7
98 110 17
446 236 15
157 413 11
282 66 2
207 14 3
305 257 15
271 454 5
125 238 14
491 346 17
212 179 2
438 341 5
350 143 16
214 464 17
228 45 12
242 111 3
37 16 1
397 392 12
16 268 18
13 164 11
461 236 11
349 246 4
341 431 16
247 94 12
113 376 4
296 331 7
240 499 1
136 241 10
356 418 9
409 386 3
242 185 19
88 230 18
171 49 9
449 334 13
356 405 6
108 257 7
474 328 19
460 18 14
15 170 7
232 156 12
371 86 18
345 261 14
392 323 6
39 77 17
167 203 6
304 187 13
401 424 13
306 412 10
94 326 18
81 414 14
352 295 6
137 458 11
194 48 11
226 348 11
58 221 10
128 51 13
194 239 7
266 393 7
325 438 18
373 151 7
212 175 4
187 382 4
444 143 11
488 393 8
197 3 7
443 192 8
240 389 3
273 232 7
96 247 20
447 251 6
414 199 7
390 238 8
419 366 17
234 491 3
36 435 5
459 316 9
240 122 15
351 483 6
17 193 14
433 115 5
242 312 4
374 361 19
467 364 16
270 248 4
200 169 14
159 299 9
130 161 13
485 228 8
393 102 5
438 57 15
244 468 5
300 179 15
489 470 1
481 212 12
429 241 17
449 306 1
144 126 6
186 182 15
386 290 18
110 231 1
97 245 12
73 153 6
249 229 5
64 447 4
493 192 6
228 52 14
179 142 12
158 403 9
66 411 18
360 315 20
429 92 20
414 135 11
26 79 6
122 19 19
340 404 2
480 325 11
359 46 14
151 177 10
76 475 16
18 229 6
104 130 13
79 28 13
252 106 4
491 471 2
287 373 13
91 204 3
215 319 15
311 252 2
244 249 4
20 108 10
23 381 13
463 197 7
435 90 4
187 68 15
439 240 14
92 249 19
371 343 14
428 389 2
187 174 4
465 142 12
375 457 4
465 499 12
162 341 4
14 195 9
172 227 13
307 315 11
498 436 13
284 228 15
467 354 2
108 255 4
488 106 18
84 189 19
126 53 11
216 206 2
342 219 9
476 307 13
286 280 10
39 67 9
467 412 13
462 299 20
86 237 17
208 440 10
241 244 7
2 396 6
317 159 18
91 444 15
120 100 14
495 114 9
196 85 19
215 141 9
342 358 13
357 278 10
210 125 8
240 312 2
366 43 5
229 382 16
381 249 8
252 375 11
450 224 18
261 174 6
270 457 6
305 268 16
75 125 7
156 328 2
266 424 17
283 446 12
240 135 12
134 173 15
127 3 16
233 204 1
47 44 16
294 51 9
20 165 19
325 78 3
466 172 11
389 244 19
215 236 13
185 48 9
42 151 6
285 214 10
398 474 4
240 96 12
122 282 2
111 453 12
316 146 14
71 198 9
162 149 2
312 128 2
61 288 13
488 272 16
107 448 8
71 348 9
65 241 1
144 99 17
427 286 3
242 32 8
402 288 1
45 47 16
109 113 15
19 38 9
136 46 14
14 255 15
175 286 17
363 283 14
234 189 20
2 378 18
118 39 13
87 297 19
171 30 16
390 15 5
292 137 11
484 210 1
16 342 5
448 93 18
142 204 9
29 119 6
260 131 20
144 365 2
330 414 3
454 266 15
275 340 9
71 145 1
161 241 2
500 170 15
132 217 3
363 494 14
67 186 18
22 413 8
381 238 16
279 125 12
112 460 9
481 394 4
295 120 1
216 418 15
105 272 9
145 143 2
273 463 11
151 297 10
22 433 13
202 478 13
69 432 6
125 135 5
140 26 13
489 12 13
320 42 11
385 370 1
96 81 3
219 444 11
290 79 14
274 457 11
101 307 13
49 30 10
28 235 7
350 147 18
42 183 6
396 298 16
260 278 15
227 441 16
58 348 14
109 359 16
335 396 20
447 375 5
271 370 7
37 420 7
60 11 3
299 170 3
240 267 14
155 172 8
158 164 2
184 44 4
78 266 10
496 369 9
343 240 2
29 372 16
106 221 10
42 294 18
350 228 1
69 149 17
199 397 6
449 79 17
157 142 2
123 109 3
385 320 2
199 133 16
186 368 13
326 377 5
220 310 1
298 151 19
218 498 9
488 297 14
404 478 15
241 248 19
232 304 4
260 406 4
472 61 17
339 353 3
389 470 4
388 326 17
165 378 11
67 149 18
326 340 20
419 149 12
354 172 6
162 246 19
362 145 5
214 457 11
259 395 13
108 362 1
189 447 3
150 50 11
307 186 14
370 248 18
137 386 3
262 440 12
159 20 18
139 19 19
490 177 14
80 498 8
198 428 14
24 136 5
235 131 3
309 58 14
153 188 9
380 311 12
82 192 19
489 123 16
384 81 20
358 452 20
316 430 3
324 314 10
370 15 10
429 203 10
423 293 15
290 158 14
233 163 7
279 38 5
331 264 12
41 214 1
364 363 9
337 70 20
351 144 7
390 433 17
270 374 18
353 476 13
337 322 16
100 111 7
378 317 12
23 492 14
86 493 2
227 357 14
134 246 2
306 254 15
252 491 6
347 144 7
137 367 1
200 362 2
358 279 20
363 249 15
442 156 18
492 146 5
48 37 13
426 43 12
449 298 4
376 152 7
388 345 10
116 25 20
165 41 5
182 496 1
278 181 1
500 304 20
399 499 9
52 465 7
10 210 6
248 126 10
264 141 14
232 269 10
132 106 2
310 143 12
496 66 6
167 310 16
215 294 3
359 362 8
216 298 15
407 79 9
71 485 1
305 278 20
423 294 6
350 477 18
345 341 18
287 482 15
294 486 19
279 319 12
146 204 19
188 440 16
429 181 11
451 88 5
180 323 11
88 389 4
247 287 14
376 127 9
156 9 17
97 115 18
238 234 9
435 476 3
263 485 19
254 349 12
451 23 7
20 162 9
161 224 12
69 449 3
432 135 5
239 305 15
218 111 5
88 151 12
277 179 9
307 496 17
230 316 1
122 154 1
500 348 11
111 346 16
278 358 16
47 260 17
257 108 6
53 272 19
103 70 15
315 351 13
387 169 20
288 164 14
273 136 13
452 113 7
395 379 4
91 233 5
233 381 1
303 394 16
53 9 13
178 222 5
216 290 6
468 35 19
232 108 2
500 217 17
362 325 2
431 482 15
24 385 8
150 242 2
377 162 2
258 450 7
165 401 2
495 435 3
225 72 15
310 245 8
16 153 3
74 155 6
42 70 15
127 237 17
267 200 3
470 500 6
294 302 16
86 348 8
115 380 9
47 384 14
274 33 10
239 213 16
102 475 20
449 131 10
48 364 12
58 474 17
401 178 1
311 403 10
364 431 16
112 324 16
99 334 2
303 488 13
53 188 19
122 337 14
162 89 6
122 225 16
320 109 10
315 418 1
102 175 16
299 334 1
227 306 1
154 452 15
417 473 6
238 466 15
178 253 16
402 19 14
392 20 14
28 155 7
394 423 20
413 361 8
166 286 13
209 370 1
409 495 10
85 199 3
444 90 3
140 124 6
275 430 2
145 318 7
474 287 6
208 461 3
183 39 5
493 85 19
234 228 14
194 77 13
267 491 7
70 153 11
291 252 7
218 366 16
64 495 6
138 427 16
428 82 4
298 186 9
274 13 14
211 189 4
297 331 19
400 257 17
432 152 11
160 274 11
217 59 5
29 369 8
185 19 14
356 90 6
346 137 8
148 225 17
231 48 14
163 318 14
478 448 12
277 452 8
116 129 17
57 405 12
74 108 19
429 184 5
140 483 8
245 258 14
58 23 9
174 408 16
259 355 6
452 493 10
191 294 20
329 408 7
394 69 16
432 63 5
180 1 19
203 278 2
333 241 12
219 192 3
7 242 13
313 41 4
213 296 16
33 348 11
53 318 15
460 288 9
289 197 15
71 497 12
114 372 18
114 31 4
311 210 18
477 421 20
247 52 20
191 177 20
180 216 8
334 451 6
190 293 17
31 216 14
29 461 2
487 236 6
5 207 2
393 396 5
174 187 1
362 127 18
390 406 20
384 227 19
302 500 17
71 19 8
135 365 7
464 160 1
467 457 10
388 237 12
224 389 8
285 404 6
112 226 18
25 169 12
488 430 4
210 385 14
224 255 4
32 426 5
229 337 16
366 238 15
273 477 1
368 153 14
89 250 12
99 94 7
284 134 2
52 176 8
62 278 15
198 277 3
207 80 5
262 200 20
288 135 15
65 11 5
344 74 14
460 315 15
15 80 4
13 357 10
382 333 20
238 181 13
46 55 12
384 497 11
318 207 8
476 130 4
367 86 11
268 416 3
466 383 18
488 450 9
333 339 6
253 17 3
365 388 6
468 456 13
497 162 12
490 321 13
184 487 17
407 155 18
46 214 16
4 289 20
68 392 9
209 37 14
219 32 3
138 343 7
247 166 20
161 405 2
1 429 4
260 483 1
279 85 10
166 105 11
254 232 7
2 82 12
158 150 4
315 441 3
315 345 12
333 432 20
86 323 20
163 114 10
208 355 11
425 303 7
411 385 19
12 162 12
488 321 10
308 115 18
454 68 10
189 146 9
291 430 10
45 41 11
374 330 17
328 363 1
226 132 11
31 106 8
294 40 3
125 435 5
473 56 17
457 103 4
447 150 6
242 237 9
3 93 19
116 444 11
378 301 4
372 408 3
261 72 5
249 252 9
355 467 7
8 268 2
230 465 17
229 26 7
267 55 3
478 223 4
59 248 3
388 457 14
154 24 18
48 217 15
483 332 7
7 201 19
277 382 3
422 406 19
397 408 10
37 477 18
253 363 8
336 61 19
100 231 7
112 239 8
54 499 18
55 337 17
289 420 10
54 330 5
25 78 4
45 10 19
183 428 19
334 31 3
135 480 2
236 406 4
163 201 19
197 174 7
419 412 3
388 472 12
478 123 6
193 1 1
92 162 19
15 415 3
90 142 9
412 319 18
496 115 10
467 398 15
337 283 16
145 377 9
466 109 4
131 127 14
15 473 11
283 30 8
69 488 18
299 319 7
342 477 4
75 43 3
327 9 5
183 7 17
238 87 10
131 314 13
456 422 10
110 237 6
381 3 19
319 340 13
109 160 20
62 130 9
321 430 9
419 198 7
246 159 4
496 242 6
65 400 16
343 269 6
356 498 17
136 48 15
382 459 12
490 410 17
411 175 3
358 471 8
267 249 6
143 392 10
488 371 9
493 138 19
405 65 2
234 16 11
486 251 20
338 299 19
421 241 18
112 493 2
372 467 3
280 123 11
489 57 15
259 382 4
240 188 20
173 181 13
215 339 13
228 456 13
471 324 8
94 43 18
325 428 11
69 401 14
315 108 9
405 275 3
336 72 3
410 190 6
237 126 15
327 437 8
15 186 5
20 342 2
178 361 1
1 381 1
233 88 8
2 297 8
422 305 10
155 440 7
50 359 11
377 253 14
387 468 16
375 72 19
461 282 13
26 240 13
307 473 2
262 487 12
219 430 1
149 105 8
178 487 6
200 228 10
118 365 16
162 8 17
107 241 1
456 371 9
221 60 19
166 160 18
454 142 16
472 378 18
76 281 15
219 21 18
185 250 10
235 370 11
419 136 3
462 141 17
467 12 13
456 190 1
249 315 16
367 370 20
453 183 8
23 332 18
29 474 7
39 110 15
230 166 7
169 376 6
294 443 15
250 82 9
366 372 11
377 168 8
126 272 17
144 495 13
298 472 18
92 295 12
500 159 18
377 149 10
67 154 2
466 312 17
359 449 2
255 202 20
350 7 4
497 301 8
202 18 10
478 178 6
125 376 5
97 436 9
403 282 8
152 179 12
491 181 4
205 481 20
78 211 9
281 164 10
171 186 19
143 401 10
117 41 5
17 222 14
277 269 14
447 213 16
9 445 6
358 455 1
434 66 1
455 239 17
330 152 13
43 263 13
269 50 20
480 459 13
451 450 9
139 424 6
196 70 8
148 274 6
170 112 18
25 318 9
371 250 6
75 150 14
489 256 6
287 155 10
330 500 1
126 129 11
123 40 20
137 131 15
233 81 17
115 411 12
71 6 18
131 283 5
267 275 18
258 136 19
196 335 6
455 296 17
387 60 3
160 407 6
318 197 11
73 294 17
403 82 6
478 101 7
23 167 15
421 283 6
326 42 16
439 499 6
61 416 4
402 272 12
244 330 2
69 143 9
466 201 9
224 219 2
363 234 1
189 79 12
380 315 16
414 21 15
156 372 7
308 27 1
187 487 8
346 165 18
328 480 8
4 77 19
370 357 2
213 93 6
193 429 2
496 488 2
489 335 15
276 131 15
326 353 12
6 355 8
413 11 8
44 209 2
277 352 10
45 424 12
379 100 5
168 225 11
320 234 14
99 439 4
230 147 11
445 248 20
407 484 13
211 456 19
454 24 15
167 90 19
221 396 19
311 490 6
410 352 19
153 335 15
314 116 8
467 7 3
90 64 17
488 201 17
42 255 20
338 307 1
178 297 13
95 73 18
170 252 17
333 93 4
468 230 19
128 383 11
439 81 8
300 232 16
410 199 8
377 76 12
339 236 14
112 193 2
18 454 12
150 408 13
39 265 2
95 114 1
486 433 11
471 349 2
418 484 6
486 400 4
141 97 16
148 18 7
207 264 17
494 128 6
7 251 3
456 146 15
10 116 8
103 161 16
421 289 4
472 344 7
471 474 14
379 450 17
143 355 20
398 326 15
123 185 6
391 111 16
166 458 19
372 319 10
475 365 2
385 304 13
7 125 18
228 448 4
115 335 11
57 338 1
281 161 3
224 307 16
458 340 9
236 262 8
11 146 4
439 110 3
272 403 4
78 212 3
97 224 12
254 324 6
222 167 19
293 198 1
48 23 10
179 378 8
355 163 5
45 272 10
427 257 6
220 430 12
295 230 8
399 440 12
133 113 18
96 432 5
243 98 7
324 467 7
407 20 3
256 378 13
346 364 2
321 383 2
402 309 10
264 319 4
432 215 8
157 301 8
311 410 8
398 362 11
169 426 13
100 196 4
128 445 11
436 376 17
45 244 9
285 279 16
459 59 4
71 32 10
134 470 2
42 79 15
71 199 11
6 265 2
253 123 9
291 91 8
131 397 7
284 245 1
72 412 2
497 419 19
396 118 19
163 294 20
38 387 14
48 163 4
493 409 5
452 253 6
466 310 17
22 405 15
6 140 15
125 178 7
322 295 13
129 160 19
467 202 14
23 498 2
394 266 13
258 97 16
38 280 7
51 375 13
462 489 14
417 322 16
199 229 1
281 468 12
129 248 1
29 221 16
490 326 11
292 10 13
187 290 11
191 430 19
325 183 10
171 150 11
382 321 18
181 376 5
145 413 10
349 131 20
346 85 11
344 210 11
421 88 6
127 360 11
193 58 3
221 459 19
248 412 19
41 498 14
376 161 13
271 426 6
299 48 10
219 278 13
9 103 14
289 212 2
267 306 17
375 351 9
297 350 7
453 173 9
431 110 20
336 180 10
425 436 4
58 394 11
201 74 12
177 461 1
71 335 10
162 194 2
21 465 17
26 341 15
151 36 8
342 130 9
193 223 11
290 366 5
142 495 3
319 96 6
71 477 18
354 122 16
433 327 19
476 309 8
437 365 5
61 30 18
105 281 16
392 368 9
443 302 5
168 102 8
320 265 20
342 126 4
173 358 12
351 315 5
120 47 4
401 294 3
218 371 2
213 349 16
71 390 12
395 406 13
255 184 1
140 353 15
201 246 12
187 87 12
479 52 13
457 180 18
239 326 2
133 475 9
204 172 1
336 9 12
220 299 4
237 318 15
137 213 8
130 459 5
476 189 4
484 221 9
393 185 14
25 205 3
198 423 16
358 112 15
430 410 16
422 163 8
25 276 6
175 408 15
146 145 4
186 15 19
333 297 9
152 468 12
140 263 7
159 81 9
214 271 8
163 110 19
257 202 11
402 302 20
251 369 15
195 209 12
294 63 17
492 8 11
1 269 14
406 179 19
62 286 17
245 143 12
300 262 15
499 67 7
71 428 11
21 48 15
164 125 17
143 206 10
227 280 15
32 434 14
181 387 6
251 383 6
299 86 15
246 273 12
283 492 20
47 271 2
148 261 18
319 472 16
239 497 9
332 129 11
464 218 4
382 178 18
450 322 2
182 472 14
180 345 9
342 38 17
451 270 18
35 117 4
437 342 12
395 269 6
343 318 5
13 128 12
367 291 16
469 436 20
362 326 9
267 122 7
159 75 7
60 54 4
166 169 3
270 188 18
144 476 1
315 437 12
43 114 3
277 32 15
378 372 1
464 373 12
286 408 17
48 390 17
481 207 11
47 234 19
348 498 11
110 176 9
279 206 3
102 17 15
211 389 19
28 265 19
227 355 13
184 468 18
34 104 6
474 250 8
396 245 17
423 383 2
222 480 16
405 14 3
347 363 3
319 334 11
461 466 8
210 316 4
288 397 6
459 103 10
114 196 14
241 469 4
82 88 12
86 340 9
476 176 6
497 57 2
484 203 13
476 64 2
249 42 6
182 4 15
196 283 16
157 145 7
2 187 17
260 449 16
106 96 19
233 229 11
487 45 2
152 275 20
254 306 14
246 3 14
434 55 11
242 257 10
378 61 14
223 22 5
27 370 4
366 405 19
176 2 13
408 179 4
157 274 17
383 169 8
256 57 1
31 248 5
352 413 9
345 90 19
191 330 3
306 288 3
216 126 20
83 29 2
291 225 8
302 2 13
436 402 6
368 150 18
184 370 2
66 128 2
1 440 4
19 371 6
52 260 16
224 281 7
305 295 20
65 9 3
328 391 13
487 125 11
298 366 2
361 68 9
113 34 10
352 332 17
287 131 5
475 167 1
2 199 19
3 487 6
154 237 19
256 20 10
287 468 15
245 406 11
119 229 13
183 382 13
228 159 8
183 61 8
15 112 1
180 162 5
181 330 14
306 1 9
27 165 18
18 436 5
395 352 8
229 419 6
55 101 11
249 100 2
282 337 18
4 412 16
442 6 15
91 295 14
196 109 7
322 234 2
70 228 9
397 206 2
219 254 11
170 137 15
110 427 8
202 269 11
52 422 8
185 67 11
443 107 12
376 47 18
130 283 18
395 360 17
149 119 9
433 495 12
424 355 4
124 59 8
319 477 6
327 441 17
186 89 5
123 182 10
35 102 16
465 298 8
187 341 17
122 222 20
317 199 14
323 413 11
372 232 15
23 271 14
223 437 13
289 158 14
448 460 12
208 176 2
265 343 16
214 192 7
461 206 7
364 482 7
480 128 11
295 322 20
219 405 13
121 86 14
166 340 1
176 236 19
349 214 5
494 461 13
292 321 9
139 397 18
488 89 20
37 374 10
426 445 2
76 334 16
434 482 14
127 38 16
246 347 17
1 295 12
154 333 9
223 298 12
99 111 8
500 163 12
393 133 20
140 333 9
312 208 12
194 166 7
128 162 16
55 243 17
95 112 12
407 425 8
419 154 11
123 6 8
381 203 2
218 110 4
176 202 12
496 89 7
483 391 3
156 423 18
117 213 2
143 95 12
107 195 17
82 313 9
413 400 2
236 494 11
72 262 3
245 35 7
7 115 19
469 99 2
297 411 13
306 101 12
150 407 18
287 424 19
413 82 9
483 23 6
449 447 1
334 107 9
277 201 8
433 256 10
211 475 20
446 148 20
346 216 9
475 346 19
459 186 13
423 252 17
498 307 12
428 178 7
164 354 18
449 440 6
257 150 7
56 184 12
38 441 11
403 311 12
266 248 6
66 358 11
150 122 17
486 469 3
402 212 13
315 203 18
493 42 20
416 319 11
381 272 13
433 221 13
445 175 17
97 159 2
376 43 2
437 417 15
406 409 15
291 46 19
188 74 17
63 152 3
139 448 7
476 221 12
155 480 3
461 441 17
33 409 18
350 336 4
443 23 2
421 133 1
247 69 12
66 219 8
341 326 1
284 357 4
43 178 18
50 67 19
227 225 13
284 444 9
24 82 12
189 277 9
238 178 8
204 36 2
478 34 14
100 256 17
116 491 1
413 355 16
331 87 17
431 373 7
393 471 9
197 236 19
300 155 14
159 204 14
39 24 16
403 14 3
44 157 2
387 9 13
400 492 9
385 405 12
372 279 13
416 232 6
108 364 18
20 135 7
270 327 9
330 446 9
102 83 11
277 482 9
255 57 5
335 4 1
220 113 2
217 228 14
405 400 10
280 26 9
455 352 11
484 244 15
248 176 20
67 107 6
297 267 9
408 17 15
6 449 5
500 214 19
465 455 14
71 287 2
211 279 7
78 147 17
224 202 12
183 341 5
54 476 10
130 281 3
144 184 10
454 219 16
247 223 19
389 282 19
248 215 13
177 115 8
330 189 1
99 48 10
476 121 10
408 253 8
140 1 7
50 18 20
463 283 6
220 377 16
385 77 14
92 278 10
449 351 13
154 186 5
14 349 15
23 239 4
362 314 10
13 49 10
15 334 1
97 381 15
487 397 10
449 375 14
297 137 18
62 331 2
365 376 13
426 207 10
291 408 20
6 413 20
36 85 19
114 150 1
500 141 7
422 447 6
108 413 1
451 347 13
369 306 7
491 166 13
40 214 20
324 68 12
169 138 20
151 499 11
101 208 12
352 107 4
474 196 13
406 442 7
456 17 13
378 321 8
101 11 4
283 496 3
101 388 10
451 18 7
453 26 15
132 52 14
444 277 8
396 305 7
5 113 12
244 232 12
141 43 10
11 296 5
7 189 7
489 312 2
180 225 18
486 4 15
352 92 17
486 410 10
456 40 9
23 207 16
87 376 13
274 170 1
84 407 13
305 45 3
456 84 20
20 74 3
201 270 13
357 120 3
339 139 4
365 336 3
5 36 17
493 71 8
49 212 5
239 100 20
58 496 15
366 290 7
75 212 19
289 65 1
302 395 17
433 187 20
305 161 17
432 75 20
399 300 10
264 383 13
180 125 11
96 375 1
139 51 19
40 366 2
407 359 19
265 201 17
99 457 18
357 179 8
405 90 16
300 282 13
48 369 3
455 131 9
238 193 12
207 493 16
88 208 7
487 20 11
271 71 18
472 416 9
64 272 19
235 188 18
211 379 17
59 189 7
395 249 18
460 260 15
484 397 19
46 59 10
500 302 16
410 446 8
337 364 2
197 289 10
242 342 5
305 157 13
288 438 18
152 388 13
115 294 15
49 166 9
333 443 3
432 258 7
410 377 2
340 89 13
175 421 11
73 316 13
156 160 14
251 402 13
213 391 9
223 270 15
365 176 14
109 440 8
304 90 7
463 360 17
117 403 8
302 419 9
417 278 4
321 367 19
21 417 20
456 58 8
14 252 3
433 269 12
92 152 11
445 406 8
405 296 13
14 347 5
388 458 19
195 113 20
87 352 1
167 170 20
70 41 7
327 161 4
414 460 20
67 391 11
91 291 7
323 246 20
131 232 8
208 122 16
422 304 2
189 197 20
208 48 16
117 333 17
96 13 12
215 277 7
394 459 20
23 128 18
253 28 10
141 56 17
388 429 4
160 196 1
184 343 13
76 401 7
55 231 16
21 143 9
200 404 4
52 470 7
393 345 8
57 383 14
422 282 19
279 254 4
121 414 8
168 403 13
137 267 2
281 12 6
28 10 1
282 23 3
314 451 6
440 49 14
174 478 16
381 171 18
345 383 5
336 244 17
384 458 4
245 188 3
226 76 14
22 282 12
490 157 5
129 302 7
297 499 7
372 472 19
242 305 2
258 179 11
363 222 16
77 25 16
171 195 6
369 24 3
5 371 8
411 104 1
191 116 15
344 385 3
229 155 20
418 368 13
313 158 7
483 202 16
108 335 5
53 209 13
23 125 14
286 458 4
473 235 14
308 433 20
20 107 11
392 61 13
392 438 4
488 230 20
437 397 17
129 222 13
439 116 15
315 440 11
16 200 6
106 85 11
353 214 4
272 139 7
215 338 7
143 126 16
196 65 5
227 337 13
230 416 4
130 456 9
398 262 14
95 493 9
305 427 19
431 157 19
115 138 12
364 408 18
465 51 20
386 470 12
381 185 5
419 223 17
10 80 19
367 347 11
468 258 18
143 455 2
20 102 14
270 138 17
326 172 13
475 359 1
440 347 18
240 223 11
73 369 2
428 254 16
221 475 16
205 294 20
377 247 12
99 47 12
473 158 8
18 65 2
476 174 16
324 439 6
151 52 3
89 116 11
352 223 10
323 230 2
446 265 14
314 47 3
187 471 18
280 50 2
269 194 5
124 372 2
236 9 16
21 419 10
410 478 9
342 329 19
250 370 5
397 11 7
397 451 19
237 354 10
70 199 15
150 143 1
75 338 19
179 479 10
261 441 8
206 256 10
317 265 10
462 255 11
73 209 12
280 101 12
405 136 16
439 103 10
261 38 13
477 110 12
78 146 15
324 85 17
370 32 5
55 358 3
369 444 3
269 359 19
162 413 6
163 315 13
471 178 15
358 46 2
163 292 10
388 240 15
399 358 1
488 8 13
12 357 10
78 478 1
180 82 6
16 155 19
429 343 14
240 236 6
275 259 15
290 355 19
133 143 2
287 435 5
176 12 17
69 385 11
316 413 6
482 202 20
417 472 9
178 279 10
255 378 15
7 121 12
216 428 4
155 363 9
381 491 16
257 173 18
455 18 8
397 216 20
356 277 18
162 276 6
331 74 10
396 155 8
59 101 9
153 72 1
46 88 12
86 346 13
260 493 17
71 13 11
290 304 20
292 479 10
78 130 3
206 254 5
144 415 20
164 373 13
359 108 8
321 319 5
232 392 3
162 487 20
7 378 15
106 102 19
367 87 1
451 283 7
311 483 12
91 87 18
460 265 16
386 269 17
42 152 16
477 439 10
62 22 15
438 158 13
372 430 19
172 428 14
145 233 17
308 449 6
168 272 7
358 87 15
370 179 3
254 342 11
490 414 15
354 313 15
226 178 3
276 484 19
123 170 18
218 483 2
367 278 17
252 291 18
239 316 14
148 194 3
333 302 1
340 350 3
291 333 12
468 356 12
464 125 15
8 232 20
65 261 6
3 290 19
125 108 20
231 366 4
376 371 1
266 74 10
392 462 3
291 277 14
288 68 11
128 184 8
251 427 15
128 335 20
393 252 20
372 238 15
417 170 2
354 104 2
484 256 6
304 30 18
423 44 15
41 459 8
117 172 14
26 461 9
449 496 10
73 152 15
339 221 13
159 112 2
382 233 18
215 95 11
141 245 3
490 142 3
86 130 2
282 84 16
71 425 13
33 51 6
14 162 15
300 121 1
456 315 8
325 233 17
433 415 18
309 228 5
148 153 5
158 112 13
27 459 1
293 416 7
315 293 4
160 387 10
462 329 4
88 76 6
134 98 12
275 334 16
39 291 4
199 33 15
93 49 6
380 259 1
204 354 4
5 11 15
216 24 4
27 268 15
94 228 18
65 16 1
122 279 8
114 73 9
285 219 13
498 268 4
310 112 11
283 265 2
257 471 18
324 343 11
278 243 6
494 396 20
371 287 10
282 198 5
366 102 18
27 417 12
288 65 17
35 208 11
439 152 18
195 451 16
19 408 19
404 256 14
259 27 13
11 367 5
354 423 18
301 435 2
366 116 16
228 276 12
62 255 1
423 259 18
4 114 17
220 163 17
326 474 19
469 115 4
461 194 11
346 215 16
482 437 20
441 151 13
130 269 3
495 20 4
180 47 7
393 491 17
161 114 5
407 129 12
75 283 6
377 189 13
177 379 20
51 429 13
257 98 17
302 112 7
206 89 13
52 304 10
256 100 19
400 433 7
205 35 12
322 48 3
80 181 10
290 392 10
441 341 20
457 1 9
391 437 14
101 309 14
212 241 14
190 353 18
39 85 20
359 246 2
387 254 20
384 261 3
33 325 11
102 33 15
303 86 17
397 119 7
4 269 18
213 372 20
80 322 14
469 416 6
399 357 12
152 89 14
255 49 12
26 325 9
242 193 5
419 494 3
285 246 15
340 99 4
253 178 20
130 46 6
61 78 13
338 10 13
486 374 9
389 3 17
323 135 6
250 314 4
24 488 6
495 13 14
245 274 18
310 260 12
21 375 16
450 21 13
485 466 14
286 485 19
333 215 3
127 188 3
142 322 15
126 342 5
246 215 3
90 144 16
310 332 15
354 10 12
450 113 12
407 128 7
322 23 5
455 489 2
62 376 15
253 215 11
276 245 4
286 470 19
134 22 16
474 65 8
276 385 3
368 360 10
356 270 18
98 57 12
56 200 12
470 326 1
19 226 16
498 15 1
396 425 7
81 209 13
250 479 6
461 365 3
108 315 16
212 125 16
213 82 5
451 36 5
152 213 11
325 103 7
43 285 1
304 264 10
233 269 5
288 126 11
100 443 10
474 220 8
459 29 6
422 319 11
440 382 13
161 140 18
159 52 7
450 132 5
63 476 5
2 374 19
201 268 15
415 105 2
166 112 17
209 174 7
62 27 8
141 151 9
114 486 7
197 151 7
115 485 10
480 100 15
37 455 7
142 493 20
144 120 16
443 400 10
25 363 5
442 211 8
281 191 18
183 393 3
245 70 13
71 498 13
258 462 14
28 77 16
490 280 12
443 139 10
385 354 3
211 176 18
473 371 17
70 421 1
228 168 14
181 140 14
257 337 5
278 200 7
409 187 20
290 150 15
109 308 11
385 431 19
447 204 1
150 346 7
93 202 1
245 497 13
112 336 19
323 8 2
215 374 9
336 97 16
211 372 19
280 442 9
92 199 1
391 485 2
105 92 2
311 370 11
403 46 10
287 414 15
247 353 18
110 423 8
404 283 13
26 101 16
73 385 17
129 64 10
240 375 17
329 440 11
93 271 2
221 431 12
371 151 3
410 93 10
373 407 10
372 314 16
135 150 14
256 1 1
317 330 13
266 359 11
218 34 18
422 168 9
349 210 17
335 15 3
283 3 7
461 389 8
474 319 7
392 463 8
416 48 15
22 206 5
223 431 10
181 188 18
39 280 15
309 356 11
80 350 16
313 140 6
99 423 8
418 344 11
496 37 20
192 74 10
226 495 10
70 125 3
310 258 9
349 288 16
395 91 10
375 61 20
191 25 18
18 201 12
80 37 14
147 260 6
93 385 2
213 112 20
5 385 17
7 371 12
190 334 14
190 228 11
235 212 20
11 188 3
151 12 14
250 459 3
200 354 7
6 499 15
328 416 7
8 277 8
12 10 19
399 444 6
486 219 10
174 179 13
38 419 10
433 205 1
124 115 12
136 343 1
341 350 7
192 200 18
313 373 15
327 483 14
138 434 2
239 306 12
282 361 5
220 344 16
426 54 6
25 386 12
159 389 2
350 41 12
262 250 14
399 181 16
226 369 6
239 202 2
48 4 14
155 8 6
8 195 17
63 376 12
329 321 3
112 419 11
494 376 12
235 403 15
310 228 17
218 260 6
393 340 15
49 174 3
42 327 6
103 487 14
479 382 14
269 3 14
259 349 2
226 293 12
377 280 1
472 478 7
42 133 3
64 22 8
443 69 18
335 120 17
488 250 1
112 173 3
114 26 16
460 219 8
452 392 12
97 300 13
352 469 5
5 216 11
93 292 17
494 126 11
187 135 6
459 392 13
46 461 16
278 52 7
167 11 19
127 29 7
87 301 1
254 460 20
458 37 20
111 93 6
376 117 20
159 233 17
153 415 2
342 150 3
470 277 4
93 213 2
392 88 15
308 222 18
419 453 3
13 158 5
298 81 16
81 105 18
303 398 13
459 128 7
331 131 20
312 470 20
58 385 6
63 301 16
228 232 10
9 124 2
84 186 6
267 73 13
254 37 14
209 328 11
443 465 4
280 303 7
167 166 9
122 404 8
51 133 9
457 414 17
142 71 16
396 254 8
260 143 3
466 421 13
97 196 3
435 450 10
408 4 6
370 392 19
481 281 10
265 444 12
463 299 19
53 154 15
97 316 15
497 347 1
421 473 3
386 199 19
370 220 18
398 150 11
45 448 19
127 391 14
274 355 8
60 184 15
90 370 11
93 239 14
62 448 8
146 279 1
61 44 17
352 436 16
464 32 4
415 114 16
352 380 20
389 360 8
224 310 11
359 308 6
145 336 3
494 21 5
459 208 6
313 395 12
14 211 13
323 369 9
58 245 19
308 340 18
409 394 4
431 210 7
217 489 15
316 315 17
227 222 19
125 156 6
52 263 19
291 308 4
348 495 7
201 416 15
288 384 15
434 321 18
443 158 4
272 221 6
304 157 9
120 25 1
347 226 9
479 146 3
404 107 8
208 427 8
234 359 11
459 351 17
59 2 11
391 245 5
157 257 6
239 154 3
111 348 18
484 295 16
159 340 13
291 184 13
284 111 11
290 384 8
239 129 13
104 64 9
285 143 19
100 386 5
462 207 8
454 339 5
295 15 20
421 15 2
164 258 18
96 476 20
3 266 14
466 327 9
366 234 9
40 237 1
430 400 17
383 346 14
310 184 1
187 316 16
131 438 15
471 287 10
431 319 19
52 382 3
317 69 8
466 63 5
248 183 6
209 354 8
219 53 16
165 454 1
235 270 15
196 274 13
87 101 6
144 241 1
336 429 14
90 213 13
99 132 7
182 275 7
115 377 7
202 96 4
451 96 2
278 195 12
83 183 12
431 388 19
279 127 16
87 425 1
285 104 1
145 173 19
187 125 10
296 198 10
442 261 19
310 130 13
497 79 4
243 459 1
184 67 12
15 332 19
268 406 7
326 76 9
336 47 15
115 306 12
371 101 19
251 344 10
343 451 19
79 319 19
176 195 4
385 214 1
76 20 5
401 113 5
473 482 6
144 223 5
279 229 16
444 64 9
100 298 6
464 471 18
216 333 19
143 117 19
420 279 15
61 59 6
403 194 1
2 179 7
481 330 14
384 388 15
168 120 10
384 221 18
430 467 17
361 36 3
431 468 19
231 279 7
74 482 16
422 466 14
444 374 15
479 449 10
195 326 9
92 251 4
55 98 6
402 442 3
233 48 18
134 287 10
233 226 13
374 79 20
292 339 9
407 264 15
365 78 9
23 208 3
147 161 7
37 484 4
155 158 3
137 354 20
331 260 9
438 105 6
308 189 20
411 468 4
340 479 13
198 20 11
228 262 8
149 326 13
156 194 18
234 216 5
53 406 6
180 500 16
311 351 3
352 237 18
268 169 14
69 315 12
355 122 11
417 239 5
62 466 10
451 307 16
68 492 19
474 104 5
90 4 19
76 325 13
138 225 17
247 354 10
14 443 20
296 305 3
332 145 8
429 59 8
231 227 18
376 156 3
380 402 16
186 51 1
13 44 6
63 113 20
71 126 13
495 179 12
280 246 20
253 247 9
283 13 11
491 303 18
1 318 16
116 265 11
266 407 5
352 218 20
413 74 4
52 411 16
56 76 7
246 213 18
496 23 18
387 415 14
490 113 5
82 430 16
17 250 11
494 164 1
140 381 14
163 269 9
139 5 10
466 19 8
309 338 6
391 48 18
367 2 9
286 21 17
105 27 20
23 153 8
3 429 9
416 465 8
495 151 7
75 157 11
346 272 12
261 298 2
98 430 8
178 121 16
474 318 15
414 324 11
70 336 11
293 367 1
445 63 11
377 144 18
175 20 16
477 286 17
79 137 11
265 380 4
359 81 1
201 375 6
7 336 15
18 333 13
72 163 10
281 490 10
110 184 13
193 217 12
358 286 6
456 310 18
470 359 13
177 449 20
56 155 3
191 226 11
60 166 17
341 194 19
64 375 9
269 234 12
83 228 2
321 472 3
454 245 20
380 439 9
336 291 15
297 351 11
182 162 5
450 71 9
147 224 19
121 218 8
412 249 3
167 195 9
192 418 8
119 60 18
112 45 17
335 37 7
155 322 6
447 282 5
333 398 12
481 414 17
85 106 15
424 27 9
356 415 12
199 258 7
406 436 10
111 375 9
297 110 11
261 55 2
343 403 13
277 341 15
242 124 20
390 94 7
200 139 5
99 51 5
183 18 1
423 279 15
39 54 14
387 177 15
203 37 17
26 351 3
199 361 9
45 411 14
264 358 4
442 224 17
346 44 11
172 323 2
459 205 16
12 128 19
75 88 16
4 113 7
27 293 4
111 449 2
219 256 13
416 29 5
148 19 11
356 467 10
451 129 8
201 285 3
369 258 12
311 350 18
167 120 6
218 20 7
168 325 9
347 18 8
4 377 4
123 53 5
427 201 17
334 404 15
205 420 10
111 316 10
319 41 5
280 81 14
223 398 4
455 236 20
347 358 14
23 284 10
278 434 16
419 68 17
65 121 1
291 335 8
2 201 6
201 59 12
312 369 16
402 314 5
344 498 15
153 149 19
363 452 12
238 412 8
157 218 2
433 339 3
495 351 9
315 157 7
152 260 12
9 236 7
246 299 11
126 435 3
48 485 3
258 345 2
338 411 10
331 397 19
238 79 1
225 450 15
75 398 1
335 497 19
47 111 16
52 2 12
147 162 7
449 16 7
10 189 20
52 77 2
281 45 7
384 117 19
425 108 2
85 270 8
290 398 15
149 490 9
415 439 10
127 462 17
479 78 10
105 137 16
393 187 16
132 155 4
153 407 1
491 277 4
413 293 5
479 482 13
365 375 14
489 304 1
443 210 1
74 200 15
386 231 17
137 393 5
250 222 6
51 361 9
28 123 11
57 347 1
318 67 4
413 124 13
317 415 14
158 169 12
38 112 10
280 145 3
112 177 20
105 8 7
291 32 12
491 201 13
362 27 12
76 413 4
477 18 16
281 159 8
358 423 16
5 217 13
206 320 3
451 140 15
167 359 13
149 498 16
401 427 1
440 391 11
338 45 3
394 484 17
360 197 19
173 19 6
430 461 18
269 277 13
83 380 11
185 379 3
492 331 2
258 173 13
323 27 13
196 168 8
11 225 7
170 436 20
403 187 12
326 268 10
269 307 18
16 167 4
59 95 2
446 308 12
414 469 6
56 102 15
148 119 13
17 351 1
291 181 12
84 204 19
375 252 12
233 394 17
287 443 19
376 269 14
375 442 6
187 73 19
36 112 10
166 118 6
490 123 9
169 239 2
130 423 4
2 32 8
352 423 17
418 166 19
31 364 2
250 366 6
30 88 15
295 210 11
155 434 4
90 274 7
469 130 19
358 75 14
442 96 5
347 179 4
370 115 14
459 2 4
182 187 16
431 423 2
414 187 11
325 182 18
130 62 6
377 238 4
274 394 2
387 63 20
215 88 1
107 412 19
485 19 3
109 136 8
434 13 8
373 387 14
90 135 19
201 359 15
466 60 4
378 129 3
394 65 6
24 64 13
468 43 17
44 368 14
185 440 13
279 96 17
335 406 4
463 481 11
63 289 17
151 369 10
283 18 11
357 305 17
112 128 6
37 81 5
33 115 11
456 311 15
269 182 10
297 118 19
352 419 4
104 43 13
431 125 18
242 349 5
314 345 16
28 237 1
350 496 5
177 142 6
200 278 5
90 183 19
339 17 10
16 60 19
429 78 13
359 325 7
267 373 15
296 118 11
60 213 3
106 110 9
166 56 12
467 482 12
322 30 6
358 329 11
88 137 11
473 294 8
212 215 12
201 16 3
111 411 11
365 165 12
14 146 14
457 459 4
180 155 15
97 453 19
40 72 3
85 448 13
245 178 1
308 500 10
183 488 14
418 88 11
350 167 14
352 500 1
46 139 12
137 454 16
262 272 7
111 130 10
62 156 20
388 235 5
281 231 15
157 37 13
432 137 9
354 97 16
2 467 20
220 121 7
15 380 10
158 476 14
495 462 6
452 241 11
455 386 18
109 114 5
302 466 14
311 441 4
48 460 18
229 289 14
192 335 15
184 307 13
402 71 4
23 266 4
500 370 13
184 272 9
422 435 4
95 42 12
239 147 12
375 43 4
17 23 20
250 269 8
102 216 6
17 494 17
476 497 9
64 118 15
57 446 10
391 288 12
103 469 2
485 416 10
238 23 20
410 471 9
193 314 18
28 270 2
357 334 2
360 167 14
133 430 15
459 34 7
49 192 7
124 137 14
315 390 11
87 482 16
135 91 11
443 387 20
212 383 3
114 434 6
80 401 5
257 105 8
293 303 20
114 132 5
354 205 18
289 245 3
32 298 1
135 245 1
342 376 11
401 405 9
279 423 16
281 429 16
430 469 13
463 339 19
98 344 8
15 147 11
137 442 7
40 500 19
235 209 13
462 67 3
160 202 5
481 107 16
50 92 8
485 387 16
210 257 14
135 420 19
478 184 2
466 471 20
230 201 19
101 83 11
313 88 15
349 359 5
308 385 20
196 144 16
140 323 7
459 36 13
102 336 18
327 337 19
234 261 5
321 416 7
33 178 5
402 319 19
46 384 10
238 482 14
421 354 14
246 40 6
39 175 20
424 344 12
47 479 2
221 394 5
66 26 8
39 252 5
97 199 4
49 354 8
356 182 8
460 340 9
281 369 17
86 282 12
390 412 19
187 95 3
101 384 5
65 491 7
391 133 10
192 385 1
387 421 3
344 70 14
217 241 2
296 124 10
297 238 1
461 227 14
198 103 18
460 362 7
43 257 14
239 296 9
108 459 9
48 20 20
53 137 9
289 386 7
218 433 18
246 135 6
59 230 4
423 121 2
130 95 9
482 2 7
217 413 10
228 342 3
94 493 15
192 311 2
390 196 3
45 179 2
68 299 1
70 72 8
259 292 17
67 238 16
479 212 15
55 205 9
206 138 2
7 317 11
301 419 8
64 52 16
135 38 12
467 105 15
242 255 20
460 93 11
94 223 3
133 242 8
18 7 8
218 294 15
184 220 9
462 396 12
236 382 18
31 371 2
147 122 18
477 404 16
62 364 5
90 284 16
340 299 10
358 420 12
358 78 16
139 253 5
492 140 12
460 46 1
392 139 15
37 436 11
79 408 17
214 283 8
242 500 12
331 461 11
486 462 8
114 423 17
242 256 4
350 425 1
302 31 19
233 324 14
418 497 11
464 239 14
391 307 2
358 383 6
305 25 5
298 435 11
487 396 4
270 454 2
354 38 18
243 351 4
493 498 15
234 29 5
326 488 15
182 358 12
295 378 15
353 464 9
238 201 20
110 20 14
173 84 18
472 199 5
383 54 10
475 21 20
213 384 9
77 39 8
146 111 17
369 390 15
440 388 19
436 187 16
93 363 17
344 277 8
116 487 16
482 222 10
360 117 16
250 18 5
232 323 11
248 191 6
39 303 17
317 222 15
369 423 19
333 275 1
359 204 14
241 5 5
454 25 12
459 333 6
389 267 6
187 29 9
199 309 11
331 310 17
425 214 2
57 397 16
372 43 10
35 210 10
335 461 5
267 372 6
172 240 1
35 421 4
397 158 10
206 376 11
424 98 15
297 64 16
122 81 11
78 357 3
234 389 11
71 64 17
317 125 11
28 129 19
298 403 2
52 168 1
458 63 15
486 159 3
309 184 17
371 159 7
73 273 8
339 145 17
411 77 20
241 38 4
2 229 13
178 241 5
107 369 9
5 155 14
474 121 3
496 331 2
78 196 5
318 497 11
457 54 17
168 122 6
238 51 10
63 350 14
192 126 10
14 456 19
117 272 4
311 315 3
425 409 6
108 52 19
15 44 15
487 80 5
219 492 15
273 391 17
327 366 1
102 74 7
347 235 2
106 15 2
388 474 20
355 73 17
161 340 7
124 216 11
133 177 9
110 315 6
209 244 20
258 23 17
64 156 4
434 81 16
35 109 12
158 321 18
431 162 13
330 289 2
381 68 19
48 96 9
122 216 14
201 154 5
309 486 10
471 497 11
495 303 12
136 478 15
275 171 8
125 257 6
219 89 1
362 132 14
48 330 20
55 453 16
189 42 9
451 195 3
429 412 10
494 329 12
143 467 15
213 239 1
285 189 10
320 482 9
318 91 16
465 446 18
483 371 11
423 361 10
479 251 2
85 233 13
312 224 5
466 67 8
108 437 11
138 334 9
457 261 12
111 273 14
130 382 17
297 56 13
429 210 19
296 172 2
45 130 10
297 215 4
263 214 9
440 459 5
289 375 5
300 431 8
34 48 16
89 383 18
490 224 1
463 125 19
217 25 2
296 248 8
357 475 5
110 487 13
35 76 14
464 123 15
439 122 20
264 388 16
448 243 11
88 361 14
277 120 4
63 413 18
162 88 18
169 295 3
107 293 6
131 169 3
173 20 13
51 274 10
21 46 11
245 95 1
400 81 18
21 344 6
430 398 11
483 85 13
338 480 20
307 356 3
3 116 9
35 178 10
487 224 3
56 16 14
101 293 14
4 188 3
344 160 1
480 10 12
200 411 20
326 31 14
418 10 6
193 144 20
481 176 3
145 61 2
340 132 3
44 426 16
144 339 6
175 94 7
125 318 4
342 258 3
264 219 8
146 316 5
39 346 16
187 164 18
173 35 10
233 266 14
415 349 15
391 62 10
203 132 7
439 461 17
171 51 15
192 358 15
68 291 20
4 211 5
104 217 7
156 295 11
180 204 4
365 120 4
148 284 1
253 24 2
380 463 6
114 448 17
200 230 10
288 216 18
425 471 11
383 308 12
144 474 19
444 223 16
383 77 7
163 376 16
358 431 13
326 88 9
73 218 4
112 403 15
270 174 4
249 487 2
293 237 20
273 409 17
465 447 12
498 466 7
85 162 12
91 488 5
118 424 15
176 297 2
383 105 9
410 57 8
298 391 17
381 384 9
264 216 9
16 458 7
77 436 13
42 433 4
112 445 9
221 136 19
195 416 16
265 124 13
254 118 20
163 2 20
66 176 11
239 1 16
403 254 15
105 315 3
403 65 4
413 201 20
455 353 5
61 255 2
135 119 19
22 133 6
423 110 10
288 87 13
82 480 7
317 244 1
322 494 7
26 117 14
449 35 12
274 23 15
189 80 1
244 84 18
339 19 9
374 288 2
31 39 5
51 370 2
277 156 12
259 316 10
305 41 16
338 163 5
105 204 1
214 316 18
486 165 3
187 444 20
366 10 9
272 67 13
492 106 20
491 60 10
267 288 13
402 175 5
401 300 17
297 473 20
44 399 15
139 487 1
213 49 6
60 255 3
298 317 15
389 70 4
156 19 10
133 322 12
21 81 7
32 99 5
194 64 6
301 416 7
270 439 9
18 153 11
326 250 10
99 360 13
435 172 11
65 21 17
201 279 20
265 420 3
467 86 8
245 316 3
232 73 10
196 361 2
216 307 13
290 371 8
324 486 16
399 86 11
54 136 19
130 126 2
262 96 4
246 398 20
143 106 1
476 3 16
89 356 10
89 415 10
333 214 7
168 163 10
322 136 18
193 55 3
477 368 19
64 401 12
255 73 17
399 162 7
259 499 20
491 243 15
340 377 4
69 33 15
185 353 3
418 37 2
254 123 14
365 291 8
266 276 9
452 328 12
285 490 6
97 83 14
71 410 10
390 287 7
231 399 5
105 263 11
275 57 18
121 126 17
354 29 9
436 217 11
5 442 10
272 387 3
110 45 18
17 290 20
423 475 2
485 279 20
414 268 19
371 142 17
491 497 4
87 377 1
149 2 5
78 385 6
294 356 17
151 368 8
323 483 1
198 5 15
292 195 1
351 28 13
153 421 6
337 16 15
279 195 4
337 96 8
316 375 5
70 9 1
368 389 14
142 408 3
412 352 7
456 1 19
253 131 14
123 3 5
344 365 2
109 244 15
143 480 10
225 168 1
53 240 11
157 50 15
325 32 19
2 407 15
204 344 3
453 411 8
82 107 15
287 67 17
366 463 10
86 403 18
375 395 10
323 167 13
320 248 7
379 76 3
466 270 5
333 136 15
290 314 5
438 369 20
254 62 13
190 42 1
313 446 20
389 484 2
50 238 12
278 191 9
195 335 9
243 451 2
317 327 3
34 416 5
128 320 2
147 246 1
162 489 15
178 186 6
118 111 11
296 493 2
125 219 13
282 475 3
46 494 11
266 11 17
148 382 13
112 238 6
353 219 13
242 25 16
98 255 17
38 24 8
469 476 5
273 490 8
315 41 12
455 432 8
479 128 15
165 38 5
60 238 2
461 161 8
404 127 18
279 59 1
32 270 14
139 193 17
251 182 10
174 456 16
298 1 2
292 489 2
20 359 17
149 466 7
236 360 13
278 119 16
118 312 10
476 168 5
367 40 12
367 53 16
71 211 17
467 221 5
317 154 9
32 340 8
262 227 9
136 205 4
40 456 14
69 287 6
93 180 1
106 393 7
222 366 3
265 113 11
412 298 5
117 166 4
191 174 2
128 394 16
372 483 14
363 453 1
444 345 5
248 297 17
153 121 7
447 117 7
59 129 19
170 110 3
388 401 7
90 94 17
169 18 14
481 120 9
6 214 12
10 240 2
225 307 17
419 167 15
64 292 16
63 326 20
146 14 12
78 241 3
333 458 20
58 364 1
92 245 17
391 499 13
279 399 18
23 32 5
461 135 20
125 269 4
439 259 11
368 165 5
336 341 5
457 203 10
262 430 11
2 237 14
448 217 6
440 201 11
125 313 16
429 318 7
238 144 14
72 250 15
91 238 16
411 481 9
234 431 14
70 161 17
44 331 8
412 243 4
404 261 6
217 354 17
103 374 9
347 352 11
436 309 17
103 33 2
31 193 2
230 99 12
50 489 5
319 176 18
399 222 9
396 196 7
402 410 20
156 140 6
136 4 6
450 185 20
314 443 7
123 348 1
410 379 5
192 454 5
429 342 4
472 143 13
251 320 14
345 262 12
171 180 3
472 422 1
352 154 7
17 364 1
333 384 5
110 256 12
68 337 8
241 413 14
111 162 19
457 441 16
209 398 8
455 151 11
362 159 16
97 46 6
71 97 17
26 76 13
211 225 11
62 15 15
498 202 19
247 345 3
23 413 8
243 228 8
193 251 5
172 316 19
493 465 8
173 6 3
22 384 9
374 43 16
332 205 16
171 145 5
273 84 17
66 495 3
156 8 20
274 176 18
43 131 18
279 123 14
323 14 1
497 185 13
203 142 4
315 427 3
246 340 19
364 157 3
478 109 8
46 90 11
468 238 4
231 281 9
360 71 17
195 257 14
122 116 2
95 486 4
433 178 7
49 144 20
375 413 5
53 200 3
330 454 20
310 234 17
316 270 4
150 121 3
140 332 16
406 124 1
295 107 7
67 479 6
77 152 11
96 345 10
256 315 4
127 157 6
252 425 20
242 212 6
134 298 7
123 155 16
406 67 18
21 286 11
162 74 18
412 162 5
347 170 17
329 58 17
490 213 13
487 70 13
296 133 15
132 38 13
112 77 7
206 42 6
438 287 2
60 387 16
223 74 8
230 418 11
54 128 10
198 148 16
222 74 7
220 286 17
277 385 3
325 422 1
24 225 19
160 233 11
52 247 13
293 372 4
271 84 17
396 40 17
171 75 1
500 18 5
22 142 17
254 138 20
298 156 12
430 414 9
25 41 5
263 181 15
298 225 11
340 139 13
43 434 11
478 482 16
19 105 9
259 257 10
475 493 3
281 318 10
15 260 13
343 39 4
320 323 3
345 91 4
254 202 17
182 109 6
393 331 2
338 323 14
154 292 18
256 371 1
6 157 14
132 47 13
414 65 1
208 375 1
220 137 12
247 340 10
457 187 15
159 390 16
131 247 17
354 212 9
326 20 9
456 48 8
125 207 15
141 482 1
365 77 16
497 223 7
317 12 18
191 214 11
360 159 7
312 485 2
440 401 16
131 356 5
286 122 18
466 152 12
293 423 10
175 453 3
9 336 19
87 416 13
412 499 5
310 178 19
26 60 14
110 242 10
316 408 8
343 274 12
416 377 2
91 461 8
279 268 9
394 349 18
119 359 14
24 479 12
323 16 16
462 46 11
269 158 10
160 256 18
383 302 1
477 320 15
301 233 16
246 136 8
230 170 9
413 280 16
34 120 9
213 251 14
367 379 10
365 458 1
356 87 1
239 348 9
118 303 8
329 64 5
398 179 13
82 389 4
109 481 18
165 391 14
442 471 11
361 364 7
398 458 13
327 489 2
211 110 18
7 301 10
473 257 7
67 454 20
484 440 12
341 215 18
435 360 2
435 243 4
405 1 14
459 248 14
336 40 20
160 435 15
35 205 5
236 396 1
305 399 19
206 201 7
413 279 6
158 92 17
160 456 9
382 439 9
183 426 19
397 340 9
194 58 9
325 166 2
66 348 4
51 410 4
2 118 10
233 443 17
101 233 20
293 147 3
462 183 13
486 315 14
158 259 19
382 208 20
331 412 19
157 204 19
367 21 6
446 5 14
54 75 13
472 39 7
321 255 1
185 12 18
482 240 4
424 455 15
48 236 20
335 170 9
347 375 19
121 441 3
380 341 15
376 360 17
163 180 20
410 237 13
216 176 3
372 205 6
475 500 11
309 335 13
304 240 6
60 104 17
336 172 20
24 11 11
127 90 17
138 267 13
248 418 6
305 307 14
348 380 17
370 102 14
234 184 16
480 267 8
440 307 5
225 201 4
260 327 14
222 36 4
294 254 8
265 210 7
168 17 1
492 136 14
20 45 1
409 117 7
198 299 17
252 272 16
211 492 14
283 17 5
487 67 8
337 382 20
62 84 12
445 58 9
50 117 20
95 181 13
268 444 11
12 269 18
325 20 15
122 199 16
226 258 16
95 44 6
33 235 18
315 347 17
13 125 2
392 191 11
147 445 19
123 28 17
209 134 4
345 66 13
500 222 15
475 255 3
53 191 19
51 308 10
139 164 9
495 144 19
84 368 14
80 318 16
342 440 12
98 48 8
290 149 20
373 428 2
182 293 3
463 411 12
462 102 1
396 493 8
6 125 11
328 332 11
362 26 10
70 290 17
29 99 11
421 113 2
61 448 15
100 9 12
127 494 8
135 11 8
403 302 15
309 298 10
25 44 10
43 391 20
265 435 14
225 14 17
51 283 15
45 104 1
21 297 14
430 290 16
359 207 18
355 58 10
232 40 4
416 40 9
51 81 7
242 75 16
7 105 1
401 335 13
373 166 10
170 48 9
300 87 4
105 88 15
34 69 7
349 422 16
283 216 16
422 89 5
102 359 8
392 51 20
3 454 2
240 92 4
493 324 8
332 413 18
286 371 6
76 193 12
338 211 14
399 159 13
252 324 15
141 195 8
36 467 13
361 117 11
212 59 3
353 310 3
490 30 14
176 121 1
207 271 6
219 136 8
184 432 2
272 287 13
164 290 11
319 330 10
382 272 11
195 140 15
242 44 4
94 71 13
233 495 11
220 15 5
225 296 14
471 308 18
204 276 7
157 209 11
76 73 13
7 215 14
341 347 17
426 28 12
57 64 11
28 312 1
73 81 19
296 443 6
281 18 16
86 99 16
62 477 18
216 14 10
83 252 13
339 264 6
268 66 4
263 97 19
298 416 4
434 441 3
365 266 13
15 495 20
69 113 9
351 122 16
80 66 12
122 452 17
203 208 8
317 196 8
466 250 14
283 2 10
352 131 11
4 390 1
371 428 16
478 159 7
314 275 16
64 242 14
42 215 1
335 374 7
260 324 15
108 343 10
95 45 10
97 448 14
139 112 15
118 470 11
321 13 11
34 195 19
53 158 7
270 199 17
475 376 16
102 37 16
449 178 15
256 323 19
299 421 16
230 97 6
213 156 14
207 176 11
4 246 1
407 108 9
265 167 6
307 311 5
384 179 18
317 474 19
300 39 11
443 297 5
274 59 20
493 115 12
258 25 7
217 222 13
36 397 16
310 224 2
258 15 11
352 10 18
353 188 3
15 259 10
238 254 7
184 158 10
207 41 15
479 199 12
496 116 3
67 377 6
335 135 12
282 338 9
414 352 18
318 52 14
140 170 14
90 434 6
327 498 4
467 455 15
395 212 15
175 131 2
192 284 2
32 272 10
360 35 12
106 36 13
415 59 5
276 314 8
255 486 10
481 175 11
112 51 8
439 446 10
497 63 8
479 198 20
324 403 14
235 346 2
364 273 3
272 252 13
453 202 8
265 450 4
338 291 3
233 183 20
468 351 15
264 193 2
401 463 14
115 29 18
405 245 3
276 335 5
185 270 6
153 267 12
156 261 19
459 228 9
252 414 3
22 245 13
67 15 6
83 327 8
222 149 20
140 467 17
485 296 16
319 335 4
7 241 6
293 217 2
366 333 12
216 285 4
77 217 1
302 151 8
362 398 18
405 360 16
213 22 8
347 243 10
210 192 13
27 316 10
480 280 11
36 197 19
12 65 20
470 329 6
63 368 14
315 42 9
179 40 6
51 412 16
341 214 13
247 202 14
175 363 10
94 345 17
102 289 20
305 236 19
81 468 1
410 366 11
37 169 1
36 386 5
393 349 20
105 179 16
149 366 20
485 442 20
84 50 3
205 193 10
121 170 20
283 152 20
240 298 10
10 29 3
164 60 13
230 395 16
60 3 11
81 246 15
483 348 12
34 444 6
198 255 5
290 103 4
86 398 8
240 79 2
205 80 14
305 50 16
419 36 8
35 134 18
239 371 20
66 65 7
260 144 1
217 292 14
73 329 16
230 390 17
180 267 7
466 221 20
382 293 9
459 408 18
411 280 9
252 213 9
416 196 5
298 321 8
342 14 3
274 456 10
59 430 5
316 65 13
71 286 5
77 423 8
120 54 9
75 1 14
37 476 19
159 393 2
128 488 1
208 448 10
168 306 1
329 6 14
272 83 1
168 323 5
12 194 12
262 276 9
151 446 2
139 311 16
248 221 6
71 329 8
37 174 5
342 424 19
349 111 18
277 446 9
406 226 19
474 39 10
460 81 11
315 169 1
252 349 17
316 330 1
382 164 8
166 100 14
213 69 3
325 243 17
158 247 10
466 449 10
94 19 11
61 244 9
209 185 10
235 324 1
207 424 1
399 325 8
348 139 6
186 240 20
445 269 12
23 490 1
211 373 3
390 319 7
275 92 7
200 341 8
232 122 17
125 359 14
467 210 14
51 10 2
86 267 17
126 222 2
72 30 6
82 185 13
332 372 20
258 87 2
226 99 8
480 137 15
397 84 17
222 472 14
499 25 1
377 7 7
312 66 5
308 141 6
118 47 18
211 311 16
257 300 17
454 352 9
162 476 18
205 110 14
401 86 10
479 256 10
384 416 18
276 434 8
76 379 5
495 172 18
51 153 17
393 476 5
214 450 6
286 50 9
368 248 6
400 298 18
86 184 16
498 428 9
205 400 4
363 260 13
459 399 10
252 83 18
213 197 20
233 190 11
152 121 5
339 343 12
139 150 1
128 454 14
372 341 7
380 7 14
195 171 6
199 313 19
234 18 16
106 19 4
326 26 3
12 35 16
500 406 2
13 326 14
467 216 15
53 44 18
400 331 16
356 286 16
196 131 3
165 181 9
106 443 2
349 348 2
50 33 17
30 358 7
297 185 18
495 70 6
353 474 16
180 239 1
368 266 16
92 194 15
91 310 15
42 285 19
31 270 16
16 263 4
25 411 20
156 26 10
392 124 9
245 420 11
50 164 7
399 453 10
491 414 6
403 160 16
500 466 9
144 429 4
130 447 19
349 70 5
219 173 4
425 70 1
245 389 19
13 303 16
389 162 8
57 417 14
185 23 13
428 401 8
392 54 4
350 487 1
156 238 1
245 131 14
433 120 18
252 477 18
101 316 10
399 318 11
300 218 12
299 309 17
356 63 6
23 98 7
216 99 11
466 108 9
276 1 14
306 440 6
434 451 7
50 128 6
310 321 20
315 66 3
193 4 14
47 165 20
172 422 17
295 318 12
331 97 6
401 456 18
63 422 3
110 297 2
141 424 11
219 11 2
112 451 15
352 395 1
14 55 14
359 361 1
65 3 14
253 367 4
415 27 11
69 491 16
110 186 10
219 240 11
45 184 19
223 427 15
218 62 6
215 270 11
365 467 15
278 488 5
84 467 11
472 103 7
144 107 9
255 11 8
190 411 7
149 474 5
49 14 8
458 439 3
120 275 8
100 487 18
247 112 14
23 342 1
462 97 16
264 246 19
380 461 9
36 129 15
246 23 20
484 357 10
7 390 12
258 264 15
344 183 15
231 465 7
472 377 3
20 14 19
404 483 6
221 209 3
134 241 1
226 392 6
425 118 14
451 128 6
196 125 16
359 150 9
390 375 12
277 284 19
127 266 8
7 143 17
353 326 6
366 157 13
176 493 1
71 323 2
420 196 10
128 104 7
245 199 4
89 53 8
335 460 6
338 431 17
434 158 4
339 400 10
123 77 18
436 400 15
41 175 11
388 79 20
120 324 16
463 158 9
247 276 12
316 481 18
76 92 3
375 125 15
413 219 9
18 13 18
247 90 17
337 3 2
298 109 2
413 427 15
369 352 8
452 67 19
281 210 9
377 196 11
290 136 2
243 407 2
338 469 4
133 482 2
119 433 9
369 5 10
145 270 20
169 328 11
221 31 14
235 342 10
54 474 15
80 21 5
203 265 14
484 379 19
152 386 18
181 284 10
470 57 5
381 471 1
393 236 7
334 111 9
269 396 8
79 431 2
308 42 4
130 172 6
417 141 4
489 441 18
357 335 8
363 150 5
389 82 18
2 330 5
379 252 4
330 436 3
148 66 18
438 479 2
41 406 14
433 326 1
403 318 16
371 160 2
427 466 9
462 439 6
57 173 8
49 78 1
395 498 12
428 247 17
264 288 9
127 96 9
469 275 12
295 354 6
463 454 7
306 231 7
96 439 20
1 447 17
270 264 9
44 454 9
480 378 2
296 426 2
329 351 18
129 201 6
200 269 4
8 107 20
206 384 17
83 272 20
310 197 14
495 476 19
60 94 14
264 163 10
353 151 4
377 46 17
460 57 13
226 419 20
432 17 14
196 457 16
52 434 20
420 199 4
199 396 17
206 238 20
403 114 13
160 1 2
194 1 5
118 284 9
33 42 17
392 229 18
111 429 5
401 231 6
167 497 15
344 298 6
279 352 2
25 313 15
46 144 20
64 301 20
95 105 6
248 144 4
228 79 1
485 447 14
232 411 14
248 500 3
357 185 2
211 498 18
121 380 11
132 104 7
95 271 6
289 205 19
283 270 13
88 296 18
362 251 5
187 357 17
15 223 14
57 345 12
213 414 13
268 414 12
235 189 4
112 258 17
130 93 18
422 297 17
348 432 2
244 300 18
309 319 16
89 52 7
366 109 6
214 499 12
338 423 13
102 442 1
133 188 15
263 48 2
127 326 13
476 224 14
421 309 19
262 80 12
87 404 1
387 457 17
190 271 15
41 209 10
285 492 7
484 451 14
390 80 10
262 308 16
395 463 3
34 284 9
362 149 2
119 380 20
266 472 1
347 470 2
18 434 15
498 92 16
481 463 15
475 136 5
178 144 19
142 410 12
387 83 10
455 240 12
397 40 18
413 396 17
97 149 8
9 178 11
463 334 13
382 409 6
414 461 20
193 316 3
101 205 12
358 380 20
147 297 14
248 65 12
449 229 6
454 229 14
153 309 18
277 206 6
374 90 19
176 139 11
485 37 1
351 74 14
49 336 20
67 249 7
278 312 1
398 386 7
296 355 20
295 444 2
28 471 10
416 235 14
47 346 11
71 366 19
332 141 16
356 406 18
352 145 6
216 222 8
361 350 13
387 107 2
489 62 10
437 146 8
332 68 18
285 204 18
144 290 16
408 60 13
1 297 5
91 197 18
247 7 11
49 247 17
65 495 16
105 437 11
22 171 1
357 306 18
69 128 9
109 15 11
69 95 10
37 119 8
318 407 19
252 132 3
54 268 2
359 438 18
204 198 18
354 348 7
316 246 10
466 32 6
57 313 20
405 383 20
374 422 14
409 362 16
475 275 16
430 90 20
102 88 18
289 14 20
379 372 14
292 476 19
427 128 7
342 199 5
207 144 11
468 285 17
107 175 5
53 31 10
119 405 17
33 238 12
494 298 9
456 4 16
51 57 17
180 401 14
462 161 7
273 73 13
105 354 17
90 280 3
139 335 19
44 175 16
258 374 13
153 230 1
223 220 7
32 79 13
37 234 19
283 162 3
497 121 2
216 478 19
327 4 3
471 158 18
417 121 19
127 490 4
274 31 17
250 261 6
154 448 7
222 435 20
325 493 16
345 324 10
102 317 17
97 430 16
234 266 8
410 333 4
497 431 20
163 150 7
407 372 14
434 285 16
250 379 1
181 337 17
70 19 17
404 250 6
17 111 13
416 126 17
210 320 14
493 380 20
199 288 18
300 44 11
233 417 7
376 374 1
472 106 6
459 77 19
204 368 12
396 302 2
108 336 6
28 105 18
87 24 20
103 228 13
195 144 3
143 483 14
196 495 18
14 366 2
30 424 6
463 211 20
312 227 16
401 244 18
210 263 1
122 375 15
76 198 3
240 466 19
200 70 11
5 321 20
63 136 9
341 476 5
177 228 19
238 148 14
27 175 9
253 414 16
392 157 18
392 184 5
373 152 5
79 393 17
372 376 4
378 463 19
256 208 7
143 399 5
271 453 12
313 301 6
82 91 2
3 178 1
200 492 14
484 420 10
6 19 17
260 100 7
462 8 19
18 158 10
321 433 4
225 499 17
136 222 11
339 146 5
237 116 19
242 26 5
210 351 12
138 390 17
112 220 16
497 404 14
104 86 14
368 411 13
353 144 12
137 182 7
453 123 4
150 469 19
53 74 19
297 13 9
218 232 8
374 201 16
234 87 15
133 454 1
348 414 14
128 491 4
299 302 6
195 136 20
116 278 11
29 385 9
189 272 2
169 8 18
159 308 20
386 483 13
331 96 8
66 25 16
206 400 8
338 286 8
253 492 13
80 60 9
268 371 20
144 185 9
15 166 11
315 377 1
480 322 14
4 31 19
205 445 8
440 66 5
72 325 5
218 406 16
476 304 13
308 214 19
79 294 7
133 407 7
258 483 12
428 409 17
301 103 1
409 385 17
352 412 8
91 239 8
29 296 8
374 492 10
460 489 3
451 75 2
316 446 10
375 292 11
51 481 6
185 248 20
16 469 20
209 36 1
22 196 20
479 151 14
337 447 8
303 415 11
297 293 16
76 142 5
127 358 11
233 43 10
435 447 4
90 330 18
3 82 18
232 206 18
106 488 2
171 462 17
372 296 19
167 53 13
17 21 1
58 326 12
349 279 6
191 374 7
410 69 10
174 87 4
242 47 5
448 314 15
257 366 19
156 497 17
395 393 9
331 399 18
259 85 1
16 232 5
390 152 18
340 302 3
331 441 11
225 297 19
12 301 11
160 124 1
151 343 4
266 478 9
285 248 13
152 11 15
290 499 11
290 216 12
246 114 9
71 262 4
14 292 3
275 421 20
29 185 17
228 106 2
8 136 6
258 314 16
157 378 6
399 42 20
50 423 10
79 225 13
97 174 2
8 353 6
242 195 13
279 406 9
18 339 10
158 85 19
310 487 11
256 17 20
271 331 1
206 418 14
351 421 9
90 42 1
341 102 17
270 44 20
441 149 14
498 419 19
70 213 1
139 29 5
228 221 11
303 273 14
477 174 13
407 327 12
347 6 16
389 15 10
362 284 11
409 179 15
132 476 11
416 133 13
417 136 11
122 351 14
39 150 4
321 21 16
263 355 19
489 154 7
16 352 2
490 472 18
275 4 2
416 349 12
49 172 7
205 14 5
43 401 16
273 458 6
351 133 10
125 374 7
270 56 13
346 249 14
402 16 14
82 463 17
496 188 18
355 384 17
342 489 19
30 480 17
166 72 5
62 211 5
55 327 16
357 87 16
347 17 1
327 272 11
382 282 2
304 492 13
468 313 6
194 228 20
464 370 20
10 234 3
178 58 10
78 198 7
117 40 13
499 7 8
332 168 19
5 301 9
386 400 8
442 431 3
135 433 18
132 305 1
453 316 10
190 387 19
242 159 13
11 192 5
313 382 15
94 178 7
310 94 15
415 92 8
6 490 11
131 463 5
227 393 5
369 120 13
296 28 12
270 246 20
377 259 16
383 207 10
252 12 11
52 3 18
183 484 7
256 106 15
73 188 14
36 81 6
206 52 19
257 103 2
425 385 17
3 94 20
333 217 9
223 27 7
329 191 12
223 162 13
149 72 16
272 22 20
182 302 3
335 297 9
46 334 16
221 367 16
143 20 20
278 23 11
298 460 14
127 95 18
325 383 10
412 265 9
256 223 14
18 15 3
284 79 4
217 479 4
423 321 6
231 237 12
480 364 1
265 136 2
47 69 19
395 306 20
171 68 11
141 324 13
333 451 9
172 484 2
483 220 9
369 384 20
52 167 14
299 359 12
101 204 3
15 372 14
420 479 20
166 486 20
306 358 11
7 16 8
323 394 10
402 102 4
58 67 3
70 51 8
10 340 6
45 465 18
70 250 1
376 149 13
64 187 12
287 58 5
239 219 16
408 82 16
125 226 19
386 492 1
12 113 7
271 96 12
61 138 5
62 457 14
201 166 19
406 273 18
343 485 19
243 404 14
64 179 9
325 427 11
275 251 17
64 134 4
303 31 14
292 360 2
185 370 8
229 428 12
58 93 4
75 496 14
132 26 20
208 83 16
188 55 7
472 220 14
100 170 14
96 451 17
112 486 11
483 130 12
353 445 7
371 120 13
466 275 3
494 38 7
428 331 11
3 248 17
492 445 12
55 22 8
151 250 6
219 265 7
194 63 19
177 90 9
318 202 15
196 92 15
92 394 3
440 15 7
264 300 15
237 10 19
247 167 17
359 466 14
95 393 5
260 33 12
37 452 10
333 253 5
409 496 20
139 38 6
209 360 3
393 244 20
41 360 12
368 212 18
117 349 18
221 278 15
113 281 13
459 441 4
346 372 4
41 223 4
481 52 11
204 43 18
35 111 13
476 127 5
109 42 14
29 204 2
367 448 18
90 396 8
45 430 15
236 476 3
197 480 3
148 206 11
194 427 14
274 418 7
346 241 15
115 453 3
366 433 14
378 338 6
266 313 5
480 41 9
411 323 16
392 430 1
478 439 17
100 355 1
418 321 19
422 224 14
374 37 6
471 283 6
457 353 13
361 416 2
405 38 16
411 259 5
72 181 6
194 489 10
486 127 7
335 343 6
369 346 2
371 443 11
34 344 8
53 410 12
415 48 4
340 442 2
435 462 5
17 136 19
367 170 5
46 352 4
118 286 14
208 264 4
427 440 1
252 194 15
465 418 18
275 150 16
10 64 17
274 91 8
369 78 14
436 413 10
40 476 7
496 183 1
12 445 16
221 430 20
97 143 20
354 50 17
267 191 18
301 210 7
118 177 14
25 189 9
480 337 17
382 246 20
319 422 12
59 411 13
355 3 6
382 471 5
17 10 16
388 57 4
111 38 12
8 113 9
426 69 1
257 208 6
52 445 8
35 228 18
173 310 16
396 115 2
105 445 2
495 198 17
25 263 10
370 454 3
284 23 14
200 190 14
19 36 12
402 57 9
308 89 13
286 63 12
452 390 4
135 83 2
169 50 7
57 23 5
81 465 2
386 164 3
339 13 1
269 201 3
103 267 19
274 248 1
357 132 6
269 99 2
55 375 6
400 233 3
386 306 20
327 429 6
170 264 2
500 362 18
66 363 6
110 86 17
45 224 12
189 103 16
101 180 15
186 4 4
207 123 4
420 461 16
50 2 11
78 98 16
33 274 1
146 365 12
81 155 9
405 335 20
267 76 16
339 224 11
32 61 6
118 114 7
453 416 9
163 170 11
340 434 10
4 180 20
224 378 14
312 439 3
33 225 11
431 497 12
199 155 7
163 420 9
321 147 16
286 433 8
5 460 5
154 429 7
45 16 8
200 438 18
468 405 11
392 382 2
500 102 9
482 180 9
252 421 13
432 173 6
294 198 9
426 358 18
176 183 3
497 308 17
222 404 10
250 202 5
8 166 10
292 433 14
485 432 6
48 407 10
180 499 2
269 376 4
292 105 7
302 473 20
260 435 2
308 161 9
294 364 3
329 308 4
64 357 8
392 352 18
51 5 17
317 195 20
81 183 5
237 149 13
475 257 4
343 74 15
429 340 4
143 224 11
211 187 19
493 270 8
194 319 10
425 294 5
289 471 11
333 83 14
121 423 1
331 71 19
35 359 11
271 190 2
96 350 17
56 330 5
174 250 18
207 62 13
192 4 18
469 243 12
284 366 3
17 315 19
286 277 6
219 231 1
487 253 5
212 74 9
102 247 9
276 72 8
35 79 5
333 330 19
40 264 11
147 198 13
302 11 1
295 86 2
139 330 13
120 220 3
105 184 15
454 413 18
208 419 14
288 53 11
287 384 6
165 358 13
308 425 10
289 404 17
17 131 4
60 194 1
243 382 17
145 144 12
256 463 19
460 487 9
300 242 4
185 126 10
141 50 9
114 478 7
422 59 20
348 60 3
409 37 14
111 99 20
401 263 11
174 248 10
392 25 20
36 292 20
106 444 9
269 483 18
320 340 11
375 121 4
297 147 16
141 226 2
67 392 7
102 389 14
109 409 8
319 414 4
329 249 20
385 307 15
88 258 2
261 230 4
30 181 14
417 209 1
488 24 10
338 194 18
309 485 18
95 84 13
190 142 6
116 354 7
195 238 13
343 177 6
116 23 4
448 455 8
427 394 15
479 397 13
210 293 6
227 85 12
146 262 18
300 378 16
150 439 9
53 459 1
260 173 3
385 359 4
500 53 8
73 237 12
338 187 19
348 161 16
384 36 13
380 382 5
415 444 18
447 315 17
461 349 14
137 149 3
394 315 10
272 358 18
235 361 14
412 370 15
272 435 1
437 178 3
39 178 7
16 347 14
33 379 13
8 430 20
306 419 15
191 470 3
442 497 2
361 197 20
81 210 16
403 69 19
155 341 20
491 108 7
101 173 15
251 196 20
124 459 14
256 239 10
429 338 9
195 272 3
98 108 14
138 366 4
403 196 7
4 71 3
356 476 3
339 162 15
317 167 18
272 75 9
273 474 5
196 429 13
186 132 12
69 334 14
71 124 13
457 345 8
312 269 13
338 119 3
72 176 19
220 45 13
72 58 9
294 300 1
356 97 17
116 208 11
267 227 19
154 48 19
230 326 15
55 417 9
16 264 4
342 345 8
138 479 3
230 297 14
240 97 4
362 17 8
303 346 17
315 327 5
374 391 18
454 144 11
40 320 6
78 402 10
281 85 2
368 35 10
394 106 10
428 216 9
134 408 18
477 394 13
358 371 8
322 282 9
54 320 1
118 43 12
70 124 14
137 189 7
396 482 2
171 35 14
411 406 19
439 51 5
414 495 10
330 213 7
338 192 4
66 449 2
84 454 19
256 107 10
284 12 8
485 367 11
227 358 16
36 348 2
50 160 20
306 208 5
40 281 16
110 191 20
490 435 9
422 384 15
181 429 3
153 248 5
226 443 2
58 444 5
418 171 12
171 213 15
99 19 2
37 161 3
95 158 14
13 181 14
447 378 8
362 52 6
388 156 16
385 314 1
119 361 4
252 271 8
228 41 2
236 383 2
422 202 9
245 372 20
121 395 16
61 53 3
66 418 9
28 136 17
71 302 1
193 188 10
387 486 10
316 230 3
444 322 12
178 492 16
306 322 8
3 273 7
151 246 12
434 406 12
463 20 2
92 217 12
300 341 2
363 182 10
210 495 14
493 357 1
410 398 12
63 483 5
223 234 15
51 480 15
438 307 12
448 18 6
470 331 19
268 188 8
378 469 13
109 83 15
225 102 5
49 387 3
423 479 20
248 62 5
402 100 20
470 443 12
55 381 2
137 227 14
278 184 7
291 316 19
265 233 11
493 460 3
200 6 6
400 342 3
383 175 16
90 292 14
188 473 14
257 58 13
191 362 20
164 494 17
44 433 6
317 142 7
458 182 18
395 27 13
474 205 19
293 365 2
134 472 10
255 420 1
29 219 7
8 333 17
293 226 1
449 129 7
188 183 4
179 435 15
191 312 2
390 483 19
318 373 18
318 31 10
257 401 15
387 29 10
63 148 20
476 390 19
413 406 9
314 371 18
217 129 13
76 474 1
452 17 13
85 367 8
316 70 5
292 472 15
249 134 5
183 326 9
241 51 17
333 335 20
359 441 10
104 349 4
139 328 17
329 421 9
178 437 10
27 443 12
470 73 18
343 362 19
266 86 13
397 423 4
6 299 10
186 437 10
344 97 16
264 176 12
12 377 17
137 94 18
333 162 10
99 135 3
133 360 15
340 209 11
194 338 10
401 39 15
104 197 2
313 120 14
268 429 1
74 43 11
369 246 18
487 34 5
247 440 9
180 166 10
233 355 14
360 139 6
53 480 1
51 432 8
307 472 2
178 275 14
15 148 17
116 78 3
388 197 7
351 167 11
339 307 2
66 125 14
22 240 7
194 410 6
389 204 16
317 198 5
173 74 4
363 198 8
306 457 2
58 121 11
217 414 2
438 308 7
342 50 13
332 236 8
304 58 12
259 180 20
306 443 11
366 482 13
20 215 11
424 419 15
180 206 6
203 171 19
331 22 11
474 469 17
211 418 3
445 221 18
88 115 15
141 32 19
324 107 8
63 498 12
185 30 17
306 471 14
439 287 4
213 88 13
409 286 3
33 370 16
64 191 17
359 317 14
270 108 6
159 43 1
70 168 4
381 101 19
253 224 1
432 198 8
211 303 11
147 416 4
288 180 9
99 243 4
76 16 20
21 156 4
428 326 9
225 227 20
2 324 12
333 218 13
20 382 6
405 363 12
380 336 16
345 203 14
273 115 8
464 484 8
259 81 15
280 116 13
437 181 1
251 401 4
25 285 9
185 147 2
253 326 19
248 499 20
73 94 14
63 455 10
382 143 6
125 64 6
102 112 8
252 276 17
295 284 18
384 212 19
433 463 4
142 120 8
160 103 16
179 65 5
138 386 10
180 241 6
98 423 19
78 274 5
166 319 7
36 70 9
202 50 20
311 435 17
313 153 15
75 256 17
189 241 19
162 293 9
367 52 1
229 87 16
361 154 2
448 317 15
258 83 18
223 276 14
305 480 3
228 132 17
496 477 2
399 147 2
338 312 15
33 466 15
66 16 3
235 456 5
250 144 16
189 391 17
466 290 13
214 24 1
164 122 17
425 177 8
447 79 14
30 264 4
162 257 6
362 126 18
460 140 8
387 427 8
309 176 2
425 256 19
497 466 5
156 257 6
406 358 18
468 3 20
408 477 12
58 429 1
377 462 19
162 419 15
352 252 13
117 453 18
181 96 9
153 464 10
297 294 2
267 451 5
344 5 10
288 236 19
124 325 6
147 31 1
443 445 7
198 193 6
301 64 15
466 320 13
216 199 8
73 203 19
74 322 13
363 154 3
425 29 11
65 248 9
90 389 7
485 30 2
197 298 11
211 200 4
338 3 12
57 267 19
450 279 16
467 444 19
165 373 9
245 319 6
239 215 15
480 42 10
438 9 20
383 191 15
346 191 5
302 143 1
20 339 10
407 278 10
121 348 14
99 465 8
482 24 14
104 284 20
31 257 12
204 352 15
331 89 14
406 381 5
120 208 9
276 169 15
122 188 9
457 190 10
98 318 3
376 223 18
495 299 10
37 114 18
239 344 13
154 194 12
398 488 6
390 60 8
230 113 18
340 249 13
349 332 4
268 228 10
353 128 12
132 267 11
322 328 9
293 224 10
105 253 9
90 281 12
414 67 1
26 462 18
295 42 12
335 141 10
169 228 11
437 17 11
234 378 13
143 425 18
267 239 8
385 382 16
252 179 12
215 381 19
349 289 6
151 456 7
237 334 15
281 30 2
57 478 15
323 449 1
14 251 15
326 151 2
335 239 1
401 221 20
213 345 14
137 203 19
347 493 6
400 391 5
293 181 4
135 251 3
272 410 6
41 408 3
340 318 3
388 439 18
62 384 2
466 23 10
188 387 9
327 323 9
85 386 1
130 284 19
205 417 19
221 204 9
333 280 10
381 57 15
183 197 10
195 186 4
56 22 13
132 201 14
369 473 7
78 181 2
398 215 11
55 223 18
390 444 19
256 415 7
253 324 8
335 95 16
141 469 8
491 228 4
268 372 17
53 352 10
257 166 10
144 337 9
129 50 3
316 307 15
430 323 13
141 258 9
162 300 1
35 315 9
233 277 16
117 380 10
114 33 19
266 440 14
346 319 19
434 376 6
60 197 7
403 44 8
268 203 14
28 408 4
470 393 12
208 409 5
215 336 11
110 74 19
191 120 13
361 53 2
231 439 7
419 326 20
406 448 5
441 469 10
283 25 6
438 333 13
441 466 12
464 31 18
388 323 19
443 378 20
417 325 1
356 64 15
173 91 10
254 69 8
31 454 2
294 138 9
33 199 12
40 251 18
260 58 20
275 277 16
258 285 10
29 174 10
15 373 8
212 381 16
476 170 6
27 210 2
499 48 7
395 49 20
68 424 9
500 262 8
486 202 13
20 397 14
11 478 8
239 253 17
447 206 17
275 348 20
305 166 18
348 229 13
413 25 20
469 344 6
340 357 9
358 187 19
407 147 8
351 302 4
320 278 14
136 427 18
237 274 14
319 27 4
320 341 7
486 409 17
438 148 15
455 165 2
495 381 20
421 495 1
227 407 16
190 486 3
159 326 20
487 480 10
154 88 15
153 330 16
399 88 12
201 346 6
35 247 8
8 161 9
371 150 18
52 259 12
402 194 7
226 189 18
138 345 5
190 335 8
152 338 18
358 487 10
152 21 4
454 306 13
46 459 8
379 169 1
3 220 12
449 67 2
455 195 19
253 190 1
483 76 14
82 145 4
261 80 7
279 413 9
111 234 1
369 287 14
130 233 7
31 427 5
355 451 2
186 429 4
119 396 2
458 263 19
46 117 20
23 347 8
313 481 2
382 234 5
424 478 12
434 119 18
353 167 4
448 142 7
353 489 2
72 495 6
170 262 15
434 409 1
171 324 9
373 297 5
4 14 11
17 201 3
388 234 1
216 249 2
75 293 19
372 18 11
11 199 2
126 176 12
477 267 4
192 370 9
376 224 4
83 173 19
265 67 14
296 224 2
332 397 1
174 393 15
121 293 19
458 201 5
362 232 10
137 16 15
281 413 17
477 123 8
83 414 8
339 275 6
445 261 20
91 374 2
467 499 9
62 226 3
350 236 3
332 240 4
3 476 9
286 121 18
98 410 8
28 357 10
191 106 2
185 263 10
134 159 2
384 282 2
371 157 17
258 286 9
436 468 5
60 154 13
279 2 1
89 470 12
463 21 15
477 310 8
466 125 19
440 164 6
123 474 7
12 6 12
354 102 10
218 140 11
374 436 8
419 219 17
75 257 1
462 136 15
174 212 11
190 422 8
465 16 14
420 85 11
351 443 16
462 158 7
132 40 11
11 32 18
436 36 5
79 338 4
486 426 19
497 329 1
16 77 10
446 63 18
21 380 19
372 70 1
241 328 9
410 347 11
24 483 7
290 59 19
219 212 1
59 467 3
147 96 12
92 425 9
275 76 19
316 293 12
306 380 2
107 415 4
313 443 10
100 440 15
442 119 13
373 242 5
157 341 16
409 116 5
106 439 14
482 35 6
90 356 12
134 110 6
75 44 10
261 402 11
149 195 3
136 454 17
302 385 5
169 208 14
349 446 12
136 6 1
170 68 11
204 494 5
249 187 14
188 454 10
59 52 12
366 493 6
16 441 20
163 446 13
201 53 8
405 267 10
19 72 18
234 52 10
251 447 4
218 317 19
494 282 15
393 103 11
468 60 15
396 55 7
29 334 3
154 165 6
300 170 19
175 69 16
237 94 5
348 6 20
139 28 18
109 148 19
340 154 1
273 176 1
132 68 14
64 376 10
315 389 3
268 411 1
54 42 12
80 304 10
472 229 17
366 132 5
336 389 6
439 239 11
398 294 14
121 392 3
70 400 4
186 207 9
4 284 19
215 7 1
20 8 14
240 54 4
41 14 14
302 339 11
488 300 1
58 157 10
125 460 4
51 376 15
366 190 1
70 91 10
209 322 5
48 276 12
41 491 17
402 159 4
332 359 16
53 51 3
77 251 5
264 215 12
288 343 5
131 47 20
161 129 16
260 364 2
341 363 12
173 171 11
169 82 15
422 380 4
7 5 3
257 365 10
342 340 19
350 159 20
240 11 19
251 34 19
61 494 16
259 222 13
420 1 5
463 458 15
203 170 13
24 175 15
276 105 2
486 428 1
419 87 5
414 440 5
29 352 2
84 291 7
408 415 8
31 73 10
212 344 20
342 327 1
101 424 9
253 25 12
165 6 9
207 4 14
260 392 8
368 366 7
246 272 20
276 183 4
50 110 20
138 398 3
421 160 5
354 146 6
198 217 2
31 310 10
406 29 9
190 339 8
190 156 8
143 365 6
287 132 5
250 194 16
324 48 14
455 94 9
318 63 18
396 269 13
10 9 3
261 26 3
291 485 18
231 310 10
325 108 4
272 195 7
362 485 12
217 400 18
38 341 6
275 286 7
385 130 14
42 205 12
235 423 7
293 474 17
220 383 15
47 482 15
419 427 4
71 380 9
366 51 5
143 221 8
125 228 13
291 214 1
40 26 7
2 87 1
260 25 18
498 390 12
212 231 16
24 65 1
39 106 8
298 11 9
204 412 1
207 324 20
169 100 16
87 499 18
42 10 18
249 491 13
392 160 1
295 328 14
28 98 13
247 133 13
333 159 11
212 91 17
295 51 6
171 128 1
273 235 8
351 404 11
156 155 20
54 98 13
97 328 4
304 387 16
460 298 6
80 287 6
352 227 18
161 272 5
486 101 6
448 132 1
244 355 2
148 425 16
375 427 14
301 454 9
470 169 15
239 99 17
111 204 14
147 44 14
11 473 1
166 397 3
333 172 20
109 442 1
325 359 1
131 108 12
263 494 15
238 357 17
39 79 18
396 303 1
147 1 1
282 86 2
27 340 14
448 366 8
340 3 8
398 239 6
348 351 11
247 275 11
358 71 3
327 445 9
234 81 3
185 285 18
471 119 9
414 385 16
411 69 11
118 69 15
55 148 19
53 286 7
44 225 13
268 36 9
453 139 1
24 250 11
267 391 19
321 443 1
475 319 2
439 265 15
254 226 11
9 447 6
425 267 1
258 123 12
122 467 11
75 319 8
94 447 11
322 411 10
308 410 15
405 234 5
23 16 2
419 321 7
84 399 2
100 403 7
173 128 11
43 485 18
341 41 13
255 489 4
21 285 17
265 86 5
453 465 11
355 407 16
375 346 3
4 22 9
461 129 19
186 96 20
97 313 7
56 82 14
231 152 2
428 148 16
112 349 13
355 327 8
80 97 14
3 259 5
222 65 14
322 28 12
261 73 17
405 89 7
320 102 4
259 409 2
295 175 5
328 157 20
319 266 12
416 394 19
149 496 17
429 103 2
116 441 13
359 450 6
68 320 17
22 279 5
71 442 5
451 405 15
254 192 13
434 329 19
377 229 9
391 279 16
87 49 15
16 204 14
310 318 20
161 423 6
371 231 1
133 365 17
174 278 20
203 210 13
409 22 17
372 142 18
474 217 1
433 459 2
39 68 18
498 455 12
431 181 12
335 69 20
251 39 10
26 467 12
416 419 17
314 31 14
343 10 2
45 289 14
308 348 13
287 7 13
348 184 18
272 92 12
188 146 12
345 103 15
397 101 1
458 482 5
222 397 15
53 362 18
79 231 7
490 388 14
95 477 13
155 201 17
196 468 19
177 79 14
294 466 9
299 489 1
458 436 1
90 76 8
488 268 8
285 161 7
147 456 14
420 180 12
313 190 2
167 381 17
498 95 6
262 410 1
361 313 12
426 496 9
334 203 11
481 38 4
346 338 12
229 404 5
445 333 14
84 110 6
497 415 20
174 182 13
173 409 10
252 162 12
198 191 15
437 227 17
257 32 8
27 288 12
487 271 2
267 138 6
437 292 5
477 61 20
44 332 12
432 64 6
157 316 17
268 299 5
28 441 2
204 220 15
401 98 7
123 74 4
203 408 4
13 469 9
49 189 20
259 274 6
79 166 4
231 309 6
28 367 6
376 9 14
11 451 20
203 400 4
147 231 14
113 293 7
324 278 16
464 192 19
280 179 6
217 462 1
331 385 15
500 436 7
245 134 7
390 12 1
338 454 5
392 10 9
27 233 16
452 329 15
144 1 8
20 357 2
115 494 18
341 416 11
368 349 2
471 133 3
333 472 6
104 74 3
326 196 10
164 137 3
84 376 15
395 227 12
132 58 2
122 446 16
396 168 9
397 122 8
95 319 12
154 73 7
332 494 8
141 113 4
26 469 4
102 218 4
344 489 3
268 207 13
21 49 14
231 122 14
14 192 11
292 58 16
10 436 8
292 77 20
135 9 3
63 162 16
78 238 8
202 368 12
173 294 6
209 400 11
281 278 2
226 418 8
392 39 20
7 79 11
420 176 3
121 164 3
423 264 4
301 47 11
467 274 17
227 481 14
430 170 17
247 374 11
15 40 18
370 28 17
286 12 11
483 10 15
258 116 16
474 442 4
297 264 12
422 169 12
326 1 18
85 177 2
222 242 11
261 418 19
482 400 11
384 283 19
170 465 8
71 399 11
13 493 6
193 159 17
244 402 11
99 29 10
83 166 11
419 183 6
305 15 14
405 485 14
160 420 12
243 38 15
293 24 3
290 288 20
130 449 13
369 445 3
215 329 10
25 280 20
212 110 19
350 275 13
24 263 2
167 162 7
287 410 16
25 373 4
283 125 14
6 461 14
338 304 4
70 388 12
470 16 20
439 363 1
147 500 11
12 77 5
312 155 16
198 254 1
151 358 1
3 291 3
51 313 11
329 313 9
477 211 17
391 335 4
460 293 14
311 393 5
356 45 20
182 458 14
368 184 2
27 409 5
258 101 3
381 175 2
272 313 15
73 261 4
498 83 15
369 192 3
469 418 11
415 419 14
96 363 4
169 200 8
124 251 10
488 184 11
295 81 2
494 402 19
253 404 2
5 159 20
454 292 4
254 309 15
338 229 1
214 149 3
88 203 14
257 295 16
434 414 20
370 176 13
183 70 17
306 54 9
363 422 16
15 17 3
376 480 10
111 15 16
224 213 1
491 7 7
212 118 11
488 325 15
116 134 9
138 177 5
300 126 19
221 241 17
177 407 13
58 178 13
75 479 2
433 39 17
225 50 12
108 359 14
287 302 5
437 224 14
387 20 3
283 26 19
201 77 16
159 246 7
170 418 1
319 368 5
95 10 5
359 180 6
304 29 18
125 417 17
51 335 5
369 422 4
172 473 5
435 153 19
27 452 18
354 387 7
393 123 16
483 86 20
51 378 12
26 346 6
75 285 7
77 23 14
201 332 7
65 59 10
284 86 8
237 55 1
71 21 12
481 133 14
182 287 6
97 84 19
420 153 12
111 400 1
19 464 15
337 184 3
313 56 11
11 415 16
26 313 5
1 293 20
234 152 13
444 413 2
53 434 4
31 311 7
438 238 20
257 127 15
446 476 8
170 254 10
183 210 10
213 189 14
142 161 6
422 330 20
419 40 5
95 48 20
452 342 7
444 230 10
241 480 2
90 359 19
458 463 14
25 54 3
271 109 1
336 452 16
234 44 3
374 212 10
99 143 19
452 255 11
16 482 9
367 284 12
372 392 9
349 51 4
379 353 2
39 237 20
199 20 8
418 129 11
200 131 4
410 229 19
425 479 17
277 414 19
416 328 10
438 63 16
433 247 19
191 144 6
167 116 18
42 370 18
277 398 11
136 337 16
36 485 7
341 440 19
123 352 19
120 15 7
11 414 9
59 259 6
146 142 4
300 488 13
496 419 2
425 199 9
171 384 17
448 481 17
500 177 9
482 498 2
254 285 3
143 426 6
60 248 19
341 398 18
435 397 7
41 375 18
359 329 13
408 295 9
73 296 8
308 251 8
231 302 13
178 141 5
478 453 1
416 70 7
64 253 17
237 21 8
471 431 17
78 189 15
273 25 11
132 24 5
28 486 15
111 430 6
149 12 1
434 432 12
339 370 4
246 95 7
229 468 17
236 263 19
208 134 8
30 84 20
309 113 1
292 37 13
226 319 9
156 319 9
186 345 8
179 133 12
500 132 5
60 362 15
370 346 18
447 23 16
185 337 1
293 43 9
40 116 12
399 393 19
225 73 18
303 462 7
35 498 12
69 357 1
459 370 10
43 368 18
268 235 8
416 395 9
425 133 4
341 275 15
375 117 8
145 221 12
415 306 15
207 169 11
291 154 19
472 53 7
450 64 13
292 410 5
411 370 4
486 169 6
471 339 6
163 225 13
213 426 10
26 6 5
300 210 11
74 22 18
132 186 4
368 121 3
486 221 20
44 266 16
319 155 15
257 408 12
321 269 19
245 184 7
153 144 13
309 135 17
466 447 13
345 239 20
272 270 5
225 410 9
194 442 9
318 122 2
134 428 6
20 231 9
184 367 20
251 230 15
322 380 2
403 288 19
408 394 19
440 209 13
360 15 5
477 226 6
167 432 10
347 420 15
473 499 2
275 140 11
221 244 19
431 239 17
337 415 18
230 282 4
84 54 14
82 365 6
79 265 3
359 100 9
374 75 20
137 219 16
387 156 1
132 459 8
360 49 1
265 155 18
140 255 6
110 211 18
165 433 5
179 326 5
211 254 2
27 290 16
395 469 2
333 272 6
1 164 12
242 145 18
422 178 1
370 321 8
411 108 13
385 337 3
493 74 1
250 11 17
46 398 18
343 165 2
368 444 6
26 61 4
301 277 18
277 187 7
2 216 8
270 70 13
299 468 15
279 221 20
70 115 17
328 134 16
399 369 4
458 40 19
290 300 2
204 406 4
66 388 6
418 94 12
278 242 14
7 270 14
102 245 2
216 12 8
134 231 16
374 425 2
160 286 6
154 303 9
57 73 12
295 200 18
73 319 8
208 111 18
35 260 5
67 447 18
20 441 18
212 122 1
417 113 9
339 467 7
90 129 19
233 125 20
51 237 19
132 164 2
204 228 11
217 98 13
128 336 2
227 126 19
235 310 19
425 448 2
341 181 14
139 306 15
106 408 5
79 15 11
194 41 5
143 453 18
286 191 8
94 209 14
395 8 10
471 179 16
129 270 10
456 354 8
490 400 17
143 324 8
182 44 5
145 283 13
447 239 6
259 107 4
66 174 2
181 294 9
252 449 7
265 401 19
220 279 13
129 425 9
225 458 7
471 152 1
281 349 1
337 114 17
183 60 11
472 428 20
269 289 8
138 468 13
222 361 14
389 88 16
36 446 5
347 141 20
35 4 1
240 395 20
421 183 9
456 67 17
416 241 13
20 414 17
468 399 7
99 50 2
131 186 17
218 189 19
215 209 9
48 404 1
419 299 1
137 421 10
329 436 13
227 163 1
471 249 18
107 282 6
487 365 15
464 294 4
83 163 2
14 98 8
475 144 15
324 310 12
154 179 6
200 481 3
493 61 14
278 13 19
344 246 2
419 312 18
90 230 6
140 453 18
423 67 12
8 121 6
412 71 6
90 428 3
321 197 5
422 325 13
170 398 7
8 247 3
258 241 8
17 92 5
340 374 4
350 416 8
79 311 6
386 142 7
322 68 13
341 100 20
213 253 13
90 349 6
278 206 16
489 451 8
318 368 13
223 168 18
375 355 8
381 478 2
237 91 4
142 341 19
74 439 14
300 386 15
3 450 11
476 499 17
15 359 10
212 357 6
162 204 19
410 487 12
380 190 12
72 383 4
168 121 20
210 415 13
15 348 9
322 82 18
211 140 12
191 142 6
406 490 13
161 466 10
300 99 3
48 156 1
401 298 8
116 19 8
128 367 1
494 265 11
33 102 11
495 182 4
431 308 9
400 182 15
25 106 16
310 7 2
189 419 13
434 19 6
415 214 15
491 132 18
54 71 9
395 154 10
488 290 8
316 483 10
43 281 2
204 495 7
345 125 7
62 428 18
413 338 7
348 36 17
366 198 3
368 270 1
227 440 1
11 1 2
314 73 20
133 491 2
10 379 13
213 154 15
342 257 8
419 51 4
256 490 3
86 63 15
312 211 5
202 101 15
119 349 17
131 134 20
78 246 16
335 405 16
408 252 16
415 181 14
281 54 11
181 367 19
250 168 18
111 275 13
493 497 12
7 245 2
154 93 13
181 1 16
298 220 16
214 264 9
316 10 11
457 181 17
211 19 16
313 79 11
436 486 14
193 450 17
4 217 5
233 261 20
430 103 3
287 154 11
183 473 2
150 493 6
375 357 19
7 276 10
408 212 20
152 355 6
481 33 14
497 348 19
34 373 13
310 251 4
196 194 12
365 70 6
438 441 10
363 309 1
311 381 14
59 466 20
201 280 10
87 296 9
356 51 9
481 246 6
164 466 4
206 209 19
203 494 4
14 210 6
299 324 4
437 461 14
492 100 1
415 186 6
329 257 13
228 411 19
423 6 10
130 286 10
70 487 6
482 88 20
87 495 3
144 46 5
488 340 9
70 308 4
398 292 20
137 333 20
444 224 11
81 17 11
151 454 17
332 263 6
444 376 2
493 189 8
296 238 5
324 174 6
297 177 19
239 341 2
197 20 8
443 238 14
450 223 1
135 378 4
193 442 16
415 434 5
382 390 2
156 325 1
461 320 11
169 455 4
15 395 15
126 184 10
13 19 1
480 351 8
98 286 14
368 290 13
398 485 1
125 164 9
327 226 8
185 172 6
70 61 2
431 161 1
402 291 5
232 115 17
177 416 7
263 205 5
485 449 15
454 472 16
408 197 10
126 317 17
306 275 17
67 381 19
281 29 14
173 395 4
265 356 10
476 420 13
434 78 13
489 136 18
332 34 9
198 386 11
136 420 17
396 357 2
479 141 7
177 2 19
409 380 20
266 27 13
261 299 19
256 379 9
316 359 3
246 350 17
341 267 7
128 189 11
7 162 12
166 1 16
323 61 1
146 439 14
198 469 8
157 49 18
317 229 7
185 460 2
283 413 9
373 10 4
190 88 11
116 371 7
410 407 11
115 348 15
87 372 18
440 465 18
224 436 8
386 154 1
356 231 2
499 389 1
427 297 9
456 181 8
135 159 1
343 245 2
179 123 15
394 158 5
458 107 8
494 356 3
431 424 6
54 121 20
449 125 20
302 254 6
166 149 3
82 141 1
111 147 18
9 13 6
259 177 6
59 241 10
434 28 13
417 326 8
74 456 5
30 151 9
181 356 12
271 280 5
4 249 13
381 149 10
485 222 6
387 353 19
90 464 5
316 295 3
445 31 6
260 167 10
324 255 14
10 63 9
277 393 3
188 425 19
260 384 10
146 129 17
343 443 12
345 80 19
498 464 13
274 88 12
470 11 4
21 270 12
262 351 9
195 17 10
20 385 2
267 462 5
362 60 15
139 369 19
463 263 12
461 281 12
470 127 14
336 374 1
207 301 17
212 448 20
478 224 20
92 478 4
2 15 13
282 420 17
295 188 19
118 21 10
393 365 6
408 358 20
42 277 13
465 278 9
499 446 15
27 194 5
278 212 19
386 189 1
194 359 19
331 168 11
378 430 3
343 422 9
131 139 3
446 366 7
58 209 5
36 471 16
26 258 16
55 151 12
146 4 15
402 456 3
309 352 13
406 418 4
98 5 20
254 42 13
309 394 15
353 250 12
427 294 16
148 251 19
218 228 3
41 155 15
474 78 5
388 424 13
205 372 5
62 495 15
9 448 18
485 219 10
334 129 8
415 453 6
14 58 16
78 141 5
269 391 3
213 445 5
48 484 10
258 64 3
118 30 20
291 139 20
388 78 12
401 184 10
6 16 6
154 177 7
374 28 13
484 113 9
2 241 18
12 20 5
296 109 3
467 118 5
147 431 17
247 316 19
143 42 3
418 431 14
398 465 7
204 431 3
174 185 18
308 445 13
115 159 8
466 357 1
220 215 15
129 102 7
279 106 13
258 169 8
209 177 14
283 488 10
174 337 15
406 25 9
201 412 12
275 295 1
71 80 5
308 263 16
89 368 18
166 134 16
135 425 8
45 487 2
462 138 18
60 452 15
375 290 13
264 114 6
43 236 2
444 174 15
107 130 9
225 53 17
90 159 20
92 53 2
201 109 4
464 415 8
381 375 5
370 212 3
251 15 8
29 342 14
355 323 2
163 59 3
235 351 8
337 347 12
36 289 19
488 330 10
188 461 12
315 185 6
22 202 6
356 66 16
235 360 6
108 496 20
120 459 18
98 480 18
145 435 1
210 416 19
424 269 19
14 263 8
260 66 14
71 255 9
204 262 16
429 12 20
497 481 1
169 273 2
485 388 15
385 47 16
410 434 16
42 300 13
146 26 19
130 219 14
67 194 4
402 311 8
374 466 14
77 324 5
46 3 12
151 131 9
158 268 10
117 402 1
262 12 20
225 49 17
455 77 13
441 70 15
182 427 5
111 131 14
196 460 5
210 76 2
81 312 10
235 96 7
94 33 6
330 492 20
39 104 20
75 51 17
157 410 4
393 274 4
496 269 12
422 264 13
40 6 7
261 386 18
62 201 7
8 293 3
361 470 15
191 128 20
491 174 8
208 482 12
236 209 4
408 292 18
12 394 8
67 492 4
53 415 16
216 134 11
393 256 8
55 211 6
173 54 18
55 90 17
88 319 19
211 73 7
339 24 14
188 384 17
315 228 20
54 301 12
249 367 4
242 355 18
148 186 3
169 167 16
395 408 9
160 225 19
286 403 15
382 469 3
190 189 20
165 70 2
125 420 5
280 128 5
89 497 13
141 265 16
172 498 4
459 381 12
82 26 11
73 226 14
454 58 6
411 484 13
89 298 2
167 300 8
389 315 3
253 120 11
225 176 13
212 417 17
325 21 11
49 426 18
345 152 5
89 133 16
135 175 12
132 151 14
265 320 7
420 200 11
3 466 1
469 93 6
387 187 8
114 365 1
363 245 11
459 244 9
301 225 20
360 260 8
489 209 8
114 85 5
255 164 8
444 431 6
452 497 5
346 70 5
13 434 19
415 414 14
495 499 19
393 291 5
241 297 6
334 25 14
403 437 13
408 389 5
122 100 12
374 312 14
458 356 17
326 296 14
18 60 2
276 30 20
82 57 13
462 149 2
343 98 5
338 68 19
70 100 2
2 55 6
244 203 19
106 382 15
323 172 14
34 93 9
473 51 10
278 409 2
329 221 3
486 213 13
304 232 20
420 146 13
304 202 5
170 197 17
221 275 9
207 156 13
345 244 19
153 298 12
183 190 19
153 432 14
441 169 8
159 13 7
329 372 7
122 258 7
52 315 1
21 191 2
438 379 16
338 439 17
458 30 14
438 250 13
302 410 5
358 399 7
428 69 18
50 147 14
318 138 7
348 123 5
322 217 18
233 431 11
356 35 20
338 295 20
98 81 9
44 55 20
171 106 17
465 294 3
247 225 17
442 349 8
220 128 2
283 180 20
317 290 2
11 157 15
214 336 5
439 459 9
185 235 7
56 355 1
401 452 20
132 467 5
339 167 11
389 100 8
22 331 2
153 261 3
109 51 13
105 440 3
277 371 6
132 39 6
37 50 5
439 359 12
161 480 4
138 85 2
58 314 6
430 119 10
121 364 3
20 92 1
488 444 12
21 295 9
253 313 19
314 6 8
243 196 10
490 178 11
108 185 4
120 75 16
34 347 2
440 481 20
16 256 14
345 428 16
52 129 4
137 274 19
176 79 19
100 285 19
65 133 16
208 493 1
214 332 10
415 263 1
398 96 16
210 368 17
118 290 5
377 179 14
468 419 1
363 315 17
24 216 4
286 498 9
383 415 14
490 327 14
268 15 17
186 445 3
54 310 7
481 340 14
156 440 3
435 168 10
453 442 18
45 312 20
284 58 18
48 405 13
415 121 20
14 36 10
200 433 17
286 186 4
386 300 8
80 76 19
86 181 19
243 204 6
157 424 4
402 111 19
482 265 16
192 36 14
247 299 4
494 11 17
177 428 9
55 296 10
71 499 16
91 172 1
224 102 2
2 193 17
387 134 20
100 14 7
108 44 16
125 242 1
396 72 8
370 439 13
428 400 17
296 167 20
477 487 14
496 69 3
465 378 10
487 308 12
355 399 9
271 249 19
158 388 17
404 431 1
393 245 2
403 75 11
490 293 12
259 117 1
454 423 12
53 199 5
274 464 3
477 205 20
81 219 10
376 17 11
427 384 4
247 40 4
277 267 10
56 406 2
12 297 18
77 104 15
476 401 9
144 220 13
109 396 2
62 18 1
440 78 7
39 339 19
128 36 16
266 171 18
191 260 19
328 478 12
145 277 6
177 447 20
62 103 15
467 310 1
321 233 14
227 81 3
372 17 18
179 370 11
476 325 10
7 285 6
363 357 2
184 178 12
253 134 19
13 43 18
142 343 4
104 224 9
455 345 18
65 447 17
350 46 17
344 121 20
339 358 5
388 208 20
30 37 3
194 37 7
385 140 1
245 291 20
335 172 4
346 66 14
345 283 6
128 155 1
393 328 8
482 411 3
222 124 1
103 258 11
178 477 16
367 237 12
382 302 4
354 248 4
249 151 18
121 342 11
452 264 16
137 348 1
229 218 20
182 214 4
205 342 1
476 398 9
410 299 11
64 91 12
348 4 7
309 474 4
375 392 1
268 171 3
383 53 19
64 287 6
88 32 9
152 328 10
491 428 6
135 261 16
397 152 5
469 12 7
423 473 7
285 336 7
298 55 5
14 127 18
164 475 18
305 247 3
21 264 14
167 122 7
462 153 12
46 289 14
257 201 9
374 421 2
248 72 14
212 280 8
299 62 11
194 212 9
22 241 12
195 228 6
366 115 20
427 335 10
468 288 8
38 291 8
354 349 13
37 10 4
248 3 2
12 189 6
350 432 17
313 240 16
403 414 10
192 69 7
140 297 18
116 499 7
456 54 7
184 39 9
205 283 2
106 88 20
378 432 1
441 59 15
285 245 3
452 297 2
301 328 6
292 352 6
363 48 15
224 93 3
130 285 10
481 351 18
493 128 5
180 170 2
164 257 1
492 70 3
320 13 19
231 286 19
57 37 7
483 64 7
267 64 3
380 215 1
368 257 15
464 461 4
158 488 1
406 464 3
180 107 18
212 384 2
237 287 7
109 368 4
449 442 19
71 176 1
18 360 15
437 244 17
134 124 11
171 99 16
299 347 3
220 191 2
63 75 9
419 290 16
383 365 12
403 2 7
397 461 7
175 68 9
120 341 20
259 73 10
288 423 10
385 85 9
191 287 7
94 125 4
189 429 16
17 281 7
467 331 19
357 73 16
216 312 7
481 63 7
260 292 18
426 452 12
350 105 7
278 249 14
176 4 2
278 381 19
438 410 7
306 259 9
45 385 10
19 113 14
44 138 3
114 15 15
320 54 14
251 484 3
355 345 11
327 179 5
348 102 6
37 201 15
75 57 11
331 164 8
36 429 8
202 484 16
391 65 19
395 173 14
230 108 18
457 301 3
383 118 9
393 179 13
10 130 11
180 258 14
73 388 2
30 69 20
64 382 16
19 328 7
204 278 11
197 363 18
316 213 2
406 1 18
267 194 17
79 351 19
28 431 13
168 239 3
251 4 11
225 79 4
325 331 6
258 418 8
333 107 14
226 283 1
441 5 18
183 23 18
143 178 5
114 237 14
358 409 4
315 431 3
408 352 18
433 377 1
332 304 11
83 332 9
450 370 1
297 10 11
186 213 17
252 259 1
1 300 18
325 288 8
346 128 9
272 359 7
130 210 1
286 75 19
416 28 14
205 125 2
54 234 14
22 20 8
379 269 16
53 197 10
221 86 1
129 147 11
330 73 1
435 377 11
289 239 5
357 388 8
427 374 16
155 229 18
76 204 7
215 400 2
172 185 10
380 85 19
134 162 20
265 189 11
227 175 12
98 416 10
38 237 15
304 183 2
89 423 7
384 488 18
220 203 7
122 177 4
400 236 19
258 250 3
404 34 1
175 407 5
472 370 14
248 141 2
413 363 12
435 93 17
143 107 1
355 242 17
473 71 3
137 376 4
160 135 1
131 266 13
427 113 2
199 264 19
92 411 18
312 350 13
337 309 15
41 207 17
347 269 2
394 381 6
14 112 15
137 400 8
287 30 14
375 312 15
356 421 6
427 216 4
393 80 11
6 30 1
94 112 5
262 49 13
223 249 7
145 123 13
277 49 13
395 93 12
99 127 15
273 465 3
98 374 10
349 448 8
217 26 12
343 131 14
156 340 7
233 74 10
445 417 11
203 100 8
218 486 16
190 225 20
231 155 2
173 126 6
387 268 8
138 229 3
103 307 15
55 289 17
329 477 3
267 365 16
408 461 10
256 310 2
398 182 10
349 262 15
249 185 9
132 4 19
324 414 11
37 279 14
200 253 7
431 249 10
290 235 2
58 218 7
348 218 18
281 171 13
455 135 3
367 356 13
351 4 12
92 275 8
449 111 7
37 31 4
63 57 15
248 46 9
444 215 5
85 150 6
235 323 7
386 347 12
137 289 13
433 85 19
198 303 10
54 138 11
3 295 8
358 355 1
473 140 15
216 79 20
245 385 9
328 44 14
105 111 8
215 109 13
169 173 18
275 302 8
387 215 5
128 41 12
178 270 10
333 61 11
434 87 15
270 486 9
46 205 16
95 382 4
116 411 7
26 276 20
212 160 2
76 431 16
472 102 19
411 187 5
114 441 13
180 7 3
212 388 7
144 446 18
194 472 3
486 446 10
441 28 20
455 342 15
205 127 12
147 421 16
238 249 12
110 436 4
480 324 9
114 67 17
186 379 5
416 308 5
471 203 6
281 220 19
46 128 17
148 145 10
336 189 11
157 8 4
295 423 20
21 83 16
177 242 11
377 404 3
43 223 18
384 80 6
114 469 1
427 486 2
287 460 20
325 25 17
35 356 19
104 110 1
79 4 2
2 39 8
317 30 9
422 50 15
279 325 13
131 40 18
97 255 13
438 78 2
419 314 9
239 325 14
75 486 3
199 281 11
31 163 13
325 251 8
384 487 13
236 154 13
64 219 16
165 220 12
184 148 9
93 51 15
482 327 6
435 452 9
479 99 15
297 365 20
266 83 19
227 290 12
281 143 4
469 489 7
409 104 12
68 355 2
134 286 8
158 456 11
67 160 2
358 258 20
128 347 6
266 14 17
230 103 13
470 402 11
84 458 20
4 209 15
351 367 19
173 396 9
378 100 13
228 58 7
60 25 17
290 389 10
131 195 5
346 53 9
167 372 4
329 393 9
56 10 4
486 260 8
353 331 20
438 240 3
383 121 17
416 485 12
486 369 17
338 112 4
404 399 5
119 424 20
486 482 1
418 23 9
352 350 7
217 48 13
47 143 19
233 176 7
186 26 2
226 214 13
249 84 14
26 272 6
162 375 18
439 408 9
25 484 3
443 109 1
166 73 8
83 389 8
490 255 4
431 300 18
369 389 14
264 285 20
103 147 9
122 478 20
146 460 16
362 200 11
54 85 1
290 93 8
438 134 9
211 287 15
140 266 12
357 95 15
38 158 2
218 440 13
155 142 18
284 309 19
415 365 3
163 88 4
468 281 15
142 405 10
307 140 18
472 386 20
130 5 19
212 68 11
455 99 4
316 22 20
218 454 3
462 76 4
323 120 20
486 37 5
95 337 1
8 103 13
229 476 17
192 120 13
173 256 3
432 327 11
77 55 18
212 192 12
171 332 7
281 481 8
462 343 3
100 16 2
491 429 10
253 270 3
30 228 9
374 285 6
115 264 2
441 423 4
433 194 19
280 194 6
59 167 13
253 486 11
72 291 14
148 152 5
26 362 16
240 222 13
296 292 17
323 389 4
134 45 19
44 36 4
457 47 1
27 184 3
174 81 18
348 400 5
218 452 16
246 462 4
417 387 13
295 83 17
98 126 3
51 20 16
416 177 15
349 486 13
495 264 15
369 478 5
452 23 5
237 434 17
214 469 5
254 139 20
497 490 8
9 276 18
40 381 14
144 41 14
443 457 16
411 115 9
255 80 13
322 103 10
324 134 15
400 462 11
417 369 9
58 106 5
1 152 4
394 342 8
10 265 14
457 25 14
311 391 3
356 230 7
197 39 6
37 359 9
58 336 3
235 374 19
13 435 8
228 389 4
324 51 20
21 82 19
150 17 2
152 210 18
64 125 12
183 4 8
69 160 5
317 81 10
333 249 16
368 194 4
443 215 16
16 18 2
319 90 11
177 164 15
209 7 20
22 446 6
47 310 14
491 476 4
352 491 12
76 40 1
396 34 3
329 214 15
186 339 9
29 62 18
129 432 17
476 49 17
83 357 19
300 234 19
151 379 9
109 430 8
133 245 9
102 435 17
103 137 8
312 480 14
193 328 12
487 230 13
364 416 5
359 339 10
407 3 12
162 173 8
258 298 10
23 254 1
316 140 13
282 80 10
369 335 8
486 205 18
207 212 19
1 324 14
289 368 18
483 107 17
170 172 15
160 19 1
276 108 12
356 105 1
392 363 12
486 399 7
255 151 16
192 78 4
198 279 2
268 386 19
61 345 6
4 308 12
9 96 3
327 251 2
452 303 3
497 71 8
126 364 9
21 172 20
92 34 20
184 234 12
490 450 13
304 40 14
474 445 14
89 330 16
351 48 16
93 459 8
422 273 18
42 454 14
335 388 5
158 487 18
154 496 4
328 16 19
14 241 2
301 235 16
428 95 13
293 95 11
12 406 15
194 223 15
180 460 20
172 250 14
284 373 8
152 94 14
416 379 17
265 199 10
36 185 17
111 64 18
39 384 17
364 369 18
187 146 7
185 59 2
89 36 7
491 373 10
261 184 12
157 448 10
452 102 19
92 110 1
424 196 5
185 44 19
307 267 7
430 92 5
387 214 20
237 395 15
416 72 1
494 237 9
198 51 16
68 459 19
169 356 5
340 140 12
29 401 13
271 247 14
61 43 4
96 348 20
160 108 17
168 137 7
425 452 2
481 71 3
429 115 15
147 440 1
472 227 8
184 260 5
317 177 11
299 443 4
496 148 1
449 3 14
326 191 19
239 117 1
32 89 8
127 202 19
49 424 13
395 220 20
212 52 13
97 366 5
325 212 1
250 241 2
353 268 5
307 493 19
39 62 6
290 328 18
76 440 20
282 127 1
23 270 20
61 233 15
293 343 14
212 481 14
55 435 13
108 97 13
38 334 5
299 83 18
312 348 14
349 284 6
374 409 19
222 181 18
369 131 10
359 401 15
410 167 14
289 68 15
340 473 15
448 419 17
121 200 18
416 277 7
497 373 11
233 244 6
307 475 13
77 368 3
371 382 11
367 182 11
454 170 20
113 268 7
137 351 18
304 5 1
17 467 4
401 230 4
110 275 19
280 334 10
452 239 8
150 146 17
199 406 6
25 75 8
1 159 15
71 466 3
420 280 14
382 394 16
5 396 2
171 369 3
325 133 19
380 109 13
433 468 10
215 77 3
261 185 16
5 193 3
450 445 14
217 436 18
499 121 5
244 120 3
42 488 6
36 427 7
413 229 4
381 115 6
345 268 9
332 83 10
180 57 18
89 385 12
86 495 11
423 245 11
178 126 5
18 324 9
36 71 15
367 262 18
327 372 8
297 94 6
457 479 9
387 21 11
457 472 16
41 276 18
18 114 8
181 204 7
365 201 19
35 351 10
55 376 16
6 88 3
479 473 15
12 435 8
278 435 18
378 334 10
215 94 13
58 190 2
80 355 4
398 500 13
452 1 11
105 500 3
156 167 3
317 38 20
404 416 6
180 318 8
312 331 1
380 282 9
4 458 19
205 69 8
399 466 9
206 85 7
425 460 8
387 250 18
105 477 15
440 237 3
381 283 6
443 269 7
398 341 4
189 266 15
395 424 15
444 314 14
94 256 6
156 25 15
467 242 13
122 209 13
359 433 8
434 229 5
375 29 7
237 490 13
197 472 18
110 18 9
247 357 7
488 277 3
434 121 4
247 402 9
265 417 3
175 16 17
376 126 5
333 194 4
492 27 9
453 460 17
189 107 1
53 309 16
483 2 17
263 51 3
310 276 9
6 176 17
363 492 13
196 281 14
259 450 12
252 386 16
158 489 1
187 1 10
149 260 15
348 289 19
132 348 1
485 100 1
115 145 2
26 163 15
288 59 19
498 476 2
267 487 6
317 423 11
138 499 4
462 293 12
205 315 5
470 6 20
291 496 12
198 69 8
478 3 15
172 386 16
60 117 1
500 139 14
91 432 2
465 261 10
92 45 2
180 157 9
373 384 1
239 121 14
271 62 9
248 6 6
459 108 1
207 378 2
5 462 9
360 221 15
73 164 6
383 481 4
478 271 5
119 395 20
355 162 15
53 359 19
136 64 3
53 374 1
318 170 3
158 236 9
205 172 10
50 447 20
299 399 13
30 104 2
325 164 11
118 255 11
408 22 12
441 24 1
496 68 11
1 121 6
385 167 9
391 240 2
114 224 11
99 131 4
413 8 14
480 301 11
123 368 14
86 131 14
379 143 19
6 93 20
321 391 13
427 473 18
363 112 4
258 342 11
146 44 13
143 428 8
338 266 12
87 132 6
456 386 10
334 380 17
110 295 13
392 476 7
92 404 14
415 31 6
203 471 1
476 336 3
415 287 2
104 422 14
65 337 14
211 266 19
349 497 18
449 102 12
144 448 12
49 265 8
2 296 20
252 25 8
35 477 3
370 171 7
288 47 13
94 403 5
186 80 16
311 269 12
281 28 18
265 39 7
467 303 18
282 256 11
469 40 2
411 428 14
165 436 3
59 330 10
415 23 16
403 207 1
374 318 6
480 49 15
145 362 17
471 174 16
161 45 17
432 165 18
228 386 1
288 230 14
125 444 20
137 456 6
293 80 3
89 186 11
350 252 10
103 214 18
244 263 14
388 38 14
38 454 10
468 110 19
217 283 7
89 204 9
442 418 3
24 210 8
337 198 7
18 29 9
232 359 18
221 421 3
335 488 14
79 464 3
216 329 20
381 469 9
125 440 2
218 164 19
191 84 12
162 388 16
68 340 4
63 279 14
453 456 3
163 437 13
260 331 10
220 437 1
297 395 4
329 142 17
177 80 1
251 77 14
31 203 18
72 99 15
25 188 7
451 385 13
177 346 13
366 213 6
353 364 7
312 139 6
22 403 9
375 208 7
343 360 1
23 495 7
355 379 15
2 316 9
27 35 8
415 69 8
444 146 9
390 443 15
129 398 17
26 174 17
183 189 9
325 345 4
447 393 10
125 65 12
434 462 20
315 12 3
472 445 11
395 357 5
500 280 11
20 401 7
395 472 8
261 315 15
3 233 16
229 483 3
215 16 7
277 174 1
378 280 12
376 447 9
302 204 16
392 146 8
156 327 6
387 410 5
389 143 7
335 131 20
29 252 14
100 37 8
250 462 17
228 275 8
314 92 3
494 83 17
425 255 16
54 391 19
59 428 11
433 214 8
370 436 16
243 352 8
130 411 17
79 161 13
408 425 19
54 417 13
381 308 4
56 228 18
3 481 5
171 426 4
471 279 8
377 450 2
4 353 10
82 155 13
288 168 11
407 317 11
77 329 4
4 87 5
77 221 13
272 152 8
96 239 5
85 330 19
223 376 12
434 179 10
391 233 12
176 82 17
469 323 19
139 97 16
336 353 18
268 311 19
37 363 3
242 200 9
433 147 2
190 184 4
189 451 11
494 367 20
468 481 10
483 102 19
378 149 18
384 357 16
264 289 17
228 429 4
168 468 19
129 324 10
285 403 18
251 470 12
27 21 6
144 430 4
319 283 3
266 291 14
73 133 19
87 118 9
350 173 9
98 216 13
24 392 8
40 224 17
71 127 3
387 255 12
238 300 1
389 214 9
412 254 18
24 133 1
341 323 13
244 153 14
334 429 19
352 226 18
430 91 9
131 43 10
40 382 19
131 144 2
338 425 19
332 339 11
196 432 14
466 22 11
279 388 1
422 131 18
443 136 16
264 262 19
140 395 16
86 179 5
355 263 17
200 12 15
472 489 7
359 357 1
417 439 15
72 317 17
338 56 18
334 274 4
440 406 14
97 125 19
129 85 19
154 200 14
484 374 16
280 490 18
444 285 1
133 138 4
164 333 9
201 191 17
15 321 19
128 170 1
412 60 17
422 27 7
411 42 16
479 74 8
405 128 2
494 287 1
259 105 12
196 230 17
220 174 14
452 461 16
433 387 4
280 13 6
17 50 4
18 27 13
5 410 1
317 255 9
319 267 1
377 33 17
94 159 3
111 331 20
200 164 19
150 382 7
478 436 7
408 124 3
442 84 17
333 84 18
40 285 13
26 93 9
89 295 4
446 474 18
231 128 12
198 365 19
156 31 7
11 376 7
74 458 15
58 399 16
490 68 16
426 21 16
264 253 1
107 5 12
456 12 9
221 410 19
113 99 4
197 76 7
345 476 7
457 462 11
280 14 16
274 477 4
457 376 20
498 482 10
333 479 13
104 20 13
425 251 14
114 61 7
200 440 1
170 193 13
394 129 20
213 40 13
5 27 5
414 57 4
351 136 17
442 11 20
15 405 6
386 462 4
105 12 20
406 136 15
326 119 17
266 259 1
495 405 16
386 183 1
216 485 13
315 84 2
103 226 15
351 458 2
248 366 20
429 325 14
114 51 19
28 401 8
155 393 4
204 330 18
330 459 7
495 103 13
371 215 10
262 454 7
151 85 11
368 68 4
290 256 6
306 209 13
268 356 4
118 454 17
220 320 17
104 158 8
370 37 14
340 138 13
452 393 17
137 347 17
409 433 17
474 167 4
122 239 3
476 202 13
141 322 15
369 305 17
347 387 3
61 31 16
491 353 4
256 359 18
229 480 19
266 491 4
95 347 17
343 20 19
154 215 16
83 86 10
153 297 10
402 150 16
483 5 2
122 175 14
15 426 11
317 185 16
79 178 15
332 423 13
225 196 14
221 310 1
392 312 14
440 117 10
362 194 10
381 132 12
217 44 14
273 460 12
146 154 15
164 497 15
480 11 9
471 468 6
226 29 18
338 372 11
257 347 8
238 260 7
183 465 4
473 337 13
487 274 12
359 460 20
230 61 10
327 486 18
40 352 10
426 360 20
128 284 3
210 92 16
44 117 15
228 465 18
276 11 2
91 455 4
349 37 9
456 174 17
431 95 4
426 236 7
160 414 1
201 135 3
325 400 14
152 119 11
63 23 17
193 126 5
314 140 19
429 234 18
100 237 3
485 436 10
332 177 2
82 258 5
279 89 7
490 378 5
434 300 17
140 294 15
62 121 15
269 118 6
443 163 15
49 484 16
212 71 8
479 152 2
286 170 15
16 59 16
218 264 17
372 249 15
114 350 11
255 190 11
333 236 13
331 466 16
128 132 6
372 339 9
390 48 11
13 229 16
197 225 18
434 203 20
360 112 4
10 232 10
171 90 7
378 83 6
238 158 9
389 189 16
12 228 19
90 21 2
434 445 20
491 212 11
304 39 5
329 128 5
44 167 2
225 1 2
199 183 11
481 72 1
156 97 8
407 130 9
69 238 15
165 263 2
317 425 4
278 211 9
249 14 8
475 416 9
294 248 13
441 19 2
326 398 5
229 427 15
18 413 3
190 377 3
190 279 6
442 396 7
86 216 2
472 270 4
6 240 18
52 461 4
215 330 8
359 473 13
111 63 4
90 116 16
385 233 11
155 365 2
345 134 17
283 112 11
233 279 17
497 168 19
493 8 11
340 334 10
498 346 2
391 51 17
489 287 1
203 389 11
62 167 16
352 399 20
360 419 13
203 463 18
181 444 17
433 337 1
136 277 8
479 353 15
39 63 3
36 190 18
169 237 12
473 92 4
378 481 7
243 324 15
414 444 18
175 149 17
350 341 9
19 275 20
496 108 18
389 396 16
217 498 18
308 17 16
300 97 7
129 213 4
338 290 15
196 461 14
323 148 9
208 373 6
475 391 15
212 358 1
69 450 4
50 195 20
359 221 19
194 257 16
40 11 4
181 241 5
105 459 19
498 160 8
103 164 19
300 311 16
419 426 19
429 242 11
238 246 20
481 209 8
66 180 1
173 88 7
104 69 11
155 114 1
435 89 19
270 1 6
245 475 13
27 202 20
306 422 14
70 254 8
14 273 14
106 462 13
445 457 19
479 335 2
482 76 4
65 490 15
459 91 19
329 29 3
284 288 12
244 57 16
170 321 3
350 114 20
304 148 14
228 439 19
442 133 6
36 261 19
3 349 16
291 104 12
483 321 6
137 200 11
125 362 19
394 231 3
495 39 1
240 272 9
471 231 7
364 90 6
5 167 11
416 280 17
262 479 17
390 456 12
169 162 19
301 433 4
370 236 15
41 227 8
118 68 8
253 472 10
284 359 19
137 176 8
499 448 14
229 192 12
263 130 10
392 397 19
344 477 8
444 404 11
475 332 13
334 308 4
85 237 2
395 450 20
22 140 9
52 349 16
318 73 6
214 61 14
184 216 3
91 408 1
54 57 10
204 310 13
12 348 20
285 379 16
421 48 5
153 140 15
38 172 13
5 99 1
23 466 10
382 31 9
377 463 3
343 223 13
343 436 6
299 193 14
280 276 1
186 352 14
232 330 9
294 291 9
438 463 19
288 379 10
471 244 14
358 94 17
395 104 5
198 87 14
266 184 20
219 243 18
185 351 13
64 128 11
37 422 1
28 160 2
444 40 16
193 398 10
490 188 14
441 361 2
216 78 12
102 310 14
50 166 1
100 134 13
113 332 13
158 9 13
315 60 15
86 364 5
220 24 16
259 356 12
293 356 18
140 416 14
55 259 15
329 178 15
475 148 5
147 429 19
334 322 1
459 38 5
69 85 13
364 19 17
338 267 12
452 199 17
309 269 2
223 442 18
424 185 12
457 250 18
15 41 7
261 474 17
414 83 5
391 472 15
89 445 2
70 397 17
146 31 15
228 385 10
4 355 13
20 63 12
492 469 14
402 10 17
319 198 6
308 323 11
427 414 1
441 435 2
28 202 18
24 442 14
48 440 10
133 425 7
428 163 13
122 130 10
320 163 4
379 494 17
96 225 11
115 184 3
273 358 8
255 381 18
375 3 20
399 371 5
424 38 8
7 240 19
436 363 5
430 374 15
259 302 9
278 219 19
50 330 15
82 267 15
398 180 4
364 372 11
174 145 8
388 311 2
440 423 2
332 9 19
8 310 3
128 98 15
67 183 14
326 123 1
74 373 19
33 84 19
343 492 11
191 306 2
347 146 17
474 147 18
2 339 20
469 213 3
296 477 13
479 158 1
260 492 2
448 199 6
284 443 11
82 162 20
187 180 18
476 68 11
281 212 7
377 440 15
455 359 5
186 37 15
282 485 10
436 86 10
387 422 11
242 16 10
406 445 12
63 386 11
276 407 15
146 322 4
382 401 15
151 422 6
490 247 4
348 105 15
332 264 14
127 239 18
199 217 18
181 167 2
45 403 9
491 133 6
171 121 7
349 244 17
365 155 15
261 96 7
238 395 2
153 119 7
451 225 6
415 71 7
292 465 15
240 43 2
358 307 20
290 87 8
272 35 16
20 19 15
274 105 10
443 4 20
366 140 9
175 428 12
481 167 7
211 483 10
163 257 8
410 102 5
163 168 11
56 331 4
482 356 14
430 261 12
311 139 1
337 389 19
101 160 8
26 330 1
6 76 14
392 341 13
89 69 17
433 379 1
330 272 14
253 340 13
175 424 9
98 50 15
354 304 1
56 413 2
131 291 20
498 325 14
484 146 13
201 65 19
379 358 7
318 437 8
262 10 20
353 472 7
434 454 5
431 270 15
318 305 5
413 232 2
104 49 12
145 311 14
5 211 9
167 269 8
340 282 4
328 192 17
469 121 20
53 115 20
107 135 8
223 399 3
54 70 9
315 158 12
355 18 16
307 23 3
53 241 8
96 280 11
264 65 19
362 31 19
309 76 6
337 129 17
332 146 6
13 368 12
210 269 4
239 380 17
11 230 20
420 376 15
267 473 15
120 399 9
382 339 19
451 339 9
387 295 11
257 496 1
66 343 13
237 305 4
491 34 20
83 326 2
56 148 14
462 437 17
277 416 20
177 13 10
81 72 15
186 251 19
78 219 13
223 161 15
273 328 4
436 262 12
93 270 1
43 280 13
79 176 4
294 462 12
455 106 10
416 88 14
164 231 2
159 403 8
391 276 5
375 108 18
310 400 12
199 400 1
197 148 10
204 419 6
418 379 6
114 440 4
321 86 2
97 482 15
459 64 9
364 316 3
179 300 3
438 11 20
179 391 19
445 116 15
69 132 15
113 408 17
331 483 11
324 155 20
302 479 2
439 300 12
423 254 20
444 429 10
451 328 16
282 202 6
479 292 15
258 380 6
305 473 3
113 416 17
188 221 19
457 407 19
73 22 5
132 61 10
262 136 16
232 354 16
312 68 13
474 375 14
375 340 13
83 309 12
388 127 3
408 410 1
209 137 8
44 121 1
424 297 12
130 379 11
181 288 15
98 12 6
463 8 8
207 500 2
356 239 10
377 222 5
319 232 13
297 301 1
480 445 5
318 149 7
239 438 12
194 471 4
91 405 9
445 365 20
147 338 4
403 447 9
330 158 3
324 364 13
470 23 9
321 473 20
317 168 9
332 54 14
256 74 19
171 262 17
342 89 4
303 176 4
130 55 15
140 322 20
41 206 19
16 350 8
369 163 7
209 196 3
498 418 19
79 442 20
440 120 4
201 369 19
292 432 20
442 334 16
341 449 6
28 251 12
38 395 6
345 42 5
135 197 20
24 239 10
292 449 6
165 403 3
90 381 20
396 153 10
459 24 15
473 114 7
55 68 2
66 384 12
1 330 17
257 296 5
253 98 16
269 29 1
201 399 20
466 243 17
354 245 18
165 278 18
250 274 13
205 145 8
279 231 11
216 53 20
436 170 6
403 496 4
400 453 5
360 342 9
335 321 19
41 252 15
199 77 1
385 230 9
157 279 4
411 292 18
474 255 16
225 461 1
277 479 12
211 343 2
52 353 4
76 351 7
347 455 10
383 286 20
236 113 18
103 289 5
11 62 8
185 461 7
146 85 15
15 375 7
435 280 20
473 88 20
463 373 4
152 205 6
379 447 19
180 295 15
343 491 19
85 440 1
438 196 8
345 436 5
409 272 1
203 348 9
454 69 12
42 55 7
309 197 12
2 322 6
463 205 17
430 12 18
322 332 7
30 64 8
155 169 11
118 445 14
481 280 8
380 500 4
404 5 8
145 138 7
274 161 19
357 316 9
117 368 18
238 472 7
24 358 18
269 332 20
126 62 12
13 153 4
371 16 12
217 421 3
134 399 15
376 312 17
246 45 20
388 293 7
128 126 9
41 475 7
119 270 12
359 435 12
51 295 16
239 278 6
44 446 10
418 264 15
328 26 16
444 141 15
255 239 12
327 192 6
213 337 5
132 101 5
41 29 6
192 292 14
416 63 13
56 453 7
377 237 3
77 364 12
62 276 4
152 49 18
401 181 13
434 333 10
341 415 18
275 185 16
123 441 2
247 330 2
472 91 13
77 459 6
46 300 18
484 380 18
286 447 6
194 122 11
296 64 4
283 328 19
393 106 2
167 243 13
463 116 17
92 305 18
404 276 10
320 496 3
178 7 4
439 472 11
451 203 5
180 198 16
298 457 18
438 348 3
21 495 11
61 411 18
156 398 4
439 382 9
201 277 18
31 157 6
283 53 14
148 232 17
226 121 12
89 207 10
414 370 8
95 288 19
393 250 8
76 83 16
277 345 2
132 238 20
220 373 16
394 112 15
310 398 20
159 362 10
338 214 18
200 313 18
91 242 18
185 500 16
440 158 3
16 331 8
392 154 18
150 41 5
83 251 3
424 42 7
246 441 18
46 350 10
18 315 19
485 273 8
203 411 20
364 168 7
243 493 3
326 23 13
229 362 12
203 342 7
200 403 9
345 106 15
436 150 9
50 165 1
392 494 8
372 387 19
341 115 16
276 367 13
114 290 14
129 400 5
3 261 20
288 113 5
239 472 14
360 366 18
476 311 7
375 424 18
3 283 6
34 301 1
442 316 16
333 332 18
377 461 17
83 133 17
33 87 19
445 62 9
104 409 6
199 405 16
69 280 6
97 443 5
492 162 14
186 139 9
476 73 19
99 469 9
302 464 15
425 72 17
492 7 2
170 242 12
393 87 19
196 142 10
495 192 2
454 469 10
231 176 10
114 83 11
42 367 11
414 426 17
301 261 6
463 417 15
32 172 12
372 244 8
31 174 18
168 259 17
321 180 11
177 157 2
409 431 3
214 289 19
233 44 8
371 15 3
453 212 8
109 126 12
463 471 13
33 476 6
28 425 12
189 239 10
235 398 3
464 328 12
267 39 8
339 156 11
306 397 16
13 89 12
213 16 20
107 459 14
93 217 13
135 225 19
109 191 19
330 457 7
322 25 5
161 325 8
129 477 16
93 22 3
103 334 14
147 52 7
50 303 14
148 254 5
476 330 15
102 156 5
178 258 14
98 419 13
225 301 17
154 336 18
170 117 16
136 259 14
160 448 4
11 314 16
494 339 7
290 361 19
81 459 5
93 64 18
210 433 7
290 436 5
274 440 16
88 348 2
120 475 16
25 439 19
20 30 20
111 420 11
198 18 16
290 161 10
67 165 10
327 497 17
446 490 6
242 182 11
168 476 1
393 276 14
206 165 19
1 50 18
94 254 7
479 414 7
7 155 15
401 440 1
402 264 20
179 432 5
85 135 5
229 81 17
242 119 9
83 234 6
356 391 16
238 89 16
470 345 8
165 344 5
120 171 4
348 238 7
404 70 10
196 160 4
263 269 13
2 90 13
389 316 14
81 75 3
236 216 17
439 148 10
61 468 15
436 281 5
130 33 9
126 153 7
16 58 15
111 380 16
43 209 9
389 276 20
359 497 16
74 175 17
334 383 13
2 146 16
340 110 6
382 250 10
261 428 9
222 182 17
115 135 4
497 386 9
117 419 20
69 81 18
56 475 12
398 233 16
237 2 16
49 98 1
257 22 14
416 481 15
69 20 15
57 318 11
306 382 16
34 379 15
449 141 1
124 311 6
260 225 6
314 408 20
94 363 5
295 275 7
461 388 14
320 11 5
334 206 11
279 161 8
234 403 20
256 178 9
81 172 14
304 87 6
99 323 10
411 429 16
21 168 9
487 426 7
449 329 15
296 294 19
207 375 3
41 349 3
464 159 9
87 239 20
103 195 10
295 170 18
375 295 18
448 31 9
328 453 5
39 218 7
239 155 16
469 78 12
355 96 7
25 407 15
352 202 7
231 270 13
282 169 13
163 248 11
417 232 18
495 338 19
47 326 17
293 246 10
399 296 12
376 184 5
180 234 12
351 219 9
58 381 13
491 77 3
465 65 18
181 238 13
22 339 2
235 497 9
416 227 2
254 265 2
377 411 12
97 471 6
42 77 14
303 280 16
430 387 11
157 10 11
397 99 7
312 434 6
292 429 15
376 288 8
120 320 8
239 469 5
240 139 8
20 239 10
233 479 3
73 236 19
131 206 17
369 45 9
388 477 13
184 492 6
482 146 17
142 349 7
321 490 18
282 162 8
141 314 16
201 168 13
11 44 12
432 448 14
423 117 8
8 151 17
7 200 15
93 332 1
3 456 19
270 318 20
14 453 2
96 163 4
229 28 16
148 221 9
89 481 4
61 180 13
384 317 18
16 483 2
98 356 5
283 418 6
27 274 1
18 204 11
33 411 9
422 158 3
335 273 14
178 38 3
276 150 11
188 42 11
455 360 5
139 173 7
394 45 18
28 234 2
444 359 9
463 495 18
492 453 13
480 163 19
279 375 6
336 340 6
450 16 8
361 435 3
289 171 11
403 129 1
16 410 9
97 265 14
147 316 7
59 49 19
102 78 15
149 261 1
301 143 2
106 87 1
175 56 9
142 318 16
475 272 6
486 215 19
324 108 10
486 31 2
117 139 8
143 422 9
336 495 16
124 434 11
85 250 15
174 49 17
42 119 8
422 255 13
413 34 2
122 397 9
59 247 2
126 332 11
316 337 19
483 200 17
461 329 15
398 381 3
198 459 17
167 12 2
396 325 4
271 344 20
430 245 4
184 211 18
392 489 9
63 257 13
480 312 7
310 22 16
220 262 18
212 23 4
406 315 12
38 102 19
134 1 16
353 345 18
324 287 17
337 418 15
309 386 20
109 154 15
414 188 7
235 17 13
483 28 12
74 390 18
317 299 15
383 494 9
383 183 5
274 116 16
351 375 2
253 10 10
331 149 4
425 272 14
60 74 10
442 8 20
489 222 11
282 441 19
448 359 5
314 250 14
483 383 12
426 451 11
298 442 19
267 11 13
434 8 18
334 439 3
239 46 19
118 354 9
394 372 19
267 21 20
246 169 17
456 70 5
429 300 9
140 182 18
113 2 1
378 16 9
258 119 2
31 385 10
313 381 15
441 485 13
149 108 4
219 479 9
127 411 4
89 299 17
229 283 20
172 471 10
229 205 19
285 288 1
163 297 14
152 53 20
35 344 19
311 254 10
478 450 6
129 333 5
423 23 8
180 413 3
189 102 7
211 345 19
409 140 19
165 186 18
156 29 20
154 105 13
198 90 2
468 201 6
42 328 11
473 315 16
451 302 19
63 494 4
15 102 6
223 218 10
391 81 14
110 467 7
360 156 13
479 456 2
43 111 9
476 106 14
373 245 11
50 499 7
403 469 10
464 347 4
108 239 13
109 333 14
45 245 15
338 392 16
365 327 15
27 126 9
422 107 12
458 349 8
187 402 5
10 364 9
443 384 6
483 35 18
48 409 6
443 209 17
432 229 13
284 231 15
288 257 4
463 500 8
258 126 3
498 120 6
54 267 14
335 140 15
46 407 3
451 446 1
75 9 17
362 423 18
1 341 5
381 11 3
352 89 15
277 378 2
435 414 13
181 157 20
287 338 11
97 340 18
63 50 14
453 9 20
465 119 8
185 80 3
218 222 18
243 127 8
431 452 11
280 465 15
109 334 15
473 150 7
320 325 18
203 80 3
166 199 12
64 466 4
124 42 16
182 436 3
93 448 8
136 116 1
260 70 9
145 115 12
460 187 19
297 394 9
477 76 3
479 485 6
449 198 16
376 383 1
328 274 19
53 398 12
372 182 4
75 147 6
315 59 18
483 295 4
293 378 10
325 348 18
188 245 1
95 438 13
59 319 13
5 79 1
35 454 20
2 28 19
118 64 19
151 232 11
458 8 5
247 110 4
175 277 7
210 309 19
446 409 4
346 255 19
434 68 9
221 288 17
364 35 6
454 135 12
313 368 20
53 19 7
142 393 5
471 480 3
434 253 4
251 53 16
236 441 7
4 291 11
365 392 15
399 203 7
19 285 3
25 201 6
50 245 5
121 63 5
20 379 15
266 177 11
2 259 6
150 69 1
423 242 13
388 299 13
127 119 15
102 278 6
26 260 2
3 473 5
330 159 11
485 179 14
296 103 18
396 5 10
300 406 1
85 389 10
341 109 14
51 91 5
394 444 8
276 128 9
395 436 8
396 272 14
21 447 11
455 54 3
279 162 5
359 278 15
331 147 13
96 352 16
90 191 15
15 490 13
202 146 2
190 400 7
34 433 19
95 494 18
430 377 15
433 158 19
19 389 1
272 115 20
312 279 3
226 308 11
498 179 8
88 193 11
391 282 8
371 193 8
219 147 15
246 470 5
433 161 14
166 189 13
406 294 5
321 285 3
491 493 12
410 286 5
457 452 19
289 88 11
201 471 10
262 412 18
191 283 14
378 305 6
238 55 5
389 226 13
185 69 11
129 125 10
6 277 18
281 489 2
110 480 2
46 466 10
32 309 1
376 169 13
120 445 13
73 202 12
430 401 4
171 214 7
132 2 7
153 224 17
38 330 1
215 182 16
402 110 13
234 467 10
213 338 14
479 260 17
75 362 7
441 160 8
232 75 18
116 288 13
464 309 1
371 275 7
117 456 8
129 343 12
486 98 17
289 299 1
54 392 16
21 359 4
287 80 1
136 424 6
219 193 19
389 232 13
29 349 15
297 232 7
231 463 20
471 154 11
299 22 3
83 397 8
212 263 14
159 106 6
320 395 8
406 253 16
143 481 15
2 51 1
214 282 6
109 463 4
122 184 10
489 487 16
296 415 10
336 190 8
120 308 2
47 185 6
492 260 6
160 23 7
206 105 4
392 18 15
123 402 5
424 426 12
264 385 17
407 371 2
84 203 7
9 363 3
153 103 9
210 292 9
270 384 19
212 284 18
166 436 20
69 293 8
250 275 3
68 428 6
457 463 3
81 495 18
98 357 13
217 58 13
121 267 19
171 408 12
261 390 20
408 118 9
140 39 20
176 77 4
341 250 14
492 361 6
288 319 20
423 453 8
92 388 2
361 223 2
338 272 1
365 465 2
276 274 7
479 24 8
479 48 14
63 496 2
84 440 16
165 191 8
75 306 7
360 319 11
339 437 3
62 479 9
26 466 4
97 227 5
169 309 16
336 486 13
350 52 13
194 165 3
489 382 5
493 265 9
489 46 17
206 325 11
111 292 4
267 203 2
6 368 20
157 105 14
84 25 1
423 277 14
410 384 3
137 341 20
46 21 3
87 445 3
174 78 12
309 279 12
496 282 9
457 235 3
407 251 9
150 477 18
31 70 6
276 250 18
333 382 13
332 250 15
244 299 16
223 108 16
171 465 9
258 484 2
467 175 14
49 381 8
384 5 4
478 7 5
66 277 13
495 215 13
211 159 18
91 31 12
424 408 13
24 4 4
74 117 13
80 492 6
311 285 11
84 370 9
193 372 17
350 422 20
191 51 11
330 178 10
87 500 2
447 439 6
99 182 6
207 82 13
421 210 13
59 483 10
242 300 18
390 399 7
475 429 8
388 153 12
138 263 16
328 269 3
43 224 17
36 308 16
475 250 16
68 282 3
271 350 13
100 349 10
309 383 3
156 409 20
134 182 9
137 335 3
452 223 1
54 500 12
387 357 1
413 212 17
372 76 6
208 304 1
90 479 2
430 450 5
101 271 1
62 381 11
416 201 2
266 272 19
238 285 2
352 220 20
128 263 3
146 488 6
40 124 17
337 125 1
321 477 4
172 140 13
436 378 16
379 190 20
488 120 15
33 155 9
234 438 9
29 270 7
404 193 13
281 316 20
3 432 14
51 397 19
408 429 18
349 295 19
245 120 8
441 9 7
84 42 17
415 70 4
138 310 2
275 363 13
366 332 2
300 67 1
167 436 2
46 34 19
313 424 13
419 356 4
134 40 6
427 393 18
49 235 3
371 127 14
222 234 9
316 407 8
282 22 16
425 263 6
266 17 8
406 262 3
425 155 10
205 388 2
478 331 4
486 465 1
291 406 16
141 362 15
328 107 9
338 446 5
446 350 8
353 61 8
372 101 7
228 367 8
3 53 13
497 492 12
88 287 14
102 144 5
155 385 5
487 303 14
261 203 14
197 277 6
318 62 20
282 111 17
355 353 20
248 33 13
443 385 8
499 291 19
65 43 3
349 388 12
375 274 10
330 299 20
328 388 15
426 437 8
284 206 13
116 381 10
376 462 15
440 351 19
346 117 10
183 242 12
476 419 4
91 449 13
233 315 15
100 303 10
259 9 13
214 155 18
328 292 3
276 48 18
428 388 5
39 404 3
26 109 2
302 64 9
398 218 7
230 55 8
276 400 3
114 357 3
78 382 1
194 283 15
230 175 1
357 15 8
173 235 9
6 353 10
433 294 1
382 54 12
374 199 5
108 184 2
54 364 11
454 199 2
327 404 8
55 168 20
493 10 11
124 258 10
458 372 1
310 259 15
449 294 9
167 143 4
386 28 17
339 293 14
342 112 12
343 306 8
116 469 12
175 440 7
211 442 18
372 56 16
478 179 18
221 248 1
353 12 20
303 101 7
69 384 15
400 170 8
180 68 16
388 83 19
388 53 3
98 319 14
345 75 11
357 232 12
418 226 9
71 52 10
423 451 2
72 84 20
473 1 12
116 184 12
65 60 12
250 377 18
16 239 7
250 51 15
72 29 4
321 436 5
331 163 10
344 478 3
33 482 1
50 480 5
96 11 18
200 431 1
457 287 13
100 148 12
486 129 8
446 91 4
444 234 6
120 93 9
416 475 17
76 270 20
413 109 16
487 319 18
152 202 11
488 317 9
499 303 13
92 170 2
273 6 19
39 377 16
334 394 7
262 332 18
26 439 16
27 39 5
219 68 6
3 496 20
45 217 6
456 495 13
104 439 9
29 213 4
314 425 13
488 41 6
220 56 7
167 206 2
446 227 4
388 87 1
181 149 20
110 327 9
259 77 9
244 278 19
64 424 6
409 228 5
108 31 9
171 309 12
164 492 7
199 388 2
111 236 9
288 364 9
421 135 16
161 287 18
330 179 7
13 432 10
135 431 2
235 259 6
477 471 19
161 188 10
389 219 20
499 118 8
395 166 11
367 180 14
14 288 13
319 234 14
333 358 15
32 415 8
471 470 8
139 343 14
120 305 18
154 446 6
369 277 1
401 418 13
286 375 19
458 304 10
137 204 3
462 215 8
240 356 17
376 340 3
93 229 20
113 340 3
412 442 15
33 398 10
408 434 11
367 253 5
446 428 4
386 480 3
370 375 5
188 218 11
497 234 5
289 450 20
430 435 13
467 155 6
105 360 7
333 185 4
290 276 8
362 293 11
216 155 19
208 6 8
30 306 6
235 33 14
34 288 11
32 278 12
275 337 9
112 1 18
436 285 13
109 167 13
115 270 12
298 275 14
498 22 15
130 403 6
377 424 5
219 204 5
49 97 9
393 409 16
53 255 14
241 109 4
131 193 20
464 395 3
451 250 10
277 294 5
288 290 5
352 258 15
190 46 8
54 236 18
379 339 18
220 379 8
293 251 19
388 141 4
446 80 4
130 180 8
416 309 6
85 464 10
348 372 12
472 132 20
482 204 5
347 165 8
114 185 9
128 271 9
257 461 18
292 413 7
467 220 8
347 284 10
427 270 16
164 237 6
396 259 2
75 184 16
315 416 17
142 15 20
387 441 20
240 370 14
114 121 15
128 101 19
340 29 15
196 174 13
147 415 18
424 194 20
363 138 3
260 81 4
347 473 7
113 59 2
35 20 14
199 99 2
489 220 3
440 471 19
451 242 18
396 453 20
25 486 12
11 441 7
151 136 13
276 375 20
426 61 3
168 395 6
479 498 10
296 352 16
284 329 18
315 394 10
71 473 12
238 77 13
293 128 2
479 487 1
358 217 15
375 178 3
486 397 14
222 91 13
276 38 10
408 309 12
6 332 3
357 65 4
486 321 11
472 392 9
360 286 7
443 38 14
125 171 18
172 48 15
457 213 1
105 344 1
345 160 10
168 466 18
115 204 5
178 475 6
355 441 14
252 348 1
179 308 11
463 75 2
308 402 20
313 143 17
304 203 7
452 228 10
491 293 4
91 230 7
343 187 7
399 374 14
174 342 6
263 395 4
76 110 3
185 91 6
408 144 13
317 254 14
472 196 17
333 367 17
249 287 15
92 443 9
445 100 8
109 365 11
3 192 6
499 172 12
352 123 8
350 391 17
361 113 17
391 292 3
500 285 16
259 473 6
449 293 1
140 102 1
11 116 5
307 426 14
11 334 19
139 345 17
407 478 14
96 119 10
316 174 13
478 203 13
405 169 9
145 14 15
324 151 20
289 112 9
500 271 6
5 121 9
499 292 17
473 181 16
18 482 7
184 135 18
37 340 17
421 164 15
248 57 3
67 192 5
173 454 19
468 152 15
149 4 5
427 300 3
29 366 9
81 150 10
446 281 5
485 437 9
362 462 14
24 163 11
227 327 4
221 119 20
81 415 7
344 315 8
41 487 18
303 50 12
404 29 2
169 394 15
168 79 13
116 488 17
118 314 11
136 495 17
348 65 12
162 167 18
327 281 6
343 404 5
322 80 6
431 298 16
368 438 1
101 188 15
189 265 15
494 85 5
172 6 1
60 190 10
150 280 1
419 95 20
219 402 18
348 47 17
475 295 17
145 342 20
489 185 14
11 340 3
272 48 19
8 36 12
181 46 4
160 157 16
12 31 4
119 310 3
472 374 15
466 238 11
216 500 16
59 216 1
186 133 10
85 318 14
146 131 13
209 51 16
10 35 5
311 344 14
270 466 19
360 340 1
65 75 15
228 143 16
478 275 15
214 176 8
229 351 9
442 77 7
56 485 10
499 340 10
299 105 19
44 241 4
281 253 16
157 283 19
489 484 16
407 242 10
194 351 15
476 24 10
286 131 2
458 397 8
359 94 12
212 470 20
333 134 20
88 145 2
134 196 13
150 39 13
239 330 19
272 474 14
18 286 16
18 407 13
129 229 1
200 22 19
401 353 7
177 348 3
48 32 17
244 339 14
195 373 20
207 19 2
48 317 1
461 50 9
72 376 15
181 70 17
398 51 19
28 243 20
301 234 16
73 479 19
299 106 4
456 334 12
383 211 15
157 355 13
33 207 10
123 356 17
190 248 20
335 287 19
384 366 14
256 324 8
209 166 5
101 153 18
426 485 7
112 4 7
471 338 13
375 481 12
379 73 3
247 114 4
116 264 9
17 359 19
175 96 5
331 46 19
300 100 3
382 36 17
148 488 1
442 429 2
169 72 10
399 284 8
76 331 15
439 351 20
178 388 7
153 52 18
142 186 9
284 125 9
424 482 14
145 20 15
221 185 6
448 415 1
192 374 8
115 330 16
330 154 14
69 59 16
374 217 10
128 451 3
267 309 9
301 34 3
110 406 14
79 195 11
34 411 2
271 401 4
57 185 14
281 357 4
109 237 15
139 425 14
47 248 3
269 203 13
52 392 1
282 58 7
191 290 13
389 409 13
193 317 3
399 53 4
364 485 2
432 404 1
193 356 15
308 430 9
136 474 10
13 344 18
18 486 5
190 200 14
442 259 8
173 210 19
106 261 10
112 28 13
178 431 7
400 28 16
388 217 16
232 33 16
5 24 3
47 83 11
384 349 11
123 248 5
434 62 19
269 485 10
147 362 6
314 108 6
471 177 7
368 342 18
188 108 10
4 176 4
164 302 17
72 338 20
352 359 5
329 268 1
195 298 4
292 192 3
484 475 6
381 415 8
187 148 13
375 494 6
175 222 15
114 7 4
208 315 18
459 274 6
317 203 19
93 461 9
271 65 10
77 131 11
365 391 14
223 485 5
423 387 2
296 85 4
210 475 8
98 256 17
377 309 16
123 286 13
64 1 6
481 318 1
342 452 20
126 425 8
469 279 9
197 262 20
273 172 6
455 258 6
405 34 11
290 318 11
167 181 14
81 278 19
18 300 4
35 77 11
294 14 16
244 344 11
114 424 18
439 31 20
426 206 15
130 255 8
218 143 14
198 401 19
67 181 6
457 105 12
364 235 11
158 342 6
488 301 14
235 287 16
355 6 5
131 259 2
99 53 16
336 7 17
39 460 4
212 452 16
59 453 2
256 372 4
114 473 20
180 20 14
408 337 14
461 260 17
167 87 13
56 35 7
27 152 3
302 205 10
111 101 2
131 363 6
300 489 13
328 259 10
283 307 15
472 84 7
204 97 5
237 249 10
328 405 9
228 15 15
429 183 7
65 176 13
347 466 8
81 296 18
9 355 10
8 2 6
337 30 12
406 55 15
131 474 8
431 215 9
232 338 16
329 325 1
256 145 18
366 249 5
480 417 1
374 146 5
263 67 6
227 160 14
475 97 16
121 150 1
205 52 17
12 286 9
173 265 4
259 202 5
264 365 11
194 243 13
362 385 10
47 484 20
137 89 3
274 459 6
162 402 5
35 282 18
424 225 1
291 400 15
28 230 9
249 112 10
11 324 8
273 100 7
392 58 9
275 62 14
29 347 9
257 16 8
341 209 19
319 357 17
9 347 18
213 431 3
142 446 12
394 96 15
492 449 3
126 15 8
453 177 15
399 339 9
130 341 8
254 157 11
360 363 8
462 34 18
453 414 6
116 72 11
27 414 13
447 318 6
1 60 10
413 314 17
171 120 7
69 73 8
319 497 7
81 449 4
118 488 16
321 259 6
13 154 1
30 292 12
449 43 1
162 125 13
290 375 14
2 429 8
410 284 6
140 112 16
139 225 13
422 448 4
172 78 4
123 272 11
452 165 19
363 259 7
265 350 7
200 381 16
364 277 7
96 294 19
225 112 1
280 312 3
442 374 20
342 58 12
366 412 20
458 89 20
124 284 12
453 11 14
309 2 3
223 396 12
351 108 8
181 357 13
291 490 4
174 132 13
7 34 12
414 139 5
479 362 12
144 70 13
477 403 15
323 168 18
140 448 15
332 405 7
353 154 18
45 478 1
31 423 13
309 71 3
350 175 3
134 23 16
376 105 12
411 219 14
105 2 4
99 222 9
266 303 20
484 83 5
484 161 15
29 427 5
183 95 10
199 403 20
32 120 11
53 61 13
34 49 3
117 208 8
286 321 5
223 464 8
480 386 1
321 157 20
461 390 5
189 177 11
437 432 18
203 91 14
217 132 16
117 408 18
295 231 5
322 164 2
353 79 14
248 417 3
466 1 9
7 144 1
72 462 2
284 341 16
302 81 2
263 273 4
79 175 18
280 69 18
389 89 6
194 143 9
469 245 5
22 188 11
114 265 13
483 183 10
255 5 20
145 172 18
471 130 6
277 46 17
216 193 12
474 414 16
78 363 3
492 362 9
129 25 5
231 276 9
395 266 6
204 215 12
322 310 8
307 15 11
294 381 17
297 12 3
486 8 7
231 81 8
444 443 18
332 169 3
317 200 9
71 47 3
208 128 2
239 216 19
297 175 8
453 325 1
294 350 9
53 140 19
24 343 4
28 272 1
464 151 9
139 467 12
3 442 10
144 402 5
217 323 3
76 196 20
31 417 14
421 211 18
83 157 8
305 326 8
102 341 16
42 97 16
207 83 14
168 278 15
47 367 3
374 156 10
216 453 2
342 290 20
98 186 15
75 410 20
428 210 1
466 267 9
421 31 6
115 43 8
233 256 17
297 433 10
406 426 2
332 288 12
170 53 15
493 312 11
146 49 1
51 282 12
57 177 11
25 150 18
475 449 5
488 31 14
353 402 16
114 477 11
140 277 12
382 264 15
96 164 13
354 442 17
390 4 12
339 346 15
338 116 18
300 379 15
129 337 1
204 333 11
381 84 9
141 456 13
236 364 18
199 432 20
132 139 7
232 494 13
245 277 17
118 75 7
178 104 13
135 17 15
169 419 14
25 388 18
498 259 4
119 447 4
107 331 3
68 323 8
275 310 11
456 421 9
411 204 2
417 496 6
193 497 13
170 389 7
123 177 15
42 150 11
269 456 3
114 86 16
129 196 10
309 254 3
237 112 7
55 169 19
455 364 1
201 4 16
23 277 8
124 249 13
15 31 20
434 275 3
213 405 15
58 100 7
250 432 8
431 138 14
314 265 9
147 273 13
435 353 5
215 101 11
460 314 7
212 25 5
267 42 6
30 184 4
3 57 20
78 178 11
274 361 5
81 264 3
287 499 17
104 247 2
245 25 10
370 59 10
254 336 19
64 57 6
180 435 15
393 232 2
387 23 5
50 487 16
107 95 12
361 315 5
488 485 13
15 117 1
197 340 14
253 256 19
440 372 15
227 18 2
113 201 15
150 241 6
241 483 8
128 243 8
86 390 15
219 375 10
25 198 20
490 85 6
164 48 6
195 133 10
5 306 10
468 54 19
50 305 11
105 474 2
452 291 4
173 134 14
210 122 19
84 358 17
35 6 8
415 185 16
262 246 7
489 368 16
162 37 7
1 452 16
193 104 13
125 411 10
150 285 20
227 68 7
79 89 9
39 57 18
413 250 10
245 376 15
100 195 10
101 324 10
459 132 4
47 460 2
122 159 20
341 217 20
476 8 1
217 305 19
258 316 2
130 356 11
107 32 4
444 67 11
62 472 6
371 341 10
141 369 13
85 231 14
103 326 1
487 231 19
140 48 6
122 44 13
423 233 4
139 16 11
184 309 13
172 393 20
471 74 14
102 436 7
192 26 4
346 261 16
100 359 2
38 132 7
248 488 9
352 246 6
176 474 3
405 441 7
199 347 7
36 271 9
279 326 12
53 332 6
302 232 6
139 283 19
132 89 3
410 259 11
42 266 14
28 295 13
82 309 13
157 380 14
354 215 4
35 261 12
307 233 5
75 481 12
130 208 1
55 29 11
302 334 1
433 168 4
38 47 1
247 308 9
231 269 6
131 322 9
290 326 12
332 492 2
264 130 11
413 446 6
188 233 15
394 152 19
408 74 10
15 434 20
354 167 5
487 486 5
331 223 15
24 497 6
397 121 18
342 162 9
115 272 17
62 439 3
165 134 5
458 488 19
41 201 16
116 427 7
52 123 13
381 90 9
134 234 3
406 274 12
126 330 18
444 218 5
181 412 20
210 65 8
401 247 8
480 72 20
308 491 20
338 96 9
382 500 11
246 208 18
444 282 5
99 93 14
257 140 7
425 363 11
29 466 1
443 481 3
270 200 4
470 334 20
27 266 8
67 213 12
311 448 3
445 182 9
458 406 3
6 394 7
40 351 19
430 367 19
7 160 2
67 237 17
404 417 5
250 431 1
363 475 7
470 121 9
195 300 12
246 231 1
409 463 18
426 230 6
152 174 19
418 85 18
490 199 19
245 311 15
458 421 5
483 274 5
78 71 2
425 208 17
118 169 19
106 232 15
223 212 15
91 80 6
78 140 13
185 24 1
179 210 19
250 300 7
217 463 3
304 121 16
10 98 19
334 126 5
290 81 4
390 120 3
184 390 4
305 285 5
331 257 11
259 124 19
158 205 3
10 454 1
316 19 1
166 128 2
190 206 12
367 300 17
278 377 9
156 496 1
407 85 19
180 164 14
4 432 14
214 101 9
88 55 18
340 8 12
103 71 13
45 322 18
408 107 11
196 255 18
109 445 11
443 157 5
415 465 20
428 471 13
475 320 20
434 352 15
53 419 5
230 355 18
402 440 15
460 237 9
376 320 14
415 492 17
465 184 16
155 451 9
108 172 19
171 356 15
323 320 10
145 492 1
462 398 1
67 467 15
391 36 8
62 29 12
60 15 20
148 229 14
385 445 9
242 353 10
200 282 18
83 337 6
260 87 7
185 333 13
78 156 13
354 350 7
435 305 14
386 95 13
56 158 3
6 82 2
27 312 1
271 188 7
201 137 6
343 441 9
244 50 10
321 256 15
150 249 15
117 369 16
35 281 11
481 488 17
254 253 20
28 474 19
59 308 16
127 413 19
68 170 6
400 152 14
198 227 7
50 477 12
201 410 11
437 304 13
24 230 5
157 31 2
357 280 4
23 462 18
186 40 10
170 478 4
341 17 16
129 135 20
357 255 20
165 240 13
492 392 2
418 120 17
460 493 15
349 227 18
152 22 4
469 192 19
10 418 16
345 141 3
309 353 7
279 436 10
351 499 18
63 227 16
32 156 16
333 420 20
305 188 14
204 435 19
462 224 15
359 244 7
248 177 12
491 349 6
205 200 3
440 323 5
471 147 13
375 342 14
109 328 14
117 259 1
158 76 13
57 500 19
18 56 17
395 42 4
141 273 15
191 4 9
471 192 1
172 493 17
162 222 7
8 373 2
406 211 8
31 115 2
94 479 2
393 286 17
55 295 20
124 370 8
36 259 3
308 329 5
230 197 5
138 383 9
294 111 18
65 318 18
301 153 4
11 133 8
306 45 3
439 190 18
313 369 9
213 173 13
172 446 11
460 349 11
234 130 16
173 271 11
107 290 7
337 254 18
366 231 13
453 5 8
2 394 10
422 137 11
200 500 14
302 136 18
108 203 2
103 296 5
434 418 14
200 437 3
477 175 6
26 194 18
336 445 15
77 374 1
109 229 14
214 108 11
98 251 6
481 322 1
210 470 18
287 439 14
493 387 17
65 157 3
393 307 9
292 454 10
450 259 6
146 464 6
85 25 7
332 228 7
20 226 6
382 166 9
438 357 4
267 412 6
151 442 7
173 189 6
114 433 14
281 141 5
464 132 20
241 409 12
14 221 20
30 17 18
489 19 1
344 343 10
19 78 9
32 169 6
168 389 20
181 61 4
144 295 13
402 251 16
472 83 20
484 326 15
74 142 2
166 216 20
387 440 3
392 322 15
416 98 17
485 64 16
140 287 7
216 165 6
236 36 6
111 134 13
457 467 4
375 173 13
471 281 6
20 489 16
338 227 7
34 209 3
448 451 18
380 160 1
390 361 12
217 181 20
440 429 12
390 285 4
270 214 3
35 185 12
288 468 16
218 83 2
274 427 1
204 114 8
190 497 14
281 63 20
210 112 7
373 217 12
378 158 15
260 495 1
289 133 3
272 44 1
28 333 17
27 176 3
300 317 7
484 57 18
93 416 18
39 352 14
82 381 11
221 191 15
375 443 18
53 302 3
145 426 8
362 338 13
98 334 8
403 445 14
436 238 17
16 13 16
132 112 18
203 266 3
366 302 18
477 349 16
407 180 5
135 165 2
249 321 11
158 416 12
345 302 9
111 409 6
413 420 7
320 404 18
342 307 1
374 19 3
313 185 16
45 109 14
364 72 7
92 75 3
482 413 9
262 205 14
268 46 3
343 198 3
313 350 5
395 319 11
440 270 1
445 177 3
246 415 13
67 322 6
96 252 17
73 18 16
354 333 17
481 58 12
292 248 19
94 484 13
180 445 18
258 174 13
294 188 17
483 392 8
317 137 17
115 229 14
465 83 18
154 150 19
103 179 11
233 386 20
436 463 18
363 278 4
382 456 4
428 472 7
21 272 15
116 135 11
130 128 13
359 67 20
430 98 20
5 2 1
368 470 15
355 113 4
297 490 11
64 165 3
17 58 4
362 309 17
420 349 5
351 465 5
300 5 10
354 279 12
433 288 14
29 452 16
440 5 19
316 168 7
480 250 18
245 374 15
120 142 4
342 201 6
413 95 16
375 233 16
217 302 11
369 350 20
124 205 16
237 108 11
236 320 20
22 242 12
202 381 20
322 161 20
54 385 18
80 286 4
70 103 18
314 206 3
96 355 9
337 90 6
463 100 1
473 236 6
395 350 1
52 451 8
418 377 18
270 317 18
296 359 9
112 130 6
255 226 15
51 80 14
445 37 14
380 432 14
430 77 13
223 498 2
97 262 7
252 500 14
59 234 10
297 151 4
58 382 15
29 139 20
355 429 2
372 308 17
393 66 18
350 292 4
452 162 12
106 417 6
208 99 15
135 78 13
430 127 16
488 121 2
486 366 19
362 262 16
431 246 15
432 396 19
437 60 1
93 69 20
137 300 15
112 237 11
32 484 11
301 285 18
401 22 6
275 330 6
497 172 6
146 440 4
366 69 4
151 189 1
370 165 12
419 436 10
103 341 16
439 53 2
483 489 2
462 91 10
439 159 20
65 168 16
266 307 17
93 240 12
238 172 6
127 316 11
265 194 6
36 233 12
400 274 3
118 375 16
59 480 7
476 462 1
205 246 1
369 20 14
127 267 18
469 33 7
86 178 19
208 188 15
394 245 16
20 417 19
131 122 2
67 244 12
128 27 1
243 130 16
329 38 20
216 19 3
460 183 6
125 268 5
121 376 12
241 349 20
221 463 11
217 341 14
291 334 16
205 310 15
108 426 13
431 10 14
278 49 4
54 34 16
356 339 15
374 157 14
488 144 16
107 247 4
467 393 18
21 26 12
314 242 12
1 9 20
22 276 7
431 130 10
168 70 6
333 465 15
123 275 1
164 489 1
102 467 13
405 203 8
270 113 13
57 164 3
477 7 12
270 194 20
211 172 20
200 185 12
6 481 12
79 466 15
393 118 11
380 201 7
240 330 6
304 18 1
273 472 12
149 277 6
336 294 18
210 196 14
184 467 19
478 401 14
106 231 15
28 194 14
246 326 15
24 303 8
197 453 6
350 203 6
460 90 19
20 238 7
175 272 19
359 376 4
344 485 4
100 358 16
70 412 11
478 298 11
101 487 10
241 2 17
335 152 3
20 179 8
231 497 4
207 253 14
236 88 15
148 163 7
464 343 12
278 260 8
151 228 11
298 358 9
436 44 13
321 456 17
26 303 1
372 283 9
44 269 20
156 330 1
363 140 15
326 428 8
487 15 18
363 193 16
60 467 20
463 259 1
231 145 20
182 455 8
278 125 6
166 399 16
162 33 14
397 159 11
442 172 19
91 237 14
467 82 14
88 334 11
69 227 18
43 465 4
181 292 16
399 44 5
352 90 10
171 231 20
164 57 15
239 269 7
330 437 6
383 373 20
153 441 16
484 145 15
105 143 15
473 168 2
338 462 17
213 496 9
200 136 2
396 473 19
378 65 19
3 384 20
189 212 10
62 305 12
119 254 1
166 240 15
185 237 19
356 259 4
271 213 16
48 76 4
71 448 7
495 429 19
35 485 8
174 210 14
217 161 8
397 411 20
360 298 4
335 33 16
312 420 3
93 138 13
487 276 3
18 101 13
249 407 2
408 485 9
129 123 12
85 39 9
500 379 13
194 273 17
118 92 1
209 80 11
491 215 13
190 108 12
13 318 11
77 369 17
251 20 16
333 486 17
261 134 12
408 222 7
408 276 3
65 313 11
54 174 4
402 289 12
177 288 19
28 362 4
185 152 6
302 68 19
459 176 5
465 443 3
488 18 12
314 246 17
164 227 2
290 88 3
70 16 3
379 270 6
430 234 13
92 290 4
378 437 8
135 127 5
168 456 19
473 312 18
366 324 12
491 250 6
122 309 19
223 374 3
296 50 6
195 42 18
281 234 10
485 457 19
319 11 7
294 414 19
495 387 19
448 157 9
230 49 15
115 123 8
202 300 9
212 250 5
297 439 10
90 224 5
286 238 17
414 190 18
406 440 13
156 90 9
321 297 11
298 59 15
467 273 5
87 487 1
326 444 17
369 185 13
367 482 3
243 122 2
442 303 5
460 72 13
234 218 12
226 15 19
431 251 1
457 188 16
193 163 20
66 292 15
52 132 14
130 497 14
388 297 15
411 233 16
145 328 1
315 366 18
167 192 2
238 446 1
200 444 17
23 200 19
251 48 2
382 371 2
409 2 5
168 103 12
445 402 18
87 365 17
24 273 17
256 312 11
268 415 4
463 34 7
80 497 1
499 145 2
158 119 19
467 108 18
140 7 5
179 202 20
138 162 6
3 172 19
368 40 8
67 59 18
272 95 11
146 414 13
378 13 4
489 147 4
3 63 7
190 20 20
404 155 19
459 180 17
404 439 4
165 413 19
320 273 18
343 102 19
404 360 6
307 498 8
163 417 19
393 487 19
56 278 5
28 182 8
163 431 3
94 421 17
484 458 12
44 22 14
192 280 3
179 87 7
395 453 19
190 455 11
277 48 10
159 117 11
162 427 4
161 99 16
86 422 19
188 366 14
415 294 14
474 304 11
266 69 2
138 195 7
270 54 10
119 350 17
322 219 15
307 230 5
37 456 3
117 460 10
165 17 6
84 488 3
217 291 11
307 435 19
447 21 7
176 492 1
381 162 19
272 39 3
172 142 6
397 470 1
99 16 3
314 336 6
19 472 14
401 423 20
206 109 12
407 469 19
374 137 19
125 95 16
77 42 13
194 431 7
80 35 16
68 70 3
231 283 14
41 297 11
352 26 19
306 320 1
153 14 16
231 432 6
383 500 19
28 168 13
83 123 3
273 221 5
466 387 20
88 98 15
354 131 11
363 143 6
14 370 12
41 366 17
390 84 7
366 100 7
323 163 16
282 463 7
16 57 6
431 46 19
194 199 13
426 209 2
263 343 11
356 455 14
335 5 4
447 291 19
173 496 18
123 251 20
217 474 12
200 141 1
426 153 20
461 173 4
58 480 1
176 495 18
383 372 6
498 448 7
284 258 11
128 393 4
477 384 9
169 31 12
443 226 6
222 341 7
396 441 6
439 332 19
299 163 17
137 264 3
228 34 17
482 250 16
107 134 8
250 245 20
79 63 19
424 230 14
357 43 7
354 193 13
463 294 8
301 141 3
198 341 15
232 117 19
489 94 16
174 30 20
173 446 17
188 47 19
63 435 5
492 152 19
343 166 1
393 169 11
333 421 19
281 211 20
454 300 3
191 446 18
477 53 19
325 471 5
425 179 3
241 185 20
301 349 18
4 34 13
462 78 11
403 43 5
260 407 11
439 347 18
104 450 13
404 191 2
136 267 16
279 256 3
487 126 19
155 22 8
459 447 4
146 32 3
289 352 4
140 77 15
299 362 13
23 447 19
49 417 9
478 287 3
54 159 14
331 365 3
193 38 8
229 448 7
176 241 5
108 389 11
298 375 19
403 148 8
68 280 9
118 231 18
310 499 6
441 449 18
447 324 1
95 262 8
249 76 17
187 285 11
56 217 14
229 135 5
205 157 12
120 465 2
220 73 3
112 69 8
179 484 20
312 150 18
48 458 9
204 82 9
383 496 19
348 249 3
376 128 12
42 352 17
144 64 7
291 351 10
14 424 18
444 476 19
445 474 17
126 288 19
55 24 1
133 184 13
3 162 7
220 7 16
26 189 1
446 483 17
198 15 10
36 144 13
109 239 16
124 214 20
205 47 5
390 481 13
14 465 19
339 277 9
424 470 12
304 158 10
44 41 20
277 308 14
426 231 1
484 373 8
132 291 1
41 109 1
407 12 14
309 344 19
403 213 10
46 178 17
335 315 1
306 312 19
272 106 9
278 150 4
190 454 6
367 3 11
125 224 4
150 37 1
479 355 6
393 126 8
224 326 16
279 308 8
202 3 7
168 242 3
51 212 15
135 35 1
48 441 17
406 392 15
236 163 19
62 142 18
427 315 4
236 48 11
80 437 19
60 497 16
2 451 10
340 251 2
13 24 3
54 224 17
187 219 20
391 31 10
318 451 8
453 495 7
315 127 16
420 296 15
26 411 12
480 101 13
182 286 5
58 449 7
416 484 17
24 495 8
170 10 17
228 137 15
24 470 1
17 460 19
249 443 20
108 160 15
236 288 1
5 158 20
114 181 18
271 26 4
141 264 2
228 75 1
225 162 7
474 301 18
20 315 6
490 341 19
431 80 11
174 303 16
97 75 11
45 176 16
499 169 16
181 375 20
28 229 15
1 190 19
162 137 17
488 413 14
483 228 4
437 142 17
369 119 15
166 351 1
468 217 9
85 486 15
32 443 13
456 73 18
308 327 2
121 195 17
396 42 7
95 373 9
110 288 7
452 169 16
287 423 4
201 444 14
379 318 3
10 492 8
437 295 9
334 437 13
38 344 15
267 244 3
383 216 8
2 385 8
11 329 12
178 21 4
127 40 1
68 249 1
324 69 15
66 496 7
203 473 16
461 472 10
323 238 9
401 267 1
20 477 10
472 43 7
209 146 16
128 190 18
140 21 8
180 348 20
278 489 20
113 300 20
301 102 20
169 227 6
71 146 4
14 325 3
12 264 6
272 328 16
92 393 5
113 167 4
126 195 10
27 71 4
239 399 12
384 431 15
473 407 6
470 316 17
88 489 8
173 299 15
335 457 3
46 8 9
299 155 3
136 353 3
379 27 20
171 295 19
95 396 20
98 311 9
135 396 10
393 9 6
94 312 10
314 28 2
481 150 19
234 480 5
19 207 18
118 260 19
255 479 1
325 44 11
155 271 11
158 65 7
412 53 13
459 307 9
422 196 11
272 397 4
467 284 8
270 406 12
224 171 17
448 191 2
173 90 14
326 121 5
489 89 7
414 464 14
118 328 12
385 135 7
287 143 20
58 75 15
287 112 18
8 89 16
389 145 12
447 70 15
155 360 4
316 222 17
350 153 19
385 496 2
51 352 17
250 135 11
458 464 7
180 146 12
71 367 14
471 190 17
46 477 3
154 152 4
400 135 17
165 363 7
207 280 19
335 473 18
164 484 20
47 28 2
373 265 10
92 118 18
498 175 2
286 124 17
157 432 1
263 177 14
275 179 14
63 215 15
337 272 4
232 118 13
213 15 7
438 416 14
255 56 10
308 351 12
122 93 8
34 398 16
70 18 19
138 436 10
38 146 14
304 473 7
373 251 1
261 76 2
267 434 4
201 388 3
105 54 3
326 271 8
27 402 3
401 155 6
294 310 20
191 201 12
298 424 16
295 487 9
184 491 10
174 161 7
346 220 3
308 418 17
271 1 6
33 5 12
194 213 1
248 166 20
173 195 4
237 436 16
25 103 7
60 160 17
367 292 14
304 356 20
361 205 4
224 177 10
214 455 20
170 232 16
67 301 18
487 466 14
152 154 19
257 280 11
260 179 9
2 307 11
400 94 7
166 287 8
424 328 20
99 56 15
463 243 5
333 90 7
27 490 15
424 446 4
393 483 17
108 62 2
235 268 9
220 72 3
390 455 19
54 115 17
153 431 6
193 114 8
369 123 17
372 111 11
475 407 18
462 345 10
322 5 16
9 415 14
83 423 17
112 480 18
332 172 9
480 306 18
293 486 4
198 113 20
91 358 7
18 235 4
19 108 9
348 206 2
410 51 19
69 188 6
474 298 20
46 197 12
189 484 4
275 209 6
490 476 5
242 275 1
474 374 9
313 404 3
263 353 2
11 224 20
479 175 20
219 112 13
415 109 1
143 261 20
219 455 9
262 97 14
411 379 8
228 164 13
179 416 20
404 407 17
373 361 19
262 281 13
282 258 5
447 147 1
18 263 14
313 2 18
194 495 3
298 103 10
414 335 20
141 470 10
375 256 11
413 38 5
334 198 11
90 411 6
36 63 10
222 493 13
100 104 1
370 183 11
6 197 13
8 281 3
274 197 20
224 315 17
101 405 13
275 355 13
333 257 11
56 240 5
237 51 1
299 186 17
293 283 6
424 390 1
495 153 20
313 406 18
80 485 8
312 292 18
354 70 2
293 112 11
113 92 13
343 145 18
326 392 8
149 248 16
436 414 4
118 480 8
222 399 16
369 171 17
17 129 10
161 124 16
211 302 14
1 437 3
287 496 19
345 142 11
224 39 4
278 166 2
263 105 8
65 459 4
93 106 9
57 430 10
27 212 13
35 195 10
228 278 3
56 123 13
170 120 8
464 127 13
145 347 6
389 105 8
266 16 3
366 53 11
205 126 1
65 33 9
196 88 3
305 369 17
155 21 10
230 482 12
40 136 2
387 460 9
337 316 11
411 150 7
383 282 19
199 478 13
65 188 11
320 451 15
257 5 19
44 281 12
203 175 15
8 344 8
266 425 7
127 45 7
250 7 16
329 13 1
413 490 6
308 320 2
431 151 12
278 393 20
238 53 6
136 465 19
129 467 5
303 419 3
36 456 17
138 40 6
297 494 6
203 162 6
58 14 7
299 70 16
137 82 15
3 472 1
204 48 8
439 187 4
61 420 11
370 305 19
253 465 14
82 390 4
117 405 10
426 76 14
198 47 14
493 397 2
109 354 18
146 281 14
486 463 4
59 27 12
426 276 15
164 42 20
57 246 12
41 294 12
245 102 15
373 90 7
122 338 8
442 14 16
472 323 4
268 148 15
275 428 17
431 346 12
166 327 18
376 210 19
231 459 4
84 460 14
415 21 19
99 191 9
240 160 17
184 326 11
16 114 18
240 118 8
156 453 20
303 164 10
416 36 14
276 170 18
103 409 9
130 444 1
338 337 1
166 265 19
457 322 5
154 147 12
260 419 19
356 91 8
303 347 11
186 185 2
451 479 16
54 119 3
497 379 8
316 91 17
57 346 18
265 460 17
242 403 2
180 160 1
85 247 6
329 480 12
402 354 8
158 222 4
57 123 17
447 273 16
161 113 6
58 35 20
356 420 15
384 84 3
39 254 5
64 119 11
396 169 10
166 477 20
360 470 13
453 145 13
278 383 16
395 376 11
6 158 10
49 401 10
396 332 1
411 287 17
136 142 10
446 424 2
67 208 17
205 440 15
143 494 8
409 131 9
104 407 18
205 20 7
245 353 12
412 454 9
70 226 12
223 231 10
299 463 2
157 213 15
208 227 18
230 279 7
230 311 10
401 443 18
208 406 11
210 224 1
450 10 6
210 8 11
9 260 20
253 249 16
440 291 1
296 436 3
324 218 11
116 152 4
236 56 8
493 199 10
39 111 1
455 136 12
387 329 7
254 294 8
73 195 2
286 38 6
388 428 10
131 88 3
55 129 16
345 492 14
379 70 4
274 284 15
298 386 8
437 162 13
278 115 17
49 472 8
260 1 10
129 136 7
325 429 11
81 447 18
40 495 5
295 21 20
427 357 18
286 234 7
303 476 2
380 141 19
171 285 10
370 168 6
237 371 1
223 78 12
169 223 2
52 145 2
179 458 3
489 281 1
447 66 13
383 220 11
293 33 11
16 102 4
459 40 13
202 166 6
243 171 3
350 373 4
166 424 13
167 403 14
84 10 9
147 42 13
180 286 19
452 460 7
62 224 14
231 217 18
412 329 1
121 152 12
129 365 13
26 295 18
369 249 13
189 413 6
319 48 5
322 108 15
288 376 7
375 17 7
403 261 15
174 398 19
182 78 17
169 284 6
487 481 6
430 21 9
25 51 18
386 419 11
179 482 17
139 282 9
281 415 20
391 297 13
40 305 15
259 466 10
466 239 18
440 369 1
155 242 1
414 276 4
474 293 10
250 290 18
396 445 1
145 47 18
363 214 6
170 326 7
13 201 12
112 352 14
161 47 20
443 53 11
163 102 5
279 434 4
160 328 3
164 117 15
193 383 15
187 304 20
112 482 10
319 305 2
137 128 11
56 79 6
439 385 11
322 491 14
298 63 3
274 412 10
252 379 16
480 352 18
386 237 16
166 332 16
443 46 10
187 476 5
282 308 15
373 26 5
439 68 8
31 34 7
260 432 20
287 426 5
117 5 19
352 240 3
435 434 13
301 354 8
62 31 8
27 422 1
166 90 9
420 171 5
95 20 19
356 249 9
321 399 12
457 165 7
145 187 12
240 352 8
18 376 12
273 487 3
239 272 2
418 307 11
288 109 19
450 143 5
133 185 17
327 32 14
344 492 10
493 414 6
401 203 18
60 342 15
439 137 10
355 359 19
98 130 5
434 181 9
180 117 9
290 75 18
180 498 18
347 320 10
113 111 11
234 474 16
270 386 7
315 93 12
317 161 3
136 114 7
209 208 12
182 206 2
347 195 1
16 54 19
206 33 9
95 146 10
207 351 3
107 2 10
56 93 17
7 60 13
10 330 10
136 53 10
343 271 15
425 37 18
445 442 10
363 156 18
371 474 1
68 159 15
472 223 5
113 397 4
319 85 2
59 362 6
472 213 9
390 197 16
122 211 13
380 208 3
4 277 16
97 81 15
80 262 7
116 40 7
129 438 5
281 192 13
252 32 17
230 177 10
22 447 11
79 193 16
116 465 8
171 178 11
266 496 17
169 112 5
447 119 1
91 476 11
289 430 18
67 488 15
99 107 11
106 158 19
61 366 10
283 140 4
452 230 5
297 339 8
473 138 19
104 343 15
311 270 9
337 366 11
396 337 8
363 164 14
249 372 6
372 174 18
236 215 16
338 188 16
339 347 8
130 445 9
420 139 9
44 494 10
64 497 19
319 411 5
252 191 17
31 190 3
233 166 16
311 438 12
35 67 12
360 237 3
101 285 20
198 427 11
356 1 10
205 212 17
164 376 5
23 424 7
43 219 12
375 146 8
315 145 10
239 85 18
466 410 3
299 12 2
7 69 12
461 202 11
104 337 8
108 354 8
491 47 9
238 190 6
487 164 11
246 288 6
182 318 11
158 232 15
424 458 8
254 496 12
394 343 1
481 85 16
216 196 4
60 9 15
118 388 4
58 365 15
16 207 4
248 327 20
118 96 3
40 375 2
307 102 11
348 106 2
350 231 3
17 376 9
455 60 18
340 116 17
346 441 16
451 227 1
451 37 7
433 471 18
278 216 3
397 218 15
224 6 11
363 252 9
109 47 16
494 500 1
219 79 18
16 420 6
16 275 13
458 149 19
436 199 11
479 384 9
17 345 8
304 231 3
65 492 5
77 418 10
145 155 14
312 377 13
40 362 9
289 460 18
173 197 5
373 440 4
459 349 9
230 131 19
75 287 5
227 474 17
64 26 8
75 279 10
259 338 10
110 390 6
66 151 7
93 260 7
93 316 17
350 485 5
234 360 12
30 162 16
18 265 7
34 12 3
254 359 19
84 115 1
377 384 7
67 397 13
324 81 5
79 2 13
145 487 12
267 171 9
87 424 3
105 34 14
378 177 5
390 296 4
42 247 5
42 193 10
394 239 2
111 255 17
32 417 2
400 200 10
26 217 20
315 297 5
333 66 2
482 252 17
492 47 19
143 136 19
263 226 4
394 259 7
275 387 1
446 104 8
136 350 20
477 246 9
187 342 7
109 82 2
408 306 19
265 217 1
28 176 9
53 270 17
140 58 8
461 57 5
81 174 10
318 334 16
324 93 5
69 337 2
190 29 11
379 128 11
324 103 14
30 134 1
117 137 13
30 336 12
217 370 2
443 294 8
48 269 11
280 284 13
427 227 17
65 360 1
294 335 7
372 235 3
400 231 5
119 130 8
267 77 19
151 498 20
250 441 6
80 88 1
476 404 12
403 435 6
14 24 9
457 486 7
178 52 13
7 271 14
5 351 12
486 417 16
69 411 20
406 249 2
450 199 3
37 198 19
323 243 4
427 223 20
338 451 10
427 334 6
174 15 12
433 189 7
477 491 12
331 487 17
215 123 19
371 402 7
245 128 15
272 197 14
327 289 19
246 355 7
229 1 2
295 257 14
325 94 14
189 114 20
157 475 1
474 3 11
346 460 20
116 201 7
302 318 13
361 445 5
60 292 5
299 88 5
262 334 19
151 396 18
235 244 6
80 252 6
455 214 13
443 435 5
475 222 8
181 26 7
488 354 14
420 467 19
67 398 7
164 262 15
212 387 14
469 140 16
423 186 20
394 278 18
274 454 11
199 192 9
498 487 18
437 338 17
325 356 2
401 435 4
38 294 3
404 114 12
175 393 17
132 63 7
133 285 9
275 343 15
200 195 11
329 185 15
266 26 12
295 302 10
319 279 18
422 441 3
66 208 16
333 56 16
220 127 16
281 293 19
457 153 5
346 269 20
231 93 13
69 186 6
81 177 19
239 443 14
294 437 6
106 94 15
210 56 18
402 358 5
311 324 6
262 128 8
272 434 11
496 500 3
435 95 20
217 496 18
95 392 20
153 81 14
450 421 14
351 378 5
244 95 18
208 230 5
250 175 12
35 2 11
458 319 8
28 67 1
155 398 20
82 136 1
446 213 17
44 142 2
430 128 1
292 168 4
442 75 9
218 101 9
302 414 9
207 149 15
485 200 19
22 323 19
169 287 3
158 176 4
490 294 7
117 142 1
126 243 8
439 290 18
341 162 8
259 276 15
405 369 9
353 368 14
326 53 4
195 199 7
386 302 20
57 415 12
430 247 11
113 84 10
459 275 12
100 377 17
31 172 2
236 144 3
74 226 19
17 382 20
370 470 20
36 220 8
257 270 12
118 282 20
129 481 20
449 173 11
120 309 5
483 275 17
195 364 3
94 74 14
369 17 9
190 302 5
419 141 14
245 285 12
75 236 19
187 270 11
37 431 15
483 232 10
188 337 12
140 461 11
475 349 7
470 330 10
106 380 17
98 472 13
494 320 11
134 477 12
105 58 3
20 409 3
209 473 10
94 394 13
212 400 5
295 311 5
459 131 18
359 464 17
412 198 3
422 115 18
342 95 7
144 258 19
348 454 15
425 338 4
462 115 20
412 395 19
336 110 13
463 249 5
450 310 6
77 491 11
83 407 9
211 292 17
400 494 17
42 463 1
290 206 15
393 332 1
18 412 5
376 214 11
308 233 2
167 485 6
485 180 17
349 420 12
217 189 15
440 225 12
58 462 11
91 465 18
472 170 19
15 257 9
399 241 16
116 49 1
38 310 4
308 45 10
75 297 15
195 241 9
269 231 19
474 208 4
257 146 17
326 259 17
138 51 16
339 141 9
155 332 13
133 394 7
417 183 14
76 496 16
308 173 17
369 439 18
403 219 19
75 148 4
347 424 8
390 392 15
475 442 9
171 383 13
254 462 12
288 396 3
142 233 9
441 38 15
84 58 10
125 384 18
326 364 6
355 419 16
232 212 16
346 72 2
429 390 5
130 289 2
180 283 4
420 159 14
423 444 12
496 22 12
184 45 8
372 239 13
350 32 16
432 143 4
458 157 16
202 20 20
279 212 7
297 191 13
355 32 6
146 270 14
365 347 9
322 78 9
477 26 3
309 14 8
125 434 1
475 82 15
194 308 5
65 111 20
454 81 12
143 297 3
173 55 5
225 470 1
440 216 5
252 241 2
327 172 1
174 203 4
238 60 2
319 245 11
491 155 4
445 193 3
19 428 18
316 105 4
486 333 16
414 435 20
445 424 14
396 135 15
388 136 3
90 221 6
469 210 1
149 321 6
121 256 12
203 117 9
330 422 16
332 491 14
148 212 11
496 355 2
275 108 16
443 7 8
69 61 16
430 226 12
149 47 1
439 263 16
189 238 9
171 364 13
37 277 11
241 431 4
150 491 19
454 33 2
218 337 9
279 398 8
417 85 1
106 89 13
161 302 13
375 498 1
150 132 16
482 415 11
199 134 14
354 407 10
7 488 11
385 195 11
427 197 3
222 208 16
372 90 3
26 474 5
347 208 18
37 489 6
339 326 10
26 67 20
279 450 8
319 53 4
294 99 11
247 464 10
12 390 6
122 53 1
14 12 18
328 362 15
348 163 17
214 228 19
17 97 10
114 48 3
25 89 18
127 247 5
409 442 15
64 88 13
264 209 15
117 472 13
362 272 15
8 18 11
454 222 10
365 361 18
323 92 20
263 49 1
167 136 15
459 497 9
7 85 7
113 249 1
197 106 6
493 410 10
481 213 7
293 197 5
94 100 17
184 381 19
373 230 7
223 204 7
67 116 20
302 157 11
352 325 8
10 52 1
409 315 17
286 310 12
186 490 9
499 97 5
52 463 20
266 371 9
311 97 6
272 454 12
433 236 16
321 47 10
441 371 13
173 296 6
165 132 6
256 59 8
327 371 17
171 449 15
41 222 9
449 145 18
446 181 1
160 189 20
64 232 11
91 29 3
64 433 7
362 390 1
55 115 8
308 32 1
145 317 7
236 145 14
212 255 1
350 192 14
46 185 1
60 50 16
183 366 14
190 95 10
411 111 19
189 426 18
475 35 7
4 165 4
156 320 3
183 405 3
272 245 14
197 135 4
460 235 5
256 87 13
234 418 14
246 391 1
399 244 8
92 182 14
360 304 3
441 47 5
73 282 9
344 364 1
429 396 7
38 216 20
240 411 15
217 347 7
259 286 6
99 251 19
452 376 8
180 208 5
273 270 19
388 97 2
164 340 14
352 214 8
48 103 17
255 183 1
249 254 3
121 495 8
148 78 16
394 377 12
102 89 8
259 303 8
37 448 18
268 327 16
404 408 2
31 15 20
37 242 12
338 109 2
420 144 13
74 219 8
467 31 6
295 196 8
274 483 13
360 238 17
489 11 19
83 60 16
224 48 18
329 375 5
282 466 2
253 274 9
292 172 11
233 215 4
150 84 4
104 348 6
492 97 15
331 21 19
275 464 5
350 17 5
43 200 1
458 333 14
250 439 4
88 353 15
424 494 2
225 250 20
333 152 14
454 202 6
153 290 2
88 1 5
62 271 5
5 312 3
184 314 3
86 280 11
293 298 20
417 442 20
404 99 8
6 244 12
181 441 2
275 78 16
456 205 4
46 326 16
454 55 8
438 10 8
272 445 15
223 413 9
453 238 9
253 20 9
405 358 20
233 391 4
267 444 2
162 21 9
129 36 2
276 201 3
411 413 20
443 383 6
162 30 2
203 320 12
138 419 6
145 179 1
253 261 12
339 80 4
223 94 14
213 324 19
285 458 17
116 307 11
485 261 18
417 7 14
234 84 5
165 91 15
37 26 5
57 157 1
287 214 11
47 403 15
28 5 11
205 277 11
220 407 5
232 25 6
381 212 9
192 214 3
408 193 17
214 427 11
413 46 12
254 219 3
56 72 14
31 74 16
95 78 6
204 232 3
87 289 1
14 298 10
30 362 16
408 195 19
128 447 5
452 341 16
111 226 9
264 104 7
307 422 15
330 342 17
323 336 17
62 230 5
26 173 16
181 110 8
75 433 12
353 389 10
415 215 19
357 170 12
474 399 7
466 484 1
49 395 11
257 430 13
422 495 11
196 383 11
150 290 9
467 334 14
217 205 4
400 435 17
164 219 16
368 313 9
159 313 10
397 111 3
437 215 15
439 12 5
332 116 13
249 37 8
88 53 13
217 70 18
498 63 3
17 275 15
453 252 15
422 395 9
86 151 5
132 10 12
68 80 16
381 365 8
236 34 4
12 46 3
111 211 14
105 167 20
28 264 19
72 129 3
448 427 2
214 128 12
447 252 10
51 177 4
326 111 2
431 478 6
24 126 12
429 279 17
376 368 17
96 354 18
295 60 3
325 101 20
95 72 3
382 254 7
294 195 18
184 95 5
410 351 1
485 144 6
3 228 19
377 140 13
229 126 6
51 125 10
48 366 20
13 226 7
330 46 14
356 210 19
216 1 13
360 234 2
388 420 4
11 43 7
456 74 18
96 47 1
114 293 15
455 50 20
423 472 9
353 181 10
203 273 2
219 14 7
187 446 9
386 497 6
390 180 16
256 427 2
243 129 17
416 69 12
2 363 2
88 61 20
26 290 2
277 493 8
494 245 9
421 1 3
339 357 6
7 475 6
417 180 16
495 183 19
226 291 11
322 157 4
326 282 8
279 34 4
491 343 15
405 200 7
420 181 2
76 217 12
407 357 2
298 150 16
400 34 13
127 14 6
260 476 18
330 17 7
264 9 4
271 405 4
13 103 14
118 95 6
56 467 11
344 71 8
465 54 11
421 98 14
500 34 17
344 276 9
76 245 6
389 457 14
263 261 5
300 214 1
99 133 15
431 220 10
247 17 20
144 483 15
162 259 4
61 422 18
224 456 10
496 88 7
57 348 12
424 201 5
373 366 13
96 45 2
493 371 13
311 383 20
240 250 20
96 464 9
167 223 12
377 151 16
69 176 1
40 200 16
497 105 4
224 10 6
139 206 6
160 263 9
115 74 18
392 421 12
227 10 10
331 280 11
464 439 17
209 176 17
417 174 4
357 194 7
401 411 7
156 287 5
266 73 14
481 302 13
252 209 17
316 148 20
170 156 13
344 333 4
228 492 2
403 203 8
355 352 6
500 484 8
458 25 4
32 498 2
282 61 5
431 73 12
425 73 13
479 346 3
155 128 7
475 454 4
359 27 13
205 500 12
292 401 9
288 48 12
125 334 10
358 251 7
369 368 2
247 146 19
123 383 17
121 163 13
228 207 18
235 440 16
26 144 10
403 142 3
39 170 18
301 387 15
192 338 1
215 489 11
408 341 6
104 415 1
115 10 17
487 73 8
119 76 12
104 496 16
276 457 17
301 342 19
295 57 15
457 112 1
79 477 4
143 87 4
31 194 18
497 165 6
222 112 16
328 122 7
176 264 17
185 127 19
379 405 9
157 206 17
278 386 14
186 11 6
259 420 18
135 124 4
93 361 1
381 213 15
451 334 18
407 217 11
33 218 6
268 374 10
328 28 15
246 346 9
390 23 12
121 404 17
248 411 18
409 317 3
477 374 17
324 471 9
69 424 16
101 97 13
41 357 11
125 416 17
462 17 16
453 218 5
457 144 2
208 344 9
454 124 16
128 427 7
195 320 10
467 287 6
173 151 15
461 350 2
445 398 10
77 466 7
245 60 18
265 248 14
92 383 13
318 183 3
221 172 19
24 397 10
87 375 19
331 418 19
397 26 12
5 175 2
453 294 8
109 225 8
119 421 3
462 298 9
37 19 7
68 114 8
169 212 11
394 18 15
9 75 3
451 443 18
290 192 3
316 193 10
152 375 10
200 215 2
76 449 10
378 70 7
384 272 7
116 490 15
360 358 8
182 460 15
144 134 14
364 420 20
243 337 20
181 153 7
454 44 20
387 3 18
348 237 10
494 323 6
276 345 15
392 95 16
277 324 2
475 156 11
85 376 6
378 364 16
151 71 12
309 204 12
5 149 18
80 217 9
313 105 18
261 34 16
326 401 14
476 102 16
184 397 12
202 293 14
152 326 14
221 56 7
208 114 20
470 222 12
334 408 1
489 435 6
350 327 19
4 489 20
186 291 19
325 489 9
368 279 6
351 25 2
463 83 12
277 191 7
393 69 12
105 461 20
321 481 2
482 58 12
473 379 5
345 480 11
344 257 7
239 176 8
298 141 6
376 498 4
84 449 10
367 376 20
333 173 12
289 303 8
126 415 17
114 213 10
365 293 11
420 319 19
123 246 6
66 254 19
254 391 14
142 258 5
299 49 9
60 456 16
242 78 5
146 236 6
478 374 15
280 270 10
301 44 3
440 123 4
88 377 5
85 411 10
68 328 16
244 323 6
287 8 2
62 475 4
408 237 1
335 63 13
191 17 15
302 69 3
171 456 14
349 499 17
59 128 18
318 434 10
247 246 12
347 238 15
445 124 13
251 474 18
141 20 13
248 201 15
472 89 17
293 394 19
33 330 9
169 456 1
373 96 13
23 309 6
25 274 19
391 42 20
4 314 16
96 462 8
11 259 20
389 302 5
101 333 1
430 15 5
11 179 8
128 38 7
110 122 1
82 75 15
85 428 14
82 5 10
333 23 10
267 410 16
152 306 11
90 162 1
485 244 9
299 377 3
305 163 8
303 96 6
282 43 14
69 408 1
492 33 7
311 421 20
459 367 8
108 296 10
269 422 15
498 26 9
28 107 6
485 484 1
199 302 2
227 414 19
101 453 8
377 407 16
227 373 19
73 251 9
407 175 12
219 157 15
49 497 10
313 17 7
271 55 20
9 410 15
495 208 6
151 289 18
313 177 20
285 37 10
61 205 1
181 316 9
370 33 15
270 219 7
70 39 8
435 199 10
180 393 4
101 37 6
326 65 1
52 491 19
239 390 18
111 256 18
304 200 11
439 407 8
137 184 5
163 440 19
416 492 7
269 328 3
500 11 11
390 284 9
35 457 19
235 139 19
458 428 12
290 456 2
398 331 17
426 228 13
286 46 20
492 307 8
402 366 17
95 203 2
187 11 8
223 316 2
2 154 19
235 114 13
449 321 16
157 436 7
345 412 3
258 149 17
409 450 14
180 406 15
425 106 13
447 162 9
127 224 16
463 258 11
148 103 20
262 369 7
99 8 3
114 377 11
410 408 3
158 377 16
408 216 15
280 229 11
463 234 12
437 350 14
53 15 20
132 122 11
101 145 14
94 80 4
34 296 3
310 132 16
385 306 18
371 133 8
216 195 13
500 284 4
171 217 1
281 116 11
259 310 1
418 238 2
3 232 5
424 129 13
311 371 2
402 338 12
500 453 12
289 489 8
381 195 19
179 110 16
458 498 20
21 72 9
179 11 11
66 372 10
120 284 19
8 25 17
229 174 11
57 130 15
318 321 16
3 84 20
30 365 11
155 40 7
356 417 11
315 444 9
122 270 9
252 279 7
354 323 12
360 161 6
404 79 5
99 324 16
84 354 18
329 244 10
225 38 12
425 205 5
439 282 6
463 120 6
311 333 10
126 500 7
491 86 7
417 419 17
241 157 1
17 227 10
490 303 5
79 470 2
460 292 15
471 319 8
311 150 16
15 20 4
353 500 3
346 395 16
156 70 2
20 76 3
310 103 12
216 426 9
436 2 6
30 121 7
87 361 11
77 166 6
31 122 5
84 235 6
317 467 8
314 168 9
169 156 3
326 252 8
202 301 18
435 484 6
120 457 17
41 329 5
307 44 17
292 306 20
424 412 15
370 274 15
32 214 6
478 267 1
32 159 9
208 322 19
450 346 18
187 350 10
160 162 12
94 366 14
471 372 7
186 144 19
315 142 12
255 249 13
116 73 15
285 327 5
240 91 16
331 45 17
93 338 9
165 135 4
377 363 20
438 390 10
495 261 2
126 102 6
270 397 3
187 321 20
27 221 19
474 261 19
363 7 20
458 108 6
345 206 19
365 403 11
252 171 5
45 463 4
217 13 16
152 422 3
163 51 1
391 234 16
382 369 5
395 375 1
215 433 3
260 82 5
24 79 17
471 463 2
139 130 8
322 284 3
173 48 5
416 55 16
360 196 5
271 198 19
466 381 3
185 468 20
318 460 14
248 223 4
299 98 12
249 154 8
239 430 6
463 438 8
292 281 10
317 156 10
250 80 12
186 348 11
237 472 10
253 387 10
75 54 20
485 249 12
369 264 18
459 92 17
47 436 9
457 246 5
480 295 13
253 121 12
189 92 9
489 173 3
193 255 14
407 364 17
492 484 5
377 283 7
389 154 16
94 99 3
362 107 20
430 38 19
118 278 13
153 368 16
307 132 7
90 89 15
460 236 9
392 148 13
328 154 18
466 5 19
20 88 18
187 244 15
119 105 20
420 193 4
450 344 2
312 344 20
285 345 7
482 211 8
277 219 11
417 331 4
72 297 20
199 419 4
34 108 3
137 86 17
442 380 1
290 7 11
15 88 14
487 347 6
123 158 2
397 281 18
320 138 16
417 384 12
345 193 20
145 262 13
348 301 11
188 286 18
228 427 5
336 80 16
206 216 2
382 391 5
374 227 5
458 486 17
151 425 13
1 390 12
322 300 14
347 279 2
486 376 11
462 225 20
346 121 13
260 440 7
84 171 19
191 292 9
172 491 8
232 327 10
338 308 6
242 161 7
193 410 16
155 432 6
431 206 16
243 302 19
165 19 12
435 378 2
477 219 10
157 168 14
402 156 5
396 197 19
185 102 17
22 158 19
200 144 14
237 419 20
17 155 8
291 274 2
51 434 18
131 207 5
178 159 16
467 134 20
164 442 14
98 350 15
98 444 4
277 249 13
342 292 20
382 9 2
442 267 2
94 146 4
452 109 6
325 355 17
305 397 18
136 214 3
491 311 6
353 311 11
471 143 18
367 213 4
425 480 18
41 490 13
66 344 13
379 403 12
133 413 12
486 269 8
440 232 12
408 393 5
138 197 17
492 62 6
8 132 10
259 426 18
157 176 18
319 442 18
28 141 7
418 480 6
414 71 18
415 390 16
39 179 19
181 404 13
320 170 15
166 92 15
343 243 17
120 178 13
483 3 1
271 355 12
56 232 20
431 486 14
120 88 1
435 78 14
211 298 17
193 406 12
410 335 16
128 228 13
230 304 12
126 378 18
118 197 10
384 369 19
293 191 13
45 315 7
97 153 18
278 304 7
364 346 5
368 283 15
443 213 7
500 299 20
29 215 15
384 58 3
215 57 14
465 196 5
335 119 14
369 138 1
203 50 19
180 437 3
202 306 11
242 233 16
12 295 16
200 229 20
135 191 14
496 364 3
277 422 10
56 477 2
233 237 1
150 40 10
198 39 20
103 77 18
135 32 16
494 403 17
350 49 18
372 151 14
310 316 12
453 443 5
44 24 3
392 72 18
367 160 3
71 90 7
248 373 20
142 358 10
213 186 10
306 370 20
59 488 17
208 67 12
8 447 2
386 464 18
271 431 13
47 304 11
192 410 15
429 498 19
245 139 16
370 143 3
394 241 9
64 124 20
22 74 3
460 397 9
438 407 6
438 189 7
168 499 18
491 262 14
402 250 11
351 123 20
427 415 9
289 107 13
283 22 13
115 402 10
227 159 11
387 487 6
96 31 11
472 88 5
345 71 17
434 323 15
204 498 13
308 432 2
78 230 13
353 6 5
313 104 2
183 444 11
125 106 16
262 423 15
469 444 18
245 363 20
216 272 6
474 300 7
122 436 13
145 499 10
356 96 20
347 142 6
156 187 1
357 424 11
245 349 17
265 177 3
65 247 6
15 337 18
80 26 11
262 326 9
422 144 16
365 415 8
216 366 15
59 242 6
5 26 19
436 332 6
85 179 12
122 401 13
211 338 12
306 442 6
103 434 17
98 109 11
144 452 4
121 284 20
426 152 2
188 138 12
317 85 20
397 211 2
476 291 5
291 418 3
338 440 19
163 472 19
264 245 10
64 352 12
333 146 8
341 78 9
365 215 18
127 452 2
445 399 11
117 59 8
56 118 1
185 443 18
207 327 10
289 484 4
167 291 18
272 279 17
7 471 6
171 268 9
247 280 20
354 401 3
289 76 19
6 255 12
419 415 7
267 289 9
233 87 16
186 258 11
457 160 3
175 476 16
221 97 20
211 447 12
497 453 5
259 392 4
499 332 12
25 460 17
445 71 16
366 410 2
420 310 2
372 218 4
2 21 12
387 367 4
475 311 2
202 428 12
370 457 8
449 323 3
296 480 8
37 404 14
128 391 6
380 470 12
196 5 4
222 51 15
122 109 4
388 49 3
77 279 10
67 409 10
475 288 19
173 164 4
388 178 13
50 174 16
489 339 3
305 398 20
93 5 5
29 303 16
403 383 14
458 209 19
16 316 15
333 30 19
294 83 14
296 262 17
18 350 2
103 257 19
348 235 8
478 163 7
316 123 10
31 183 19
210 392 12
353 490 7
436 330 3
150 155 17
347 36 12
186 179 10
102 410 16
140 103 18
352 217 12
75 367 16
411 330 15
67 270 13
500 297 13
423 349 8
22 214 10
173 159 1
348 195 11
167 460 9
426 491 18
426 253 12
498 23 1
190 338 2
44 361 16
246 319 14
434 94 10
264 59 20
361 488 17
105 68 20
81 472 4
413 17 13
416 34 17
148 253 13
287 273 9
135 160 19
144 2 18
427 4 15
282 236 18
171 321 14
58 49 7
81 446 12
466 492 5
114 192 5
88 443 2
349 344 4
449 285 9
273 31 4
181 468 10
248 402 5
407 213 10
473 160 19
235 106 5
333 424 9
97 92 3
432 47 8
142 458 18
299 378 4
76 244 8
416 52 4
33 3 15
114 264 7
333 199 20
336 227 11
372 498 14
50 82 5
455 203 11
329 442 18
401 381 1
87 237 2
397 221 13
227 182 17
58 50 3
62 473 6
342 12 6
373 406 7
355 100 4
310 35 3
125 75 14
304 330 12
207 195 17
135 490 20
143 270 4
460 17 1
229 102 16
58 180 20
7 429 3
161 458 10
342 195 18
453 432 8
349 307 3
304 411 1
100 63 6
300 90 6
289 144 12
244 147 15
143 315 15
293 357 11
227 183 17
279 247 10
396 39 18
269 305 16
359 448 15
15 294 11
189 489 15
427 281 19
488 154 12
243 233 8
343 314 18
155 170 16
400 63 12
481 95 18
90 354 4
105 172 11
403 373 19
219 461 2
226 438 11
234 102 13
267 151 3
326 39 8
343 367 2
472 336 17
24 58 18
233 173 10
210 144 20
472 180 14
19 243 7
388 96 19
165 106 17
129 465 8
455 485 10
406 146 19
171 185 1
475 352 10
30 231 15
290 142 4
72 179 20
236 203 4
372 208 20
43 249 10
273 196 10
302 423 7
387 152 7
210 494 11
319 143 9
364 457 7
396 161 6
427 363 7
117 162 5
422 79 20
194 220 5
12 321 8
79 459 17
447 220 3
73 252 4
201 163 12
348 448 11
483 498 16
97 431 7
431 341 12
413 61 20
476 487 3
357 260 10
317 348 14
204 18 13
434 101 8
294 377 19
331 262 13
468 175 3
226 420 9
234 371 7
6 194 15
187 411 7
143 185 17
246 57 4
32 314 1
185 406 11
382 249 7
474 329 19
411 184 5
439 207 10
292 462 2
435 135 16
104 371 1
390 175 20
76 445 4
477 331 10
235 118 17
390 336 3
62 66 12
26 305 19
5 377 8
300 447 19
266 58 17
213 20 11
254 77 1
490 160 11
266 205 13
53 58 15
258 263 10
483 89 19
266 163 20
180 410 20
269 25 9
347 225 4
214 392 4
495 382 17
228 315 17
140 173 20
189 407 12
399 65 2
442 176 12
491 149 16
338 120 8
178 125 5
401 331 3
115 42 16
267 3 5
454 303 16
319 169 19
79 135 15
282 357 7
403 444 9
491 179 3
18 196 3
482 5 12
186 86 1
209 115 2
265 481 13
164 361 4
299 361 15
470 478 12
462 39 19
119 139 7
409 467 5
141 345 4
379 15 6
85 96 7
1 120 9
289 142 10
376 63 11
61 194 14
120 165 12
497 83 10
335 258 4
322 460 1
136 21 19
249 28 1
35 104 20
249 256 7
498 110 11
68 44 16
472 1 1
12 266 18
203 390 8
335 212 20
412 219 5
257 179 17
133 443 17
465 300 15
428 65 20
14 454 14
124 27 6
426 335 9
277 396 1
358 416 16
185 283 9
219 485 16
87 248 17
151 349 11
281 411 19
73 27 4
415 206 8
451 219 17
287 146 3
254 51 10
373 250 3
226 212 3
277 336 6
194 465 16
310 380 14
280 127 11
391 286 4
145 466 19
212 258 6
206 338 20
220 287 19
473 123 20
460 44 1
368 352 1
464 79 11
230 500 18
443 295 12
498 150 14
201 454 8
37 1 10
37 18 13
452 320 14
124 225 11
66 185 1
33 2 3
11 284 20
375 451 12
295 348 12
131 445 8
62 140 9
322 197 2
225 316 6
91 297 1
133 350 18
82 53 11
416 411 8
320 238 7
355 228 5
423 199 19
27 332 2
8 390 1
330 280 12
269 212 1
22 46 17
58 491 16
124 271 16
494 117 11
458 223 18
180 35 20
91 247 7
75 424 11
44 448 1
207 69 14
95 103 11
79 61 8
364 326 7
96 285 6
441 383 5
427 324 14
205 329 16
326 125 6
285 226 19
367 128 17
487 117 4
196 10 15
28 177 15
73 376 4
163 287 6
5 450 17
156 438 5
123 59 16
446 102 18
408 302 1
173 460 13
98 408 16
410 25 5
222 356 6
299 410 7
282 364 4
206 79 7
187 49 3
222 30 20
422 478 15
410 6 7
296 311 11
1 210 3
122 8 14
161 54 6
54 30 2
248 89 18
33 323 5
363 377 19
448 196 12
6 271 20
183 222 9
341 329 8
45 246 10
44 92 3
181 273 9
144 403 8
274 221 13
13 439 2
5 41 4
119 47 13
203 140 12
457 38 14
133 357 5
143 28 2
336 66 16
20 233 12
12 170 9
260 254 3
264 489 4
420 66 1
97 99 11
191 299 19
204 488 11
154 331 20
64 344 20
161 246 15
309 123 9
274 2 15
305 250 19
252 461 5
49 2 20
162 210 5
253 345 5
461 467 12
46 342 4
98 104 2
405 476 6
433 38 3
55 391 18
7 497 2
420 239 19
180 337 16
108 472 5
45 396 18
231 431 12
91 500 17
322 224 9
235 160 3
113 157 20
385 96 20
156 2 16
312 85 20
374 331 20
467 8 1
28 289 14
350 415 20
138 209 7
304 76 19
340 255 2
172 363 12
330 473 2
17 428 13
284 234 12
39 134 4
298 160 8
394 332 5
453 365 1
43 294 18
373 182 6
303 28 20
473 431 5
437 97 1
351 226 10
7 318 14
171 125 4
175 411 16
371 294 3
93 168 6
478 239 20
464 249 13
239 83 3
35 450 1
443 363 3
343 254 8
36 452 17
204 137 10
231 477 17
11 105 5
435 465 3
132 218 17
416 58 12
497 40 20
113 145 13
216 429 7
221 350 7
16 55 3
155 339 13
119 4 11
199 491 15
417 343 14
444 300 1
306 7 8
442 72 19
44 299 17
340 45 11
254 74 2
246 321 2
126 363 14
363 331 13
221 170 2
201 79 4
65 207 14
422 43 6
86 18 4
25 423 18
460 87 14
166 88 11
33 250 16
160 145 2
365 371 10
213 106 18
59 408 11
186 362 16
149 208 3
141 270 2
251 132 11
44 317 12
131 326 14
126 50 10
495 487 8
195 101 13
49 444 12
305 475 14
40 67 11
396 261 8
89 440 8
374 45 17
366 417 17
492 442 5
479 316 4
198 68 4
146 83 5
237 336 20
188 124 12
396 364 8
354 72 11
138 124 11
52 213 9
18 461 10
98 193 13
184 86 10
190 188 16
69 5 8
16 66 19
76 6 4
34 134 15
211 78 10
285 144 20
188 56 1
93 469 19
27 180 19
485 121 15
136 272 14
276 440 15
233 257 4
132 292 6
281 74 6
369 178 10
234 50 19
193 300 17
434 156 7
289 140 15
254 229 3
343 64 12
166 309 9
421 483 12
33 25 6
451 425 10
495 403 1
10 361 5
335 436 6
145 271 18
494 258 6
335 175 16
316 485 1
464 230 4
363 169 16
87 77 5
24 221 7
38 374 12
411 440 14
3 310 8
48 197 10
274 73 17
270 432 18
483 204 10
168 74 6
66 83 10
29 42 20
407 336 20
308 21 1
279 33 18
111 125 5
34 153 19
271 408 4
380 454 3
412 317 5
412 284 20
327 402 16
378 491 16
127 487 10
89 297 1
126 265 19
457 50 15
268 437 16
19 50 3
48 418 10
378 389 4
50 86 18
351 487 11
11 222 18
341 70 12
135 353 7
15 444 11
485 210 11
395 45 18
343 299 1
135 354 2
22 86 14
330 336 15
229 310 16
81 98 18
150 32 19
216 361 2
368 226 20
17 230 3
463 266 1
443 327 5
313 121 13
114 165 20
405 207 16
118 273 2
55 160 17
253 242 10
363 76 4
207 220 18
384 38 11
65 407 7
259 287 1
488 407 16
445 432 19
102 297 1
196 366 17
92 153 4
315 407 1
43 164 19
93 402 9
140 345 7
336 331 15
127 415 3
212 223 12
346 48 7
461 130 17
74 190 3
345 294 2
235 419 7
66 340 11
315 303 18
115 303 3
461 222 6
222 126 4
427 496 1
455 173 11
78 375 1
342 263 11
159 21 3
244 52 11
411 331 5
390 334 8
253 101 5
479 144 11
76 129 16
17 33 12
382 204 11
272 216 1
320 19 10
432 62 9
388 12 3
100 179 20
390 105 18
106 73 8
422 149 5
165 451 8
275 384 7
325 411 16
183 71 17
463 416 1
153 57 10
453 3 4
365 241 15
453 448 7
115 349 7
364 144 3
500 134 17
467 472 6
309 360 2
475 79 16
392 321 9
473 220 19
175 418 12
60 390 19
169 384 3
128 366 1
220 445 14
489 290 6
226 267 18
200 116 13
110 463 1
331 278 18
132 283 16
495 413 20
11 252 15
422 270 16
260 103 8
208 362 4
451 175 7
12 86 6
74 188 4
422 28 20
301 251 18
411 398 18
223 136 7
336 412 13
5 439 10
93 176 16
205 162 5
299 448 12
182 242 15
494 161 4
482 131 8
470 91 6
3 51 4
62 108 9
255 36 2
12 116 14
289 371 13
246 380 3
397 269 3
222 19 1
459 58 19
401 371 20
286 451 12
482 350 6
12 389 1
284 347 6
271 393 9
366 331 17
421 36 17
282 484 7
493 338 2
405 287 20
139 48 6
373 77 14
423 194 5
49 322 9
324 446 20
2 343 6
231 410 8
100 495 12
342 246 17
318 414 3
75 210 8
301 329 9
423 112 20
356 223 13
146 334 5
74 268 6
480 171 12
388 88 2
243 128 11
95 447 5
499 433 7
414 241 10
495 141 2
24 476 18
58 349 11
167 287 20
337 117 2
357 250 12
203 306 19
22 417 9
151 147 11
270 215 9
476 207 6
43 381 6
31 446 19
22 415 19
298 430 1
178 429 20
349 176 7
81 341 12
68 91 6
418 343 15
176 468 12
342 459 7
3 164 17
6 326 6
283 75 7
34 88 14
116 53 5
201 232 3
267 159 12
437 351 17
449 164 18
154 345 19
215 120 18
234 362 17
148 126 20
223 209 7
101 179 17
371 194 9
136 421 19
464 44 12
153 303 2
484 232 15
292 323 9
57 477 12
178 50 1
456 390 10
333 460 16
299 60 16
244 410 19
333 73 19
398 37 3
298 412 11
112 495 15
195 419 10
40 493 14
96 466 14
140 210 9
454 224 11
110 214 3
301 83 8
178 461 6
496 333 8
20 467 2
51 241 7
226 247 5
94 489 20
136 475 12
200 466 17
471 189 17
160 413 2
316 487 20
124 406 5
476 175 11
120 260 3
177 126 6
9 432 3
349 120 8
441 491 1
225 240 4
350 258 4
384 321 11
313 427 13
369 233 15
278 431 7
343 305 6
108 215 19
500 198 9
150 354 17
280 155 9
69 350 19
126 398 10
415 160 19
375 324 1
164 44 1
236 182 15
436 89 20
192 298 6
496 460 1
170 410 9
221 63 19
430 407 4
111 181 11
439 333 18
72 62 18
452 147 3
123 131 3
378 282 3
359 478 4
220 490 12
194 421 2
463 49 14
134 417 5
392 298 12
229 394 3
434 32 5
42 203 17
128 215 3
497 258 10
120 373 18
430 253 18
500 441 1
349 310 4
269 195 8
313 195 6
13 26 19
61 289 11
23 224 11
215 229 3
202 165 12
236 114 5
477 333 6
428 141 1
298 102 10
12 338 8
280 358 11
95 388 5
387 235 15
301 324 2
34 349 6
303 19 6
128 278 15
154 428 14
224 410 20
5 310 10
5 190 1
351 437 5
4 406 19
116 7 10
293 280 18
440 396 10
127 492 14
494 125 15
72 228 8
169 24 9
214 58 12
229 422 11
416 403 2
191 30 11
444 500 9
49 373 15
1 178 2
266 461 1
257 463 4
79 25 20
435 464 17
323 57 14
428 264 13
101 223 14
294 372 16
489 34 8
473 223 1
147 172 10
83 308 1
238 278 12
210 16 4
343 448 13
256 142 20
277 248 10
192 64 4
153 37 12
492 451 12
321 347 13
236 471 8
364 171 18
40 43 1
70 299 7
157 180 14
436 473 7
45 135 6
212 119 2
302 476 14
116 414 4
213 317 15
335 41 17
178 137 1
448 380 2
487 289 11
366 74 2
7 399 19
24 101 20
172 246 8
145 147 20
171 199 2
276 248 18
312 444 5
440 424 3
77 81 3
173 461 7
369 226 20
257 275 13
33 347 7
422 412 9
336 91 18
195 333 12
123 119 15
385 483 6
327 452 2
371 168 2
139 290 6
58 373 20
411 137 19
497 218 20
149 317 16
77 107 2
413 498 18
335 356 19
291 371 20
63 391 11
15 237 7
62 93 15
179 91 3
407 17 12
148 469 2
468 195 17
45 48 12
369 36 3
228 111 1
312 79 13
427 464 9
214 72 7
42 9 3
29 50 17
463 107 18
208 233 11
245 172 2
143 152 6
50 299 8
20 203 3
288 401 18
244 111 12
16 101 5
405 35 11
33 433 7
437 271 17
485 493 3
221 225 11
49 360 12
401 340 20
79 333 14
481 473 6
443 490 14
493 328 4
457 383 6
231 264 5
94 104 10
119 211 13
376 124 15
29 93 16
354 338 16
363 133 9
410 450 7
69 7 16
221 154 12
295 453 17
95 65 12
164 103 10
267 136 17
370 350 17
217 395 17
100 300 1
454 208 17
371 245 8
154 273 18
139 365 20
32 139 13
102 194 4
143 82 18
345 254 9
371 167 5
187 280 18
68 248 5
272 50 20
468 279 5
339 463 13
375 78 9
71 44 8
457 358 9
32 500 5
37 32 4
263 310 8
48 305 8
231 456 15
326 451 12
453 22 5
187 453 3
288 407 4
309 245 18
304 19 19
296 6 8
168 273 10
48 11 12
319 194 19
27 155 4
483 257 3
191 491 2
312 172 9
498 481 15
216 57 8
151 192 16
462 68 19
178 280 11
296 100 19
491 418 20
432 178 13
244 346 6
297 312 14
372 348 4
76 438 11
72 454 20
278 96 11
86 167 12
17 45 3
178 27 6
164 83 18
247 329 20
456 247 15
333 47 9
320 317 8
195 74 16
144 105 11
498 332 10
94 252 9
266 308 9
62 191 5
25 104 15
114 370 1
285 363 12
30 444 4
440 242 13
389 453 19
366 490 13
53 239 1
452 204 18
23 229 3
186 157 15
157 238 17
468 374 6
65 341 16
468 261 16
472 232 17
365 272 8
430 153 1
44 497 5
254 167 17
85 184 4
292 302 3
385 326 17
155 241 17
36 497 17
196 478 17
14 492 13
488 172 14
483 181 10
162 148 14
387 202 8
207 99 6
263 457 13
185 7 13
271 221 2
369 272 3
204 66 1
383 423 7
252 158 9
352 74 15
283 208 7
453 376 20
246 191 20
5 448 15
176 418 7
242 453 10
409 479 18
315 229 14
354 92 9
134 347 1
350 240 17
475 268 10
115 56 5
135 63 20
375 40 3
422 167 1
480 338 8
480 429 1
139 132 5
260 285 7
468 135 16
281 4 6
429 171 4
379 312 10
146 249 17
277 225 10
142 285 19
354 162 14
11 276 6
377 213 15
74 277 18
414 136 6
403 216 1
127 414 12
312 225 13
445 265 18
253 135 1
200 15 12
261 217 10
116 384 15
365 197 18
353 397 11
298 252 12
166 91 12
84 147 6
173 384 2
252 444 8
273 165 4
233 160 5
495 347 8
364 453 16
264 484 11
399 6 12
45 98 10
219 312 20
483 190 18
102 214 13
145 456 20
36 18 6
333 232 14
78 105 13
458 241 17
146 186 1
491 412 7
41 88 6
276 244 18
404 487 11
462 365 17
4 182 14
226 194 1
184 279 15
194 473 13
62 367 19
393 241 10
443 236 12
292 30 14
69 30 17
413 234 20
365 192 18
295 162 3
459 259 13
333 10 8
141 315 1
365 108 18
446 423 14
6 307 17
95 245 2
271 28 12
116 195 17
400 264 17
444 309 8
26 54 2
461 93 20
119 489 3
205 194 18
170 354 4
415 87 8
345 391 5
215 432 17
448 151 7
300 273 5
64 302 4
158 336 18
361 26 6
123 291 8
129 328 12
95 50 10
167 492 16
209 364 8
314 147 6
471 70 13
320 297 13
329 149 20
280 264 8
137 462 12
86 223 15
167 244 11
327 358 9
150 283 11
14 189 9
71 480 17
358 39 5
148 59 15
302 329 16
178 152 19
62 402 1
155 167 11
451 414 8
492 183 15
485 53 19
415 330 13
98 379 13
269 102 7
207 20 13
278 142 8
37 235 13
262 350 19
371 230 11
160 174 2
357 85 14
315 92 15
161 151 7
478 44 17
445 65 16
325 63 1
134 466 5
6 283 2
95 427 2
122 468 6
45 230 16
236 461 5
93 429 12
83 38 12
182 113 20
359 254 1
460 207 5
462 189 5
424 15 5
442 372 18
499 435 1
10 199 3
491 58 4
421 150 1
177 121 9
283 20 16
331 430 16
281 250 11
191 309 6
451 186 14
96 416 9
75 3 4
353 238 16
82 394 18
342 464 8
273 195 7
361 174 8
168 482 17
318 218 5
23 112 2
446 257 9
346 305 7
131 254 8
21 193 13
74 308 5
464 130 16
14 291 10
222 161 18
24 321 5
103 473 2
300 463 8
288 314 18
426 191 5
466 458 7
141 230 8
138 395 5
62 460 2
347 346 17
67 203 9
190 328 14
493 53 11
420 34 10
119 431 19
12 71 10
245 16 8
21 457 18
471 342 6
353 40 2
129 437 1
6 225 9
335 96 3
366 166 6
324 363 15
407 406 1
183 42 13
36 368 8
17 180 19
280 329 11
382 125 4
280 8 13
235 170 18
431 189 19
126 361 7
219 34 4
354 380 20
167 55 3
242 228 12
428 208 11
78 401 16
492 465 6
327 471 9
413 173 7
36 204 12
28 203 1
301 488 16
41 378 20
463 383 6
121 436 4
168 176 2
418 121 6
132 111 1
419 425 9
66 84 6
154 229 7
198 426 20
35 388 19
307 247 2
312 251 7
196 377 14
34 176 5
198 440 2
429 165 13
152 79 10
23 325 18
372 264 19
346 150 14
348 381 15
381 35 6
399 170 2
136 491 9
120 454 11
133 179 14
451 311 12
373 43 9
244 372 19
45 154 13
36 48 1
286 49 6
106 340 4
7 182 19
87 90 5
151 473 10
359 423 5
69 175 7
13 410 16
443 137 11
445 154 15
177 168 1
92 494 5
380 47 6
9 402 12
76 134 12
200 168 5
29 261 20
73 366 1
75 281 17
429 48 16
190 459 17
50 97 4
468 318 12
124 260 1
332 309 20
140 319 3
183 447 18
166 411 10
426 302 17
403 116 4
348 496 5
315 403 10
394 34 13
429 123 7
183 199 1
5 147 19
446 392 13
353 383 14
26 333 2
143 263 18
362 468 4
415 324 11
209 204 18
473 110 9
141 365 7
335 425 2
49 476 9
235 97 15
265 196 8
461 291 10
349 322 11
196 328 15
355 453 12
273 418 12
229 433 14
41 44 8
161 98 8
193 298 3
399 206 12
344 363 19
349 390 10
324 30 13
330 484 3
129 404 17
298 449 19
309 408 14
142 144 4
64 486 9
467 34 4
145 116 20
203 310 16
29 497 14
87 353 4
456 286 12
430 357 4
486 212 5
9 319 13
169 370 14
317 321 6
122 368 7
488 164 4
452 77 17
163 423 7
191 77 15
485 401 3
356 25 7
271 485 8
495 171 11
123 465 1
109 190 4
244 25 4
358 208 20
228 450 10
145 446 11
318 294 12
465 398 2
188 141 20
420 63 11
385 284 15
300 43 20
359 125 8
192 56 14
252 146 20
328 211 7
374 442 5
438 339 1
471 246 18
278 210 14
175 304 4
117 290 16
452 28 8
150 197 20
381 67 11
253 320 16
429 119 5
310 346 1
472 266 6
448 173 18
12 88 6
79 436 15
289 441 12
204 343 4
146 58 6
135 499 17
488 337 5
304 322 15
363 261 4
303 451 16
448 444 10
383 214 9
4 326 12
492 205 4
162 331 10
286 70 10
96 272 6
472 263 3
114 136 12
209 124 12
497 338 3
396 78 17
137 66 17
378 253 2
250 405 1
379 308 10
44 32 2
320 431 5
451 111 9
92 49 2
325 149 19
165 400 2
468 140 3
295 264 12
305 404 10
138 389 3
358 432 5
31 263 13
371 12 10
80 399 17
374 109 15
459 235 12
142 55 16
254 347 3
352 122 4
106 437 1
405 56 3
53 259 5
370 449 12
262 229 14
133 250 4
448 39 18
15 360 4
379 1 9
291 419 14
380 337 16
266 186 3
155 359 18
499 50 10
420 364 5
480 399 8
329 357 5
186 87 16
238 104 17
29 377 3
47 93 4
138 19 1
394 153 19
210 29 7
434 152 8
409 229 16
352 345 15
210 453 18
126 105 13
446 242 10
145 423 3
467 258 18
106 276 3
274 480 10
126 421 19
228 339 9
469 481 9
269 461 10
303 83 10
378 181 4
229 227 6
309 12 18
222 166 20
369 186 19
156 219 11
147 336 5
426 490 17
148 83 19
126 231 19
274 289 2
411 311 8
152 482 17
443 219 7
368 97 6
270 52 3
54 10 2
341 224 2
205 51 16
101 221 4
52 365 1
160 212 14
475 280 16
89 81 14
50 387 10
184 74 15
375 366 13
372 119 18
247 388 18
238 56 5
286 471 3
41 37 13
103 201 12
396 484 2
17 434 18
44 200 6
169 350 4
284 416 10
211 192 19
319 15 7
162 201 2
132 215 18
428 497 4
239 28 4
116 481 16
157 383 3
15 268 3
305 77 7
382 190 1
225 192 19
230 497 7
456 13 9
245 18 14
96 262 16
256 112 13
117 26 6
361 218 20
25 422 3
476 412 1
432 104 11
372 88 19
78 210 5
21 365 2
339 9 11
89 45 5
105 356 17
248 56 10
205 442 6
48 44 3
60 135 6
481 48 2
25 479 1
74 431 12
280 388 10
99 468 13
403 91 8
339 263 11
226 440 16
199 213 7
172 378 16
450 475 7
304 147 19
124 60 1
198 261 4
467 404 13
104 441 17
492 406 17
459 294 3
255 7 18
164 350 9
74 241 14
400 54 18
229 360 5
465 150 8
249 1 2
463 342 1
269 157 3
381 201 13
342 323 3
265 61 9
303 461 19
151 56 2
363 305 8
38 278 8
124 342 16
202 182 19
413 97 7
210 46 1
392 483 18
229 48 15
88 121 6
184 217 14
13 461 15
214 425 4
79 359 12
14 109 16
349 355 7
325 301 20
28 231 8
235 80 14
107 463 17
324 283 5
102 294 9
495 57 18
232 59 5
11 90 6
159 152 15
2 228 14
432 309 1
353 299 9
207 350 20
479 19 11
238 46 16
183 356 1
196 249 8
388 43 13
36 286 5
106 211 6
226 169 16
123 175 5
436 183 5
348 281 6
191 492 8
79 55 14
108 28 19
367 303 4
266 320 20
299 142 6
314 187 12
259 272 19
228 337 13
372 171 9
37 181 10
421 275 14
462 92 10
131 268 10
339 92 17
74 468 8
205 11 7
291 53 11
223 312 19
499 216 6
123 344 11
162 50 1
355 432 2
114 202 5
17 446 18
7 395 1
254 85 15
449 97 16
443 348 12
411 47 11
375 453 4
499 289 20
221 482 16
54 413 7
322 274 3
187 92 20
234 257 7
365 319 19
300 187 14
155 337 18
143 313 1
96 206 11
480 362 3
403 329 15
241 362 3
474 48 14
371 306 7
15 189 3
273 453 2
186 5 4
184 142 13
172 3 1
189 463 15
195 366 17
166 89 13
137 499 19
289 332 19
499 115 13
238 454 2
64 98 10
388 489 9
140 397 2
497 33 14
239 245 12
438 332 19
457 371 17
466 54 15
102 46 3
338 464 20
285 47 2
357 4 3
476 339 11
306 459 9
375 83 16
281 345 2
315 291 12
276 287 6
333 265 3
489 455 17
171 346 7
486 420 15
432 84 18
194 320 10
41 414 7
293 415 8
115 177 4
212 463 8
162 328 6
174 308 17
111 465 4
299 77 13
315 148 16
258 337 6
390 91 13
431 59 1
169 343 5
355 321 17
212 312 14
131 184 19
479 156 8
242 204 5
356 329 3
221 384 9
415 84 14
248 491 6
129 21 1
157 78 16
326 497 4
48 14 20
9 272 1
367 432 10
116 46 10
409 273 4
117 145 7
139 482 14
63 295 7
172 373 16
445 155 12
132 233 20
433 60 1
203 40 14
55 475 17
291 323 3
187 296 10
464 18 13
198 55 16
206 155 11
405 426 12
188 246 4
284 448 13
284 20 13
379 444 10
128 293 14
379 119 11
458 1 6
265 29 19
35 449 16
371 95 19
199 214 4
237 298 17
36 434 4
261 357 7
192 434 12
367 181 5
260 97 15
113 406 1
224 367 11
495 374 10
175 99 4
413 154 18
34 238 20
156 117 10
43 259 5
67 109 6
405 170 2
400 17 3
6 202 4
466 469 16
430 165 15
495 187 1
229 497 14
336 109 1
455 199 6
25 37 1
25 289 11
483 428 1
54 370 20
454 191 11
124 211 14
110 372 10
248 104 8
233 94 10
227 165 18
197 108 17
444 453 19
464 177 1
322 294 14
372 54 14
141 166 4
499 84 2
51 112 4
280 492 13
366 260 18
166 230 13
260 198 10
365 436 4
118 302 13
178 23 18
257 144 17
212 201 1
202 214 7
61 104 20
442 279 18
393 248 15
103 85 17
216 282 18
489 477 6
455 443 13
208 238 8
423 378 10
254 280 12
164 348 17
293 462 14
194 130 10
42 83 11
370 112 10
85 168 5
10 288 19
335 359 8
494 30 11
361 185 12
441 258 11
170 282 13
127 313 15
308 155 13
372 150 11
44 320 14
345 219 5
466 27 15
349 259 19
348 294 4
456 476 10
488 242 19
221 399 5
355 226 20
251 362 12
445 381 7
424 232 10
448 114 1
2 136 13
23 66 18
375 246 19
77 142 10
319 397 11
401 157 17
356 440 16
55 366 10
403 359 4
69 106 15
470 276 19
132 65 7
482 432 4
124 104 11
261 186 7
267 234 13
89 63 10
76 160 12
445 93 12
473 273 7
62 192 7
492 225 20
429 296 11
313 89 16
102 344 11
32 142 8
203 156 10
110 123 11
355 445 6
96 103 8
61 477 13
196 481 1
316 113 11
371 242 8
287 447 1
193 146 1
242 411 2
222 282 3
40 429 5
278 268 7
114 487 2
142 154 5
426 402 18
495 40 3
118 185 15
271 463 15
371 183 16
242 445 8
208 449 9
54 388 5
193 434 16
66 101 14
18 247 13
352 404 17
454 337 15
449 406 14
206 355 4
12 109 17
398 336 14
300 93 13
261 103 12
127 225 3
244 37 9
28 322 3
484 171 13
145 381 15
20 284 2
18 359 10
327 493 13
91 464 8
321 92 19
65 123 3
270 367 12
145 93 4
19 99 3
190 82 1
46 126 17
172 342 17
498 275 12
325 469 10
330 96 17
347 296 7
44 492 20
136 354 6
62 441 1
140 288 8
379 239 12
400 121 13
354 208 3
279 18 4
47 382 3
116 175 19
89 347 13
164 378 8
393 140 1
179 414 10
496 93 14
216 425 9
466 472 6
302 102 14
259 425 3
85 213 16
458 374 5
392 31 9
242 463 5
337 403 17
341 63 4
99 372 3
438 32 18
84 374 7
146 433 19
362 104 20
306 162 8
79 187 10
494 15 7
44 272 2
395 495 16
322 270 19
443 198 6
395 342 10
266 188 15
228 125 20
271 76 10
230 440 5
153 254 10
107 106 7
27 403 10
121 352 12
24 280 13
350 339 8
309 329 4
225 163 6
419 65 16
255 155 5
51 430 8
455 396 11
266 383 5
456 330 15
391 358 9
325 262 18
288 202 19
420 240 14
49 270 15
168 19 14
187 90 2
112 41 7
309 152 5
418 139 2
261 250 4
291 31 12
78 370 4
382 177 7
108 419 15
157 23 9
26 171 5
88 125 12
360 277 19
290 100 13
139 395 5
50 264 13
182 148 7
474 382 13
442 284 19
91 316 19
258 386 6
405 495 11
396 14 14
322 413 15
433 246 8
179 188 1
141 431 9
444 379 5
99 190 18
221 334 13
491 255 2
493 236 20
172 347 17
414 468 17
417 365 7
3 272 7
92 211 18
432 161 14
436 390 12
32 174 11
51 64 20
1 365 16
177 286 15
474 72 1
445 266 12
351 396 8
439 192 15
226 379 3
300 261 5
434 471 4
145 289 3
429 111 12
50 372 4
13 367 13
393 303 19
455 252 13
391 120 3
12 106 16
430 227 7
223 370 18
299 128 8
223 129 20
320 27 18
338 130 10
220 467 18
20 26 18
348 491 16
372 360 16
140 430 10
136 112 6
41 462 14
365 71 2
480 236 9
446 15 4
149 144 2
109 432 17
495 433 5
187 450 18
433 412 4
496 192 19
95 250 20
65 416 18
263 344 10
145 453 3
251 24 1
275 113 8
363 380 3
339 43 17
433 333 1
30 307 7
337 270 9
229 327 2
264 82 12
173 50 5
18 492 3
428 200 6
198 151 12
50 482 17
187 31 15
51 385 17
428 486 18
377 369 18
64 427 1
425 360 3
422 140 19
190 401 16
432 223 15
375 315 18
80 277 15
311 185 20
405 444 11
430 279 9
348 81 1
124 473 7
232 463 14
157 201 13
113 152 4
410 297 14
23 379 20
77 469 8
217 160 10
59 107 14
403 132 6
423 428 16
399 130 2
468 131 8
307 342 3
488 341 16
19 202 18
370 200 19
399 280 20
239 258 5
182 326 3
371 213 6
327 123 8
262 113 7
63 493 13
438 29 20
79 66 6
318 472 4
438 182 16
355 159 12
443 328 5
402 332 8
210 200 1
151 482 7
458 470 18
196 363 10
102 86 16
290 220 17
14 27 9
448 474 6
10 32 4
274 108 10
362 391 5
349 382 8
257 325 13
266 170 16
451 125 18
377 350 17
79 426 17
375 430 12
437 211 5
351 232 15
485 372 2
364 197 19
402 246 11
286 56 9
490 93 6
196 219 17
447 423 11
232 312 16
21 119 15
386 391 10
53 100 7
258 216 4
59 270 14
106 476 19
256 426 4
286 297 14
172 162 5
375 164 3
134 430 17
456 65 13
315 379 8
172 73 17
213 281 12
67 313 14
240 56 7
446 253 11
165 395 18
111 461 6
358 398 9
196 333 10
455 155 15
315 375 18
99 256 14
304 289 19
353 274 12
395 374 16
416 381 7
423 356 13
15 13 16
79 36 3
299 494 6
467 346 2
281 56 12
316 103 1
286 62 13
489 166 3
373 33 14
344 371 8
46 489 19
354 252 15
288 278 16
498 81 5
346 217 20
10 335 1
328 22 13
295 106 20
269 300 5
201 281 13
118 137 9
499 242 12
75 196 3
198 354 8
271 37 14
386 274 18
477 45 7
123 325 12
97 25 12
415 272 5
428 319 20
116 224 9
198 188 18
153 122 9
47 373 3
335 484 13
94 428 16
176 248 15
206 237 9
18 102 13
431 283 12
57 141 7
432 405 10
64 244 15
319 306 14
270 388 7
242 393 4
454 128 5
225 84 20
191 265 5
414 430 10
372 241 8
365 173 5
357 299 20
165 203 5
164 304 18
82 27 5
220 380 18
19 390 7
415 182 7
388 421 12
162 86 20
118 369 7
27 93 17
59 217 15
293 119 12
231 34 4
470 215 10
239 91 17
70 99 11
276 255 11
110 134 6
370 3 15
194 185 11
323 457 6
236 220 15
87 149 15
403 223 11
69 181 2
18 483 4
27 120 1
467 493 8
288 478 6
158 58 20
484 172 19
371 405 2
82 450 18
322 351 7
482 424 5
272 494 18
17 267 13
355 22 4
47 262 3
411 222 20
473 290 20
65 148 20
109 306 11
396 257 8
7 68 6
427 23 12
296 63 13
88 403 8
311 149 17
175 370 19
237 389 15
404 109 18
417 370 13
461 179 5
445 308 6
188 148 8
128 286 20
153 436 17
128 131 12
43 351 9
155 488 5
38 486 1
10 229 9
447 135 14
155 264 14
67 334 19
11 241 4
254 388 2
238 352 18
419 26 8
90 258 15
493 276 16
53 295 19
195 87 14
144 453 9
346 122 12
348 266 15
252 201 6
442 384 8
50 418 20
125 129 17
317 133 14
490 122 12
13 366 15
275 439 7
418 165 10
486 255 11
351 55 7
248 305 3
23 152 15
348 108 5
420 242 9
245 155 18
245 381 13
188 314 3
350 28 11
278 93 12
212 9 12
295 7 7
335 133 9
146 234 12
269 337 2
178 395 1
484 332 8
303 13 8
482 446 18
403 438 13
102 495 11
104 363 12
16 118 12
280 136 11
264 123 19
187 33 15
224 405 20
224 203 16
303 79 13
165 130 8
350 124 1
251 426 16
468 460 3
439 160 8
12 343 7
293 414 11
354 289 20
421 148 8
99 481 3
248 405 17
276 53 8
53 57 18
30 454 17
191 334 18
199 251 5
281 241 15
467 415 12
469 197 11
276 182 13
4 18 8
442 345 7
370 488 10
101 413 18
380 484 12
113 372 13
431 362 2
161 16 13
7 248 7
161 357 9
166 483 10
6 294 11
23 368 18
496 157 16
68 104 3
149 280 7
389 478 3
192 54 9
384 3 2
347 295 14
33 324 12
380 104 1
4 109 10
219 75 3
191 91 5
476 453 8
324 393 12
241 69 3
113 404 7
77 89 7
440 169 11
285 399 20
482 137 6
463 64 18
396 348 6
248 397 12
297 189 19
157 131 13
229 189 16
92 104 17
40 92 18
338 324 19
44 438 18
263 82 20
49 457 17
247 256 17
487 493 5
51 438 11
46 397 17
282 296 6
406 164 14
463 170 13
25 49 10
416 14 3
55 274 13
449 492 4
219 33 10
222 104 5
386 235 12
455 372 14
230 6 12
217 320 5
50 45 18
8 301 9
361 311 14
404 21 20
196 208 3
57 109 1
225 27 4
310 99 9
84 136 13
303 323 17
179 377 11
306 56 8
393 243 14
490 384 5
124 139 7
191 274 19
224 22 4
175 212 14
157 452 15
368 414 16
181 108 9
259 45 20
289 494 7
106 182 2
219 290 14
338 250 5
271 169 18
39 243 5
113 144 15
297 448 2
130 389 4
376 474 5
477 207 7
296 193 7
324 394 15
342 72 8
343 162 2
300 396 17
451 57 8
278 483 18
432 304 11
174 46 9
275 318 20
102 423 20
34 358 9
16 30 18
332 295 8
252 365 15
37 9 5
298 269 16
143 27 5
490 291 5
489 314 20
404 215 13
256 434 20
41 476 15
115 236 19
89 265 19
437 248 11
409 226 7
263 95 16
418 327 5
90 68 16
368 42 2
141 363 8
99 432 11
243 208 3
128 247 8
277 384 1
204 39 11
59 432 2
254 244 2
70 307 20
415 149 6
486 87 1
365 41 6
327 130 15
181 331 20
51 303 3
235 94 20
185 294 12
87 130 15
223 19 1
13 291 6
486 287 8
288 489 14
367 443 10
430 412 16
15 451 19
146 369 6
210 215 16
241 95 10
153 157 6
421 166 1
413 491 10
88 270 19
451 244 12
458 11 7
179 241 19
243 272 4
372 152 12
403 42 20
451 185 18
102 16 4
394 176 9
45 257 20
86 399 17
401 413 6
323 170 12
133 359 12
430 145 9
126 246 20
298 40 4
492 499 17
199 184 10
487 424 13
87 414 16
452 58 12
76 255 5
8 234 2
471 318 11
377 66 11
375 429 2
103 268 8
112 368 15
98 400 17
394 257 20
67 417 17
186 237 18
208 157 11
205 394 8
120 61 10
289 47 2
414 285 18
84 248 8
280 10 4
103 230 2
389 352 13
234 416 3
471 146 11
440 159 5
377 353 12
290 257 4
87 435 5
211 71 2
26 426 9
483 227 16
332 182 11
311 16 2
281 80 14
286 219 8
134 70 16
16 401 6
279 204 9
177 163 18
224 408 6
21 39 2
395 198 15
365 425 8
304 441 14
430 107 10
424 479 5
307 202 15
91 131 4
175 109 4
96 62 5
63 485 9
78 28 16
401 305 11
135 209 9
423 135 11
44 389 6
410 461 7
398 463 20
167 303 5
24 165 11
107 455 2
316 259 13
492 394 11
217 361 14
409 243 3
360 226 20
332 467 1
130 238 10
382 340 17
422 105 18
215 356 13
444 319 14
263 398 20
361 201 5
174 470 3
67 283 13
433 447 12
477 338 16
223 75 20
275 383 3
454 158 15
445 463 12
23 294 2
29 20 20
143 102 5
412 285 2
151 321 5
200 448 19
217 115 17
477 209 5
194 72 1
176 458 2
446 151 17
487 331 20
81 86 4
57 4 15
494 457 2
311 137 17
410 419 14
252 274 13
27 418 12
279 208 10
297 193 6
118 378 18
169 485 18
218 182 8
255 480 10
309 381 7
441 135 14
273 70 9
374 97 5
407 153 2
288 409 9
201 220 14
277 374 19
93 182 6
443 44 11
411 237 7
475 366 3
325 1 5
321 264 11
365 39 16
356 494 1
87 1 11
430 339 12
52 207 17
64 163 3
27 11 14
84 2 14
136 305 18
474 24 13
348 318 6
260 142 2
342 479 13
378 162 16
315 69 6
329 245 12
116 69 7
374 456 18
80 246 4
123 211 16
359 159 20
196 51 15
165 412 11
455 454 13
171 219 19
30 190 11
99 395 19
89 50 3
359 203 8
392 337 13
269 272 4
380 11 1
167 484 7
447 211 13
245 334 5
363 387 6
142 367 17
216 439 2
130 490 9
416 297 10
365 211 15
403 201 5
222 329 20
73 99 5
349 399 6
381 44 14
312 288 6
211 491 11
230 312 12
111 365 20
326 200 19
20 478 11
444 269 4
316 197 18
409 328 14
83 99 3
389 12 2
285 52 13
56 415 6
89 84 1
312 323 1
141 323 16
179 277 11
130 35 6
308 373 16
431 333 1
348 196 18
141 2 6
382 352 6
481 382 19
436 387 13
266 43 7
121 76 18
332 1 20
377 458 14
124 118 15
349 27 8
348 444 10
191 480 20
238 137 18
479 426 2
436 422 6
403 448 4
233 35 17
496 120 3
55 159 8
437 406 9
461 107 10
452 326 16
430 312 11
8 257 16
254 45 2
446 99 4
344 156 11
103 101 8
17 436 2
343 208 8
4 86 14
209 68 1
167 189 2
209 267 13
124 470 13
415 448 18
351 157 20
66 47 15
117 215 20
335 226 20
64 243 18
58 451 11
454 364 4
414 359 3
308 158 10
108 337 4
205 55 2
131 343 16
285 301 19
203 374 9
252 360 4
449 384 1
468 144 1
458 366 20
471 496 11
158 453 10
465 328 19
260 41 8
128 378 15
198 176 1
196 147 1
169 493 6
171 452 19
114 369 7
1 266 2
453 403 14
290 225 18
458 20 15
41 58 13
97 372 16
133 126 20
118 229 3
20 352 1
454 175 11
129 282 6
300 244 17
224 142 4
102 279 12
302 371 2
403 140 18
169 431 18
316 98 6
208 14 6
466 78 17
465 115 12
397 261 7
292 443 14
91 446 13
150 91 7
364 127 8
464 205 9
216 315 15
321 162 15
304 320 17
358 31 6
64 164 19
259 215 10
318 376 12
270 476 7
13 163 10
385 259 2
402 500 5
118 259 9
270 12 6
298 429 12
473 364 19
427 136 10
29 67 6
229 237 12
433 311 5
429 470 13
500 387 18
40 247 11
29 184 15
447 319 10
34 465 17
396 481 18
124 219 9
285 371 20
478 97 19
179 408 1
13 249 3
431 409 1
153 137 2
355 254 7
4 288 8
397 112 16
125 218 18
35 290 7
164 174 10
118 151 13
3 451 3
22 462 3
458 417 1
354 100 20
342 234 11
31 313 4
500 155 17
245 167 6
233 464 8
490 340 8
128 434 7
303 341 8
217 190 4
429 71 19
12 398 18
353 215 19
442 199 20
458 176 6
500 88 2
133 499 7
173 455 6
452 379 6
187 406 6
357 321 14
35 499 15
306 253 7
5 488 5
465 276 9
494 360 17
313 192 20
58 362 14
480 204 1
140 229 20
172 326 18
367 215 1
366 495 12
328 496 10
216 271 1
447 87 14
331 437 12
452 265 13
62 433 19
387 91 17
474 89 9
143 292 4
303 36 4
353 205 8
57 315 2
369 468 8
234 121 1
365 93 19
209 348 17
255 220 14
24 84 2
423 282 3
111 264 3
209 141 13
277 463 12
81 355 3
144 335 12
428 343 15
267 23 19
292 482 3
379 80 17
245 442 12
484 243 6
324 472 19
456 253 2
83 115 4
433 374 8
297 414 20
123 463 6
335 379 13
193 419 15
309 395 15
148 245 5
242 317 6
99 75 5
224 121 7
115 78 16
379 109 8
212 433 8
488 7 15
382 256 20
495 161 13
309 313 8
60 170 4
29 81 1
152 270 3
292 430 16
269 190 11
45 497 3
346 474 4
168 85 1
427 200 3
258 392 1
439 302 1
255 200 4
180 276 11
236 123 7
397 305 17
118 412 18
471 410 14
410 354 7
45 452 15
276 66 2
470 271 20
28 489 2
236 342 7
366 139 2
306 82 4
308 177 18
109 320 12
104 91 18
53 76 3
30 482 7
48 283 16
2 382 11
68 96 19
163 488 11
141 107 14
302 20 3
44 176 9
338 313 11
286 319 7
163 7 19
292 53 19
454 210 10
56 206 11
446 328 8
106 400 16
345 365 14
390 43 16
478 367 12
57 426 14
429 70 7
484 469 5
197 67 4
309 231 12
247 201 15
387 312 13
383 89 3
1 274 19
361 134 12
351 316 15
270 478 17
245 313 8
85 388 20
53 216 16
259 61 19
18 185 20
335 179 10
24 388 16
48 124 19
77 470 15
329 30 18
63 360 2
417 152 15
210 407 9
159 474 18
229 349 7
209 104 3
419 28 15
130 405 18
44 115 6
437 182 3
299 175 19
223 484 18
245 435 10
220 258 18
251 242 11
225 108 14
69 345 8
153 46 9
79 42 14
222 114 12
457 435 16
300 235 19
389 499 10
22 150 18
159 349 15
471 454 14
206 72 19
168 105 5
465 426 5
250 165 1
470 96 7
102 456 15
233 334 9
485 158 3
62 252 18
308 245 8
10 392 4
415 301 20
237 194 4
47 336 6
153 467 7
117 360 1
83 124 18
466 153 7
248 224 12
271 173 10
89 466 13
162 385 5
235 329 11
427 174 19
333 251 1
261 113 18
208 50 4
308 117 19
207 249 4
21 254 19
194 470 15
1 117 17
259 84 17
87 230 18
301 425 12
46 107 2
62 83 1
235 74 19
157 52 12
299 268 1
86 419 10
280 167 15
443 263 9
158 102 8
98 95 20
168 339 11
102 183 20
407 197 16
494 110 10
39 311 8
431 63 12
451 121 17
61 166 10
367 401 5
265 311 15
158 37 15
200 257 18
382 127 5
410 289 15
239 178 14
41 129 9
328 171 11
59 240 2
197 231 19
221 78 11
334 106 19
459 489 7
378 361 15
49 427 20
212 43 20
454 249 18
230 484 13
270 448 4
355 265 8
242 288 15
49 269 17
261 304 2
156 154 5
417 167 3
400 158 12
398 293 5
82 494 11
397 424 11
146 438 5
201 475 8
476 188 4
403 83 15
83 310 3
357 444 3
270 349 15
110 375 13
412 392 6
170 44 11
318 4 7
244 168 5
22 411 1
494 438 11
173 372 12
3 247 13
199 212 2
262 115 2
371 126 6
295 352 3
214 225 5
412 57 1
149 401 3
108 58 6
489 374 12
418 157 7
219 97 12
161 257 3
238 151 6
208 299 20
253 146 3
1 462 18
91 256 14
122 283 4
476 117 1
462 188 8
163 266 1
92 125 18
60 107 12
3 118 13
453 124 7
478 265 4
134 34 2
57 429 4
221 331 20
428 114 5
220 263 2
471 294 6
300 408 5
495 316 3
327 129 20
150 108 17
203 233 2
74 201 13
418 248 3
485 45 14
166 420 11
251 85 10
73 93 18
131 28 17
21 425 5
313 361 2
243 137 19
425 309 10
466 418 18
408 192 6
410 341 20
262 95 16
1 383 19
189 420 2
458 38 20
376 195 1
461 392 20
50 218 8
158 320 8
124 465 12
281 238 15
343 429 19
348 209 7
175 488 9
86 61 8
215 72 15
202 380 11
434 116 19
177 311 7
175 22 3
48 477 15
24 318 20
216 237 11
153 345 7
330 245 9
163 120 2
82 23 20
478 335 5
292 298 1
55 436 17
19 299 8
144 211 17
20 331 10
403 144 1
83 341 10
409 461 19
66 85 12
168 477 16
451 317 17
250 447 12
155 77 17
456 416 10
439 162 12
408 85 8
363 291 4
379 490 13
99 464 7
249 105 16
141 109 5
365 210 1
211 111 19
425 127 12
301 270 16
463 76 6
352 224 10
119 460 16
294 92 7
377 38 14
215 131 20
126 477 11
389 159 15
245 397 17
422 86 2
284 11 18
16 318 8
346 340 7
480 190 19
346 108 12
476 452 7
379 226 11
258 51 3
122 101 19
360 423 7
358 331 3
69 496 12
308 272 10
320 440 6
366 195 12
87 261 6
342 52 19
248 37 18
77 473 6
355 173 8
340 235 5
293 42 3
419 129 2
440 290 15
475 13 11
87 407 16
137 166 3
239 70 10
461 219 13
129 19 12
273 464 4
55 423 20
195 499 14
44 386 1
191 373 18
464 212 3
255 322 20
244 341 20
391 318 14
474 57 1
349 238 12
63 311 4
261 342 15
251 357 20
336 253 19
176 454 5
32 428 6
63 294 20
28 37 12
380 147 10
220 456 5
288 473 2
148 300 15
59 224 15
47 187 19
125 482 9
155 4 8
232 251 2
104 334 17
168 182 7
406 139 10
469 51 13
400 303 10
347 261 10
77 234 10
160 496 16
267 199 4
495 96 9
42 199 19
208 484 8
286 366 11
365 311 9
214 93 4
318 107 15
435 284 6
108 134 19
319 394 11
134 354 12
254 487 9
252 445 11
53 7 2
77 443 14
3 31 19
36 93 14
168 304 10
288 7 10
470 426 4
288 374 20
420 41 20
371 356 20
187 454 13
326 413 5
309 480 19
473 406 6
426 415 4
315 72 2
320 186 17
117 72 6
241 421 20
212 188 16
358 375 1
94 160 19
110 168 7
210 461 15
149 342 17
339 113 15
369 26 9
96 278 13
415 132 3
104 220 19
154 485 1
9 183 6
293 469 6
220 231 5
146 372 6
31 205 20
315 404 17
148 257 8
200 75 12
1 380 2
163 293 15
217 314 2
17 212 8
233 78 3
93 455 17
412 29 19
393 1 7
131 149 8
232 170 16
231 90 15
