5000 15000
1 2 9
2 3 20
3 4 4
4 5 18
5 6 16
6 7 11
7 8 11
8 9 20
9 10 12
10 11 14
11 12 20
12 13 6
13 14 10
14 15 15
15 16 8
16 17 17
17 18 17
18 19 19
19 20 8
20 21 12
21 22 4
22 23 1
23 24 7
24 25 17
25 26 10
26 27 20
27 28 10
28 29 19
29 30 14
30 31 7
31 32 1
32 33 1
33 34 7
34 35 5
35 36 10
36 37 14
37 38 7
38 39 16
39 40 5
40 41 3
41 42 17
42 43 3
43 44 7
44 45 14
45 46 5
46 47 11
47 48 4
48 49 5
49 50 14
50 51 14
51 52 9
52 53 14
53 54 2
54 55 19
55 56 2
56 57 2
57 58 1
58 59 2
59 60 18
60 61 6
61 62 15
62 63 5
63 64 5
64 65 10
65 66 16
66 67 18
67 68 19
68 69 17
69 70 15
70 71 16
71 72 11
72 73 10
73 74 18
74 75 4
75 76 17
76 77 1
77 78 18
78 79 3
79 80 6
80 81 17
81 82 15
82 83 5
83 84 2
84 85 14
85 86 8
86 87 18
87 88 1
88 89 7
89 90 17
90 91 7
91 92 3
92 93 10
93 94 5
94 95 1
95 96 17
96 97 9
97 98 14
98 99 9
99 100 10
100 101 13
101 102 16
102 103 19
103 104 6
104 105 3
105 106 3
106 107 1
107 108 18
108 109 11
109 110 13
110 111 4
111 112 5
112 113 8
113 114 4
114 115 2
115 116 16
116 117 1
117 118 4
118 119 11
119 120 14
120 121 10
121 122 14
122 123 9
123 124 10
124 125 7
125 126 10
126 127 8
127 128 5
128 129 10
129 130 3
130 131 4
131 132 3
132 133 1
133 134 1
134 135 18
135 136 14
136 137 19
137 138 6
138 139 14
139 140 16
140 141 20
141 142 17
142 143 6
143 144 3
144 145 4
145 146 17
146 147 20
147 148 14
148 149 13
149 150 19
150 151 1
151 152 6
152 153 1
153 154 20
154 155 2
155 156 6
156 157 1
157 158 19
158 159 9
159 160 9
160 161 17
161 162 2
162 163 2
163 164 7
164 165 6
165 166 10
166 167 1
167 168 7
168 169 18
169 170 20
170 171 3
171 172 8
172 173 16
173 174 8
174 175 8
175 176 2
176 177 7
177 178 3
178 179 18
179 180 4
180 181 5
181 182 9
182 183 9
183 184 13
184 185 5
185 186 12
186 187 20
187 188 4
188 189 1
189 190 3
190 191 13
191 192 20
192 193 2
193 194 11
194 195 2
195 196 17
196 197 2
197 198 17
198 199 7
199 200 1
200 201 20
201 202 6
202 203 16
203 204 4
204 205 8
205 206 11
206 207 18
207 208 19
208 209 10
209 210 4
210 211 10
211 212 7
212 213 1
213 214 9
214 215 10
215 216 10
216 217 1
217 218 1
218 219 9
219 220 11
220 221 18
221 222 19
222 223 8
223 224 4
224 225 4
225 226 10
226 227 18
227 228 17
228 229 3
229 230 16
230 231 8
231 232 8
232 233 20
233 234 11
234 235 13
235 236 19
236 237 3
237 238 16
238 239 9
239 240 6
240 241 13
241 242 10
242 243 19
243 244 10
244 245 6
245 246 12
246 247 9
247 248 11
248 249 15
249 250 19
250 251 4
251 252 19
252 253 20
253 254 3
254 255 9
255 256 4
256 257 4
257 258 7
258 259 1
259 260 16
260 261 8
261 262 7
262 263 2
263 264 15
264 265 20
265 266 19
266 267 2
267 268 6
268 269 6
269 270 3
270 271 17
271 272 3
272 273 11
273 274 12
274 275 13
275 276 18
276 277 2
277 278 1
278 279 18
279 280 7
280 281 1
281 282 2
282 283 8
283 284 9
284 285 12
285 286 10
286 287 4
287 288 7
288 289 18
289 290 18
290 291 7
291 292 18
292 293 6
293 294 4
294 295 6
295 296 4
296 297 2
297 298 2
298 299 15
299 300 16
300 301 3
301 302 4
302 303 17
303 304 18
304 305 10
305 306 2
306 307 7
307 308 6
308 309 3
309 310 17
310 311 12
311 312 1
312 313 16
313 314 10
314 315 15
315 316 20
316 317 5
317 318 5
318 319 10
319 320 18
320 321 2
321 322 4
322 323 7
323 324 17
324 325 7
325 326 5
326 327 3
327 328 9
328 329 3
329 330 16
330 331 12
331 332 13
332 333 12
333 334 18
334 335 14
335 336 7
336 337 20
337 338 4
338 339 3
339 340 2
340 341 13
341 342 16
342 343 3
343 344 3
344 345 7
345 346 7
346 347 12
347 348 1
348 349 19
349 350 11
350 351 6
351 352 14
352 353 16
353 354 20
354 355 15
355 356 8
356 357 10
357 358 10
358 359 18
359 360 20
360 361 2
361 362 5
362 363 14
363 364 2
364 365 5
365 366 6
366 367 15
367 368 6
368 369 6
369 370 2
370 371 16
371 372 15
372 373 7
373 374 6
374 375 16
375 376 19
376 377 12
377 378 2
378 379 14
379 380 7
380 381 2
381 382 14
382 383 5
383 384 9
384 385 7
385 386 6
386 387 6
387 388 4
388 389 3
389 390 13
390 391 2
391 392 19
392 393 5
393 394 18
394 395 15
395 396 14
396 397 12
397 398 20
398 399 5
399 400 14
400 401 12
401 402 9
402 403 10
403 404 9
404 405 5
405 406 10
406 407 3
407 408 6
408 409 1
409 410 17
410 411 3
411 412 7
412 413 15
413 414 8
414 415 3
415 416 20
416 417 4
417 418 18
418 419 20
419 420 19
420 421 11
421 422 16
422 423 4
423 424 11
424 425 18
425 426 2
426 427 4
427 428 6
428 429 3
429 430 15
430 431 7
431 432 9
432 433 13
433 434 7
434 435 9
435 436 14
436 437 15
437 438 13
438 439 11
439 440 16
440 441 3
441 442 18
442 443 2
443 444 20
444 445 17
445 446 17
446 447 11
447 448 19
448 449 15
449 450 12
450 451 9
451 452 4
452 453 9
453 454 19
454 455 11
455 456 4
456 457 2
457 458 13
458 459 13
459 460 17
460 461 17
461 462 4
462 463 6
463 464 5
464 465 2
465 466 14
466 467 9
467 468 20
468 469 13
469 470 2
470 471 12
471 472 5
472 473 6
473 474 4
474 475 11
475 476 6
476 477 16
477 478 2
478 479 14
479 480 6
480 481 20
481 482 8
482 483 13
483 484 8
484 485 5
485 486 16
486 487 17
487 488 18
488 489 16
489 490 15
490 491 3
491 492 8
492 493 2
493 494 11
494 495 2
495 496 19
496 497 7
497 498 1
498 499 18
499 500 19
500 501 12
501 502 14
502 503 4
503 504 17
504 505 18
505 506 11
506 507 10
507 508 2
508 509 20
509 510 15
510 511 3
511 512 1
512 513 6
513 514 15
514 515 4
515 516 14
516 517 15
517 518 5
518 519 6
519 520 17
520 521 2
521 522 4
522 523 12
523 524 6
524 525 7
525 526 15
526 527 6
527 528 12
528 529 12
529 530 4
530 531 8
531 532 18
532 533 3
533 534 17
534 535 8
535 536 12
536 537 6
537 538 7
538 539 19
539 540 7
540 541 10
541 542 12
542 543 11
543 544 15
544 545 10
545 546 3
546 547 10
547 548 3
548 549 4
549 550 10
550 551 11
551 552 9
552 553 18
553 554 16
554 555 6
555 556 3
556 557 19
557 558 13
558 559 18
559 560 14
560 561 9
561 562 11
562 563 15
563 564 5
564 565 3
565 566 15
566 567 2
567 568 2
568 569 11
569 570 17
570 571 2
571 572 5
572 573 17
573 574 8
574 575 1
575 576 14
576 577 4
577 578 6
578 579 7
579 580 6
580 581 7
581 582 16
582 583 7
583 584 1
584 585 17
585 586 20
586 587 3
587 588 4
588 589 6
589 590 16
590 591 19
591 592 6
592 593 1
593 594 7
594 595 3
595 596 9
596 597 2
597 598 7
598 599 10
599 600 2
600 601 13
601 602 15
602 603 14
603 604 17
604 605 18
605 606 8
606 607 1
607 608 4
608 609 20
609 610 7
610 611 15
611 612 15
612 613 8
613 614 19
614 615 19
615 616 19
616 617 15
617 618 2
618 619 16
619 620 12
620 621 13
621 622 6
622 623 9
623 624 12
624 625 9
625 626 14
626 627 16
627 628 1
628 629 10
629 630 13
630 631 3
631 632 10
632 633 12
633 634 11
634 635 17
635 636 2
636 637 19
637 638 4
638 639 9
639 640 15
640 641 14
641 642 2
642 643 18
643 644 7
644 645 20
645 646 11
646 647 11
647 648 10
648 649 12
649 650 8
650 651 18
651 652 19
652 653 14
653 654 4
654 655 7
655 656 4
656 657 5
657 658 18
658 659 18
659 660 1
660 661 18
661 662 19
662 663 18
663 664 8
664 665 3
665 666 8
666 667 2
667 668 13
668 669 18
669 670 7
670 671 3
671 672 13
672 673 17
673 674 20
674 675 16
675 676 1
676 677 14
677 678 19
678 679 14
679 680 1
680 681 15
681 682 17
682 683 12
683 684 18
684 685 3
685 686 9
686 687 5
687 688 10
688 689 1
689 690 2
690 691 5
691 692 2
692 693 11
693 694 11
694 695 7
695 696 18
696 697 20
697 698 6
698 699 2
699 700 1
700 701 14
701 702 6
702 703 3
703 704 11
704 705 18
705 706 15
706 707 18
707 708 10
708 709 18
709 710 20
710 711 17
711 712 13
712 713 13
713 714 9
714 715 1
715 716 17
716 717 20
717 718 19
718 719 4
719 720 17
720 721 13
721 722 14
722 723 6
723 724 8
724 725 12
725 726 9
726 727 4
727 728 14
728 729 17
729 730 1
730 731 7
731 732 11
732 733 16
733 734 12
734 735 2
735 736 10
736 737 17
737 738 17
738 739 6
739 740 9
740 741 8
741 742 10
742 743 3
743 744 11
744 745 6
745 746 8
746 747 3
747 748 14
748 749 3
749 750 7
750 751 4
751 752 3
752 753 16
753 754 2
754 755 19
755 756 17
756 757 1
757 758 7
758 759 16
759 760 5
760 761 3
761 762 17
762 763 6
763 764 6
764 765 15
765 766 10
766 767 19
767 768 4
768 769 18
769 770 4
770 771 9
771 772 3
772 773 17
773 774 20
774 775 8
775 776 5
776 777 10
777 778 19
778 779 16
779 780 4
780 781 6
781 782 12
782 783 4
783 784 6
784 785 7
785 786 2
786 787 9
787 788 3
788 789 18
789 790 11
790 791 13
791 792 19
792 793 13
793 794 7
794 795 15
795 796 18
796 797 19
797 798 4
798 799 11
799 800 17
800 801 12
801 802 6
802 803 19
803 804 18
804 805 12
805 806 11
806 807 14
807 808 4
808 809 5
809 810 20
810 811 18
811 812 8
812 813 12
813 814 8
814 815 9
815 816 12
816 817 10
817 818 15
818 819 20
819 820 6
820 821 4
821 822 6
822 823 15
823 824 8
824 825 13
825 826 18
826 827 10
827 828 12
828 829 20
829 830 9
830 831 6
831 832 3
832 833 8
833 834 14
834 835 13
835 836 13
836 837 13
837 838 10
838 839 14
839 840 16
840 841 10
841 842 17
842 843 4
843 844 20
844 845 2
845 846 20
846 847 14
847 848 7
848 849 13
849 850 11
850 851 5
851 852 1
852 853 2
853 854 3
854 855 19
855 856 4
856 857 1
857 858 9
858 859 19
859 860 11
860 861 6
861 862 3
862 863 3
863 864 9
864 865 3
865 866 5
866 867 1
867 868 17
868 869 5
869 870 10
870 871 11
871 872 13
872 873 14
873 874 17
874 875 13
875 876 20
876 877 19
877 878 15
878 879 16
879 880 8
880 881 11
881 882 8
882 883 18
883 884 16
884 885 12
885 886 15
886 887 13
887 888 19
888 889 10
889 890 18
890 891 3
891 892 4
892 893 18
893 894 19
894 895 10
895 896 19
896 897 14
897 898 1
898 899 12
899 900 20
900 901 11
901 902 15
902 903 10
903 904 14
904 905 9
905 906 20
906 907 7
907 908 6
908 909 3
909 910 19
910 911 6
911 912 3
912 913 17
913 914 17
914 915 20
915 916 20
916 917 14
917 918 10
918 919 20
919 920 1
920 921 12
921 922 5
922 923 12
923 924 6
924 925 8
925 926 8
926 927 12
927 928 20
928 929 8
929 930 12
930 931 7
931 932 6
932 933 7
933 934 13
934 935 6
935 936 9
936 937 11
937 938 14
938 939 13
939 940 17
940 941 10
941 942 17
942 943 13
943 944 12
944 945 3
945 946 6
946 947 12
947 948 4
948 949 13
949 950 7
950 951 8
951 952 18
952 953 2
953 954 16
954 955 3
955 956 13
956 957 2
957 958 20
958 959 17
959 960 18
960 961 7
961 962 20
962 963 8
963 964 10
964 965 17
965 966 19
966 967 8
967 968 1
968 969 3
969 970 4
970 971 3
971 972 2
972 973 4
973 974 4
974 975 12
975 976 15
976 977 9
977 978 16
978 979 20
979 980 17
980 981 12
981 982 7
982 983 14
983 984 5
984 985 14
985 986 4
986 987 8
987 988 10
988 989 6
989 990 12
990 991 4
991 992 15
992 993 16
993 994 7
994 995 17
995 996 4
996 997 18
997 998 1
998 999 19
999 1000 17
1000 1001 18
1001 1002 16
1002 1003 13
1003 1004 3
1004 1005 18
1005 1006 13
1006 1007 12
1007 1008 8
1008 1009 10
1009 1010 5
1010 1011 6
1011 1012 18
1012 1013 7
1013 1014 5
1014 1015 18
1015 1016 15
1016 1017 18
1017 1018 6
1018 1019 8
1019 1020 4
1020 1021 19
1021 1022 19
1022 1023 14
1023 1024 9
1024 1025 11
1025 1026 8
1026 1027 8
1027 1028 5
1028 1029 1
1029 1030 5
1030 1031 9
1031 1032 19
1032 1033 12
1033 1034 4
1034 1035 10
1035 1036 16
1036 1037 11
1037 1038 16
1038 1039 9
1039 1040 19
1040 1041 8
1041 1042 7
1042 1043 12
1043 1044 7
1044 1045 7
1045 1046 7
1046 1047 15
1047 1048 5
1048 1049 19
1049 1050 17
1050 1051 9
1051 1052 4
1052 1053 1
1053 1054 18
1054 1055 10
1055 1056 10
1056 1057 8
1057 1058 3
1058 1059 15
1059 1060 12
1060 1061 10
1061 1062 1
1062 1063 18
1063 1064 17
1064 1065 5
1065 1066 11
1066 1067 12
1067 1068 3
1068 1069 12
1069 1070 20
1070 1071 13
1071 1072 8
1072 1073 9
1073 1074 4
1074 1075 12
1075 1076 9
1076 1077 7
1077 1078 7
1078 1079 2
1079 1080 5
1080 1081 16
1081 1082 9
1082 1083 17
1083 1084 17
1084 1085 5
1085 1086 5
1086 1087 8
1087 1088 19
1088 1089 7
1089 1090 13
1090 1091 12
1091 1092 17
1092 1093 5
1093 1094 6
1094 1095 19
1095 1096 16
1096 1097 5
1097 1098 9
1098 1099 2
1099 1100 3
1100 1101 20
1101 1102 18
1102 1103 3
1103 1104 10
1104 1105 10
1105 1106 14
1106 1107 20
1107 1108 19
1108 1109 15
1109 1110 1
1110 1111 6
1111 1112 8
1112 1113 11
1113 1114 18
1114 1115 14
1115 1116 3
1116 1117 1
1117 1118 15
1118 1119 2
1119 1120 4
1120 1121 3
1121 1122 8
1122 1123 5
1123 1124 1
1124 1125 15
1125 1126 7
1126 1127 4
1127 1128 8
1128 1129 7
1129 1130 10
1130 1131 20
1131 1132 17
1132 1133 11
1133 1134 10
1134 1135 17
1135 1136 15
1136 1137 3
1137 1138 8
1138 1139 18
1139 1140 10
1140 1141 7
1141 1142 10
1142 1143 20
1143 1144 6
1144 1145 14
1145 1146 16
1146 1147 2
1147 1148 11
1148 1149 4
1149 1150 17
1150 1151 9
1151 1152 13
1152 1153 1
1153 1154 18
1154 1155 16
1155 1156 12
1156 1157 7
1157 1158 9
1158 1159 20
1159 1160 9
1160 1161 4
1161 1162 14
1162 1163 14
1163 1164 7
1164 1165 9
1165 1166 11
1166 1167 20
1167 1168 9
1168 1169 7
1169 1170 7
1170 1171 13
1171 1172 1
1172 1173 16
1173 1174 18
1174 1175 11
1175 1176 15
1176 1177 2
1177 1178 19
1178 1179 7
1179 1180 12
1180 1181 11
1181 1182 19
1182 1183 16
1183 1184 10
1184 1185 13
1185 1186 14
1186 1187 11
1187 1188 8
1188 1189 2
1189 1190 16
1190 1191 7
1191 1192 3
1192 1193 20
1193 1194 6
1194 1195 4
1195 1196 13
1196 1197 14
1197 1198 6
1198 1199 15
1199 1200 1
1200 1201 3
1201 1202 13
1202 1203 8
1203 1204 4
1204 1205 5
1205 1206 5
1206 1207 20
1207 1208 7
1208 1209 3
1209 1210 8
1210 1211 7
1211 1212 11
1212 1213 4
1213 1214 12
1214 1215 5
1215 1216 6
1216 1217 14
1217 1218 16
1218 1219 5
1219 1220 3
1220 1221 6
1221 1222 3
1222 1223 10
1223 1224 14
1224 1225 7
1225 1226 12
1226 1227 14
1227 1228 18
1228 1229 7
1229 1230 7
1230 1231 18
1231 1232 19
1232 1233 3
1233 1234 20
1234 1235 1
1235 1236 8
1236 1237 10
1237 1238 14
1238 1239 19
1239 1240 18
1240 1241 1
1241 1242 17
1242 1243 4
1243 1244 11
1244 1245 14
1245 1246 1
1246 1247 20
1247 1248 19
1248 1249 14
1249 1250 20
1250 1251 2
1251 1252 9
1252 1253 17
1253 1254 11
1254 1255 5
1255 1256 14
1256 1257 20
1257 1258 10
1258 1259 17
1259 1260 18
1260 1261 15
1261 1262 5
1262 1263 18
1263 1264 19
1264 1265 11
1265 1266 18
1266 1267 3
1267 1268 12
1268 1269 4
1269 1270 18
1270 1271 14
1271 1272 12
1272 1273 7
1273 1274 16
1274 1275 20
1275 1276 13
1276 1277 13
1277 1278 18
1278 1279 2
1279 1280 4
1280 1281 19
1281 1282 2
1282 1283 17
1283 1284 13
1284 1285 14
1285 1286 20
1286 1287 7
1287 1288 10
1288 1289 5
1289 1290 15
1290 1291 15
1291 1292 10
1292 1293 19
1293 1294 17
1294 1295 3
1295 1296 13
1296 1297 15
1297 1298 1
1298 1299 18
1299 1300 13
1300 1301 6
1301 1302 4
1302 1303 12
1303 1304 4
1304 1305 18
1305 1306 8
1306 1307 9
1307 1308 11
1308 1309 9
1309 1310 2
1310 1311 18
1311 1312 8
1312 1313 6
1313 1314 14
1314 1315 16
1315 1316 15
1316 1317 10
1317 1318 5
1318 1319 9
1319 1320 8
1320 1321 4
1321 1322 7
1322 1323 9
1323 1324 13
1324 1325 17
1325 1326 7
1326 1327 20
1327 1328 13
1328 1329 14
1329 1330 4
1330 1331 13
1331 1332 6
1332 1333 4
1333 1334 2
1334 1335 3
1335 1336 8
1336 1337 6
1337 1338 5
1338 1339 9
1339 1340 16
1340 1341 3
1341 1342 6
1342 1343 5
1343 1344 8
1344 1345 15
1345 1346 9
1346 1347 14
1347 1348 4
1348 1349 20
1349 1350 19
1350 1351 10
1351 1352 2
1352 1353 6
1353 1354 2
1354 1355 7
1355 1356 3
1356 1357 11
1357 1358 10
1358 1359 10
1359 1360 3
1360 1361 13
1361 1362 3
1362 1363 14
1363 1364 7
1364 1365 18
1365 1366 17
1366 1367 3
1367 1368 2
1368 1369 15
1369 1370 16
1370 1371 15
1371 1372 13
1372 1373 2
1373 1374 14
1374 1375 19
1375 1376 1
1376 1377 9
1377 1378 10
1378 1379 7
1379 1380 7
1380 1381 4
1381 1382 6
1382 1383 11
1383 1384 2
1384 1385 10
1385 1386 9
1386 1387 13
1387 1388 1
1388 1389 17
1389 1390 15
1390 1391 8
1391 1392 3
1392 1393 8
1393 1394 11
1394 1395 8
1395 1396 17
1396 1397 1
1397 1398 8
1398 1399 9
1399 1400 11
1400 1401 16
1401 1402 15
1402 1403 3
1403 1404 12
1404 1405 3
1405 1406 5
1406 1407 7
1407 1408 1
1408 1409 10
1409 1410 5
1410 1411 15
1411 1412 9
1412 1413 18
1413 1414 9
1414 1415 15
1415 1416 18
1416 1417 9
1417 1418 2
1418 1419 7
1419 1420 18
1420 1421 17
1421 1422 6
1422 1423 7
1423 1424 17
1424 1425 19
1425 1426 14
1426 1427 11
1427 1428 4
1428 1429 16
1429 1430 1
1430 1431 13
1431 1432 4
1432 1433 2
1433 1434 16
1434 1435 20
1435 1436 13
1436 1437 4
1437 1438 4
1438 1439 5
1439 1440 17
1440 1441 4
1441 1442 10
1442 1443 1
1443 1444 9
1444 1445 15
1445 1446 5
1446 1447 19
1447 1448 15
1448 1449 20
1449 1450 3
1450 1451 2
1451 1452 19
1452 1453 5
1453 1454 2
1454 1455 18
1455 1456 8
1456 1457 17
1457 1458 14
1458 1459 11
1459 1460 18
1460 1461 15
1461 1462 13
1462 1463 6
1463 1464 3
1464 1465 10
1465 1466 18
1466 1467 4
1467 1468 15
1468 1469 7
1469 1470 15
1470 1471 2
1471 1472 17
1472 1473 20
1473 1474 17
1474 1475 15
1475 1476 7
1476 1477 2
1477 1478 6
1478 1479 14
1479 1480 5
1480 1481 5
1481 1482 19
1482 1483 12
1483 1484 7
1484 1485 20
1485 1486 16
1486 1487 10
1487 1488 2
1488 1489 12
1489 1490 5
1490 1491 8
1491 1492 17
1492 1493 11
1493 1494 7
1494 1495 13
1495 1496 17
1496 1497 9
1497 1498 9
1498 1499 18
1499 1500 14
1500 1501 7
1501 1502 1
1502 1503 2
1503 1504 1
1504 1505 5
1505 1506 2
1506 1507 20
1507 1508 8
1508 1509 15
1509 1510 7
1510 1511 9
1511 1512 8
1512 1513 4
1513 1514 14
1514 1515 14
1515 1516 19
1516 1517 14
1517 1518 8
1518 1519 19
1519 1520 1
1520 1521 14
1521 1522 13
1522 1523 10
1523 1524 9
1524 1525 14
1525 1526 4
1526 1527 13
1527 1528 10
1528 1529 6
1529 1530 13
1530 1531 10
1531 1532 7
1532 1533 13
1533 1534 11
1534 1535 12
1535 1536 8
1536 1537 1
1537 1538 2
1538 1539 20
1539 1540 3
1540 1541 10
1541 1542 17
1542 1543 4
1543 1544 8
1544 1545 19
1545 1546 8
1546 1547 13
1547 1548 13
1548 1549 8
1549 1550 9
1550 1551 7
1551 1552 14
1552 1553 7
1553 1554 17
1554 1555 1
1555 1556 17
1556 1557 18
1557 1558 8
1558 1559 6
1559 1560 14
1560 1561 7
1561 1562 10
1562 1563 12
1563 1564 1
1564 1565 8
1565 1566 20
1566 1567 1
1567 1568 8
1568 1569 6
1569 1570 11
1570 1571 3
1571 1572 9
1572 1573 4
1573 1574 4
1574 1575 14
1575 1576 9
1576 1577 16
1577 1578 13
1578 1579 3
1579 1580 4
1580 1581 17
1581 1582 20
1582 1583 5
1583 1584 9
1584 1585 9
1585 1586 14
1586 1587 9
1587 1588 9
1588 1589 3
1589 1590 7
1590 1591 2
1591 1592 20
1592 1593 18
1593 1594 16
1594 1595 8
1595 1596 12
1596 1597 12
1597 1598 5
1598 1599 12
1599 1600 12
1600 1601 5
1601 1602 15
1602 1603 9
1603 1604 9
1604 1605 12
1605 1606 3
1606 1607 7
1607 1608 3
1608 1609 16
1609 1610 2
1610 1611 14
1611 1612 18
1612 1613 17
1613 1614 4
1614 1615 11
1615 1616 10
1616 1617 18
1617 1618 14
1618 1619 2
1619 1620 14
1620 1621 7
1621 1622 4
1622 1623 14
1623 1624 2
1624 1625 1
1625 1626 12
1626 1627 10
1627 1628 9
1628 1629 17
1629 1630 14
1630 1631 2
1631 1632 15
1632 1633 10
1633 1634 13
1634 1635 11
1635 1636 11
1636 1637 6
1637 1638 15
1638 1639 4
1639 1640 5
1640 1641 7
1641 1642 1
1642 1643 4
1643 1644 11
1644 1645 1
1645 1646 6
1646 1647 9
1647 1648 9
1648 1649 12
1649 1650 7
1650 1651 12
1651 1652 19
1652 1653 8
1653 1654 11
1654 1655 1
1655 1656 11
1656 1657 20
1657 1658 9
1658 1659 18
1659 1660 4
1660 1661 16
1661 1662 3
1662 1663 10
1663 1664 11
1664 1665 16
1665 1666 1
1666 1667 19
1667 1668 4
1668 1669 3
1669 1670 4
1670 1671 1
1671 1672 13
1672 1673 5
1673 1674 4
1674 1675 7
1675 1676 11
1676 1677 19
1677 1678 6
1678 1679 16
1679 1680 10
1680 1681 5
1681 1682 15
1682 1683 11
1683 1684 12
1684 1685 14
1685 1686 18
1686 1687 12
1687 1688 14
1688 1689 9
1689 1690 19
1690 1691 20
1691 1692 20
1692 1693 16
1693 1694 7
1694 1695 9
1695 1696 14
1696 1697 9
1697 1698 20
1698 1699 18
1699 1700 7
1700 1701 10
1701 1702 13
1702 1703 1
1703 1704 9
1704 1705 1
1705 1706 18
1706 1707 5
1707 1708 3
1708 1709 13
1709 1710 12
1710 1711 4
1711 1712 9
1712 1713 5
1713 1714 4
1714 1715 7
1715 1716 10
1716 1717 3
1717 1718 19
1718 1719 6
1719 1720 13
1720 1721 14
1721 1722 10
1722 1723 16
1723 1724 13
1724 1725 1
1725 1726 11
1726 1727 10
1727 1728 1
1728 1729 3
1729 1730 12
1730 1731 20
1731 1732 13
1732 1733 19
1733 1734 15
1734 1735 12
1735 1736 3
1736 1737 12
1737 1738 7
1738 1739 16
1739 1740 15
1740 1741 3
1741 1742 3
1742 1743 4
1743 1744 2
1744 1745 6
1745 1746 9
1746 1747 13
1747 1748 1
1748 1749 9
1749 1750 11
1750 1751 1
1751 1752 10
1752 1753 4
1753 1754 10
1754 1755 10
1755 1756 3
1756 1757 19
1757 1758 18
1758 1759 10
1759 1760 12
1760 1761 11
1761 1762 7
1762 1763 13
1763 1764 5
1764 1765 14
1765 1766 17
1766 1767 3
1767 1768 9
1768 1769 6
1769 1770 20
1770 1771 14
1771 1772 1
1772 1773 3
1773 1774 16
1774 1775 1
1775 1776 8
1776 1777 14
1777 1778 2
1778 1779 19
1779 1780 19
1780 1781 15
1781 1782 9
1782 1783 9
1783 1784 14
1784 1785 19
1785 1786 19
1786 1787 14
1787 1788 11
1788 1789 3
1789 1790 6
1790 1791 8
1791 1792 19
1792 1793 4
1793 1794 19
1794 1795 1
1795 1796 11
1796 1797 16
1797 1798 20
1798 1799 10
1799 1800 16
1800 1801 7
1801 1802 7
1802 1803 1
1803 1804 3
1804 1805 11
1805 1806 6
1806 1807 18
1807 1808 1
1808 1809 10
1809 1810 8
1810 1811 14
1811 1812 18
1812 1813 1
1813 1814 14
1814 1815 11
1815 1816 17
1816 1817 11
1817 1818 6
1818 1819 8
1819 1820 9
1820 1821 20
1821 1822 20
1822 1823 9
1823 1824 10
1824 1825 8
1825 1826 2
1826 1827 5
1827 1828 12
1828 1829 20
1829 1830 4
1830 1831 8
1831 1832 4
1832 1833 7
1833 1834 10
1834 1835 16
1835 1836 9
1836 1837 10
1837 1838 10
1838 1839 16
1839 1840 7
1840 1841 10
1841 1842 5
1842 1843 18
1843 1844 10
1844 1845 12
1845 1846 14
1846 1847 14
1847 1848 3
1848 1849 7
1849 1850 17
1850 1851 4
1851 1852 19
1852 1853 18
1853 1854 3
1854 1855 5
1855 1856 1
1856 1857 5
1857 1858 11
1858 1859 3
1859 1860 7
1860 1861 6
1861 1862 13
1862 1863 14
1863 1864 1
1864 1865 13
1865 1866 7
1866 1867 2
1867 1868 18
1868 1869 1
1869 1870 4
1870 1871 6
1871 1872 11
1872 1873 2
1873 1874 19
1874 1875 16
1875 1876 6
1876 1877 19
1877 1878 20
1878 1879 19
1879 1880 16
1880 1881 16
1881 1882 2
1882 1883 14
1883 1884 19
1884 1885 10
1885 1886 5
1886 1887 3
1887 1888 4
1888 1889 8
1889 1890 15
1890 1891 4
1891 1892 17
1892 1893 7
1893 1894 2
1894 1895 19
1895 1896 11
1896 1897 10
1897 1898 16
1898 1899 5
1899 1900 18
1900 1901 15
1901 1902 12
1902 1903 1
1903 1904 2
1904 1905 5
1905 1906 1
1906 1907 2
1907 1908 18
1908 1909 18
1909 1910 5
1910 1911 6
1911 1912 20
1912 1913 18
1913 1914 8
1914 1915 19
1915 1916 1
1916 1917 11
1917 1918 3
1918 1919 3
1919 1920 15
1920 1921 13
1921 1922 8
1922 1923 1
1923 1924 17
1924 1925 9
1925 1926 20
1926 1927 16
1927 1928 10
1928 1929 2
1929 1930 20
1930 1931 4
1931 1932 10
1932 1933 4
1933 1934 5
1934 1935 20
1935 1936 14
1936 1937 4
1937 1938 15
1938 1939 13
1939 1940 7
1940 1941 9
1941 1942 17
1942 1943 14
1943 1944 11
1944 1945 1
1945 1946 3
1946 1947 17
1947 1948 20
1948 1949 1
1949 1950 16
1950 1951 10
1951 1952 13
1952 1953 16
1953 1954 16
1954 1955 16
1955 1956 3
1956 1957 10
1957 1958 6
1958 1959 4
1959 1960 1
1960 1961 5
1961 1962 15
1962 1963 3
1963 1964 9
1964 1965 8
1965 1966 11
1966 1967 4
1967 1968 20
1968 1969 11
1969 1970 17
1970 1971 18
1971 1972 20
1972 1973 9
1973 1974 19
1974 1975 7
1975 1976 4
1976 1977 17
1977 1978 20
1978 1979 5
1979 1980 12
1980 1981 4
1981 1982 13
1982 1983 12
1983 1984 16
1984 1985 20
1985 1986 17
1986 1987 3
1987 1988 8
1988 1989 18
1989 1990 1
1990 1991 12
1991 1992 18
1992 1993 2
1993 1994 2
1994 1995 13
1995 1996 20
1996 1997 19
1997 1998 20
1998 1999 16
1999 2000 20
2000 2001 10
2001 2002 7
2002 2003 11
2003 2004 6
2004 2005 17
2005 2006 20
2006 2007 11
2007 2008 9
2008 2009 13
2009 2010 1
2010 2011 8
2011 2012 6
2012 2013 17
2013 2014 10
2014 2015 4
2015 2016 10
2016 2017 18
2017 2018 17
2018 2019 4
2019 2020 16
2020 2021 4
2021 2022 1
2022 2023 7
2023 2024 11
2024 2025 14
2025 2026 3
2026 2027 12
2027 2028 6
2028 2029 6
2029 2030 18
2030 2031 5
2031 2032 6
2032 2033 13
2033 2034 14
2034 2035 2
2035 2036 16
2036 2037 17
2037 2038 11
2038 2039 3
2039 2040 4
2040 2041 2
2041 2042 4
2042 2043 4
2043 2044 9
2044 2045 19
2045 2046 18
2046 2047 7
2047 2048 8
2048 2049 6
2049 2050 15
2050 2051 1
2051 2052 13
2052 2053 3
2053 2054 18
2054 2055 2
2055 2056 6
2056 2057 17
2057 2058 4
2058 2059 15
2059 2060 15
2060 2061 12
2061 2062 14
2062 2063 6
2063 2064 5
2064 2065 3
2065 2066 20
2066 2067 1
2067 2068 2
2068 2069 18
2069 2070 2
2070 2071 9
2071 2072 11
2072 2073 8
2073 2074 11
2074 2075 10
2075 2076 18
2076 2077 6
2077 2078 6
2078 2079 4
2079 2080 7
2080 2081 12
2081 2082 19
2082 2083 4
2083 2084 1
2084 2085 18
2085 2086 7
2086 2087 9
2087 2088 9
2088 2089 15
2089 2090 8
2090 2091 18
2091 2092 4
2092 2093 6
2093 2094 15
2094 2095 12
2095 2096 11
2096 2097 1
2097 2098 15
2098 2099 6
2099 2100 17
2100 2101 3
2101 2102 19
2102 2103 9
2103 2104 12
2104 2105 11
2105 2106 16
2106 2107 11
2107 2108 4
2108 2109 7
2109 2110 18
2110 2111 16
2111 2112 13
2112 2113 3
2113 2114 10
2114 2115 15
2115 2116 20
2116 2117 6
2117 2118 16
2118 2119 15
2119 2120 13
2120 2121 20
2121 2122 7
2122 2123 9
2123 2124 16
2124 2125 15
2125 2126 18
2126 2127 15
2127 2128 19
2128 2129 11
2129 2130 10
2130 2131 15
2131 2132 4
2132 2133 20
2133 2134 18
2134 2135 10
2135 2136 8
2136 2137 18
2137 2138 2
2138 2139 17
2139 2140 4
2140 2141 17
2141 2142 2
2142 2143 2
2143 2144 11
2144 2145 17
2145 2146 2
2146 2147 12
2147 2148 9
2148 2149 1
2149 2150 15
2150 2151 4
2151 2152 6
2152 2153 11
2153 2154 17
2154 2155 4
2155 2156 4
2156 2157 15
2157 2158 15
2158 2159 6
2159 2160 12
2160 2161 17
2161 2162 9
2162 2163 10
2163 2164 4
2164 2165 18
2165 2166 4
2166 2167 13
2167 2168 3
2168 2169 6
2169 2170 10
2170 2171 6
2171 2172 8
2172 2173 16
2173 2174 13
2174 2175 7
2175 2176 9
2176 2177 4
2177 2178 13
2178 2179 5
2179 2180 8
2180 2181 10
2181 2182 10
2182 2183 1
2183 2184 8
2184 2185 5
2185 2186 10
2186 2187 19
2187 2188 15
2188 2189 18
2189 2190 1
2190 2191 5
2191 2192 19
2192 2193 14
2193 2194 12
2194 2195 6
2195 2196 12
2196 2197 19
2197 2198 17
2198 2199 13
2199 2200 5
2200 2201 16
2201 2202 2
2202 2203 8
2203 2204 19
2204 2205 8
2205 2206 19
2206 2207 6
2207 2208 15
2208 2209 12
2209 2210 14
2210 2211 5
2211 2212 2
2212 2213 13
2213 2214 6
2214 2215 10
2215 2216 11
2216 2217 18
2217 2218 11
2218 2219 10
2219 2220 14
2220 2221 8
2221 2222 5
2222 2223 13
2223 2224 5
2224 2225 3
2225 2226 3
2226 2227 18
2227 2228 16
2228 2229 17
2229 2230 1
2230 2231 3
2231 2232 2
2232 2233 17
2233 2234 7
2234 2235 13
2235 2236 10
2236 2237 18
2237 2238 6
2238 2239 12
2239 2240 8
2240 2241 11
2241 2242 16
2242 2243 11
2243 2244 2
2244 2245 7
2245 2246 2
2246 2247 14
2247 2248 15
2248 2249 10
2249 2250 2
2250 2251 1
2251 2252 3
2252 2253 2
2253 2254 3
2254 2255 6
2255 2256 20
2256 2257 20
2257 2258 15
2258 2259 12
2259 2260 5
2260 2261 15
2261 2262 15
2262 2263 19
2263 2264 10
2264 2265 8
2265 2266 2
2266 2267 19
2267 2268 7
2268 2269 13
2269 2270 20
2270 2271 8
2271 2272 14
2272 2273 16
2273 2274 2
2274 2275 5
2275 2276 12
2276 2277 7
2277 2278 11
2278 2279 18
2279 2280 16
2280 2281 20
2281 2282 17
2282 2283 4
2283 2284 9
2284 2285 19
2285 2286 10
2286 2287 7
2287 2288 17
2288 2289 17
2289 2290 7
2290 2291 19
2291 2292 10
2292 2293 2
2293 2294 12
2294 2295 11
2295 2296 16
2296 2297 15
2297 2298 10
2298 2299 4
2299 2300 6
2300 2301 5
2301 2302 17
2302 2303 11
2303 2304 11
2304 2305 2
2305 2306 1
2306 2307 14
2307 2308 17
2308 2309 1
2309 2310 9
2310 2311 13
2311 2312 10
2312 2313 10
2313 2314 7
2314 2315 19
2315 2316 5
2316 2317 4
2317 2318 11
2318 2319 13
2319 2320 20
2320 2321 14
2321 2322 3
2322 2323 18
2323 2324 4
2324 2325 17
2325 2326 20
2326 2327 6
2327 2328 10
2328 2329 15
2329 2330 11
2330 2331 15
2331 2332 6
2332 2333 3
2333 2334 19
2334 2335 5
2335 2336 9
2336 2337 18
2337 2338 10
2338 2339 10
2339 2340 17
2340 2341 14
2341 2342 7
2342 2343 7
2343 2344 12
2344 2345 14
2345 2346 4
2346 2347 15
2347 2348 1
2348 2349 11
2349 2350 10
2350 2351 15
2351 2352 13
2352 2353 10
2353 2354 11
2354 2355 15
2355 2356 2
2356 2357 16
2357 2358 2
2358 2359 14
2359 2360 2
2360 2361 4
2361 2362 5
2362 2363 3
2363 2364 11
2364 2365 18
2365 2366 15
2366 2367 9
2367 2368 14
2368 2369 3
2369 2370 14
2370 2371 12
2371 2372 14
2372 2373 20
2373 2374 14
2374 2375 14
2375 2376 20
2376 2377 12
2377 2378 16
2378 2379 10
2379 2380 1
2380 2381 14
2381 2382 2
2382 2383 6
2383 2384 4
2384 2385 18
2385 2386 3
2386 2387 13
2387 2388 4
2388 2389 7
2389 2390 7
2390 2391 3
2391 2392 2
2392 2393 18
2393 2394 20
2394 2395 18
2395 2396 6
2396 2397 14
2397 2398 20
2398 2399 15
2399 2400 11
2400 2401 11
2401 2402 8
2402 2403 10
2403 2404 7
2404 2405 13
2405 2406 18
2406 2407 7
2407 2408 8
2408 2409 6
2409 2410 8
2410 2411 17
2411 2412 4
2412 2413 13
2413 2414 4
2414 2415 17
2415 2416 8
2416 2417 6
2417 2418 3
2418 2419 16
2419 2420 7
2420 2421 15
2421 2422 6
2422 2423 18
2423 2424 4
2424 2425 1
2425 2426 5
2426 2427 15
2427 2428 10
2428 2429 19
2429 2430 8
2430 2431 8
2431 2432 9
2432 2433 20
2433 2434 19
2434 2435 11
2435 2436 5
2436 2437 5
2437 2438 10
2438 2439 5
2439 2440 17
2440 2441 18
2441 2442 18
2442 2443 12
2443 2444 10
2444 2445 2
2445 2446 12
2446 2447 17
2447 2448 11
2448 2449 2
2449 2450 15
2450 2451 16
2451 2452 19
2452 2453 3
2453 2454 16
2454 2455 19
2455 2456 9
2456 2457 4
2457 2458 3
2458 2459 2
2459 2460 3
2460 2461 10
2461 2462 16
2462 2463 16
2463 2464 6
2464 2465 19
2465 2466 10
2466 2467 19
2467 2468 2
2468 2469 18
2469 2470 19
2470 2471 2
2471 2472 7
2472 2473 6
2473 2474 20
2474 2475 7
2475 2476 4
2476 2477 7
2477 2478 5
2478 2479 5
2479 2480 11
2480 2481 9
2481 2482 4
2482 2483 17
2483 2484 2
2484 2485 15
2485 2486 9
2486 2487 17
2487 2488 14
2488 2489 8
2489 2490 5
2490 2491 6
2491 2492 6
2492 2493 6
2493 2494 4
2494 2495 6
2495 2496 19
2496 2497 4
2497 2498 18
2498 2499 2
2499 2500 14
2500 2501 14
2501 2502 17
2502 2503 2
2503 2504 2
2504 2505 7
2505 2506 9
2506 2507 19
2507 2508 9
2508 2509 15
2509 2510 20
2510 2511 10
2511 2512 10
2512 2513 5
2513 2514 13
2514 2515 19
2515 2516 10
2516 2517 16
2517 2518 8
2518 2519 17
2519 2520 1
2520 2521 1
2521 2522 1
2522 2523 9
2523 2524 2
2524 2525 19
2525 2526 7
2526 2527 2
2527 2528 4
2528 2529 7
2529 2530 8
2530 2531 20
2531 2532 19
2532 2533 20
2533 2534 19
2534 2535 18
2535 2536 2
2536 2537 20
2537 2538 5
2538 2539 6
2539 2540 5
2540 2541 18
2541 2542 20
2542 2543 3
2543 2544 2
2544 2545 16
2545 2546 14
2546 2547 18
2547 2548 15
2548 2549 1
2549 2550 11
2550 2551 10
2551 2552 14
2552 2553 2
2553 2554 18
2554 2555 6
2555 2556 12
2556 2557 9
2557 2558 10
2558 2559 17
2559 2560 20
2560 2561 7
2561 2562 5
2562 2563 9
2563 2564 4
2564 2565 9
2565 2566 6
2566 2567 5
2567 2568 3
2568 2569 4
2569 2570 8
2570 2571 6
2571 2572 1
2572 2573 9
2573 2574 19
2574 2575 17
2575 2576 1
2576 2577 7
2577 2578 15
2578 2579 10
2579 2580 16
2580 2581 18
2581 2582 15
2582 2583 8
2583 2584 3
2584 2585 5
2585 2586 5
2586 2587 5
2587 2588 3
2588 2589 9
2589 2590 5
2590 2591 11
2591 2592 1
2592 2593 6
2593 2594 7
2594 2595 1
2595 2596 2
2596 2597 4
2597 2598 1
2598 2599 8
2599 2600 1
2600 2601 14
2601 2602 14
2602 2603 13
2603 2604 13
2604 2605 3
2605 2606 3
2606 2607 20
2607 2608 1
2608 2609 17
2609 2610 20
2610 2611 3
2611 2612 5
2612 2613 3
2613 2614 3
2614 2615 5
2615 2616 19
2616 2617 8
2617 2618 16
2618 2619 2
2619 2620 20
2620 2621 10
2621 2622 3
2622 2623 11
2623 2624 10
2624 2625 10
2625 2626 8
2626 2627 8
2627 2628 7
2628 2629 13
2629 2630 10
2630 2631 3
2631 2632 16
2632 2633 15
2633 2634 20
2634 2635 12
2635 2636 3
2636 2637 16
2637 2638 8
2638 2639 7
2639 2640 7
2640 2641 8
2641 2642 18
2642 2643 13
2643 2644 11
2644 2645 17
2645 2646 1
2646 2647 18
2647 2648 10
2648 2649 20
2649 2650 9
2650 2651 9
2651 2652 2
2652 2653 13
2653 2654 1
2654 2655 14
2655 2656 10
2656 2657 11
2657 2658 3
2658 2659 10
2659 2660 19
2660 2661 8
2661 2662 7
2662 2663 17
2663 2664 3
2664 2665 15
2665 2666 1
2666 2667 16
2667 2668 13
2668 2669 5
2669 2670 15
2670 2671 2
2671 2672 11
2672 2673 6
2673 2674 15
2674 2675 12
2675 2676 5
2676 2677 7
2677 2678 10
2678 2679 14
2679 2680 3
2680 2681 9
2681 2682 2
2682 2683 10
2683 2684 17
2684 2685 12
2685 2686 14
2686 2687 19
2687 2688 19
2688 2689 11
2689 2690 16
2690 2691 7
2691 2692 4
2692 2693 17
2693 2694 16
2694 2695 10
2695 2696 20
2696 2697 6
2697 2698 12
2698 2699 11
2699 2700 7
2700 2701 16
2701 2702 8
2702 2703 10
2703 2704 9
2704 2705 4
2705 2706 1
2706 2707 12
2707 2708 19
2708 2709 13
2709 2710 9
2710 2711 10
2711 2712 20
2712 2713 18
2713 2714 17
2714 2715 5
2715 2716 18
2716 2717 9
2717 2718 15
2718 2719 7
2719 2720 11
2720 2721 4
2721 2722 20
2722 2723 15
2723 2724 9
2724 2725 17
2725 2726 18
2726 2727 11
2727 2728 9
2728 2729 7
2729 2730 19
2730 2731 15
2731 2732 8
2732 2733 19
2733 2734 3
2734 2735 3
2735 2736 20
2736 2737 1
2737 2738 11
2738 2739 13
2739 2740 14
2740 2741 7
2741 2742 7
2742 2743 17
2743 2744 3
2744 2745 13
2745 2746 1
2746 2747 14
2747 2748 20
2748 2749 7
2749 2750 8
2750 2751 18
2751 2752 3
2752 2753 15
2753 2754 13
2754 2755 14
2755 2756 15
2756 2757 15
2757 2758 5
2758 2759 4
2759 2760 12
2760 2761 11
2761 2762 14
2762 2763 14
2763 2764 16
2764 2765 14
2765 2766 15
2766 2767 12
2767 2768 10
2768 2769 7
2769 2770 13
2770 2771 3
2771 2772 10
2772 2773 2
2773 2774 8
2774 2775 17
2775 2776 17
2776 2777 12
2777 2778 11
2778 2779 13
2779 2780 11
2780 2781 7
2781 2782 17
2782 2783 14
2783 2784 15
2784 2785 20
2785 2786 9
2786 2787 5
2787 2788 20
2788 2789 4
2789 2790 17
2790 2791 4
2791 2792 11
2792 2793 10
2793 2794 3
2794 2795 14
2795 2796 8
2796 2797 3
2797 2798 9
2798 2799 6
2799 2800 10
2800 2801 20
2801 2802 11
2802 2803 19
2803 2804 1
2804 2805 5
2805 2806 11
2806 2807 18
2807 2808 3
2808 2809 7
2809 2810 5
2810 2811 2
2811 2812 4
2812 2813 12
2813 2814 13
2814 2815 6
2815 2816 3
2816 2817 15
2817 2818 2
2818 2819 14
2819 2820 20
2820 2821 11
2821 2822 9
2822 2823 12
2823 2824 11
2824 2825 16
2825 2826 3
2826 2827 6
2827 2828 19
2828 2829 8
2829 2830 4
2830 2831 4
2831 2832 11
2832 2833 5
2833 2834 1
2834 2835 3
2835 2836 18
2836 2837 9
2837 2838 13
2838 2839 1
2839 2840 11
2840 2841 4
2841 2842 8
2842 2843 5
2843 2844 19
2844 2845 10
2845 2846 13
2846 2847 12
2847 2848 19
2848 2849 4
2849 2850 6
2850 2851 14
2851 2852 1
2852 2853 4
2853 2854 2
2854 2855 7
2855 2856 20
2856 2857 13
2857 2858 15
2858 2859 5
2859 2860 18
2860 2861 12
2861 2862 1
2862 2863 10
2863 2864 7
2864 2865 2
2865 2866 8
2866 2867 12
2867 2868 14
2868 2869 4
2869 2870 6
2870 2871 17
2871 2872 2
2872 2873 6
2873 2874 13
2874 2875 10
2875 2876 7
2876 2877 5
2877 2878 8
2878 2879 16
2879 2880 11
2880 2881 18
2881 2882 8
2882 2883 14
2883 2884 6
2884 2885 19
2885 2886 3
2886 2887 17
2887 2888 14
2888 2889 16
2889 2890 18
2890 2891 17
2891 2892 20
2892 2893 8
2893 2894 8
2894 2895 14
2895 2896 20
2896 2897 15
2897 2898 10
2898 2899 3
2899 2900 11
2900 2901 16
2901 2902 1
2902 2903 15
2903 2904 8
2904 2905 4
2905 2906 3
2906 2907 10
2907 2908 4
2908 2909 18
2909 2910 15
2910 2911 3
2911 2912 11
2912 2913 18
2913 2914 5
2914 2915 12
2915 2916 4
2916 2917 8
2917 2918 9
2918 2919 8
2919 2920 17
2920 2921 2
2921 2922 7
2922 2923 9
2923 2924 9
2924 2925 15
2925 2926 8
2926 2927 5
2927 2928 19
2928 2929 15
2929 2930 13
2930 2931 18
2931 2932 12
2932 2933 8
2933 2934 3
2934 2935 11
2935 2936 8
2936 2937 7
2937 2938 10
2938 2939 15
2939 2940 14
2940 2941 3
2941 2942 10
2942 2943 1
2943 2944 11
2944 2945 16
2945 2946 7
2946 2947 5
2947 2948 17
2948 2949 20
2949 2950 4
2950 2951 9
2951 2952 13
2952 2953 15
2953 2954 12
2954 2955 5
2955 2956 10
2956 2957 9
2957 2958 11
2958 2959 6
2959 2960 4
2960 2961 19
2961 2962 12
2962 2963 18
2963 2964 6
2964 2965 17
2965 2966 4
2966 2967 12
2967 2968 12
2968 2969 19
2969 2970 6
2970 2971 10
2971 2972 10
2972 2973 19
2973 2974 1
2974 2975 17
2975 2976 18
2976 2977 15
2977 2978 4
2978 2979 2
2979 2980 1
2980 2981 10
2981 2982 12
2982 2983 15
2983 2984 17
2984 2985 14
2985 2986 17
2986 2987 8
2987 2988 6
2988 2989 14
2989 2990 2
2990 2991 15
2991 2992 15
2992 2993 3
2993 2994 19
2994 2995 8
2995 2996 8
2996 2997 13
2997 2998 19
2998 2999 19
2999 3000 3
3000 3001 19
3001 3002 3
3002 3003 3
3003 3004 4
3004 3005 11
3005 3006 7
3006 3007 11
3007 3008 6
3008 3009 1
3009 3010 18
3010 3011 5
3011 3012 11
3012 3013 7
3013 3014 4
3014 3015 4
3015 3016 15
3016 3017 1
3017 3018 12
3018 3019 20
3019 3020 18
3020 3021 2
3021 3022 16
3022 3023 8
3023 3024 20
3024 3025 11
3025 3026 19
3026 3027 18
3027 3028 11
3028 3029 14
3029 3030 17
3030 3031 15
3031 3032 16
3032 3033 8
3033 3034 6
3034 3035 19
3035 3036 15
3036 3037 9
3037 3038 4
3038 3039 20
3039 3040 13
3040 3041 8
3041 3042 19
3042 3043 16
3043 3044 7
3044 3045 17
3045 3046 9
3046 3047 8
3047 3048 13
3048 3049 10
3049 3050 7
3050 3051 8
3051 3052 5
3052 3053 10
3053 3054 19
3054 3055 6
3055 3056 19
3056 3057 19
3057 3058 18
3058 3059 2
3059 3060 14
3060 3061 20
3061 3062 10
3062 3063 12
3063 3064 5
3064 3065 15
3065 3066 9
3066 3067 16
3067 3068 11
3068 3069 16
3069 3070 14
3070 3071 16
3071 3072 12
3072 3073 17
3073 3074 14
3074 3075 13
3075 3076 6
3076 3077 18
3077 3078 18
3078 3079 16
3079 3080 17
3080 3081 2
3081 3082 12
3082 3083 12
3083 3084 19
3084 3085 9
3085 3086 16
3086 3087 16
3087 3088 20
3088 3089 14
3089 3090 18
3090 3091 2
3091 3092 9
3092 3093 17
3093 3094 5
3094 3095 3
3095 3096 4
3096 3097 13
3097 3098 10
3098 3099 20
3099 3100 16
3100 3101 8
3101 3102 3
3102 3103 6
3103 3104 12
3104 3105 3
3105 3106 11
3106 3107 18
3107 3108 11
3108 3109 1
3109 3110 12
3110 3111 19
3111 3112 1
3112 3113 9
3113 3114 13
3114 3115 8
3115 3116 5
3116 3117 12
3117 3118 18
3118 3119 19
3119 3120 10
3120 3121 5
3121 3122 17
3122 3123 20
3123 3124 17
3124 3125 15
3125 3126 15
3126 3127 12
3127 3128 18
3128 3129 17
3129 3130 4
3130 3131 1
3131 3132 19
3132 3133 6
3133 3134 8
3134 3135 19
3135 3136 15
3136 3137 4
3137 3138 15
3138 3139 13
3139 3140 2
3140 3141 15
3141 3142 11
3142 3143 14
3143 3144 6
3144 3145 7
3145 3146 17
3146 3147 4
3147 3148 6
3148 3149 14
3149 3150 10
3150 3151 11
3151 3152 7
3152 3153 20
3153 3154 13
3154 3155 14
3155 3156 9
3156 3157 17
3157 3158 19
3158 3159 2
3159 3160 20
3160 3161 18
3161 3162 3
3162 3163 16
3163 3164 20
3164 3165 8
3165 3166 4
3166 3167 14
3167 3168 2
3168 3169 14
3169 3170 12
3170 3171 4
3171 3172 16
3172 3173 3
3173 3174 14
3174 3175 17
3175 3176 17
3176 3177 7
3177 3178 4
3178 3179 8
3179 3180 11
3180 3181 11
3181 3182 8
3182 3183 15
3183 3184 1
3184 3185 7
3185 3186 1
3186 3187 2
3187 3188 6
3188 3189 12
3189 3190 11
3190 3191 6
3191 3192 12
3192 3193 3
3193 3194 11
3194 3195 18
3195 3196 18
3196 3197 5
3197 3198 20
3198 3199 16
3199 3200 17
3200 3201 2
3201 3202 12
3202 3203 9
3203 3204 17
3204 3205 13
3205 3206 18
3206 3207 7
3207 3208 4
3208 3209 14
3209 3210 19
3210 3211 8
3211 3212 15
3212 3213 7
3213 3214 7
3214 3215 11
3215 3216 10
3216 3217 17
3217 3218 14
3218 3219 3
3219 3220 11
3220 3221 2
3221 3222 16
3222 3223 19
3223 3224 7
3224 3225 17
3225 3226 5
3226 3227 17
3227 3228 17
3228 3229 2
3229 3230 20
3230 3231 20
3231 3232 19
3232 3233 8
3233 3234 14
3234 3235 6
3235 3236 15
3236 3237 17
3237 3238 7
3238 3239 12
3239 3240 19
3240 3241 12
3241 3242 16
3242 3243 20
3243 3244 6
3244 3245 2
3245 3246 8
3246 3247 4
3247 3248 8
3248 3249 15
3249 3250 2
3250 3251 4
3251 3252 8
3252 3253 9
3253 3254 9
3254 3255 6
3255 3256 17
3256 3257 16
3257 3258 15
3258 3259 15
3259 3260 18
3260 3261 1
3261 3262 11
3262 3263 3
3263 3264 2
3264 3265 8
3265 3266 17
3266 3267 10
3267 3268 4
3268 3269 20
3269 3270 13
3270 3271 6
3271 3272 4
3272 3273 9
3273 3274 5
3274 3275 8
3275 3276 9
3276 3277 9
3277 3278 3
3278 3279 10
3279 3280 12
3280 3281 1
3281 3282 2
3282 3283 19
3283 3284 14
3284 3285 13
3285 3286 4
3286 3287 11
3287 3288 17
3288 3289 19
3289 3290 7
3290 3291 15
3291 3292 8
3292 3293 17
3293 3294 18
3294 3295 1
3295 3296 5
3296 3297 13
3297 3298 12
3298 3299 20
3299 3300 12
3300 3301 5
3301 3302 19
3302 3303 18
3303 3304 14
3304 3305 20
3305 3306 16
3306 3307 8
3307 3308 7
3308 3309 15
3309 3310 11
3310 3311 16
3311 3312 2
3312 3313 3
3313 3314 7
3314 3315 11
3315 3316 12
3316 3317 4
3317 3318 10
3318 3319 17
3319 3320 5
3320 3321 12
3321 3322 20
3322 3323 16
3323 3324 3
3324 3325 2
3325 3326 13
3326 3327 4
3327 3328 19
3328 3329 12
3329 3330 12
3330 3331 10
3331 3332 18
3332 3333 16
3333 3334 1
3334 3335 6
3335 3336 9
3336 3337 14
3337 3338 3
3338 3339 12
3339 3340 1
3340 3341 13
3341 3342 5
3342 3343 19
3343 3344 10
3344 3345 1
3345 3346 4
3346 3347 7
3347 3348 7
3348 3349 8
3349 3350 3
3350 3351 12
3351 3352 16
3352 3353 17
3353 3354 6
3354 3355 20
3355 3356 12
3356 3357 16
3357 3358 15
3358 3359 7
3359 3360 6
3360 3361 13
3361 3362 18
3362 3363 15
3363 3364 2
3364 3365 5
3365 3366 9
3366 3367 10
3367 3368 8
3368 3369 19
3369 3370 17
3370 3371 16
3371 3372 14
3372 3373 5
3373 3374 1
3374 3375 14
3375 3376 8
3376 3377 10
3377 3378 5
3378 3379 1
3379 3380 6
3380 3381 12
3381 3382 2
3382 3383 13
3383 3384 5
3384 3385 11
3385 3386 5
3386 3387 18
3387 3388 14
3388 3389 4
3389 3390 17
3390 3391 12
3391 3392 4
3392 3393 20
3393 3394 11
3394 3395 11
3395 3396 1
3396 3397 9
3397 3398 9
3398 3399 17
3399 3400 17
3400 3401 7
3401 3402 3
3402 3403 4
3403 3404 19
3404 3405 5
3405 3406 10
3406 3407 10
3407 3408 20
3408 3409 15
3409 3410 2
3410 3411 8
3411 3412 18
3412 3413 5
3413 3414 8
3414 3415 19
3415 3416 10
3416 3417 9
3417 3418 17
3418 3419 13
3419 3420 18
3420 3421 17
3421 3422 2
3422 3423 3
3423 3424 18
3424 3425 17
3425 3426 18
3426 3427 10
3427 3428 6
3428 3429 19
3429 3430 17
3430 3431 16
3431 3432 6
3432 3433 18
3433 3434 15
3434 3435 5
3435 3436 11
3436 3437 17
3437 3438 17
3438 3439 14
3439 3440 18
3440 3441 12
3441 3442 11
3442 3443 12
3443 3444 9
3444 3445 5
3445 3446 12
3446 3447 3
3447 3448 5
3448 3449 9
3449 3450 7
3450 3451 15
3451 3452 11
3452 3453 16
3453 3454 4
3454 3455 17
3455 3456 17
3456 3457 15
3457 3458 2
3458 3459 11
3459 3460 10
3460 3461 4
3461 3462 19
3462 3463 6
3463 3464 20
3464 3465 19
3465 3466 11
3466 3467 9
3467 3468 6
3468 3469 15
3469 3470 6
3470 3471 15
3471 3472 1
3472 3473 13
3473 3474 1
3474 3475 17
3475 3476 6
3476 3477 18
3477 3478 19
3478 3479 1
3479 3480 11
3480 3481 9
3481 3482 9
3482 3483 19
3483 3484 18
3484 3485 11
3485 3486 5
3486 3487 14
3487 3488 3
3488 3489 15
3489 3490 2
3490 3491 4
3491 3492 4
3492 3493 6
3493 3494 1
3494 3495 16
3495 3496 11
3496 3497 11
3497 3498 1
3498 3499 9
3499 3500 1
3500 3501 1
3501 3502 16
3502 3503 20
3503 3504 7
3504 3505 9
3505 3506 19
3506 3507 7
3507 3508 18
3508 3509 4
3509 3510 5
3510 3511 12
3511 3512 20
3512 3513 2
3513 3514 13
3514 3515 5
3515 3516 1
3516 3517 20
3517 3518 5
3518 3519 1
3519 3520 9
3520 3521 9
3521 3522 15
3522 3523 4
3523 3524 4
3524 3525 11
3525 3526 7
3526 3527 5
3527 3528 4
3528 3529 10
3529 3530 19
3530 3531 13
3531 3532 3
3532 3533 2
3533 3534 4
3534 3535 6
3535 3536 14
3536 3537 10
3537 3538 16
3538 3539 14
3539 3540 3
3540 3541 17
3541 3542 14
3542 3543 9
3543 3544 16
3544 3545 8
3545 3546 2
3546 3547 20
3547 3548 19
3548 3549 14
3549 3550 2
3550 3551 3
3551 3552 15
3552 3553 13
3553 3554 10
3554 3555 19
3555 3556 19
3556 3557 10
3557 3558 14
3558 3559 14
3559 3560 9
3560 3561 12
3561 3562 12
3562 3563 6
3563 3564 20
3564 3565 10
3565 3566 9
3566 3567 8
3567 3568 16
3568 3569 6
3569 3570 2
3570 3571 14
3571 3572 5
3572 3573 19
3573 3574 13
3574 3575 7
3575 3576 7
3576 3577 15
3577 3578 4
3578 3579 10
3579 3580 13
3580 3581 2
3581 3582 17
3582 3583 19
3583 3584 4
3584 3585 2
3585 3586 20
3586 3587 13
3587 3588 4
3588 3589 20
3589 3590 6
3590 3591 7
3591 3592 2
3592 3593 13
3593 3594 4
3594 3595 6
3595 3596 9
3596 3597 2
3597 3598 8
3598 3599 7
3599 3600 7
3600 3601 18
3601 3602 12
3602 3603 15
3603 3604 19
3604 3605 17
3605 3606 2
3606 3607 18
3607 3608 9
3608 3609 6
3609 3610 19
3610 3611 2
3611 3612 10
3612 3613 15
3613 3614 9
3614 3615 5
3615 3616 14
3616 3617 1
3617 3618 19
3618 3619 10
3619 3620 16
3620 3621 11
3621 3622 15
3622 3623 7
3623 3624 13
3624 3625 20
3625 3626 16
3626 3627 19
3627 3628 1
3628 3629 1
3629 3630 13
3630 3631 19
3631 3632 16
3632 3633 1
3633 3634 19
3634 3635 9
3635 3636 13
3636 3637 15
3637 3638 11
3638 3639 12
3639 3640 6
3640 3641 14
3641 3642 4
3642 3643 12
3643 3644 19
3644 3645 13
3645 3646 16
3646 3647 15
3647 3648 8
3648 3649 18
3649 3650 5
3650 3651 6
3651 3652 14
3652 3653 5
3653 3654 12
3654 3655 10
3655 3656 9
3656 3657 2
3657 3658 18
3658 3659 15
3659 3660 13
3660 3661 11
3661 3662 20
3662 3663 15
3663 3664 11
3664 3665 5
3665 3666 9
3666 3667 16
3667 3668 20
3668 3669 18
3669 3670 2
3670 3671 6
3671 3672 13
3672 3673 15
3673 3674 13
3674 3675 16
3675 3676 14
3676 3677 4
3677 3678 3
3678 3679 18
3679 3680 17
3680 3681 1
3681 3682 17
3682 3683 13
3683 3684 18
3684 3685 14
3685 3686 14
3686 3687 9
3687 3688 10
3688 3689 7
3689 3690 20
3690 3691 4
3691 3692 16
3692 3693 13
3693 3694 12
3694 3695 11
3695 3696 8
3696 3697 16
3697 3698 20
3698 3699 8
3699 3700 15
3700 3701 9
3701 3702 8
3702 3703 7
3703 3704 4
3704 3705 1
3705 3706 16
3706 3707 2
3707 3708 18
3708 3709 5
3709 3710 10
3710 3711 5
3711 3712 7
3712 3713 2
3713 3714 3
3714 3715 4
3715 3716 13
3716 3717 4
3717 3718 13
3718 3719 16
3719 3720 19
3720 3721 10
3721 3722 9
3722 3723 20
3723 3724 3
3724 3725 1
3725 3726 6
3726 3727 20
3727 3728 11
3728 3729 15
3729 3730 2
3730 3731 1
3731 3732 10
3732 3733 20
3733 3734 4
3734 3735 16
3735 3736 5
3736 3737 16
3737 3738 8
3738 3739 18
3739 3740 12
3740 3741 3
3741 3742 20
3742 3743 10
3743 3744 12
3744 3745 12
3745 3746 11
3746 3747 17
3747 3748 2
3748 3749 17
3749 3750 16
3750 3751 6
3751 3752 6
3752 3753 9
3753 3754 9
3754 3755 5
3755 3756 1
3756 3757 5
3757 3758 17
3758 3759 18
3759 3760 20
3760 3761 10
3761 3762 9
3762 3763 3
3763 3764 14
3764 3765 8
3765 3766 3
3766 3767 20
3767 3768 2
3768 3769 3
3769 3770 17
3770 3771 20
3771 3772 15
3772 3773 14
3773 3774 6
3774 3775 9
3775 3776 5
3776 3777 4
3777 3778 2
3778 3779 9
3779 3780 2
3780 3781 4
3781 3782 16
3782 3783 11
3783 3784 13
3784 3785 10
3785 3786 8
3786 3787 1
3787 3788 10
3788 3789 9
3789 3790 7
3790 3791 20
3791 3792 6
3792 3793 8
3793 3794 4
3794 3795 18
3795 3796 15
3796 3797 19
3797 3798 5
3798 3799 5
3799 3800 13
3800 3801 7
3801 3802 7
3802 3803 12
3803 3804 8
3804 3805 6
3805 3806 15
3806 3807 11
3807 3808 6
3808 3809 2
3809 3810 15
3810 3811 4
3811 3812 20
3812 3813 10
3813 3814 12
3814 3815 4
3815 3816 9
3816 3817 6
3817 3818 18
3818 3819 10
3819 3820 19
3820 3821 15
3821 3822 5
3822 3823 2
3823 3824 19
3824 3825 6
3825 3826 15
3826 3827 19
3827 3828 3
3828 3829 19
3829 3830 5
3830 3831 3
3831 3832 15
3832 3833 20
3833 3834 7
3834 3835 10
3835 3836 14
3836 3837 8
3837 3838 12
3838 3839 11
3839 3840 19
3840 3841 2
3841 3842 1
3842 3843 2
3843 3844 20
3844 3845 5
3845 3846 6
3846 3847 17
3847 3848 14
3848 3849 13
3849 3850 7
3850 3851 2
3851 3852 3
3852 3853 1
3853 3854 14
3854 3855 10
3855 3856 2
3856 3857 20
3857 3858 7
3858 3859 12
3859 3860 5
3860 3861 12
3861 3862 4
3862 3863 11
3863 3864 8
3864 3865 14
3865 3866 15
3866 3867 14
3867 3868 9
3868 3869 11
3869 3870 17
3870 3871 2
3871 3872 8
3872 3873 7
3873 3874 2
3874 3875 4
3875 3876 11
3876 3877 19
3877 3878 15
3878 3879 17
3879 3880 12
3880 3881 6
3881 3882 12
3882 3883 19
3883 3884 3
3884 3885 14
3885 3886 12
3886 3887 9
3887 3888 10
3888 3889 2
3889 3890 14
3890 3891 18
3891 3892 2
3892 3893 4
3893 3894 2
3894 3895 16
3895 3896 20
3896 3897 20
3897 3898 5
3898 3899 1
3899 3900 6
3900 3901 11
3901 3902 14
3902 3903 16
3903 3904 5
3904 3905 14
3905 3906 17
3906 3907 8
3907 3908 8
3908 3909 4
3909 3910 18
3910 3911 1
3911 3912 3
3912 3913 7
3913 3914 4
3914 3915 20
3915 3916 18
3916 3917 15
3917 3918 4
3918 3919 13
3919 3920 16
3920 3921 4
3921 3922 18
3922 3923 6
3923 3924 8
3924 3925 17
3925 3926 10
3926 3927 15
3927 3928 19
3928 3929 19
3929 3930 4
3930 3931 5
3931 3932 8
3932 3933 17
3933 3934 14
3934 3935 8
3935 3936 10
3936 3937 11
3937 3938 7
3938 3939 19
3939 3940 20
3940 3941 14
3941 3942 9
3942 3943 12
3943 3944 3
3944 3945 14
3945 3946 11
3946 3947 20
3947 3948 8
3948 3949 3
3949 3950 1
3950 3951 6
3951 3952 8
3952 3953 9
3953 3954 10
3954 3955 14
3955 3956 2
3956 3957 18
3957 3958 9
3958 3959 4
3959 3960 5
3960 3961 15
3961 3962 12
3962 3963 3
3963 3964 12
3964 3965 8
3965 3966 1
3966 3967 10
3967 3968 7
3968 3969 10
3969 3970 10
3970 3971 6
3971 3972 10
3972 3973 15
3973 3974 17
3974 3975 11
3975 3976 20
3976 3977 12
3977 3978 13
3978 3979 17
3979 3980 18
3980 3981 2
3981 3982 20
3982 3983 20
3983 3984 19
3984 3985 3
3985 3986 2
3986 3987 11
3987 3988 9
3988 3989 12
3989 3990 11
3990 3991 14
3991 3992 14
3992 3993 16
3993 3994 9
3994 3995 7
3995 3996 17
3996 3997 16
3997 3998 17
3998 3999 15
3999 4000 3
4000 4001 15
4001 4002 11
4002 4003 11
4003 4004 14
4004 4005 10
4005 4006 17
4006 4007 13
4007 4008 10
4008 4009 8
4009 4010 18
4010 4011 6
4011 4012 19
4012 4013 8
4013 4014 1
4014 4015 9
4015 4016 19
4016 4017 12
4017 4018 6
4018 4019 10
4019 4020 4
4020 4021 18
4021 4022 15
4022 4023 10
4023 4024 2
4024 4025 1
4025 4026 19
4026 4027 14
4027 4028 11
4028 4029 17
4029 4030 20
4030 4031 15
4031 4032 8
4032 4033 5
4033 4034 11
4034 4035 8
4035 4036 13
4036 4037 11
4037 4038 15
4038 4039 7
4039 4040 4
4040 4041 16
4041 4042 6
4042 4043 11
4043 4044 8
4044 4045 1
4045 4046 8
4046 4047 8
4047 4048 5
4048 4049 8
4049 4050 6
4050 4051 5
4051 4052 8
4052 4053 8
4053 4054 2
4054 4055 19
4055 4056 20
4056 4057 4
4057 4058 2
4058 4059 18
4059 4060 15
4060 4061 4
4061 4062 15
4062 4063 17
4063 4064 12
4064 4065 5
4065 4066 9
4066 4067 3
4067 4068 15
4068 4069 11
4069 4070 8
4070 4071 13
4071 4072 16
4072 4073 2
4073 4074 10
4074 4075 8
4075 4076 20
4076 4077 6
4077 4078 16
4078 4079 11
4079 4080 16
4080 4081 17
4081 4082 3
4082 4083 10
4083 4084 20
4084 4085 10
4085 4086 8
4086 4087 17
4087 4088 13
4088 4089 11
4089 4090 15
4090 4091 12
4091 4092 16
4092 4093 4
4093 4094 9
4094 4095 1
4095 4096 16
4096 4097 19
4097 4098 5
4098 4099 18
4099 4100 10
4100 4101 9
4101 4102 7
4102 4103 17
4103 4104 4
4104 4105 15
4105 4106 17
4106 4107 17
4107 4108 19
4108 4109 14
4109 4110 5
4110 4111 2
4111 4112 10
4112 4113 5
4113 4114 15
4114 4115 11
4115 4116 20
4116 4117 5
4117 4118 16
4118 4119 6
4119 4120 10
4120 4121 15
4121 4122 5
4122 4123 17
4123 4124 15
4124 4125 13
4125 4126 3
4126 4127 5
4127 4128 12
4128 4129 11
4129 4130 19
4130 4131 11
4131 4132 20
4132 4133 9
4133 4134 18
4134 4135 2
4135 4136 9
4136 4137 3
4137 4138 18
4138 4139 5
4139 4140 6
4140 4141 14
4141 4142 9
4142 4143 14
4143 4144 6
4144 4145 1
4145 4146 8
4146 4147 2
4147 4148 13
4148 4149 3
4149 4150 19
4150 4151 19
4151 4152 5
4152 4153 4
4153 4154 20
4154 4155 11
4155 4156 15
4156 4157 4
4157 4158 13
4158 4159 18
4159 4160 5
4160 4161 5
4161 4162 20
4162 4163 16
4163 4164 1
4164 4165 8
4165 4166 14
4166 4167 14
4167 4168 20
4168 4169 9
4169 4170 7
4170 4171 6
4171 4172 20
4172 4173 13
4173 4174 18
4174 4175 6
4175 4176 11
4176 4177 17
4177 4178 5
4178 4179 1
4179 4180 10
4180 4181 7
4181 4182 12
4182 4183 2
4183 4184 11
4184 4185 9
4185 4186 12
4186 4187 8
4187 4188 4
4188 4189 8
4189 4190 2
4190 4191 3
4191 4192 5
4192 4193 20
4193 4194 6
4194 4195 15
4195 4196 20
4196 4197 17
4197 4198 10
4198 4199 5
4199 4200 19
4200 4201 7
4201 4202 15
4202 4203 19
4203 4204 10
4204 4205 11
4205 4206 9
4206 4207 11
4207 4208 19
4208 4209 17
4209 4210 2
4210 4211 10
4211 4212 4
4212 4213 6
4213 4214 17
4214 4215 7
4215 4216 4
4216 4217 15
4217 4218 9
4218 4219 2
4219 4220 15
4220 4221 13
4221 4222 15
4222 4223 5
4223 4224 5
4224 4225 17
4225 4226 7
4226 4227 18
4227 4228 13
4228 4229 12
4229 4230 19
4230 4231 12
4231 4232 15
4232 4233 19
4233 4234 11
4234 4235 8
4235 4236 15
4236 4237 4
4237 4238 5
4238 4239 1
4239 4240 8
4240 4241 20
4241 4242 3
4242 4243 8
4243 4244 2
4244 4245 14
4245 4246 12
4246 4247 6
4247 4248 16
4248 4249 2
4249 4250 11
4250 4251 7
4251 4252 3
4252 4253 3
4253 4254 20
4254 4255 19
4255 4256 12
4256 4257 4
4257 4258 1
4258 4259 7
4259 4260 9
4260 4261 17
4261 4262 13
4262 4263 3
4263 4264 4
4264 4265 14
4265 4266 17
4266 4267 17
4267 4268 7
4268 4269 4
4269 4270 7
4270 4271 7
4271 4272 15
4272 4273 8
4273 4274 4
4274 4275 10
4275 4276 8
4276 4277 14
4277 4278 9
4278 4279 9
4279 4280 3
4280 4281 6
4281 4282 11
4282 4283 13
4283 4284 17
4284 4285 19
4285 4286 16
4286 4287 19
4287 4288 20
4288 4289 12
4289 4290 6
4290 4291 8
4291 4292 15
4292 4293 5
4293 4294 11
4294 4295 1
4295 4296 1
4296 4297 20
4297 4298 3
4298 4299 11
4299 4300 11
4300 4301 20
4301 4302 3
4302 4303 6
4303 4304 5
4304 4305 3
4305 4306 18
4306 4307 6
4307 4308 11
4308 4309 6
4309 4310 5
4310 4311 7
4311 4312 1
4312 4313 19
4313 4314 4
4314 4315 2
4315 4316 20
4316 4317 20
4317 4318 16
4318 4319 17
4319 4320 12
4320 4321 3
4321 4322 18
4322 4323 12
4323 4324 8
4324 4325 2
4325 4326 2
4326 4327 11
4327 4328 4
4328 4329 8
4329 4330 4
4330 4331 20
4331 4332 14
4332 4333 19
4333 4334 8
4334 4335 17
4335 4336 8
4336 4337 1
4337 4338 12
4338 4339 3
4339 4340 2
4340 4341 15
4341 4342 16
4342 4343 14
4343 4344 10
4344 4345 8
4345 4346 9
4346 4347 4
4347 4348 20
4348 4349 2
4349 4350 12
4350 4351 10
4351 4352 19
4352 4353 19
4353 4354 3
4354 4355 15
4355 4356 10
4356 4357 15
4357 4358 14
4358 4359 16
4359 4360 20
4360 4361 19
4361 4362 12
4362 4363 5
4363 4364 1
4364 4365 6
4365 4366 19
4366 4367 16
4367 4368 9
4368 4369 16
4369 4370 6
4370 4371 8
4371 4372 6
4372 4373 7
4373 4374 14
4374 4375 6
4375 4376 13
4376 4377 14
4377 4378 16
4378 4379 9
4379 4380 2
4380 4381 6
4381 4382 7
4382 4383 13
4383 4384 3
4384 4385 1
4385 4386 14
4386 4387 16
4387 4388 16
4388 4389 1
4389 4390 2
4390 4391 17
4391 4392 4
4392 4393 9
4393 4394 7
4394 4395 6
4395 4396 7
4396 4397 11
4397 4398 12
4398 4399 1
4399 4400 16
4400 4401 18
4401 4402 20
4402 4403 15
4403 4404 6
4404 4405 1
4405 4406 6
4406 4407 8
4407 4408 12
4408 4409 17
4409 4410 13
4410 4411 12
4411 4412 14
4412 4413 11
4413 4414 6
4414 4415 3
4415 4416 6
4416 4417 9
4417 4418 8
4418 4419 13
4419 4420 16
4420 4421 10
4421 4422 19
4422 4423 9
4423 4424 18
4424 4425 6
4425 4426 9
4426 4427 3
4427 4428 16
4428 4429 12
4429 4430 10
4430 4431 17
4431 4432 4
4432 4433 13
4433 4434 2
4434 4435 7
4435 4436 19
4436 4437 18
4437 4438 5
4438 4439 19
4439 4440 5
4440 4441 13
4441 4442 18
4442 4443 20
4443 4444 6
4444 4445 9
4445 4446 9
4446 4447 16
4447 4448 1
4448 4449 10
4449 4450 8
4450 4451 5
4451 4452 10
4452 4453 9
4453 4454 5
4454 4455 13
4455 4456 20
4456 4457 18
4457 4458 10
4458 4459 16
4459 4460 17
4460 4461 1
4461 4462 2
4462 4463 7
4463 4464 7
4464 4465 2
4465 4466 12
4466 4467 20
4467 4468 7
4468 4469 8
4469 4470 18
4470 4471 16
4471 4472 5
4472 4473 13
4473 4474 16
4474 4475 3
4475 4476 16
4476 4477 4
4477 4478 3
4478 4479 19
4479 4480 8
4480 4481 2
4481 4482 17
4482 4483 20
4483 4484 18
4484 4485 2
4485 4486 15
4486 4487 20
4487 4488 11
4488 4489 8
4489 4490 3
4490 4491 14
4491 4492 18
4492 4493 12
4493 4494 11
4494 4495 16
4495 4496 20
4496 4497 12
4497 4498 14
4498 4499 6
4499 4500 1
4500 4501 6
4501 4502 14
4502 4503 3
4503 4504 13
4504 4505 3
4505 4506 12
4506 4507 12
4507 4508 4
4508 4509 1
4509 4510 1
4510 4511 16
4511 4512 16
4512 4513 7
4513 4514 9
4514 4515 6
4515 4516 9
4516 4517 2
4517 4518 14
4518 4519 7
4519 4520 16
4520 4521 13
4521 4522 7
4522 4523 7
4523 4524 13
4524 4525 11
4525 4526 11
4526 4527 15
4527 4528 10
4528 4529 10
4529 4530 13
4530 4531 5
4531 4532 2
4532 4533 8
4533 4534 13
4534 4535 19
4535 4536 3
4536 4537 5
4537 4538 17
4538 4539 15
4539 4540 13
4540 4541 3
4541 4542 15
4542 4543 4
4543 4544 15
4544 4545 6
4545 4546 16
4546 4547 7
4547 4548 11
4548 4549 4
4549 4550 10
4550 4551 1
4551 4552 17
4552 4553 9
4553 4554 5
4554 4555 12
4555 4556 4
4556 4557 17
4557 4558 20
4558 4559 10
4559 4560 7
4560 4561 7
4561 4562 4
4562 4563 17
4563 4564 16
4564 4565 10
4565 4566 19
4566 4567 13
4567 4568 8
4568 4569 20
4569 4570 7
4570 4571 4
4571 4572 19
4572 4573 6
4573 4574 8
4574 4575 19
4575 4576 1
4576 4577 10
4577 4578 4
4578 4579 3
4579 4580 18
4580 4581 12
4581 4582 14
4582 4583 11
4583 4584 15
4584 4585 20
4585 4586 15
4586 4587 14
4587 4588 19
4588 4589 2
4589 4590 14
4590 4591 9
4591 4592 5
4592 4593 12
4593 4594 19
4594 4595 10
4595 4596 15
4596 4597 13
4597 4598 11
4598 4599 12
4599 4600 4
4600 4601 19
4601 4602 18
4602 4603 14
4603 4604 3
4604 4605 6
4605 4606 13
4606 4607 12
4607 4608 8
4608 4609 5
4609 4610 15
4610 4611 2
4611 4612 5
4612 4613 14
4613 4614 19
4614 4615 16
4615 4616 2
4616 4617 18
4617 4618 1
4618 4619 15
4619 4620 1
4620 4621 19
4621 4622 18
4622 4623 1
4623 4624 17
4624 4625 9
4625 4626 10
4626 4627 8
4627 4628 6
4628 4629 8
4629 4630 6
4630 4631 5
4631 4632 15
4632 4633 16
4633 4634 14
4634 4635 11
4635 4636 20
4636 4637 20
4637 4638 13
4638 4639 16
4639 4640 7
4640 4641 5
4641 4642 15
4642 4643 4
4643 4644 1
4644 4645 7
4645 4646 17
4646 4647 5
4647 4648 5
4648 4649 10
4649 4650 1
4650 4651 12
4651 4652 14
4652 4653 19
4653 4654 16
4654 4655 17
4655 4656 11
4656 4657 17
4657 4658 17
4658 4659 15
4659 4660 5
4660 4661 16
4661 4662 7
4662 4663 7
4663 4664 8
4664 4665 1
4665 4666 12
4666 4667 14
4667 4668 2
4668 4669 19
4669 4670 14
4670 4671 10
4671 4672 6
4672 4673 11
4673 4674 10
4674 4675 5
4675 4676 8
4676 4677 14
4677 4678 15
4678 4679 10
4679 4680 14
4680 4681 13
4681 4682 16
4682 4683 10
4683 4684 7
4684 4685 2
4685 4686 20
4686 4687 6
4687 4688 12
4688 4689 6
4689 4690 17
4690 4691 15
4691 4692 13
4692 4693 3
4693 4694 19
4694 4695 14
4695 4696 5
4696 4697 3
4697 4698 2
4698 4699 3
4699 4700 6
4700 4701 12
4701 4702 1
4702 4703 3
4703 4704 12
4704 4705 3
4705 4706 19
4706 4707 1
4707 4708 6
4708 4709 15
4709 4710 2
4710 4711 2
4711 4712 20
4712 4713 15
4713 4714 15
4714 4715 3
4715 4716 11
4716 4717 13
4717 4718 9
4718 4719 20
4719 4720 10
4720 4721 10
4721 4722 16
4722 4723 8
4723 4724 9
4724 4725 19
4725 4726 18
4726 4727 20
4727 4728 17
4728 4729 5
4729 4730 2
4730 4731 18
4731 4732 16
4732 4733 13
4733 4734 9
4734 4735 18
4735 4736 18
4736 4737 12
4737 4738 2
4738 4739 8
4739 4740 5
4740 4741 7
4741 4742 5
4742 4743 1
4743 4744 2
4744 4745 3
4745 4746 9
4746 4747 5
4747 4748 15
4748 4749 18
4749 4750 8
4750 4751 18
4751 4752 9
4752 4753 14
4753 4754 4
4754 4755 18
4755 4756 17
4756 4757 11
4757 4758 19
4758 4759 7
4759 4760 11
4760 4761 13
4761 4762 15
4762 4763 7
4763 4764 10
4764 4765 20
4765 4766 8
4766 4767 8
4767 4768 17
4768 4769 20
4769 4770 3
4770 4771 14
4771 4772 12
4772 4773 13
4773 4774 2
4774 4775 8
4775 4776 10
4776 4777 3
4777 4778 6
4778 4779 14
4779 4780 18
4780 4781 3
4781 4782 12
4782 4783 12
4783 4784 15
4784 4785 18
4785 4786 8
4786 4787 17
4787 4788 10
4788 4789 8
4789 4790 11
4790 4791 19
4791 4792 9
4792 4793 17
4793 4794 13
4794 4795 10
4795 4796 11
4796 4797 12
4797 4798 3
4798 4799 12
4799 4800 11
4800 4801 5
4801 4802 7
4802 4803 3
4803 4804 16
4804 4805 5
4805 4806 10
4806 4807 11
4807 4808 18
4808 4809 17
4809 4810 6
4810 4811 4
4811 4812 12
4812 4813 12
4813 4814 19
4814 4815 4
4815 4816 19
4816 4817 5
4817 4818 16
4818 4819 17
4819 4820 4
4820 4821 17
4821 4822 6
4822 4823 9
4823 4824 17
4824 4825 6
4825 4826 16
4826 4827 7
4827 4828 12
4828 4829 18
4829 4830 13
4830 4831 19
4831 4832 17
4832 4833 16
4833 4834 17
4834 4835 4
4835 4836 7
4836 4837 7
4837 4838 12
4838 4839 13
4839 4840 7
4840 4841 10
4841 4842 9
4842 4843 17
4843 4844 2
4844 4845 15
4845 4846 2
4846 4847 7
4847 4848 20
4848 4849 4
4849 4850 8
4850 4851 19
4851 4852 9
4852 4853 10
4853 4854 11
4854 4855 20
4855 4856 12
4856 4857 16
4857 4858 20
4858 4859 7
4859 4860 3
4860 4861 1
4861 4862 20
4862 4863 16
4863 4864 19
4864 4865 8
4865 4866 4
4866 4867 7
4867 4868 5
4868 4869 4
4869 4870 10
4870 4871 11
4871 4872 9
4872 4873 18
4873 4874 20
4874 4875 7
4875 4876 11
4876 4877 18
4877 4878 12
4878 4879 7
4879 4880 12
4880 4881 20
4881 4882 16
4882 4883 5
4883 4884 12
4884 4885 11
4885 4886 7
4886 4887 13
4887 4888 18
4888 4889 19
4889 4890 18
4890 4891 12
4891 4892 15
4892 4893 1
4893 4894 5
4894 4895 8
4895 4896 13
4896 4897 3
4897 4898 14
4898 4899 5
4899 4900 1
4900 4901 7
4901 4902 17
4902 4903 16
4903 4904 20
4904 4905 4
4905 4906 17
4906 4907 9
4907 4908 7
4908 4909 16
4909 4910 3
4910 4911 12
4911 4912 17
4912 4913 6
4913 4914 1
4914 4915 20
4915 4916 10
4916 4917 5
4917 4918 6
4918 4919 12
4919 4920 19
4920 4921 18
4921 4922 12
4922 4923 11
4923 4924 13
4924 4925 10
4925 4926 19
4926 4927 15
4927 4928 11
4928 4929 3
4929 4930 18
4930 4931 10
4931 4932 19
4932 4933 8
4933 4934 13
4934 4935 13
4935 4936 12
4936 4937 18
4937 4938 6
4938 4939 18
4939 4940 19
4940 4941 14
4941 4942 12
4942 4943 5
4943 4944 9
4944 4945 5
4945 4946 1
4946 4947 4
4947 4948 5
4948 4949 3
4949 4950 15
4950 4951 4
4951 4952 11
4952 4953 19
4953 4954 20
4954 4955 12
4955 4956 20
4956 4957 17
4957 4958 16
4958 4959 8
4959 4960 17
4960 4961 5
4961 4962 13
4962 4963 19
4963 4964 7
4964 4965 16
4965 4966 1
4966 4967 1
4967 4968 9
4968 4969 6
4969 4970 10
4970 4971 16
4971 4972 15
4972 4973 7
4973 4974 6
4974 4975 19
4975 4976 14
4976 4977 8
4977 4978 18
4978 4979 2
4979 4980 16
4980 4981 1
4981 4982 15
4982 4983 5
4983 4984 14
4984 4985 12
4985 4986 1
4986 4987 19
4987 4988 1
4988 4989 12
4989 4990 13
4990 4991 7
4991 4992 6
4992 4993 5
4993 4994 13
4994 4995 18
4995 4996 19
4996 4997 10
4997 4998 18
4998 4999 1
4999 5000 11
5000 1 17
4177 4198 14
1295 4114 17
2901 602 7
1532 32 15
1126 2824 8
4685 4927 5
2099 134 5
1961 2280 18
3063 3273 8
2706 527 4
4770 4370 19
4156 1120 2
1388 3288 6
3056 2664 4
884 2658 15
4809 324 20
367 2576 6
600 4009 10
4518 2150 12
922 4340 16
4285 2503 1
4255 2069 14
1005 4124 3
268 125 1
3278 3064 17
2601 2631 11
3784 3999 3
2081 4355 8
3469 2513 11
4579 2879 18
610 4505 20
4613 1254 10
3061 4383 2
1374 1641 7
3914 851 19
3478 2918 20
682 3878 2
1207 493 5
2729 2229 8
1563 2324 10
2440 3414 7
3404 663 3
1783 4160 1
1517 383 7
2851 4648 1
3992 4821 8
979 2992 15
3364 1743 8
4508 3094 1
2295 4328 19
2373 3743 15
632 466 17
3587 1881 6
1093 1392 19
419 4532 12
3569 377 5
1270 860 17
640 751 10
1732 3194 7
2305 4478 15
1374 3150 2
1837 977 6
347 4452 16
1677 3885 8
4786 1653 14
4616 3774 6
3996 3150 4
436 1523 20
1730 4999 7
396 1236 15
4148 3623 5
1887 4160 1
4984 83 7
2554 1302 6
1209 331 11
1103 556 15
781 2908 20
2327 3970 2
1542 708 19
2932 3961 8
3431 2758 12
4846 4171 15
2816 272 6
2122 4766 6
3820 1314 6
516 2355 1
690 1981 19
3479 1395 15
3877 2540 9
3089 3635 8
1194 1424 10
3792 2974 13
4768 4829 5
4795 3753 5
2022 3965 18
3210 4584 20
906 4387 16
3150 3326 14
3231 2032 15
2404 1356 18
25 3780 2
2024 467 11
1200 4322 18
770 518 5
4099 1299 2
4945 2182 13
4755 454 13
445 1373 3
2670 2625 1
296 3941 9
240 1467 14
1743 3941 18
3180 3317 4
4432 3823 17
3739 4124 20
595 2819 4
3978 1383 2
544 707 15
1425 3931 5
2514 2669 8
1332 2431 12
3953 2342 19
1734 300 11
945 3494 15
4055 4315 7
1890 4086 7
4159 2237 2
3157 3539 12
4516 1517 9
623 4989 6
2127 3115 3
3801 645 3
4005 1684 11
4136 267 6
4433 4391 16
3672 940 13
2854 82 13
4805 2012 3
225 1383 12
3764 1636 9
3554 4379 19
4934 2474 9
4190 2489 18
463 2174 16
2896 1206 1
969 448 15
1232 4513 1
4064 3702 15
3722 4964 3
4413 1819 18
4450 1211 10
1173 1885 14
2545 4814 4
1075 1286 20
4501 1220 3
3496 203 20
1743 372 16
3268 4018 12
3049 4275 8
4741 682 10
2850 2160 4
525 3319 3
1825 4221 8
4456 4241 14
2648 3242 6
1222 2674 11
2954 3885 10
604 3436 20
4380 908 11
865 4532 13
2975 857 15
3230 2917 5
3101 1478 2
3759 52 11
4468 2681 9
3129 3634 4
1375 1605 14
3694 665 19
3740 1802 13
3779 4043 6
416 4309 20
3687 2968 5
402 1737 9
2766 638 18
1184 295 10
2260 2509 14
3610 1011 17
4049 3424 5
2332 2748 8
1134 2913 1
2105 1585 4
3277 3442 4
4104 335 18
1900 2559 17
4159 4152 3
4092 1021 4
2464 489 12
527 4772 3
3879 4021 18
3739 980 16
1434 454 10
2202 554 11
2585 1392 11
3753 222 6
1899 2310 15
3310 2863 2
1069 399 13
1473 1996 4
2332 3023 4
115 3112 17
3396 355 6
370 3717 17
2488 3254 5
1010 2397 8
581 3768 4
575 1772 4
1899 3645 17
2327 3681 15
480 837 9
4457 2290 10
3066 4670 16
4085 303 5
2787 667 18
3376 782 4
2986 910 3
465 2963 4
575 3682 4
1889 1477 4
4191 1742 19
1543 3691 8
4382 1054 7
1577 4767 16
2883 395 15
1803 4153 13
3995 3680 7
3256 1289 13
2696 2334 20
1183 896 2
3534 3904 12
3659 3041 18
4251 1782 3
2835 1176 15
4067 4968 5
1024 4601 9
1189 4338 6
2179 3598 19
1974 4045 10
4453 3931 8
2977 3740 3
4561 2028 9
3485 4110 8
2442 2821 6
4924 2719 14
91 537 16
1762 1398 6
1811 3057 16
4941 2521 18
4135 3542 20
3316 2981 13
899 4468 15
2682 1821 17
4042 4181 16
3161 2874 20
1498 418 19
4763 4368 1
2929 1727 15
3858 4565 3
1888 2458 13
559 3739 3
3094 162 19
2834 4576 3
2106 1731 8
3656 4745 2
4875 2196 16
1869 541 16
618 4611 6
3677 2278 3
4740 3264 11
3370 587 18
4347 2191 2
3579 4984 1
4574 4411 13
268 1714 5
171 3540 5
4072 83 12
3069 1715 15
4363 3613 16
34 1145 2
3700 4701 20
987 371 16
4522 3423 8
4831 1335 4
557 3505 5
4837 542 7
1812 4653 19
4282 2711 15
4207 4407 5
4831 607 4
4185 4403 8
4148 2639 7
2046 553 6
4911 2762 14
4055 938 18
1259 1304 4
953 41 10
3270 3474 19
2518 1150 18
1059 742 19
843 2350 9
1450 4734 14
3692 1190 2
4071 3741 15
663 3118 2
321 914 11
250 2589 12
3061 452 4
3824 558 17
800 4127 17
2793 477 11
192 1922 4
2508 1701 17
2441 4032 17
3013 3122 17
3335 2282 4
4220 32 19
2538 1257 11
493 2228 6
4844 3388 15
2531 3310 15
4506 132 17
4323 886 1
760 3962 11
1807 1828 19
4182 2963 2
2502 851 9
2682 3202 20
223 227 18
4281 1628 5
3850 1952 4
519 2807 20
2410 4310 14
4185 245 15
3313 236 8
1595 2751 9
2785 2513 3
3590 517 10
2097 1091 14
1086 4681 11
4498 2156 1
1022 2579 14
226 2218 17
4451 3550 12
3672 4173 17
1580 839 3
2217 3740 11
2370 784 10
819 44 7
1046 1922 6
1718 3571 11
3053 1947 2
2953 2824 14
101 396 14
1990 490 19
224 1767 15
1983 815 5
687 3289 15
3854 3286 12
3619 2263 19
4432 2508 3
3767 2007 5
2350 1837 9
4658 3466 19
3543 690 8
1486 3672 11
4349 2670 9
2292 1651 13
4923 966 20
2363 416 11
3271 784 10
2481 823 5
1480 1048 12
1053 3619 10
999 423 12
3621 3754 17
3549 2418 3
4528 917 14
1195 4543 10
2521 1902 15
2158 1010 9
2518 4646 15
1291 4357 8
2521 3162 2
183 58 3
4413 3977 15
3166 851 1
649 4515 6
795 4920 9
1206 3513 14
3137 440 3
3417 1802 8
3919 2320 17
117 4560 5
3212 2978 14
1128 1250 17
3311 1165 6
3315 1540 8
2172 235 6
1942 364 3
2908 1511 8
3441 3111 19
1295 4472 1
1826 3369 11
647 3767 18
4759 4354 6
3471 1224 1
2339 3971 3
2742 3431 7
3187 1822 5
1398 969 7
370 2264 19
1441 2261 18
1636 4800 7
4002 806 18
1900 1236 6
3817 1887 6
4629 4408 16
1045 4005 15
4502 4914 2
1213 289 13
2239 3302 1
44 780 10
4770 1248 13
4073 4801 16
3566 2049 15
642 1659 17
4438 2996 20
3716 2116 12
806 1412 9
4961 1748 13
2149 3990 12
2909 794 16
1214 1861 12
213 4719 2
4598 3435 4
2131 1093 4
3058 1308 5
444 2690 4
3552 1892 17
4031 56 19
1150 1838 5
581 2333 1
1208 2729 5
3192 3795 4
845 1005 16
4277 1083 13
3618 2438 18
4418 539 7
1218 741 20
3857 2724 2
1219 3144 15
3298 294 11
998 477 19
4027 671 16
112 971 13
4945 2869 15
87 1087 12
331 3164 5
3560 1156 8
179 3203 6
3217 2604 6
4472 1584 7
116 1822 2
4724 2162 12
1150 2968 14
4845 609 2
3383 4379 13
1304 2902 9
2176 1142 19
363 289 13
2794 3001 5
1741 1641 1
455 3289 6
1510 2559 16
327 3950 13
2894 1582 17
2702 2056 4
2552 3024 9
3230 858 18
3006 1514 1
3471 4916 20
3900 2844 13
4620 3592 6
3094 1893 13
3663 4681 9
3425 3284 7
1360 3720 20
3155 1415 15
4652 1454 8
411 2138 3
840 4573 12
288 1430 9
3122 4281 8
4847 1257 15
424 206 7
4589 4908 20
1180 3178 19
2395 1474 16
1924 139 5
2706 2941 8
1791 4243 1
4735 1024 12
1635 630 2
4907 319 1
154 3763 12
1589 58 13
3500 2851 12
4401 2163 4
73 734 14
2416 2848 18
4045 2109 6
521 3625 12
4321 4161 8
4228 1393 9
70 3279 7
596 2760 17
1246 4494 17
3842 144 13
1285 3660 5
3980 3923 15
544 3641 15
1350 111 14
3660 4140 1
4407 2224 15
1915 462 18
4928 555 15
3741 3508 1
19 2827 3
2005 4865 13
3211 1734 16
1222 3288 5
3077 1328 3
4169 2480 18
3077 1995 17
1872 3119 16
3646 4861 9
1250 464 19
2564 3052 20
2657 3355 18
1115 230 1
1164 2257 15
353 2775 3
3715 3796 10
1513 555 14
332 2136 11
1956 1527 1
3612 4200 9
3338 1589 2
15 3073 10
684 4551 8
525 4842 18
1544 2510 8
1695 1982 16
4857 1744 7
4151 2860 19
92 2062 6
2202 2823 12
4032 4083 2
903 1746 14
4186 1907 13
156 4975 13
786 2 11
2259 2565 16
3148 3321 5
3188 3344 6
1921 1280 8
2669 3960 15
1081 3679 18
1044 3419 14
344 4320 3
1837 739 10
3057 1307 16
2385 3272 10
1263 1923 10
1507 1626 14
1983 3060 17
3259 2533 15
976 1506 18
1795 3305 9
4043 2933 16
3302 1821 20
4993 340 10
4746 1342 18
3377 4971 6
534 3296 5
3894 2289 8
3549 1202 16
3771 4052 13
4689 409 6
818 3692 20
3802 4854 8
839 3000 16
1054 401 11
1722 1184 8
1998 1191 3
3133 948 7
2467 3383 5
4047 2416 1
1413 118 3
4416 2290 19
1667 3706 14
2182 4226 17
4137 3062 4
943 1069 18
3758 3180 15
2397 3933 14
4843 3243 6
113 1872 1
2322 756 2
4132 2367 2
765 443 10
1730 1575 16
1391 295 7
2918 635 8
689 4940 13
4029 3366 5
3449 2882 20
4947 3767 12
962 4154 3
287 470 4
3590 784 5
3315 2683 20
289 4147 9
1181 4030 14
638 1179 18
2777 2317 8
995 3594 18
3730 2543 3
674 3434 16
1650 4738 7
1718 1852 7
4808 328 2
3972 400 11
3433 1286 15
2595 3802 6
3977 3945 9
4454 3307 14
4552 1412 10
1509 2291 10
3306 300 12
4271 4000 17
613 448 20
3760 1253 4
413 894 16
2791 2658 20
4958 3953 2
4254 1352 7
616 2851 12
4059 4274 1
3691 3716 12
827 4920 14
4838 144 3
1251 390 8
4343 1836 15
1017 4469 7
352 2058 3
3345 1457 12
4626 4637 2
2134 2097 12
3665 3900 3
132 3548 6
4047 2303 20
666 3958 9
4084 3032 12
2779 4432 9
3573 600 15
1662 4801 1
1699 2819 15
2756 2057 16
732 329 11
3846 70 2
2703 235 16
4283 1431 8
1453 1322 1
159 713 1
2590 2645 10
880 3866 10
2358 2338 16
2740 1303 20
3901 4751 12
4513 386 10
3730 2254 3
723 1263 13
346 3197 2
3054 4466 3
2145 858 2
3278 4497 4
3981 1896 16
2306 591 15
4057 1141 2
1372 3377 9
2204 465 1
1119 2018 3
4593 158 6
1190 2568 12
2433 4155 17
714 3471 7
4494 3068 9
1654 2311 19
3857 1127 19
2798 1953 12
3828 291 18
4146 1201 10
3203 2449 17
2780 3443 18
794 58 20
4695 4876 18
1410 3457 13
591 4316 17
3410 1977 10
3857 963 12
4968 4877 16
4590 2079 13
220 351 10
583 252 17
2769 4698 18
1946 3989 3
70 185 3
963 4473 11
2576 3506 9
486 3897 16
2891 4975 9
1368 286 2
3208 2080 15
4462 4631 15
4437 4065 7
4766 4718 9
3066 4175 4
4768 2761 6
3056 4102 11
3808 2409 16
2855 4424 13
431 4975 2
4605 716 17
4188 1750 14
826 2059 5
3070 1969 17
3359 3698 10
3763 33 18
3317 966 17
1817 4883 6
421 4498 8
2935 2770 11
942 145 13
3014 4469 4
1965 349 16
2258 2946 2
4541 3499 13
130 1653 18
3754 4679 19
2062 1699 15
1395 2846 18
4449 3403 14
2210 1968 14
1311 2627 15
2401 2413 16
2661 3840 19
3727 4452 5
589 1308 2
3259 4518 6
2783 2394 10
4031 3786 19
62 3019 8
4633 2868 1
3578 4776 6
866 1528 17
3290 555 19
1529 572 1
3140 1350 15
1744 1023 5
4591 461 18
4083 1544 2
144 3132 16
4836 3859 1
435 4663 13
2778 976 3
2799 3888 8
1514 2946 17
1423 4375 11
3251 796 13
2156 1222 11
2760 3613 10
1737 3450 10
3700 2839 2
414 2849 3
4140 4397 10
443 469 7
227 414 8
1072 4919 14
3298 188 13
2240 2167 4
3721 727 19
4555 3374 19
2968 52 5
3174 2737 13
4139 3981 16
3893 2191 17
168 580 18
4670 3003 7
596 3640 8
2755 1060 1
4113 4526 12
3679 1972 17
2088 1850 20
4729 1674 7
315 797 11
80 3350 18
4401 4693 1
3386 2468 16
2501 1708 14
1605 1972 16
4807 2528 5
2043 3738 7
1613 3793 20
113 4410 15
4887 1033 18
1185 4574 5
820 1184 4
4674 3703 10
3338 4269 20
4371 3651 9
579 1972 3
2308 1113 7
3928 699 18
41 1873 17
1894 1008 12
484 3966 6
4512 3888 12
723 4392 6
67 707 8
205 178 19
1597 267 20
2934 1712 10
759 1425 12
1463 3378 13
800 625 3
4441 3641 8
726 1406 9
2156 995 2
1894 1876 16
3310 2149 19
1220 4453 14
2421 2552 15
4533 3389 1
1275 4704 12
3397 847 5
4954 311 14
1759 2265 10
3479 2824 17
4982 695 16
4592 3327 13
1258 1863 6
3618 3437 18
2734 2041 11
314 704 15
250 520 12
1757 2279 11
3309 410 12
3010 3670 17
3565 336 3
1792 2464 1
3263 2986 19
4034 596 15
3227 2314 18
2090 4390 8
2828 3382 12
2476 2002 10
519 1065 20
194 310 5
1096 2986 18
3913 1339 18
4701 3841 8
4924 1719 8
2322 1475 10
365 3677 9
1409 485 17
1776 521 5
43 1882 17
3919 1773 10
4168 2185 17
3012 825 19
430 3604 3
2503 2487 4
4511 1976 20
1305 427 15
3742 4711 9
497 1975 4
3293 3609 16
3882 4788 10
4313 4454 6
1038 2623 14
2751 3907 12
4840 3434 15
2167 1917 6
907 4062 8
4343 1400 14
4546 833 13
3158 4711 5
377 4529 5
4601 3030 6
3802 429 20
365 2532 15
3252 2072 8
4587 2129 12
195 4094 12
1987 4569 13
1504 736 12
4831 1852 14
1638 379 10
1132 4847 15
774 1369 1
3959 3096 8
395 3342 3
2360 2957 12
349 195 10
2668 3332 13
652 4553 7
888 3769 13
1939 1698 2
317 4618 3
2725 436 10
3358 768 6
1788 2675 6
1128 603 19
2327 1139 15
4591 1807 3
1490 3114 8
4599 3809 15
1123 2087 6
3864 650 18
4019 2586 5
4537 3539 1
2067 624 1
211 2513 12
3569 2464 17
531 471 5
4501 1349 3
508 4650 7
4955 2196 12
1274 4624 2
2056 106 15
2492 3433 13
2649 4941 2
4519 4159 18
1145 1243 20
2584 2820 16
285 344 4
4119 3446 17
4647 1962 11
1536 2059 10
2206 862 2
4981 1248 1
4017 1618 15
1448 3853 10
870 4823 12
2101 613 20
337 3966 9
341 1844 13
252 2950 5
166 4146 18
3993 2051 3
910 3714 3
2845 554 15
2349 2102 17
2803 1829 10
1612 2924 10
651 3182 1
4753 4175 19
3254 3922 12
4351 1260 1
1928 4078 16
4832 4803 3
260 1048 17
198 37 9
4781 1023 1
2637 4996 5
4737 3709 7
1763 607 2
859 2314 9
3330 2619 12
3926 3090 5
4721 4266 10
628 3493 10
4473 1750 18
2794 4107 17
2724 3535 12
3002 294 1
3114 4117 19
4065 4008 13
1627 3441 15
1661 1229 13
4913 3342 10
2247 1664 11
4620 1458 5
211 533 15
1167 4329 14
2572 1656 13
4788 3874 3
4672 422 5
4138 3470 17
3835 391 17
4810 4706 10
3125 3554 9
3187 2235 20
3773 3228 19
4375 1023 1
894 1930 18
1372 2586 19
2239 694 16
3964 3809 14
4660 3365 18
4427 1783 2
1285 774 7
2752 4186 15
2257 765 7
3550 352 1
3886 3612 3
2604 819 4
2571 133 9
3931 2190 13
1693 924 16
3446 2898 18
176 2707 1
4515 953 13
1609 1364 4
814 40 7
3209 3870 16
149 4033 12
3524 492 5
1753 2559 16
2466 4124 7
3194 1430 4
3040 489 16
183 1320 19
1957 3 10
3281 4881 17
1359 2975 14
3267 4633 19
2943 1066 13
4416 2085 16
2177 2218 15
1751 933 13
867 2212 10
1852 622 20
312 2521 5
2497 1958 15
3899 4088 10
15 4186 15
3094 3015 6
3966 805 16
221 104 7
44 2182 8
2136 1270 1
1017 1874 14
4227 1052 18
3721 3031 4
932 4041 16
3705 4175 1
4595 386 6
4337 2257 12
4246 437 19
2892 2118 12
2742 900 16
244 4518 12
3088 1397 10
3732 130 7
1805 1015 12
1596 4116 18
1374 383 20
4125 3914 16
29 3259 18
4046 3249 5
4024 3599 12
3192 4561 3
4684 612 2
4922 4828 16
4427 3359 9
3439 4971 12
1620 1196 9
4816 25 11
1161 3625 10
2357 2594 3
1461 3146 20
4385 4407 14
2407 4299 16
3001 4126 20
1552 3188 10
4254 3061 18
4060 1276 8
895 2082 8
2574 101 7
1024 2903 4
2949 664 18
1452 2715 5
1856 1051 17
1916 2287 16
1255 4557 19
4220 2643 19
3696 431 3
2657 1743 11
4910 1648 3
4242 4164 20
4908 3194 9
1633 1179 6
4403 464 6
1691 1712 10
1139 1664 1
3777 4164 8
2746 1901 5
1495 4540 15
3993 2564 1
878 4408 10
3672 4398 2
4117 1260 10
62 1745 11
4982 206 14
3572 3758 18
4610 865 10
4884 4880 7
462 2934 17
4956 3314 11
2310 759 12
389 362 16
782 413 10
1847 616 2
4339 3019 6
1699 1644 4
3159 2007 13
2658 1726 14
4931 4457 9
1794 4050 10
4981 1141 17
2700 2573 6
1501 3923 19
3320 2689 14
4862 3614 11
1028 937 10
852 2814 20
2245 1126 16
4501 203 3
1354 2927 16
821 4502 4
462 4 11
2492 1156 20
3090 3818 4
834 3985 19
1596 2846 8
3622 3614 4
1196 2515 2
1903 2512 13
3715 3026 7
1422 638 18
4960 13 7
3113 4065 8
3773 478 15
4863 2984 1
4391 985 3
3254 2146 10
452 4626 15
1368 969 3
1661 1004 8
278 3087 20
3647 3842 17
2938 1907 11
4642 1154 6
3852 1972 5
381 4726 9
616 4311 3
2471 2605 8
4056 150 13
2045 847 7
234 4205 9
861 887 7
564 3284 3
4495 1825 9
207 103 20
369 1105 2
3593 2971 10
2708 4456 5
2351 1565 16
2619 2239 20
3685 2590 13
1680 3664 20
3617 1226 20
4661 546 18
4204 1140 20
4552 2565 16
919 3908 13
3297 3472 18
2833 1059 19
4503 1947 4
4819 4241 17
1843 338 6
1823 49 17
2964 2811 1
2837 501 8
669 3899 18
2224 1379 2
4510 3740 6
4699 2560 7
3385 3138 19
3121 1798 20
1504 4410 13
100 2630 14
3560 2636 5
3665 2891 20
3343 693 5
3978 927 4
1529 4671 17
724 2391 6
4576 4369 11
2323 2421 19
3717 494 20
3232 1664 1
3680 3973 5
4132 2069 13
2895 4476 9
227 3988 16
356 562 14
1978 604 7
1712 1433 1
183 1322 19
936 4634 9
621 1059 8
536 4662 9
4604 3627 14
3372 2563 1
449 3039 18
2065 414 2
2504 1451 18
1408 3351 17
340 2439 2
4717 4610 1
333 2745 9
744 2993 18
3719 4017 19
2807 255 2
2359 958 7
1515 366 5
1946 3599 13
4231 3424 1
1833 3066 7
3470 2877 9
3607 1971 11
614 1002 7
2212 2601 11
3743 3637 17
2122 2059 6
4953 769 4
3931 4444 5
3589 746 10
1443 4494 13
2594 3902 15
2253 4124 7
2131 4548 16
2785 1124 19
570 2259 8
160 2241 11
2539 4332 18
2220 444 16
882 3604 10
406 3625 12
3399 1843 10
1230 904 13
208 2554 16
3607 1499 9
3835 201 11
702 795 18
927 4342 14
4916 1890 12
1392 1879 11
3290 1764 18
1998 3151 17
4787 2518 14
3322 730 8
1936 51 6
4651 3626 12
3492 3990 10
3849 212 18
799 4024 6
4272 3588 11
2094 3554 19
1093 4057 19
3112 2332 13
282 3750 5
127 2189 4
931 2667 11
892 1831 8
1578 3004 1
271 799 3
925 3010 8
2105 1561 19
349 3435 19
407 4184 18
175 2373 14
1590 2909 16
174 1294 13
4203 4288 11
3348 901 4
2623 1104 1
1770 4276 13
425 1602 14
4847 1844 13
2118 856 17
1155 4402 2
1686 3713 6
4318 4706 3
4640 3808 15
822 3039 11
196 3939 13
386 2903 19
3640 1625 19
2791 3193 9
922 2089 1
3498 4106 18
2211 1907 18
2988 4074 17
616 4664 8
1981 1941 12
1449 1352 1
1231 2191 2
2405 353 2
4823 2467 10
203 1050 9
4188 2782 4
2711 3748 10
2611 4039 19
4415 1196 18
4810 4538 16
2454 3932 7
4096 778 4
4556 1900 15
3150 1774 4
1589 3643 15
4727 4673 9
4619 2257 3
946 4907 1
2926 1870 19
1352 1281 8
4356 4304 18
828 239 1
1890 3915 13
3861 4936 4
3808 1225 14
4923 3883 19
3946 2125 7
4839 2410 19
1586 3254 16
2076 2920 6
3021 2066 16
517 1668 17
380 1300 2
74 686 5
3702 1275 1
4692 1561 9
4728 2411 8
2876 2778 1
3601 4947 14
2169 927 18
2973 3224 20
1952 2794 20
1570 4011 10
825 716 12
1675 2611 20
149 767 14
554 681 13
2322 146 18
3596 4610 3
1774 2151 11
4168 1312 6
779 1429 3
1912 973 15
2425 862 1
1063 2970 15
2063 1645 16
4156 1484 18
4655 1784 1
4930 298 1
1456 1060 20
1071 1659 7
1718 4883 12
889 4862 4
4495 502 9
1858 110 20
1834 4454 18
191 962 19
4952 4160 8
3594 1735 14
4753 1482 18
4905 3206 16
1347 4711 8
2501 4125 14
837 1730 11
1765 1225 16
93 4319 19
542 4000 12
1676 692 20
4637 2367 10
1461 4908 3
3030 640 10
2979 3315 3
4230 4045 15
1500 2152 9
1167 92 2
2850 1046 11
4050 1469 13
2012 3369 5
2735 4278 16
3968 210 19
3158 636 20
2802 1806 16
1071 4692 7
1286 904 7
1649 1041 7
4303 4630 19
1374 730 15
3681 4876 11
890 3832 12
832 3502 12
1519 1588 1
2184 2170 12
2253 3028 17
3094 1997 15
18 3032 12
189 726 3
3266 1418 11
3392 1078 13
1810 2712 7
64 3400 16
3746 4921 8
84 2953 18
4612 190 20
1031 2937 8
1838 656 12
2590 102 13
743 33 12
3545 4046 3
3589 3032 16
360 136 6
1182 1452 4
3569 6 12
3315 2311 16
4888 2978 9
2566 3742 12
8 1026 20
425 4614 3
2976 3225 9
3397 1197 19
3715 1130 10
2277 3026 9
1799 2437 8
921 612 4
3107 1711 6
4199 4134 5
2621 349 20
1641 2844 1
2435 3722 5
3828 1370 14
268 4973 12
323 2375 10
1612 2943 16
1612 4924 20
2891 3159 6
2954 4296 20
1307 790 13
2219 2004 15
4309 2876 20
275 111 15
852 2615 6
4877 4094 8
2990 4278 19
371 3025 17
3055 3152 2
2875 1967 4
646 532 15
912 1061 15
4768 4806 6
653 4050 19
1295 1369 10
970 3161 19
3421 1621 4
3451 1692 10
3809 3841 12
3205 4620 16
3456 3557 4
2572 2699 16
4806 1217 8
3013 2429 1
1308 2425 16
3258 1141 2
943 1018 5
3381 793 3
307 870 20
743 3348 6
3773 4041 3
885 3594 3
4485 1118 15
2273 4591 4
4309 3206 2
574 1355 13
4757 4039 15
2454 1683 5
364 4824 12
3005 2457 20
2038 116 15
188 3673 8
3209 3825 19
3241 2116 7
2338 2391 18
4952 3936 2
680 3363 10
3138 2900 4
2866 1521 5
4368 2450 13
2194 967 10
2623 3407 7
1441 2710 7
1671 1093 14
4251 2510 1
3178 1728 18
1795 1409 2
661 831 9
4452 1695 19
2892 3697 4
475 1152 6
4705 2444 10
4728 2443 5
1656 3297 17
4089 3309 2
60 892 10
866 4072 14
1430 1961 5
370 810 14
35 700 15
2060 3472 17
1829 3497 5
2993 70 7
4376 4391 1
4875 909 5
3837 353 11
4474 2433 2
911 3333 14
4614 1748 17
1887 1090 9
4935 3945 17
312 785 1
2959 4027 16
2275 1347 11
1228 1537 14
3813 416 7
1217 3057 17
1573 2119 2
2789 1100 17
474 1004 6
216 528 20
3796 2829 16
2318 626 20
1412 705 8
2382 3794 7
4480 2376 13
2418 2302 5
560 2303 17
3609 4005 12
3717 2629 11
2581 419 7
241 1581 10
4771 1812 18
4129 4900 15
3188 130 16
1341 2078 14
4946 1268 4
3928 774 13
1908 545 20
4829 2357 17
2871 1703 14
4344 189 11
3120 4419 11
3895 4979 15
3363 2945 2
805 2762 18
4419 4023 9
3730 4257 14
1155 3061 6
1978 3752 9
4253 4831 10
4462 769 18
1613 3251 12
432 4631 15
1394 1895 9
645 4606 16
468 3304 15
2256 4443 12
4405 2599 9
3994 1771 10
2085 2778 6
2393 1995 19
1156 678 7
4692 3001 5
28 783 7
3741 1734 19
4812 3532 13
3343 3762 19
1762 369 17
4989 3768 9
261 122 12
2671 1394 4
4133 2928 19
4478 467 10
4416 2746 5
1538 3501 9
378 932 5
2712 1617 10
3764 2238 20
1074 4819 1
1999 4693 6
2011 839 1
3848 3783 9
1539 464 4
1097 4746 4
2014 4627 1
314 267 17
1503 2200 10
4909 499 16
3700 3247 13
253 1059 7
1764 2558 4
2363 2819 1
2852 1814 10
4825 1575 13
223 2261 6
253 4773 20
2164 1036 9
2293 1295 17
1568 2727 1
3197 1249 3
114 1403 17
4439 2361 16
3569 851 7
4381 4731 19
2648 4167 6
651 3041 9
3828 2172 10
2617 585 12
3418 3564 10
2657 3001 8
4072 3931 11
3575 2608 11
2294 2558 20
4961 3814 18
2631 4174 1
143 3465 15
504 2415 3
3281 2211 1
3799 2546 17
3095 3741 6
1721 1623 2
1135 3837 12
4020 3979 20
1062 2771 15
3171 1963 10
3106 2123 6
1415 4636 15
3312 3090 5
2482 2976 12
4578 4177 5
397 2442 3
4609 3319 2
1465 4778 10
3607 1345 6
2702 1634 14
1659 2116 6
4367 614 2
2214 1710 11
361 130 19
2835 4452 12
3350 1078 18
1584 2285 4
2232 4941 15
1256 4839 19
3319 987 14
3789 1009 16
3477 1439 8
612 2286 14
2604 2333 7
3141 1210 16
3857 1457 7
4284 2684 17
658 1543 9
1247 762 3
3485 166 1
1346 2319 12
1602 1006 5
4953 4150 8
2887 2427 18
274 2010 18
1564 1512 5
1087 941 12
4243 3645 14
2809 2264 20
1464 4386 9
49 4679 13
915 4819 9
3490 1968 20
4081 3387 18
4397 875 5
1165 3293 3
4316 416 17
431 2717 19
3468 3349 16
1960 3268 14
2550 2967 8
1577 4761 13
2695 1812 20
1401 1624 9
2835 1707 9
3732 2995 15
1793 3661 6
1953 912 14
3921 179 1
308 2083 6
3047 3311 7
499 683 19
123 1322 15
3469 2931 2
1900 3915 1
3853 1085 13
1263 425 11
3309 2304 16
3978 438 4
1085 69 17
3154 2696 10
4929 3287 1
898 1893 1
60 3540 8
1216 1585 5
465 42 8
1011 37 9
308 4847 7
2424 610 10
2130 1811 7
960 438 5
810 548 9
1165 1317 8
4880 989 11
3156 651 2
2864 1819 13
3760 4900 15
1117 603 10
4881 2039 4
2402 1140 11
305 886 14
162 1192 3
4678 22 11
2442 638 15
1261 3865 13
3855 4046 1
1550 1486 8
4194 2207 17
2338 788 12
2753 4170 4
1652 2305 19
1287 2319 13
3887 11 7
1305 2885 6
1052 2994 11
485 678 11
4959 21 1
372 4183 18
1565 3440 1
3922 2702 2
2740 1901 3
4428 3469 12
346 4859 10
1010 4603 18
2664 131 10
1809 1546 20
4576 2433 6
2676 3478 19
879 3471 8
4699 1129 16
793 2013 12
1640 3536 15
3818 1514 12
1784 4561 13
150 644 4
1663 3059 20
1365 392 1
4694 1450 2
2571 1180 6
101 4676 10
4817 2582 2
4997 4300 2
3307 3762 10
405 2549 13
2652 948 12
2028 2464 8
316 3015 18
601 4327 10
3884 3655 8
661 2782 9
3950 4592 14
4876 860 8
3955 982 9
2231 1295 20
1973 2440 7
3382 826 18
709 775 5
2111 2748 13
2558 4012 11
355 1635 12
2565 3046 13
2266 2227 13
3525 3457 9
4361 1377 12
390 457 11
4107 1410 11
3067 293 10
4676 4822 19
2918 2331 4
2109 4908 18
862 704 6
1224 4433 4
3982 2571 15
3101 513 6
2427 973 5
4979 2437 1
4037 2944 20
3382 2955 3
4839 4706 6
1428 531 12
3842 4443 19
1913 1516 12
2043 553 3
1860 863 10
3169 3609 16
3064 4836 9
2301 3370 16
648 4407 5
4886 4092 7
1894 3335 14
3586 519 10
4488 4215 7
3781 1469 2
3222 3995 2
4729 1362 4
1287 1778 7
2938 1905 3
2398 2375 7
4066 2877 12
3391 379 15
3637 1157 17
1935 704 19
3037 3942 4
96 1858 3
4702 2983 4
803 518 7
3480 4623 20
557 3705 10
1454 1114 5
315 1076 12
599 1535 16
1332 421 19
1663 2533 8
3547 92 12
4631 3095 19
3776 1337 7
1483 1681 7
2203 809 6
1533 3540 6
4668 4782 2
2903 790 11
3699 1367 3
3753 4189 3
2479 2983 20
3203 2362 6
4827 4486 17
4752 3873 2
542 4504 12
1634 157 5
2726 3901 14
2191 4944 8
2195 2150 12
76 1019 1
1722 3898 11
795 4867 12
1312 3314 11
2788 4174 5
2454 3629 18
4452 4641 14
1224 2351 15
996 1047 15
4111 1213 9
3906 985 2
3843 3826 17
3589 1962 4
4063 3019 5
4383 2614 1
2179 3024 4
1987 1772 6
3788 458 16
2867 1387 4
360 1042 7
598 394 17
1362 1729 15
3767 2779 10
68 4165 16
3828 4798 2
4773 4472 12
4624 2404 4
1476 4319 3
3362 1649 15
4814 3791 20
1749 4329 20
2604 1012 7
1377 4728 12
1440 2157 13
4780 2794 11
2030 2197 19
1502 3468 11
1279 3668 18
2590 1858 17
1894 1497 8
2331 3691 7
4949 794 20
1106 1292 14
3101 917 12
1841 3420 19
2282 4011 6
1662 2690 10
4025 3671 8
4815 3251 11
4326 2987 9
3266 3402 18
4478 808 7
4005 3698 17
4885 248 7
2191 3046 19
4875 1671 18
4170 2008 1
1640 2893 10
4732 1711 2
723 4778 3
3381 4897 14
266 4617 12
2825 4638 13
4998 743 19
3744 201 17
3382 2454 9
276 3232 7
3579 776 17
3262 3886 20
4996 135 9
1912 1501 7
4005 1341 2
3461 513 8
211 2185 16
973 1837 16
2256 4795 2
4383 1457 5
1407 714 20
3921 1454 2
182 289 7
531 1109 15
2175 2016 3
2206 2565 20
3386 2883 1
321 3132 10
4035 185 19
1317 704 1
4720 1200 7
123 2666 15
4519 216 19
2688 2437 2
3967 2326 6
1992 849 6
4719 4232 3
790 4394 6
3453 1628 1
1947 3914 16
769 3521 19
1439 608 19
750 4367 4
2041 1343 5
3816 1912 1
2046 2806 8
4248 3389 13
4696 3182 11
4555 4820 5
2397 2255 18
1366 4535 12
3627 1580 11
851 1836 7
4940 1720 12
1535 3580 2
4226 1476 5
3466 2980 16
1003 4505 7
2858 2024 7
4854 930 6
709 4927 18
3975 2750 5
912 3019 2
3883 4729 18
2688 1126 3
1537 930 10
350 3182 11
3815 4397 4
769 4135 16
4880 928 5
1310 719 12
904 1566 2
539 2930 15
2369 4295 12
3129 485 7
1371 4442 19
256 3029 18
2901 4000 2
1827 1255 7
2423 2038 20
3731 4280 3
2720 742 2
3267 1750 14
2120 3017 3
4529 1355 18
2754 746 10
3150 2827 12
2015 3325 6
1714 4092 2
3349 4689 10
95 3307 19
2400 4682 16
2209 2237 1
3910 4372 15
1718 1454 4
292 1865 7
3629 531 18
2017 3691 1
1626 2422 17
846 762 6
2530 762 8
3605 1925 16
243 437 12
1290 4002 15
801 2229 6
3606 568 4
57 1967 15
1679 3686 20
1879 3521 9
368 2577 3
3763 3446 3
2630 28 2
4877 1193 15
2184 2431 15
1109 3555 16
2043 564 2
4749 1501 10
4319 2825 18
3209 3906 6
4185 1803 1
4005 4188 20
1840 1586 2
1976 1846 7
3666 4207 20
1522 4994 3
224 2814 7
806 332 4
3372 4309 5
3275 251 4
3949 2459 3
1807 3963 14
705 3163 5
3808 4350 11
4622 1702 20
1018 592 14
1045 338 10
982 2109 14
4522 159 14
3457 4248 13
1891 972 18
4490 1001 2
444 1347 12
882 949 2
2345 2733 9
3262 3427 15
4435 1957 2
4510 2291 2
4520 1145 17
4740 4149 19
2920 3266 13
123 468 15
1673 1107 12
4373 3064 6
4360 4503 17
791 3880 17
714 4174 10
2149 2655 13
2265 3536 1
460 144 14
1335 2730 18
134 1858 6
2081 1510 13
3723 977 4
547 4292 6
4119 1941 9
4162 1621 5
3150 509 17
2270 1754 19
2712 3871 13
3305 929 2
4278 4852 7
2113 3521 3
1372 2455 5
733 1547 13
1990 3578 18
1229 3853 7
923 1353 17
28 1101 17
4434 3002 11
1795 4461 6
417 4232 4
3665 4783 15
3472 2831 8
3141 625 3
1471 307 1
1457 4156 5
393 2915 18
146 217 2
3061 170 11
3573 213 8
1116 3872 6
4359 3811 10
3930 2363 3
2409 185 2
648 323 16
4817 1905 15
1154 3917 1
2794 1063 11
1787 2401 2
3600 4789 4
1514 4567 10
1207 465 5
2884 4209 2
3422 3089 1
4865 1217 17
494 93 18
4130 696 6
3917 2191 17
790 4920 12
3687 3322 10
4110 779 17
4631 2939 10
1737 1976 6
3613 1237 11
1244 1390 19
1040 4392 19
4911 4603 15
4519 4806 13
3082 4283 6
1135 390 16
87 726 5
1694 1907 13
1082 55 6
450 197 14
3003 115 7
2961 1272 14
3098 654 18
959 1862 5
3805 4666 7
2509 3472 17
2966 2542 4
4327 1655 10
2751 2905 9
4256 4468 17
1038 1912 6
4549 953 2
750 1331 3
1595 4573 19
490 4763 7
1982 2752 9
1499 2980 4
2815 1609 1
14 2754 15
4873 4294 10
3695 803 5
4456 4184 2
2779 853 11
3134 4229 3
353 2474 18
3054 4528 2
413 3541 13
1860 3223 4
1486 4584 10
699 3252 4
3931 753 3
1883 4860 9
4053 4206 14
2758 973 17
974 477 6
2489 3399 5
4333 1774 9
2845 1604 8
673 3169 15
351 1942 7
2701 720 14
4232 2229 1
2025 1080 11
1612 76 4
2262 4103 2
306 2519 11
4530 3854 8
3938 4868 3
1616 2129 17
3682 1333 4
2422 2660 12
3766 820 16
2447 2700 20
3479 1771 9
2074 888 1
324 3892 4
569 333 1
4658 703 11
2991 973 19
2414 714 15
4542 4050 7
502 4118 13
3497 3233 15
4070 2124 20
2940 1128 4
362 679 20
176 2469 12
1506 3737 9
2445 1255 9
2510 966 12
3642 2711 4
4581 796 15
2798 2913 14
1291 3304 10
3713 979 12
2037 1566 6
2862 1931 19
3228 4359 3
1214 1463 2
4463 2014 14
72 3211 3
4931 2362 17
3449 4093 13
303 2096 10
4190 1960 12
3958 4100 5
3676 4883 19
3157 552 2
2955 2191 16
4496 1342 16
1883 3998 7
714 3866 15
4868 482 15
1595 803 19
890 1549 13
1088 4056 3
4996 1828 5
2242 4775 6
3500 3817 16
2215 735 3
3114 2512 8
4525 700 5
3003 2682 2
2404 4853 1
4960 1600 15
317 4650 6
3401 2213 19
4645 1147 11
393 1602 14
1783 929 11
2706 1753 12
4769 4731 7
2911 2869 18
2822 4829 19
4124 2824 11
883 3487 18
1863 1394 8
4656 926 9
3812 1882 5
4517 3238 8
4907 2158 7
3410 2578 17
2263 1221 15
818 3563 17
1851 3243 15
4295 480 11
1529 2656 6
2268 277 17
3280 1143 2
2611 2155 7
1949 1870 6
2812 1364 6
358 822 9
3197 1833 11
3858 496 2
2017 1535 2
3317 4137 11
1627 990 20
3318 3835 19
1760 327 5
4587 3112 18
1647 4385 14
2931 3320 10
4482 1047 13
176 4524 15
559 3209 3
1243 4450 12
3980 3187 10
1503 4206 18
4298 3532 19
4240 2985 18
1128 1306 6
517 2060 14
2309 1582 19
4076 4253 13
2906 354 17
3168 282 3
2981 3402 9
4602 2958 5
1678 1782 14
2294 1965 6
1847 118 16
4512 2040 13
1749 1342 9
3008 4963 9
3811 3664 13
1226 3 7
4414 140 5
4194 488 13
3231 368 16
3844 1656 15
3290 4343 11
2721 1482 4
2215 26 18
1596 4888 1
632 413 5
3289 340 5
3937 2299 19
1369 806 5
592 874 17
1417 640 19
4599 3132 5
4436 516 14
3939 1631 13
1612 2094 18
3421 3222 5
353 2658 11
128 1857 11
3958 1610 18
1618 771 9
666 747 19
2850 4128 7
856 3266 16
3443 1965 20
929 1674 15
70 577 18
3594 3717 12
1851 1303 4
4096 3769 18
4057 4960 19
3979 152 5
2862 3749 14
4142 4841 4
2838 2221 4
4150 4619 8
3732 4098 1
320 4509 20
3542 4866 11
3508 3025 8
1082 3262 13
2043 3481 14
4833 3958 18
4121 4749 2
1516 4656 5
154 1655 6
1785 3258 9
3766 3360 1
1471 4575 19
2664 730 15
3990 1382 16
1546 4807 9
2098 1608 19
4083 827 18
989 1391 20
3812 4746 10
1012 3747 19
1699 2000 18
3402 2071 3
1112 3456 13
1160 920 16
4262 3077 18
677 1545 20
4700 4102 11
1429 3449 11
2817 994 11
2265 2143 18
3407 3775 6
3497 1275 8
3637 571 16
1184 3034 2
4942 4566 4
2557 222 13
1356 4206 7
2467 3277 15
4340 528 1
996 3966 3
3983 2542 13
823 1455 5
2869 4365 17
4837 3580 17
4094 1438 14
1217 3220 10
1174 3021 12
3736 3516 6
1187 4218 5
2594 3670 20
4124 4264 12
700 2541 1
3251 503 20
2038 4349 18
566 950 5
2711 4680 17
2321 202 7
1223 1329 19
3849 3038 11
1486 4799 10
161 878 14
4503 3920 8
2583 4923 13
3387 4483 6
3039 4142 8
3275 3792 2
1756 4800 1
158 984 17
3385 1530 12
540 1794 15
1118 1413 5
1468 1392 1
2672 494 3
2239 833 10
1806 3066 5
3524 1369 4
310 4517 13
2133 1855 2
4049 4457 19
1537 2981 15
1109 1804 10
4861 242 8
2445 1081 8
3545 1990 15
3588 4203 3
134 2336 6
1785 925 20
2307 275 6
2230 1534 14
241 772 20
4742 3764 18
1478 4219 4
705 1633 14
4412 4068 10
107 3257 13
3750 4804 13
4008 1362 17
50 881 4
4104 1916 15
2433 4367 7
4414 3424 20
2230 1794 17
49 368 14
1367 4107 13
632 4393 9
735 3157 11
4046 2876 5
1577 2107 15
2325 2656 14
2118 683 17
1388 302 17
3440 2550 6
36 4413 9
331 1383 11
4907 4177 3
2821 3018 12
1747 2015 16
294 2291 3
3261 4640 17
2824 4189 12
1944 3364 6
1345 4400 4
4238 1475 14
3234 1057 3
2494 2736 15
1131 2591 12
1917 919 16
4021 1019 15
3934 2451 1
2673 817 11
567 4139 3
642 4655 2
3407 3877 5
518 3327 7
2867 758 11
4346 4827 8
1979 1844 15
3986 1511 9
439 4612 1
4134 4077 6
4935 4950 18
815 2220 17
917 3328 14
3913 3211 19
1663 81 10
2535 1657 6
554 2196 18
4574 462 12
3548 3831 19
4977 2778 8
2428 4291 1
107 1866 7
867 1359 11
2523 2750 3
2759 3817 17
1172 2726 9
3012 3823 5
1586 4117 6
2684 953 8
1604 1940 5
171 893 15
2917 4059 8
533 660 12
4278 2253 7
1639 2308 10
4776 1558 20
1200 1330 1
4393 4340 14
4157 1387 19
3285 3338 3
1182 4721 10
2049 1932 10
4680 3041 5
765 2006 15
1000 2099 12
4362 4879 13
3071 1268 14
1485 4171 12
646 4949 8
311 4333 3
2635 1512 8
3700 2521 3
3397 611 16
3808 1606 7
4323 4061 2
2529 3701 8
1251 4088 10
2474 2534 2
4942 4593 4
2779 3451 4
2121 3129 6
3288 667 19
877 1532 4
288 3532 15
3205 897 18
1487 4285 8
227 4138 10
2112 364 16
1331 3872 19
111 4961 7
2930 4995 3
3938 2011 14
983 1318 10
1140 3019 6
2131 4109 2
1620 4534 12
3688 2204 9
3932 3967 1
1281 1275 13
3401 4537 18
3139 4658 1
2467 4020 10
515 118 11
3539 236 11
1929 1691 13
1346 3069 4
1188 3169 15
1129 1527 7
584 4204 9
4366 4996 8
4121 3059 20
2947 4660 10
1890 605 1
4108 2588 5
3695 3717 18
3432 4639 15
4269 3671 17
4058 4922 15
4798 3362 6
289 4420 7
840 3629 18
3912 928 14
718 630 15
1719 4157 5
4797 430 11
3605 1095 14
1276 1439 15
2304 2207 14
2713 4038 17
4846 416 19
3754 2240 5
4744 265 15
3908 2805 9
1224 3750 12
1352 1588 20
3538 1223 4
2342 2431 17
2350 2747 13
3547 559 4
3654 2985 1
2224 3419 10
3854 732 17
25 3576 16
2445 4043 12
4763 4384 14
101 4763 6
3565 1186 17
457 209 9
2288 1354 13
4195 4840 15
2373 1281 3
3104 3898 17
2188 908 10
4833 2956 9
2118 2105 2
960 1870 17
14 2086 12
2174 2891 6
3897 3706 7
1996 1453 7
264 3150 6
417 860 15
4268 3288 1
2373 3093 20
3687 2266 12
4369 3287 2
4000 551 10
4717 2823 18
2320 2788 8
4863 4859 7
3026 3163 11
3469 4655 10
2824 3423 14
4028 1419 8
2913 924 2
4439 2582 2
4903 3895 13
1079 3643 11
1627 4712 12
293 3542 16
593 4862 6
3966 3924 1
3908 3459 11
1393 1706 5
882 577 10
3558 144 10
3020 1041 4
3159 1488 5
965 1466 17
1021 587 3
3204 3739 1
3654 108 2
1536 3358 14
3548 3560 9
4933 3087 18
2476 1225 5
3630 2759 11
1345 2724 14
1077 1914 15
3447 3519 17
865 3125 1
146 2459 2
2119 3097 16
512 1076 1
2796 4342 7
4990 4452 5
934 1061 8
2491 3616 8
826 1445 9
4845 2826 8
4470 2835 19
1506 1666 8
4726 111 1
3839 3633 16
1342 4851 15
4736 1040 17
1942 4104 3
4306 3346 17
3958 2064 10
3722 4687 14
1773 4901 2
2653 1732 12
2882 870 19
4872 1824 10
1717 3380 1
4665 3112 12
3160 4722 2
1162 4635 13
3231 614 20
3998 1024 2
700 4362 18
3261 779 5
936 4182 5
3835 3549 10
165 117 14
4637 373 19
3792 4274 7
255 2131 9
3755 84 16
1198 1358 14
4473 4142 11
2532 490 13
2840 1704 11
907 752 3
2249 592 20
2539 3563 20
3961 3037 11
3793 3313 8
541 1654 13
1634 3172 12
2047 2540 15
2316 4256 8
1940 4180 7
481 2361 1
4574 590 15
879 1341 17
4804 2707 9
3780 4216 17
4769 3219 13
169 4725 8
636 4173 13
555 4200 18
3496 4818 14
27 783 14
3574 1035 12
693 2286 2
1208 2691 5
2728 4445 11
1120 4319 1
754 557 15
3453 4064 4
4668 4226 12
1199 1454 6
503 3225 2
1519 305 11
1917 2813 10
1231 4246 1
3692 3487 9
606 2862 11
3743 855 10
3643 3206 20
2209 2171 9
3227 2703 12
418 3935 6
4316 4756 13
2511 3919 15
1589 4560 10
2702 3672 1
2016 2624 16
2946 1044 20
2877 2559 13
1416 2475 3
722 4854 13
1308 2647 20
3086 855 16
21 3775 16
2009 2081 5
2076 1674 19
2461 3567 10
203 4761 14
3176 1339 9
677 877 15
3408 187 9
3448 778 6
1696 642 4
1619 3593 10
4470 3451 19
1251 3076 4
285 101 11
1095 2824 20
4860 4586 6
4303 5000 3
4874 2436 19
2979 4755 5
4863 735 20
310 776 4
1354 1847 14
290 2841 13
4827 1975 4
43 1316 20
1358 1197 10
526 3496 13
1278 59 5
1376 2427 10
2461 2085 12
2533 4057 6
2386 2844 12
15 2935 7
85 2011 13
637 1750 13
4510 1661 8
2124 2181 3
3108 1880 11
1435 1472 9
4736 2009 11
3360 3697 12
2665 2548 19
1051 4215 6
4521 4211 4
4001 3642 10
3085 560 18
2121 1947 16
4181 3444 14
845 4879 20
400 1789 18
4190 3720 4
3509 1478 3
3438 2382 15
2803 2617 12
1965 1363 15
203 1415 17
4856 4036 1
3001 576 17
1277 2167 7
250 3753 14
1879 1903 20
2561 4728 6
3049 2251 7
4727 3238 11
3092 3188 3
4709 349 19
443 2908 16
96 329 16
4622 2101 19
735 4507 4
4767 1673 10
2616 87 6
4254 1786 15
1582 547 19
2124 1815 14
3196 1387 2
3523 651 15
4044 629 14
4740 2267 5
789 4609 14
2501 656 19
3153 436 3
3915 3982 14
4523 1042 10
2101 854 19
3025 432 2
2622 3162 17
2074 3925 17
50 854 8
278 965 14
4723 3855 12
2380 4863 2
2624 1483 13
698 2297 3
4838 4825 3
2562 3041 3
3649 3400 8
341 3851 13
691 1072 20
3024 2367 5
2822 2148 5
4815 2760 14
4791 2772 9
3397 352 6
2847 2732 5
3457 376 18
1169 77 18
3316 4153 3
4182 1658 5
3461 206 4
2694 1804 15
2330 1316 5
3258 719 1
1992 2077 4
1913 2369 15
76 4101 16
2264 4723 19
2473 1534 8
3184 2921 8
1268 2109 12
4429 3654 20
4456 678 20
2859 1306 10
1760 2439 13
2407 1252 10
1148 1869 12
2367 3069 7
2463 2960 17
1770 2577 2
3442 2298 8
4017 3416 12
4825 1395 3
846 2495 14
4206 3275 11
3774 2326 7
650 4225 15
4126 3040 7
1696 1785 17
1871 3949 1
2155 375 17
660 1653 12
1534 3728 18
2921 891 15
1974 2042 1
2745 2769 18
3817 3204 14
1338 3405 2
236 3845 18
1594 1650 4
671 1512 14
2007 3564 3
2764 3570 2
4916 4230 3
4051 3161 5
745 4734 14
2674 1207 9
1536 998 3
4939 1416 7
1256 2061 18
1633 271 4
4082 1866 17
3959 4909 19
4216 3343 1
2095 913 15
3724 1425 10
1273 1959 2
504 339 10
116 1470 4
2369 515 6
3239 1881 19
2401 3979 20
3727 339 8
1612 3333 17
82 991 6
195 651 8
197 4902 8
414 4808 10
201 2686 8
314 4262 8
2047 157 15
1319 183 17
3758 1482 9
2871 4176 18
279 3609 6
1917 3619 16
3332 2505 10
1019 3109 19
2182 233 17
1192 4301 15
3939 2598 10
1189 4373 16
845 1715 18
1287 3135 18
1776 153 16
3973 3601 3
102 1093 12
1915 1759 19
4061 1553 11
3737 1037 4
1431 730 3
602 1618 12
2265 3652 2
156 3043 11
4043 4031 11
279 89 19
3948 3558 11
4958 1617 10
2757 4341 15
1301 570 13
1027 54 15
838 1647 5
1265 1792 15
4131 3909 11
3548 2167 7
1068 993 2
2257 2261 2
602 682 7
2782 395 3
4810 1812 15
3016 739 10
2626 3052 3
2759 3634 16
3698 3544 5
2535 4808 14
3515 2957 19
1018 4416 8
4011 9 18
307 3 15
440 1589 16
4884 893 6
4589 1939 4
3207 513 15
1158 2295 10
2778 943 11
3339 1344 10
1187 305 2
2163 3771 7
3362 1003 5
4312 4176 14
4928 986 10
4242 2418 8
2244 800 19
769 2326 16
3446 852 19
3331 2914 9
4788 1885 18
4002 970 13
3949 59 4
3448 1078 20
4166 4257 7
3068 1287 4
501 3791 6
1010 3976 10
709 2449 17
3531 4290 18
3842 4369 15
3179 46 9
4976 832 2
1590 3037 1
3208 3104 11
3334 2222 11
1347 2039 19
4008 798 7
3135 561 7
81 56 17
3935 612 10
683 1512 9
1203 3660 18
3307 3687 1
4206 24 12
1075 2805 15
4650 18 13
3424 2868 17
1847 1985 15
1272 3405 15
2155 836 14
2482 455 20
2993 2422 17
4069 2071 13
1720 559 18
1938 4275 11
4718 2377 19
4693 3122 3
2360 787 13
4533 1933 17
4263 3135 18
4613 2064 14
3995 170 11
2131 3928 13
3231 612 16
2316 271 6
3347 2174 4
1353 2736 5
4182 331 19
3782 1204 3
2796 11 8
1678 4104 19
1291 1154 14
720 77 7
2975 1955 10
627 4579 16
1830 3274 1
4773 779 9
3289 944 12
3468 4940 1
640 4316 16
1527 3017 20
3003 1460 9
4012 1827 3
1969 2343 8
1049 3301 14
1269 4572 18
1278 3525 20
2421 4679 18
1424 3361 19
381 3818 14
4622 4814 15
2954 1744 17
3234 293 5
3398 1025 20
4958 701 1
2634 1833 7
1414 2276 7
4095 1034 19
2301 4436 17
3865 2844 20
739 4704 6
2897 3789 19
2875 3883 2
2403 1066 20
3653 3645 17
2852 2692 19
1104 3513 13
4244 2540 6
1105 3670 13
2591 1017 7
1770 1126 17
2860 2117 6
3353 3471 8
218 1239 19
213 2080 7
4878 1964 19
834 3879 14
4714 1830 17
750 2240 3
4453 1005 1
4546 128 2
2264 1527 1
2641 3336 13
2410 1344 8
4767 1845 4
2598 2007 8
3762 571 14
3318 1137 6
3075 4752 1
1487 4473 16
959 1529 11
2703 1127 8
427 4279 16
1459 2955 10
4594 4870 12
2810 3818 11
1966 2922 11
1500 3866 20
180 3062 11
3861 284 17
4154 1563 1
2912 1281 10
3966 3487 15
4406 2728 20
2698 3977 15
2156 891 16
1298 523 7
2021 4272 2
428 2441 19
2249 578 15
607 1320 4
4026 1833 20
3342 3075 10
2901 4448 19
1491 1198 11
4867 50 5
3680 2893 14
1072 1235 9
953 1941 13
3438 2482 11
3564 2319 11
1498 725 1
1098 4801 16
1238 1392 2
4930 3940 19
2838 4624 2
520 1827 7
2596 2973 20
1336 3481 13
3749 2448 9
3621 3269 2
1733 1348 1
4102 3981 3
4402 315 8
2603 3178 1
3643 962 15
95 3020 8
3525 2203 1
446 2327 20
682 3056 6
3467 3752 17
1726 3651 12
3253 4362 7
1216 2830 19
905 4717 20
560 4880 11
846 421 11
2089 4675 14
1537 873 15
3184 590 4
2592 2271 12
4886 2448 15
520 4957 19
3513 2163 12
1818 3400 12
2281 4931 10
980 3732 13
2933 3689 19
2072 4312 9
2646 1199 3
2575 454 10
122 2444 7
4111 4619 3
3568 3561 10
2952 960 7
2687 4387 11
287 1234 9
1158 4750 10
3924 836 16
3849 1371 10
3206 2185 18
329 1568 1
4307 311 2
798 854 8
4196 2465 20
3652 3736 13
214 3316 8
4262 3547 5
3656 289 16
4560 1815 10
3303 4843 19
1665 3839 5
2042 2390 5
35 701 9
481 4590 11
2793 3592 13
4899 2748 2
2915 3283 12
2741 4914 9
3349 4513 5
3056 4232 12
939 796 8
1990 3605 8
543 161 17
1589 204 6
954 4863 20
3059 2241 11
227 4766 5
4676 957 16
3443 976 3
4940 997 15
3869 3751 5
1052 205 7
1774 436 1
3448 4179 12
3581 2695 19
3647 2736 15
258 4204 3
3922 4810 10
4577 3501 2
2349 1598 12
2804 90 10
3516 4129 11
568 983 12
2405 1084 2
1744 1623 2
2315 2286 4
1431 638 11
4714 3775 15
3730 1741 17
833 2026 16
1330 245 3
2282 527 11
4768 3513 10
1426 1210 9
960 1763 16
4402 1059 2
3007 1489 19
1509 2604 9
3523 2792 12
2831 2494 19
1479 3724 12
2132 346 13
4659 779 16
3486 798 6
1557 16 5
1526 4767 2
703 4881 1
3299 581 4
4317 1253 12
4129 4949 1
2639 801 17
1983 1143 19
2681 1711 20
237 4767 6
3033 2589 1
4139 575 13
3865 3377 2
4171 4937 18
3694 2107 10
1042 3302 18
1008 4901 15
1309 2713 4
2295 1288 7
459 1033 5
3656 2009 2
4550 4441 9
3618 3446 19
2309 4885 20
930 4701 12
4457 3971 20
1931 1700 10
4019 2266 9
533 543 5
1319 337 14
3337 1419 11
4287 3681 17
3658 1455 5
178 2127 16
3335 249 5
4692 2444 7
665 3687 9
3846 1415 18
2443 4741 11
3244 4345 6
3626 1427 6
3863 2344 4
3935 3715 15
4705 3082 20
1899 1256 12
500 2146 4
1226 1889 11
2023 4796 20
2914 143 16
4235 4554 3
1265 1927 16
4519 3762 12
4959 4537 11
2694 966 18
1191 3486 6
1639 229 3
3945 197 9
563 4476 17
2335 3910 8
4854 4051 5
1090 1124 7
3729 3476 5
1354 1851 1
1716 4754 13
768 2071 18
4174 3096 19
1682 506 17
1814 1927 1
3834 4071 14
4933 613 5
1361 4844 3
1967 2167 13
4645 3442 2
1948 480 14
4647 4981 12
4339 1385 1
3202 1710 18
3963 431 11
1279 2670 5
4198 2974 16
3228 4511 15
3992 1418 4
4716 4094 13
4042 1998 15
2746 4099 2
4776 4460 2
4853 559 10
3262 817 4
2182 262 4
2503 4011 10
4890 2772 2
1538 863 9
2065 1168 6
2192 1177 16
4098 1319 10
3816 1388 9
3021 1450 14
4895 2526 14
3675 1224 15
828 427 4
1806 1720 11
835 4171 10
1782 522 2
1085 3470 19
1764 840 10
2553 2460 19
2676 3656 11
196 1552 10
992 1601 5
2812 3850 11
4393 2300 20
3218 671 15
1370 336 16
4584 3580 16
1195 768 12
1879 826 5
3668 4477 11
2989 1577 11
1327 285 14
1765 4395 15
543 891 8
4049 259 17
161 4359 12
3220 240 19
2855 3789 2
1485 2658 17
4310 4995 15
4423 300 5
4924 2148 11
3849 1835 17
4071 4481 1
2148 1141 9
3006 2310 15
2676 4437 1
2588 3987 11
1937 306 13
1485 1505 13
3059 4447 3
3419 647 11
1634 1419 9
211 3005 8
986 2489 12
516 209 17
575 4557 5
4440 743 7
312 2084 10
203 3817 7
523 585 20
4634 2898 13
12 3471 10
4817 748 11
4728 4559 3
2630 1522 9
3749 272 14
975 1438 2
31 2756 5
1190 4225 6
4959 1197 16
1392 4763 7
3461 3886 14
568 2595 19
3753 4949 4
4290 558 9
3280 2584 12
2440 1741 14
4211 2527 17
137 4875 2
2055 3110 10
4338 1544 19
1148 910 2
848 1983 17
2375 2055 5
1231 2420 1
3562 1014 2
3221 4592 11
594 2578 20
3786 1600 4
642 4855 14
1184 1878 7
3618 2575 7
175 3759 1
2383 195 6
1039 1240 8
1868 2506 20
240 2165 15
2415 4007 19
1082 1530 20
4121 166 10
365 1135 7
304 1300 19
1838 3372 18
1054 2381 4
3526 937 8
193 1144 4
4824 2838 16
372 1432 6
2543 1618 18
548 4957 15
1776 4350 16
4203 4375 6
3904 1690 13
1802 4332 9
2199 2956 2
832 3214 17
415 4188 4
1799 3198 8
1414 580 3
2621 1194 15
2236 3759 4
3963 3528 4
1189 1731 8
4440 3704 14
2559 4935 15
2562 3298 2
2885 4573 5
620 1760 7
1577 1257 15
3563 571 18
3523 2690 2
4020 827 1
501 2684 20
1060 3356 12
1898 4744 5
4167 2190 6
2186 4619 13
855 4335 20
2036 3098 6
4182 3929 5
4928 744 17
4501 2698 3
492 2936 20
2705 2217 15
2419 3779 13
1863 909 19
2003 529 16
1776 4614 19
1239 64 15
4485 3813 12
3741 139 12
4302 4883 4
857 1743 1
1888 3388 5
2655 2547 2
1536 3664 1
2135 1366 6
538 4934 13
3320 4375 3
3356 2293 3
1373 4562 15
2661 617 14
817 1487 7
2413 2717 20
420 1387 11
1872 4617 4
4074 3476 8
580 444 5
1129 213 11
3437 1038 12
363 4065 15
4328 263 2
3614 3771 15
2391 1652 9
2772 533 6
3734 1479 2
4951 3447 5
1025 3518 12
121 3283 20
3741 2418 14
4684 3541 8
641 4319 8
69 3344 11
4641 2591 19
3551 966 1
3099 2134 4
3090 3098 1
800 1995 8
4347 1768 11
330 2484 8
3963 4194 9
225 2748 9
3792 1547 17
273 908 3
3086 1000 5
1832 3881 6
974 1032 1
2711 1711 19
2201 2380 9
2815 2213 8
2661 2371 8
1264 3546 1
128 69 19
3384 2511 2
221 2623 18
456 541 16
281 850 7
1253 3382 6
3280 3441 8
2275 2146 9
2764 2861 6
2617 2894 18
873 3845 15
279 1208 4
3242 1391 19
2608 2818 9
2240 2742 3
2906 530 5
281 2245 13
1866 510 7
1165 4506 6
4695 4144 11
4017 1994 12
4974 2058 17
3182 2002 8
4827 3680 10
1111 3311 14
2809 1140 19
1550 4255 17
3614 25 1
892 157 6
222 1515 4
4674 4512 14
1109 294 18
4000 3194 2
4656 547 19
2818 2777 20
572 1043 6
2344 1921 3
315 410 5
2658 1670 1
2816 246 1
2521 2547 18
3025 1007 3
2819 222 14
1242 3675 6
1697 4635 8
2025 3073 2
2066 2300 19
2999 2165 13
769 4400 14
3371 475 14
1083 4167 7
1613 2854 14
4480 107 3
863 1739 2
1259 2825 12
759 1418 6
4631 1472 8
2251 2569 19
3176 3413 5
4737 1381 9
3981 2929 15
1004 114 8
958 1465 15
55 2798 19
4599 4837 8
340 585 15
4840 1500 18
4278 2224 17
4670 2807 9
4786 2039 15
1664 811 15
3102 309 20
2724 4514 20
3585 2807 5
4245 4539 3
3031 4486 12
2748 4658 11
1039 1880 5
2175 3771 1
4624 3866 18
4373 1662 7
1590 4752 9
3801 2427 13
735 665 4
2284 577 19
1448 1354 1
2546 3173 13
3449 3181 3
563 168 5
4684 4884 2
1553 2236 6
571 3982 1
4498 2261 19
3349 527 13
1068 4530 13
3353 4911 8
4672 2209 8
666 4916 4
2796 412 19
3963 4105 5
621 3008 5
4320 3944 1
1424 3593 11
1336 1307 6
817 142 11
1565 2356 7
4259 4585 6
3593 1388 19
4449 1767 15
47 1107 19
1108 4529 18
4527 4694 18
1859 3356 14
1049 632 4
3602 2730 12
3913 1039 18
535 4609 10
2806 4660 17
4489 314 19
70 3238 6
2415 1778 18
1542 4849 4
740 2139 7
2720 3487 15
2005 3110 10
157 3566 3
3064 919 3
3897 2165 6
4904 3907 20
4628 2928 8
393 4598 20
4511 4866 16
3747 2368 19
89 2921 14
212 1007 18
3793 4005 12
4307 898 9
4824 2976 19
3658 4339 12
397 2256 11
2 1118 8
2579 2733 15
77 3264 20
3226 1532 5
133 2237 9
1750 2095 11
2426 201 9
2040 4283 12
4230 1053 11
627 2436 2
1226 1539 3
1280 1120 10
431 483 15
1853 1812 5
4605 4171 13
358 1366 3
932 2182 1
4625 227 9
4045 4676 13
1865 3434 8
1587 3663 6
903 2793 14
4972 1445 5
4940 135 20
1091 1812 8
2183 4472 11
538 639 1
1559 1246 17
590 4051 16
3671 2505 4
4709 2229 1
2583 2144 4
621 3331 11
4913 1347 2
2062 2005 1
3092 4200 13
3695 2974 10
4730 601 10
3390 779 16
968 4568 2
3822 2114 11
1462 2479 6
2043 3141 4
2892 463 19
4414 4727 4
4215 4674 1
1097 354 12
718 589 7
2090 2178 19
1724 1633 15
2609 3324 4
3695 1877 18
3148 3160 15
887 372 13
4136 3333 13
4033 3500 2
3985 2270 8
3080 1095 4
3500 4007 15
2133 1651 1
4488 4348 14
3254 2466 6
809 1771 13
634 3110 6
1070 2370 4
2828 4728 3
2579 2820 20
3752 1631 16
918 666 11
4233 2059 17
1297 2476 17
4684 1444 11
3850 3221 17
4768 337 10
3070 3148 1
3918 3328 5
392 4889 5
150 1461 16
3868 1475 12
390 89 17
4899 2383 5
2427 621 6
2214 588 2
2982 1295 1
1672 2499 16
4488 3379 7
1449 2346 17
4184 2341 6
3402 4851 9
343 2306 12
87 3896 11
2047 4639 16
1003 2010 13
1681 703 17
561 3434 19
3890 2847 16
2703 2919 14
2089 1922 11
3560 4680 5
2572 2156 2
3870 1510 1
502 2736 20
2247 4913 7
4329 217 17
4838 2688 10
471 853 1
4072 3012 8
1347 4655 13
3611 4318 18
2823 3747 6
4424 610 12
3938 2502 18
4028 135 14
1401 1914 6
657 3360 5
3537 838 4
979 667 3
341 884 14
1796 2481 16
2485 2182 4
4544 4328 18
3760 774 15
287 1105 7
3409 1974 11
3372 209 10
1915 3069 6
2545 237 4
3412 4199 3
549 2318 13
1483 1282 9
537 3382 20
2595 268 1
3379 1206 16
2311 531 11
1589 29 19
1762 892 10
2550 1088 8
30 2625 4
4429 1169 8
2653 438 6
1713 1513 10
4022 1375 19
4876 412 20
613 1897 14
2271 2712 6
2169 4757 6
1398 4868 7
2494 2958 15
1456 548 9
3907 2658 4
1876 1045 16
4909 4883 20
4649 1031 8
4296 303 6
2248 501 15
1454 4821 9
3350 340 13
754 4382 3
2342 4040 12
1203 770 3
997 2403 17
2822 1959 14
4009 146 10
4345 4914 19
1288 4284 4
1990 4250 7
4615 4316 5
1268 1921 7
2398 946 6
3953 1630 18
961 142 6
3282 2267 4
4255 4190 15
3663 2029 19
1609 4763 2
4220 1267 1
962 1029 18
4266 4138 14
4921 3443 18
4208 4161 18
636 4755 10
3918 2505 20
1181 2683 15
4196 1423 9
24 3366 5
3418 3993 17
1142 2167 5
2380 4080 7
3550 3007 10
224 1152 5
2004 3399 18
1676 3020 19
3649 1850 7
2966 2923 9
2766 2328 9
4681 2251 7
4842 4703 5
2904 3640 10
1007 2634 12
4458 2508 19
4194 472 5
941 4003 17
1840 1872 16
3620 4354 19
4296 2459 15
1341 3001 2
2269 1502 4
1194 19 3
3503 4161 1
1493 5 3
3022 2363 13
563 4030 2
2691 588 18
482 1853 6
812 2053 1
4901 4344 4
1705 1967 1
4370 879 15
3485 2820 15
1774 4881 19
1888 983 13
4177 3694 4
2725 2111 3
1235 3969 1
2847 3423 11
640 3803 19
4906 236 15
2089 466 13
4484 1409 3
3072 674 1
4867 4492 13
4129 1897 20
2311 1000 8
2245 4322 5
1398 3347 20
1888 3278 12
785 3209 20
2982 912 16
3260 3022 6
3596 2028 7
492 1226 12
3128 3185 5
2185 4062 17
3019 262 18
560 1762 16
3707 26 10
68 81 3
3908 2480 9
1832 3000 19
1805 3950 13
1161 2024 19
3328 2070 11
503 2471 6
139 3532 4
1727 1491 2
2931 4165 15
522 4838 4
4735 842 15
411 3225 3
1036 947 10
267 2190 6
292 1594 12
655 1909 20
1852 2876 16
4167 2916 12
1181 1416 19
3318 4643 4
171 3747 6
1670 4567 20
68 2684 9
3248 377 10
2077 1930 14
2965 1242 10
3526 4299 15
2054 4481 8
4707 4695 18
4704 490 6
2628 4909 15
2770 1154 5
2694 2244 11
1217 1875 7
1190 570 6
3198 719 11
4374 4027 14
4088 1221 17
1753 3846 1
2334 1584 8
1409 3019 10
3846 3308 18
1055 1549 18
4651 3661 13
3046 43 13
1675 4539 9
2054 3317 12
2006 3801 12
4112 1193 4
1016 1242 12
4209 2136 14
2838 4972 10
4472 2198 5
1450 2086 12
4915 955 6
847 3370 2
2946 2936 4
4932 3599 11
4132 2614 10
3121 4895 4
89 3461 19
431 103 19
2490 1512 19
1225 2412 11
4647 256 16
2760 2334 17
3873 4686 6
2655 2380 18
3308 4643 13
4319 2474 2
1894 4792 8
2037 1640 1
2920 225 1
3272 3163 9
2437 1768 20
207 1634 17
1435 4053 10
4168 4924 6
3851 728 11
116 597 14
2456 539 4
1645 3765 20
1758 599 15
1513 3841 9
3450 466 14
3106 421 16
1641 2496 5
3293 2253 3
1559 1932 16
4582 4740 8
3484 1951 1
3973 4006 3
1544 4594 3
904 3974 2
3553 1473 17
4110 2356 4
2250 2928 14
4170 2427 15
978 3871 7
3154 676 8
4118 3642 6
2471 4828 12
567 3222 3
2688 753 13
2108 3257 14
2122 272 6
827 903 12
1923 1604 3
1943 1165 13
2789 1428 7
3503 902 15
534 4964 5
2857 4928 19
2842 3816 5
2503 3921 18
50 4687 18
239 4059 8
3114 382 9
3168 535 15
2005 142 12
1975 152 20
1528 3973 4
980 2346 5
4648 3736 7
4060 605 17
4136 1611 4
4733 859 17
1996 2765 1
4324 1176 14
1530 3976 18
4718 4368 10
3217 4091 9
4152 4237 7
4085 1167 5
631 3629 3
3676 3294 3
91 2129 15
762 3719 9
3280 2397 10
2027 3449 4
4198 680 7
734 3856 9
3997 2411 2
1151 2234 18
3959 3394 15
2372 1553 2
4968 2065 6
470 4282 15
641 1446 15
1245 933 16
822 3460 4
3739 3666 14
366 738 14
3532 1445 20
4167 778 13
1300 4474 19
2545 3079 6
1195 4825 14
2289 1202 7
3551 1291 13
1368 1012 20
1764 4872 20
2312 159 14
665 3117 6
4527 4535 20
1685 2262 7
2500 3896 5
4244 860 4
3486 4283 9
1779 3869 1
1253 3182 15
1323 3539 14
2724 1065 7
2689 443 17
59 2499 14
3324 2475 5
2237 3855 6
61 3523 7
3118 1076 20
2809 1246 10
2654 774 7
752 4007 20
4420 403 13
4028 3516 4
4153 3220 3
4952 2130 11
2370 4828 18
1983 4023 3
1547 902 8
3396 3780 2
3883 3434 19
1684 3843 18
1371 2504 19
2300 4855 20
2196 1789 5
2118 3062 5
2421 3044 11
3730 3510 11
720 3755 7
4892 2669 19
156 3220 8
2041 268 2
3832 2976 11
1263 4823 7
4725 4357 13
1232 554 9
1339 1914 13
2304 2668 6
4823 1177 9
4107 1553 1
2507 1238 11
1024 3574 13
2777 592 9
630 4119 12
1849 2393 20
3915 2825 4
300 2179 15
4527 1439 1
3032 268 11
3331 3165 4
2062 2270 9
4768 3113 1
2269 3568 13
4950 2104 17
2368 152 16
2742 1304 15
1078 1521 19
789 649 8
71 1169 10
2977 1754 14
4936 2514 6
3993 583 5
886 3080 16
2656 3769 13
1955 1597 1
1682 1529 14
3357 3855 10
1792 3704 6
3930 3685 5
2559 3232 8
874 3997 4
2377 465 8
3006 914 3
3565 1215 10
3645 4479 20
2325 402 20
888 921 11
2757 315 20
4466 2299 5
2590 1440 15
1685 4542 5
1061 998 20
2918 1258 8
3906 4283 7
1939 462 9
666 3550 1
3172 1096 12
630 113 20
2339 4181 1
200 3123 18
1465 746 16
2829 4175 10
4216 2601 3
2135 1758 2
4675 1955 8
2028 4433 13
2509 3026 14
4010 3685 15
1296 1532 1
3244 793 16
2147 4959 4
2126 195 20
1266 1975 2
4339 2398 3
4496 4909 1
1677 2125 12
4400 4272 8
807 3028 15
4164 3710 20
949 4112 12
4191 4072 10
3567 57 1
4101 1349 12
1785 415 17
2208 486 18
288 703 12
1883 3042 15
579 4433 20
442 3795 8
3801 2669 15
2166 2446 2
1731 3032 7
1807 1681 14
4988 4560 20
3332 4396 4
4792 2268 6
3477 3049 1
594 1222 2
183 1538 17
1770 2742 10
3034 1719 2
297 1667 15
932 2251 4
3888 3474 13
4818 4627 12
2453 2132 2
3615 2155 9
1955 3500 11
1429 2070 2
4152 4216 7
554 1678 13
2903 4380 10
4824 4014 18
1551 2630 13
3957 1525 7
2819 3356 6
1686 4686 9
380 2337 12
1287 4191 11
4597 2430 7
2575 486 7
4409 3048 17
3795 1479 3
4852 4572 15
502 4636 3
88 1362 12
3887 808 19
4082 543 4
1088 4974 11
820 3558 1
3791 4042 3
1813 1890 16
3952 44 9
707 8 6
3391 1647 7
1554 4848 12
2975 597 14
2555 2798 5
2118 2791 14
3517 8 11
3200 3669 13
2085 4170 6
2686 796 12
488 265 11
3129 936 13
2107 1587 9
384 2324 6
1423 1729 19
4997 2128 8
1858 4836 2
4477 321 6
3429 904 13
3455 2942 15
2388 2262 14
1247 3534 16
4822 1834 11
552 3399 11
4101 4232 9
2807 3136 2
3433 1890 16
4201 4893 18
3072 475 9
3592 4622 15
3128 4355 19
2452 3776 7
501 2140 15
4625 4294 11
3783 2585 13
2772 1617 20
2225 2866 9
2225 2406 13
654 2196 1
4653 1186 1
3018 2952 9
1555 557 19
3348 2437 10
2693 1860 3
1606 1996 1
2386 1228 10
4737 1225 12
1161 1125 11
3975 1389 8
679 4100 2
758 1075 3
4501 4581 14
3805 826 20
1829 20 12
2677 2927 13
4722 1893 10
560 711 1
2966 3159 11
2280 3242 20
3531 4860 2
1201 2587 11
646 689 18
3671 4101 13
355 4862 11
4572 3700 1
2326 2133 19
2603 2113 12
1910 1498 2
3964 3235 14
764 260 1
1577 2437 4
551 752 10
467 4979 17
4415 1931 8
1165 4107 17
2425 4797 7
1044 4821 12
3143 3169 11
2924 2153 13
1758 1579 7
1031 2215 13
3433 1092 8
3669 804 9
2525 2776 14
3936 3386 17
4233 3952 19
4444 871 15
4337 3866 20
4357 4098 7
240 979 20
1795 1697 10
235 181 10
4947 3000 6
3662 1752 3
3015 54 13
945 4635 9
2036 4803 19
4602 4046 11
923 2805 4
352 758 7
663 2773 15
1364 484 15
4412 1047 11
1636 755 13
4315 825 12
180 4636 13
105 1703 17
4680 4822 11
4145 4706 10
772 4449 8
3294 3701 15
1209 1725 11
3350 3662 20
1185 1190 16
29 2093 15
1164 2507 11
1314 305 1
1471 3628 19
2640 4422 16
2263 2875 2
4608 3646 6
4995 432 19
3343 3285 19
3341 2742 15
4362 1448 3
4219 4383 3
2074 1232 19
147 4730 6
2904 2014 15
1056 4543 2
4738 4048 13
3903 4384 4
757 3964 12
3964 1323 15
1569 2110 12
679 3800 17
1583 2174 19
3239 1186 1
252 3494 6
1479 2020 13
1833 3167 20
2492 1942 18
865 4681 16
3452 4376 19
2303 3064 6
1697 4084 2
4122 4397 4
3246 4674 7
4597 3203 3
348 621 17
238 800 4
3002 4003 11
1388 2007 4
3633 1200 15
799 3762 6
3412 1761 13
506 4797 12
1249 4801 13
2301 1769 7
3187 2375 12
2765 1233 19
965 2730 6
4029 4318 1
790 3883 13
2436 2124 1
4673 1125 16
1374 421 6
4044 2859 14
4618 1237 5
2892 4315 11
337 283 3
2929 1364 5
1101 3619 20
3288 4099 1
478 4428 11
1799 2431 6
4752 4822 16
2555 2353 17
4612 4030 9
376 3127 4
3943 1051 2
2575 968 20
3155 1956 3
612 998 4
3655 1351 8
2351 2360 18
4192 341 3
1027 1000 13
3908 4428 19
3366 1419 19
4189 3446 7
1170 4591 15
3616 1597 13
110 3223 3
502 634 20
1822 1304 9
2604 2941 9
4486 3477 13
2854 1263 19
4493 3386 3
1368 1598 6
4241 2652 10
4853 3867 12
757 2579 13
4905 246 16
1234 1534 12
1784 4606 19
2300 593 15
960 1388 13
4469 845 6
965 2144 12
2647 835 8
178 4352 8
4665 3451 7
4937 2347 18
3703 3745 5
824 1433 13
841 1621 15
2873 2907 16
2111 903 15
2269 4937 12
4066 1994 14
346 4497 1
3697 849 8
4614 1740 11
518 3716 20
2709 2366 11
2030 1971 7
1730 4086 20
3766 3003 2
2442 4300 20
4285 3416 7
1487 747 4
4126 1194 3
1463 2297 5
4275 2237 11
3165 4984 2
282 1703 11
678 548 10
4521 1530 12
1715 2327 19
2917 1355 9
3465 2745 15
3436 1412 19
1715 1632 15
2186 3011 17
4371 4825 8
2094 1739 15
2900 1971 18
2348 3682 4
3316 578 8
339 3858 18
11 2427 18
720 4525 16
4536 2566 6
719 4096 13
1093 2261 13
3290 4073 8
4373 3999 9
3251 1882 2
3901 3719 1
1947 4708 12
4648 1183 14
446 4619 6
2062 229 7
1289 270 15
2690 2269 7
3136 162 4
2220 3285 10
4833 4082 6
68 1404 19
1562 3566 20
3869 4738 3
4136 4486 14
1213 1077 5
4947 3449 2
2183 2382 18
2871 3260 2
3699 676 10
3549 1365 6
1205 4665 11
4300 4580 6
4646 727 15
4012 863 4
1570 3006 7
3908 3911 11
3829 3010 1
902 4760 6
409 4174 1
1934 3505 7
2331 4585 16
359 3938 15
4320 2933 9
2122 460 11
234 1084 6
620 2101 4
3304 3240 8
3744 1060 17
2338 4510 14
192 894 5
571 4049 7
1126 3315 17
4239 3616 11
2524 4240 13
4090 2786 11
1816 1219 7
3508 2975 20
255 211 15
153 4254 6
3891 4018 1
71 3254 7
4742 246 9
464 1046 4
4173 2094 3
4363 4030 1
830 1594 12
3007 4783 3
547 2334 16
188 42 10
1573 108 14
214 2249 20
4046 4641 6
2795 3967 9
4095 2702 12
1512 2155 16
3495 919 14
1262 4303 20
1676 2443 7
3667 2594 20
4070 2697 6
4635 2958 2
3287 3149 18
2989 4585 6
3410 2054 7
4449 2854 9
3250 4045 19
461 3235 5
435 4037 14
4155 1460 14
934 4935 11
2085 1404 19
4347 761 3
2578 181 16
199 480 13
4913 3487 13
3738 2181 1
2798 2986 2
2492 2005 18
3629 4017 3
785 1724 11
1345 2225 2
2021 1225 10
1976 3027 11
590 1204 12
4768 1485 11
1870 4130 6
4104 3589 6
3645 1760 14
4791 3573 3
3041 4280 2
1905 4550 2
1919 2112 20
136 4873 14
4464 1900 8
1903 2968 3
636 3143 17
2456 2272 14
2224 3481 11
2060 4057 3
2131 1776 18
830 2159 8
3074 890 2
4920 2141 16
2450 3644 13
1760 4716 4
987 2056 5
2211 928 6
4841 3132 4
1364 920 18
1772 4901 2
2753 56 15
3001 4134 11
4344 1226 4
2004 3058 1
4546 3911 9
2282 4575 13
575 2472 12
2546 2810 13
1476 3271 2
2689 989 19
1505 3632 3
1591 4209 19
2919 2807 18
1063 1238 1
2878 1324 8
3977 2509 5
3540 1106 17
1134 2178 11
4439 1644 8
3850 3344 12
3890 4439 11
2334 4608 15
4552 1301 15
3944 1278 20
3789 940 18
4253 761 20
6 2478 3
2166 3089 1
220 3444 12
1789 4415 14
4377 2211 8
232 1775 4
2350 4248 3
1975 4809 6
2102 4987 5
893 717 15
3378 587 18
1102 4445 10
1804 4644 15
925 2722 1
1729 4694 13
1438 384 9
1361 3757 20
4507 1186 6
4065 962 20
3626 2438 20
4120 955 6
1732 230 14
808 3444 1
1988 1170 9
2034 1468 6
4845 1573 3
1146 571 12
1102 4915 6
2462 1465 9
3803 401 10
1544 4637 5
3960 2323 7
766 2761 10
4181 224 7
4279 2889 14
682 1075 5
3984 3544 18
4773 854 15
2129 4806 14
4345 1799 6
3861 494 12
4308 3299 18
1138 1057 18
1206 4986 13
882 1340 19
148 1991 11
4202 1764 2
4032 4263 20
4689 40 3
1383 431 20
243 939 4
4396 477 2
4227 4953 2
1245 4994 4
528 4889 14
2355 1365 19
1349 1190 5
1124 2260 12
3026 2951 18
3217 2474 6
4220 4088 3
1184 3302 2
2590 1637 4
1318 1781 12
22 4240 16
3003 3161 20
1407 201 4
4004 4035 8
1654 2739 6
2655 3182 1
2389 1053 5
3040 3821 12
4203 2865 5
4518 2627 16
4256 2598 5
3486 2131 12
4014 604 6
4747 4675 13
796 2392 7
2941 1148 7
327 4270 20
3369 163 9
3105 3533 7
841 3126 9
2083 4355 10
4682 2917 9
1047 453 10
3630 1085 4
1916 3213 4
1323 2699 14
2084 1112 14
874 3251 3
4541 134 9
1036 3025 9
291 831 20
1283 3412 8
3448 2167 14
4628 4751 15
3250 961 10
3095 2444 19
1822 4415 13
1977 4499 17
2014 3753 20
2667 4527 16
1483 3903 1
2502 4503 1
3286 3446 12
1954 3939 11
1100 1113 10
4837 2092 4
4674 4107 1
1542 3164 19
4070 137 14
2501 4323 12
391 61 3
3333 477 15
2515 2732 3
1749 267 11
4618 4932 2
1402 1920 5
3220 4668 20
4591 2588 6
4213 3641 6
3236 2905 13
4230 757 2
3089 2175 20
3682 4759 5
1020 892 7
4354 2666 15
1973 223 2
3106 3964 12
4535 33 15
2766 1608 12
4416 4617 11
4649 2935 2
747 960 17
1457 1555 4
136 820 10
1505 1044 13
942 4910 12
663 3407 9
31 1581 5
4401 3019 15
3546 1044 4
1578 766 9
3061 1362 1
2625 2344 14
4188 4911 8
3680 681 6
3739 2920 4
3396 3355 17
2771 880 18
87 2817 8
419 2099 15
393 616 12
3597 2545 17
1659 2900 16
387 858 5
2351 3553 18
3101 2746 1
2855 1212 11
2472 213 13
3188 2224 14
3872 814 15
4912 1259 9
2472 4076 19
953 4498 20
1671 2614 5
1817 1683 20
801 1902 2
3141 2325 2
1422 2441 9
4060 4449 17
2598 2506 14
4644 3043 3
3762 1854 1
3367 2626 14
3143 2541 2
755 4735 11
970 4231 2
4622 1637 13
2368 577 6
4665 4709 17
4636 4418 3
3083 3479 8
3155 4934 5
412 4855 3
3928 1094 10
2487 4461 14
1280 4344 1
2382 2994 12
1041 1080 18
819 107 11
4564 1037 5
4076 2399 9
2446 4736 11
24 371 5
1677 1409 1
4987 2966 5
2856 2780 14
152 2890 19
643 1040 14
1182 3254 18
4086 4391 17
2807 196 3
4115 4831 13
959 3463 2
1533 1935 4
2897 2927 12
3639 2240 20
3984 441 10
3739 329 7
1441 1788 5
3352 4856 19
2518 86 15
58 2602 19
4523 1466 5
1795 1583 5
3082 2067 19
1504 309 20
903 3460 3
3330 212 13
1005 4293 11
2516 842 5
3459 946 14
1498 3362 5
3046 710 11
3725 3490 16
4307 1045 16
3259 387 14
1138 1263 18
4565 3613 9
4040 20 5
1788 4271 1
4008 2696 9
3307 1757 5
4779 2715 11
845 2913 20
4255 1644 19
1453 4315 19
1212 2594 7
4319 2366 9
2070 1225 15
3195 1682 6
116 1724 17
2895 4707 1
3222 3163 2
1936 148 15
2603 3917 6
4048 2050 11
999 3872 12
4275 1817 8
4102 3542 13
3398 2106 19
3117 3526 18
731 1958 19
2633 1085 9
928 4472 14
2838 3225 6
2866 2761 16
901 1461 9
4877 1118 4
1122 690 11
3280 3623 17
4167 1660 17
1328 3286 16
4711 4210 11
1503 1790 15
3125 979 9
2999 4290 13
2167 2437 19
4454 4573 15
2509 2720 20
53 132 5
4695 4106 19
1134 1246 16
3627 2175 3
2560 157 19
694 2798 3
706 2076 3
2223 2934 4
3253 2021 14
2743 2417 2
2484 1398 17
3570 4127 2
1120 686 13
3820 4017 2
1170 95 8
2747 2936 15
1952 2581 4
520 4924 1
2543 440 13
3594 4102 10
1944 2886 8
4768 3738 15
4677 628 20
2808 1312 15
2665 4938 3
3831 1615 9
4927 815 9
3512 2023 1
1908 3696 2
3227 854 14
3485 1595 16
1255 1995 18
3164 3446 15
2608 2809 12
1264 4535 3
44 1089 2
704 2306 4
2953 3509 18
3821 406 19
4740 4352 10
2406 2130 11
2326 3820 10
1207 4881 7
4444 2594 20
3836 4420 1
1061 1203 15
4332 1665 20
3228 4959 17
4569 4195 6
1512 3546 20
121 4931 3
1813 3989 2
2832 2319 18
1279 475 20
2337 4849 8
1687 803 16
3461 4695 9
1131 4370 9
4320 4379 11
441 3892 2
2449 1934 5
3352 2251 15
4541 3120 1
3350 2225 10
4168 1687 16
4894 1730 16
4502 3236 13
2073 1151 1
3643 4623 2
3275 1172 15
3837 886 3
228 2983 20
3336 2037 9
2023 1307 2
3328 3037 2
1843 3412 1
989 2448 9
1045 4503 8
2374 695 18
1024 1710 14
764 2310 12
4929 4512 15
2980 2255 4
4003 2261 16
1425 3581 10
2396 3994 11
2520 706 14
1024 889 15
1999 3704 6
257 2688 5
4684 4806 7
3372 838 14
1474 3752 20
3898 905 7
3 4015 3
1134 1572 11
3118 3972 16
707 472 6
3938 4270 5
694 2684 6
2972 4942 12
3553 1598 13
2469 2111 2
1101 4127 15
1094 4364 13
4344 3667 20
2891 3910 15
4985 1312 2
2144 2415 12
1055 3434 10
915 2639 15
1443 713 18
4367 2124 7
977 1034 15
4773 4464 18
519 2474 6
4630 4021 12
218 777 7
93 3211 18
4839 1398 8
972 1443 20
2555 4613 20
1825 4197 7
4085 2600 4
3794 2754 17
3259 1915 14
971 3278 11
1083 74 6
2153 4153 13
3500 4553 10
1865 883 20
2273 3357 19
3033 4588 14
3830 2582 9
3538 4271 13
1882 1012 6
1740 849 15
1307 567 3
4835 3049 13
979 1155 19
2713 2132 13
2743 446 8
160 3699 7
2121 684 6
1189 2975 7
3307 4076 11
2950 2800 8
854 618 10
2109 4545 5
1517 3910 2
1876 2256 15
4337 2742 16
2390 2913 16
4598 668 18
4353 4419 14
2503 942 11
3358 3136 2
4226 2037 4
4200 3879 6
1297 1406 9
421 2489 18
2133 4503 4
1472 127 13
3676 2454 2
876 86 3
399 3291 18
3360 2984 16
4671 3506 10
1158 1360 2
2045 69 11
4702 3618 4
877 4264 20
1948 4859 10
2426 4641 11
4832 2504 18
3167 3748 17
1978 643 3
4242 82 6
3572 1357 3
2140 4470 1
552 3567 11
1994 3781 5
4786 549 2
1472 1029 3
3155 209 4
3111 2235 19
1513 4437 9
639 1085 16
499 223 17
280 2900 20
743 1751 11
2493 4747 7
4670 3929 1
162 2367 8
185 2636 12
2227 1410 13
2322 4823 9
4127 1294 13
25 4527 7
3728 1813 18
3745 254 6
3658 2063 12
4183 892 13
1458 3748 1
4868 3824 18
899 854 19
1128 2834 19
839 3187 7
1611 2638 4
3747 4903 18
4684 347 18
1037 1685 19
180 1746 3
4444 808 19
2747 2558 8
4378 1711 3
3103 2549 8
2240 2900 7
3774 3150 2
4464 4577 4
1667 4993 13
4011 851 14
3243 4914 9
2969 4663 13
2873 4541 2
4438 4836 11
1337 2185 17
3796 269 1
1871 2643 3
3290 3709 18
3652 2633 14
3857 1161 2
2128 2879 20
3503 2018 11
290 3523 19
4975 1570 17
767 2247 16
2967 2986 8
4780 862 8
4703 598 1
1091 3833 13
4778 2512 2
4264 2701 1
4732 1928 5
1196 990 2
4576 3781 5
1642 4935 14
4730 1960 7
4116 2033 3
4462 4612 19
587 3218 7
2960 3413 17
2538 372 6
1358 542 20
4120 796 11
1139 133 6
153 904 14
3647 1076 16
1533 1983 9
3825 4996 14
3702 3814 1
2453 43 16
2531 4784 12
2783 810 11
3391 2007 11
678 4018 10
908 1763 2
2991 1623 10
927 2604 18
4729 688 5
726 2630 15
1426 337 2
3902 2403 3
1972 601 6
4045 2455 16
4382 734 1
3942 3975 10
4257 4399 15
1556 4707 11
1028 4692 12
3608 1243 18
3549 1142 5
2267 1878 4
752 3709 8
494 435 19
2430 3385 20
3227 2753 18
2030 376 11
42 767 5
4800 2593 10
4039 1172 7
558 3003 8
2884 2925 19
571 1972 20
530 3201 6
2988 4588 17
642 2777 12
3947 1682 3
3423 2585 2
3591 1310 6
1161 3156 15
4638 3532 19
2421 102 17
2588 2144 19
1648 2854 17
4011 3798 7
4128 2942 15
774 2537 11
2524 4682 1
3076 4595 8
828 1248 18
3948 911 8
1766 2773 16
1577 2424 11
1876 2205 15
3623 3454 13
4393 26 10
1398 3393 10
2336 2205 14
1758 3758 14
3169 1661 6
612 1984 19
2069 3188 15
3504 4941 15
909 1730 9
2721 1053 10
3638 984 16
2422 339 10
1494 1090 3
212 3384 13
4744 2577 16
2147 1300 19
1800 1009 7
960 4482 17
1923 3804 1
4137 1472 3
3510 3543 20
1499 122 7
1827 1229 15
2969 829 9
3499 4857 1
1667 1948 1
2270 3712 14
4239 1406 10
1283 3732 14
165 2956 12
1496 2188 10
3543 2924 8
2912 3237 14
4723 1409 8
3690 3900 2
1512 4018 6
1553 3616 17
2952 4949 2
1601 2834 14
2331 4175 18
3605 3243 3
4698 3081 1
2347 4985 13
72 4012 16
2166 4157 19
2116 4526 12
4931 4213 3
4638 268 19
1026 1097 10
3422 2198 20
980 2675 9
2022 1507 7
3635 1706 3
530 2354 4
1196 1017 15
4571 1559 14
3158 1626 8
3485 4230 2
3088 4553 8
2407 3523 3
2329 2835 7
4535 1495 8
4053 4910 4
1709 2826 9
3007 2705 7
3992 1853 12
1206 33 3
4502 4176 20
4110 641 19
3113 3068 12
1929 2530 18
2763 4532 11
4320 4699 1
2723 1612 14
1292 1671 15
126 3601 7
1054 3152 1
799 3585 4
732 1132 7
4942 2811 11
2537 335 20
2729 349 16
605 3223 15
949 2086 2
4643 1074 19
1091 4402 17
1773 4077 20
2567 1882 17
683 1304 8
3739 4749 18
3843 4853 4
3122 1075 18
830 2743 8
3554 1293 7
1414 1823 17
3684 3757 11
3033 4248 1
1553 969 2
3975 3442 10
950 340 15
4524 1319 12
4097 3088 7
4263 4152 9
1963 4256 9
4609 2710 3
2239 426 1
2029 2960 20
3581 439 6
2259 1252 16
2376 3861 17
3271 3663 4
4260 1813 20
1562 4047 12
4152 3459 13
2986 3723 16
676 3134 20
419 3492 12
1706 4878 10
436 149 9
1914 4459 12
1252 839 7
1788 1414 2
1822 4385 5
3699 546 20
1574 940 9
1657 2842 10
2494 1724 6
4017 4736 8
3548 848 4
1707 3530 7
3362 57 4
1163 610 16
2088 2340 19
4197 2790 17
1841 3569 3
2400 1353 11
3182 536 13
4650 3392 17
363 3559 13
4783 3578 5
2224 960 16
3493 4525 12
3345 1612 15
2639 2221 4
3857 2982 20
3572 2594 18
1486 2053 4
2590 4325 14
4070 3115 4
4450 2970 19
1812 382 14
4576 4270 13
3262 1403 3
3929 1060 14
2747 249 9
3246 965 8
563 1389 5
1354 3649 7
1299 4296 18
2432 4000 14
1690 612 12
2930 2803 7
3219 2732 16
4760 1590 10
2333 3725 13
417 4306 8
4850 897 10
3718 1201 18
3824 2005 3
1265 4089 3
4514 3815 18
2442 2335 17
2409 46 3
3432 3606 16
460 3519 19
4505 4279 20
4801 4478 19
4891 1112 12
3390 1527 7
1247 4817 3
712 2189 2
1073 2873 16
4624 1395 11
3364 2862 2
4965 3129 2
4520 4387 9
2302 1713 10
359 1838 2
2083 551 20
4895 4983 20
1312 2752 17
4085 1040 15
4192 1376 5
3232 865 14
4637 2029 9
4884 3516 1
1855 3478 9
4001 1312 6
1725 619 12
384 1788 3
1590 794 5
3823 1610 11
1485 838 10
312 4760 1
1707 2715 6
838 1749 8
1653 587 17
3055 3168 7
3376 581 17
3552 2128 14
325 2950 12
4723 4324 8
3533 883 20
2729 2816 10
3902 2200 4
235 4712 17
3989 1587 10
2628 3455 20
884 4453 17
250 1642 11
1481 118 3
3701 240 16
4417 3999 12
451 3325 1
4914 1592 19
331 822 7
3004 4329 6
2064 3120 18
3875 1210 4
3105 4083 6
4584 2019 1
2883 3103 12
4723 2705 7
1824 3693 8
625 2006 11
2479 1442 17
4072 2922 16
923 3315 2
1344 1972 11
964 4860 3
2992 3414 19
880 1454 9
1840 614 4
2622 3604 16
3738 4252 10
823 3459 19
465 3378 10
3033 2239 19
3857 2711 9
1058 1957 11
4224 3696 5
708 2078 18
369 53 10
2080 2576 11
2930 2369 9
1574 2378 13
467 1496 14
4951 2904 11
821 956 8
2265 4166 12
3524 4726 9
4460 4369 5
4542 3126 3
90 2789 18
1730 3720 6
2793 1576 11
1737 4868 7
202 3474 6
902 3977 6
523 3271 14
690 4327 19
3589 3918 7
3150 4924 19
1430 4559 13
3954 1395 3
3565 3707 15
3490 4874 5
111 2366 5
4389 2349 4
3041 359 8
1631 3104 14
1325 3584 5
767 4192 8
1263 988 4
2544 1873 16
4516 4978 5
4399 339 2
836 356 11
1440 1381 18
2454 3938 2
1059 2858 19
1884 3426 8
3742 2869 13
704 420 1
1579 4023 16
2362 1371 13
1368 226 8
157 3118 4
2274 2668 19
3638 3042 7
385 1521 7
1474 3699 10
1365 4183 4
2142 3867 14
653 3230 10
4799 3581 1
2216 1729 1
2778 1399 2
2073 1802 13
1965 2316 11
3989 3603 11
984 1861 8
2137 2850 13
3298 1820 11
1397 4768 20
4305 234 8
25 4653 13
1845 140 7
3163 2936 3
4063 4351 3
3749 1090 19
1799 1105 7
3579 4831 6
843 4328 13
1845 1460 11
879 1305 19
4418 4618 3
3231 92 5
2489 3131 14
1897 220 18
303 3018 14
2549 4952 9
3075 3745 5
2116 4213 11
3031 2984 19
4762 3022 10
1243 4397 20
3558 2839 2
677 3348 17
2539 2402 4
4235 1143 1
2197 1227 1
3375 3275 5
3834 557 11
4139 3713 1
1732 3646 20
3493 3083 6
3045 4930 2
2520 1687 18
4647 4120 15
2260 1845 18
3179 1470 17
310 1746 1
515 24 3
4793 1775 7
2908 636 3
1830 367 12
2015 971 16
1177 2188 20
869 2509 6
2081 919 4
1400 3828 14
1277 442 14
5 2654 11
2026 3211 16
3597 2535 18
2114 3327 7
4862 3556 9
4842 2590 1
1183 3030 20
3486 4472 4
419 2290 14
3637 3351 14
4043 781 4
390 1366 16
4658 1610 9
2283 2537 12
3823 3441 2
3820 4030 6
4671 1698 11
2546 1089 15
1342 2515 15
453 1717 17
2310 1773 9
543 2635 13
2016 2931 9
384 4494 8
4778 914 15
1276 4609 20
1170 1184 11
4211 1616 16
1271 3162 3
4115 3602 3
3423 1220 7
4095 1120 1
1416 2378 2
4673 1324 5
2009 1269 10
2388 143 12
4662 1304 13
2983 246 1
3279 824 6
3878 2057 10
254 3722 3
114 3499 3
707 4094 18
3254 3730 4
37 3697 1
27 4223 13
1768 3377 14
741 1846 8
227 4628 10
4378 15 19
2277 416 6
1370 1309 15
2474 3745 11
3307 3961 1
2578 2670 2
3573 3343 2
642 3966 4
3579 2952 18
4909 970 4
1676 819 2
3098 4054 14
1716 2249 9
2921 2760 15
970 560 4
4804 3654 1
1165 2119 3
1675 3365 18
511 4725 10
53 4751 20
4974 3775 12
1217 2552 5
3362 2738 19
2936 4973 19
7 3274 9
769 2908 16
2059 3595 15
927 1990 1
3768 3013 8
2818 490 3
140 3701 15
2510 3094 8
4068 4054 19
690 821 16
1823 3176 9
2923 4382 7
504 3534 18
1996 3534 14
1843 72 16
102 3300 3
4375 2821 6
597 1294 19
3568 3456 10
585 1989 1
1360 1703 19
2098 2410 3
4825 3597 3
1812 3480 8
672 577 7
2921 4705 20
1073 3412 10
4304 1644 7
3410 3487 19
298 2746 9
2485 241 19
2502 353 3
1934 3774 19
40 1513 15
3553 4 3
2571 4859 11
4838 3769 13
3809 2001 15
1334 2952 20
4338 3090 16
4772 1986 6
599 3588 1
4937 1714 2
4999 2887 20
328 3271 8
274 4270 1
4215 339 12
3859 2441 11
2349 2719 5
1060 3536 20
1491 1292 20
4873 4941 2
4043 1712 10
4791 2472 10
905 3549 9
3596 1211 20
2384 4726 5
45 3230 12
4836 880 15
1739 2900 18
3969 4033 4
2621 4746 5
3684 1480 13
1634 3665 18
3877 2604 18
2510 4395 14
4836 3233 15
158 871 9
801 326 16
4538 4609 3
4671 4683 15
2957 3126 19
3015 4087 13
226 4738 1
1642 4480 14
3696 2913 16
375 2449 16
2985 1178 18
3868 782 12
3582 2095 20
584 952 19
135 1435 16
1017 3970 9
2590 1159 15
4017 2064 4
139 3677 6
2806 986 16
1113 4106 16
425 1857 4
4317 2352 16
3246 798 9
2961 3730 1
1709 1241 4
958 4949 14
2755 1428 18
3410 3561 13
3944 1375 9
3805 3715 1
3992 1582 15
564 4492 17
2460 4120 17
3849 4742 15
1954 2258 12
1162 4181 15
800 3376 3
1397 4003 20
3743 4021 17
4458 1647 1
4995 3471 12
4956 1894 6
2662 4739 9
882 4523 19
2301 917 19
2930 4013 5
3590 2366 20
2315 969 13
4901 1131 7
3467 2622 12
3939 4498 6
685 4427 9
1157 3127 5
2043 4547 2
3434 674 12
2351 1523 4
3547 1492 4
4914 1142 4
3605 3025 14
2865 3292 15
4609 4380 9
3211 1464 8
577 3256 12
96 1686 20
2333 971 16
920 2373 10
2612 1297 14
1037 562 19
3659 4058 13
4069 4882 7
4404 1101 16
3499 3389 4
2358 4805 13
3575 1687 4
4531 1839 7
3851 4226 11
4966 1 5
1152 4248 17
3446 3133 1
2893 767 9
124 1253 1
98 781 8
2196 1887 4
862 4881 2
2122 2140 15
2788 186 8
427 3534 17
4401 1075 15
4126 2220 2
2676 4890 2
4614 4908 5
4803 4648 16
4422 4439 17
906 3205 4
4803 1099 17
4143 4226 18
4774 4892 1
4270 1193 13
4984 1827 15
1586 2947 4
364 736 15
4542 1324 17
3981 3157 13
2933 4977 14
2261 1023 12
3943 1256 5
893 1654 2
1093 3662 5
4481 4625 18
1679 217 19
1245 4522 17
4216 2532 9
4514 1459 20
3268 2880 1
454 1470 1
3606 2103 19
651 3395 6
3076 602 8
2975 3929 3
3138 93 9
4492 631 20
593 2059 1
979 4719 19
2372 3584 5
4810 1267 14
647 4317 3
2522 4178 18
2284 2939 7
4868 4925 8
3116 4118 3
2947 2862 13
2622 4611 9
3296 3344 7
2844 2726 18
3966 4960 3
1740 4212 1
4460 2305 19
4176 4749 17
2648 2028 17
3036 2996 4
3401 1073 14
2482 2267 19
15 3274 11
3783 1365 2
91 3503 2
4438 4954 11
2981 1771 19
3131 2419 17
3172 129 8
4295 3687 1
4809 2924 14
927 293 12
4287 3944 20
4156 1991 17
4328 647 3
3233 2744 17
1777 4317 4
4838 2717 15
2962 4521 8
29 1030 3
3026 620 17
1184 3112 5
641 2445 13
4843 1326 11
2106 4731 12
2051 961 2
3292 1275 3
189 3925 10
31 4159 20
4852 3467 4
2305 1605 5
205 4337 5
4643 3940 12
2332 484 13
1048 3447 15
3160 2717 15
306 2543 1
4587 3528 8
3628 4706 16
2712 3056 11
674 2018 14
3385 1021 3
3581 2429 3
355 4712 2
940 3667 4
4105 1569 13
3600 303 18
1900 2436 13
408 4081 6
2467 4193 7
95 4349 9
1292 927 14
4294 2164 12
4630 3140 19
2788 4715 10
2119 3376 20
3574 736 20
1775 1684 17
2209 3201 3
1844 1733 17
3393 254 9
4025 2893 5
1867 549 2
2418 1887 10
4098 1191 9
978 894 10
220 248 1
612 4409 6
1725 2758 20
3320 429 2
1688 4999 1
2794 3754 18
1488 921 18
1373 3352 7
2534 1343 9
1852 3186 13
4823 1940 14
3941 4822 18
3200 2013 8
219 4032 4
2370 3682 4
2010 3685 7
685 1977 7
333 2553 20
2418 97 5
2272 4213 1
2995 557 10
2125 828 19
297 1145 15
756 3594 7
3530 975 2
2277 1259 5
4399 4648 16
1371 415 20
323 1408 16
3193 3892 2
3450 1422 4
801 1558 4
4672 3087 6
3242 1452 10
3206 160 2
2600 1957 14
68 2270 14
723 1941 17
2658 2843 20
641 4083 19
258 3607 16
1148 2414 15
3004 3255 20
4851 2833 7
651 4796 5
2120 1824 11
3115 3525 7
2735 4588 11
3801 3881 14
4845 129 16
923 223 12
1029 3103 14
744 264 19
4313 1464 1
846 3139 6
1989 2918 9
3740 2752 20
3475 1873 12
805 2955 3
197 3261 11
1076 2353 11
2237 4546 2
4071 2732 10
4475 1864 9
3278 2824 17
2460 2675 6
1178 1041 17
591 3156 15
1540 2746 15
2593 4373 12
4037 1580 4
2200 2875 9
4652 1856 16
711 953 13
3030 544 16
1104 1478 14
3822 3871 4
2457 4064 13
4783 4062 19
1917 2371 15
3893 714 20
792 4450 20
300 2970 6
4054 3430 2
3391 1670 6
2055 2775 1
2537 1449 13
2240 3445 18
929 4440 10
4139 3947 9
4455 4250 12
1299 1996 16
2499 1790 18
3682 407 20
3414 158 2
3581 1703 12
4115 4063 18
2606 1786 8
524 4494 8
1890 3735 10
3662 3905 19
3190 862 16
2724 3583 16
885 4956 11
2552 1495 18
618 3662 15
178 2052 12
2447 4881 9
3060 396 2
2418 700 18
2859 4600 7
1682 550 15
1030 423 19
2994 993 10
4499 2135 1
2201 1895 7
3493 4772 3
2115 1213 20
1078 2064 3
2327 4595 5
30 4980 6
1489 1702 3
833 1505 17
4674 711 20
3964 873 6
2820 2709 4
4777 2416 17
1459 3041 9
307 273 6
3990 4828 10
2098 569 18
4748 977 3
4059 1310 19
4408 820 20
2659 4921 7
4622 138 19
1810 503 17
4209 3097 5
1212 3926 18
2380 2231 4
1954 3477 19
3477 2464 19
4066 360 15
4176 1105 8
1712 4509 10
3686 2145 4
1234 4016 14
1962 4645 11
2070 3702 9
4777 1862 16
530 228 5
2336 987 8
4744 2671 15
848 3845 20
2582 2365 12
4965 4130 2
3642 3751 11
1815 1890 17
4983 445 7
657 1768 4
699 2202 11
4342 3965 2
1790 2104 13
3746 3230 6
4394 2972 19
1226 3371 17
2542 3638 19
2949 3896 16
1862 4532 5
4536 2528 11
664 1834 12
4788 4779 20
4891 71 19
2527 1376 15
3832 4218 12
3133 367 9
3600 1255 2
3305 3910 12
4302 4867 13
652 325 3
3685 4648 14
4286 766 8
680 633 14
173 3163 19
2705 3430 2
1741 3701 18
3027 1960 8
3289 4522 11
1250 3421 1
2976 3961 11
2713 1618 14
3147 65 13
1893 4933 11
642 3066 14
2453 3942 20
4455 3754 14
3333 1856 15
2096 4207 10
2682 2321 20
1511 2212 11
680 979 11
3018 356 17
3218 1004 5
626 4441 1
3244 1751 17
3781 2473 10
4586 1161 18
1875 3942 6
4880 3986 10
4246 798 19
659 4803 19
2267 2721 10
4630 3965 12
605 4161 6
4604 4330 19
179 741 8
1943 908 9
1635 4706 2
1492 664 17
2385 3762 7
4447 2597 3
1410 1789 11
4357 211 17
1613 1880 9
3079 3774 10
2599 2727 7
3858 4879 7
3551 4610 19
4960 774 10
3791 4788 11
4226 1071 11
272 360 18
3452 639 13
2820 2780 3
781 3936 13
139 285 11
112 1111 19
3610 1949 5
4155 4322 20
135 3040 3
4438 2649 2
906 3827 9
4093 436 14
1523 1447 1
2927 1699 4
2714 2531 2
1475 411 15
494 4846 4
1388 301 7
4159 4167 5
4029 768 18
2329 1558 5
3829 1556 18
4833 2292 4
3630 4075 2
4450 4320 11
3851 1081 15
1905 871 17
1859 3487 18
3623 369 3
4440 147 2
4169 3694 17
3674 4323 3
1748 872 15
2238 1453 18
377 2593 12
254 2354 11
3778 2972 9
988 996 3
3922 3417 15
2039 481 3
3541 2426 20
1124 1368 6
4049 4425 14
831 3435 4
4386 1402 4
3721 1645 13
3225 1568 4
4960 3058 15
4530 1745 4
4566 3742 8
2005 1449 17
1 1212 17
798 4234 14
2394 1934 6
1001 1361 15
2344 3927 5
3064 1222 6
1710 843 13
4500 4958 20
2754 2474 1
3962 236 12
4112 1673 17
4948 4785 7
2070 2666 9
3095 4914 8
3706 3608 15
3534 2714 2
169 4255 17
1484 3433 12
1219 1474 6
1305 2745 5
3339 1737 2
1505 4495 13
3424 1084 15
510 1981 18
1334 2522 7
2721 1087 14
2858 4654 5
4662 789 9
1463 241 6
4443 4276 15
3280 3306 8
1729 3883 7
3262 3944 17
1187 211 10
2775 4255 19
3110 4576 18
904 2482 7
1113 4110 4
4853 1216 11
4147 2065 4
1580 4221 8
4165 4325 18
901 813 3
3331 2233 10
3531 272 17
4565 2136 15
2308 2420 18
3239 4497 3
2897 1953 18
540 40 19
2914 700 7
1467 2082 2
2185 3951 18
1967 4429 11
4572 4512 11
1950 4450 9
2670 2095 8
1390 3881 12
30 652 18
581 276 5
2068 4148 5
61 2185 13
2997 198 20
2294 3585 15
942 4272 6
4061 2396 4
3962 66 9
4172 3892 8
2649 1618 16
651 1964 8
1394 4691 14
2539 164 12
477 3499 15
2771 4426 7
4155 2882 6
3922 2234 5
1156 3673 2
3450 3287 11
3016 942 14
496 4826 8
1676 3750 6
2326 3126 15
125 3816 12
4036 1390 7
3775 814 19
227 2830 17
1718 376 13
4629 3157 10
1667 348 16
812 340 2
4024 3481 17
2411 1562 6
1620 2729 15
219 1333 14
3771 2085 7
4976 3761 8
486 2440 12
791 385 9
1599 2397 3
2191 4707 19
1575 1673 19
208 1748 11
3075 4456 12
3952 4442 14
4625 1367 10
193 2030 5
333 1606 9
165 2000 8
1053 744 1
3705 891 20
1666 3049 15
3636 2594 14
1844 2257 9
759 4750 20
3879 3025 15
1713 3762 19
3736 1988 15
3945 4031 18
2832 2129 10
3359 3353 7
816 4023 17
3728 2108 7
797 4874 6
4907 1099 15
4746 4842 9
4147 2092 2
1501 1483 2
1197 2260 4
1057 957 19
4301 4575 13
3298 3523 10
2428 656 15
2958 3779 1
589 3561 3
1619 4740 8
4669 4952 9
4203 3015 13
3849 4494 20
2999 468 7
3232 560 4
2675 1034 17
1880 2808 11
399 2074 17
1383 173 3
142 678 3
4218 4188 10
3604 1778 9
189 1075 6
2729 2403 9
3988 2700 8
2128 1479 12
1479 2083 19
3603 2531 1
4325 4270 16
3769 1787 20
441 1108 17
2130 1124 18
255 4842 14
1494 2829 15
1303 984 10
4669 850 14
2948 2912 7
4837 2815 6
1814 2847 8
3299 1629 5
4502 2904 18
3349 3698 10
4127 1057 16
272 551 4
4890 4821 2
4254 3151 13
4496 1836 13
3209 2650 19
2777 1850 18
4761 3156 1
3943 886 16
2686 1418 20
4699 3005 20
4474 3129 10
4307 3699 9
4453 4151 19
3618 3536 3
1464 1812 18
2177 3287 13
1358 3829 3
2911 948 5
4926 1912 13
1369 719 14
1025 4682 3
4981 3850 12
3316 2894 12
1563 369 17
2092 4210 15
4487 3618 20
4895 4734 15
49 1012 7
1409 323 4
1191 805 10
3223 1638 11
1769 3970 16
324 2313 7
4005 927 9
4302 3261 14
4631 4409 9
3411 1310 14
1961 4756 3
1317 4787 6
1230 2161 17
55 623 16
3439 3675 14
66 1368 14
937 688 11
2000 3725 5
2293 1441 13
4854 1430 4
3259 616 14
2118 1431 10
4715 2589 13
1931 669 15
2303 4905 2
1010 3577 8
3495 4881 6
226 1115 16
884 531 3
4307 131 5
4787 4065 19
3490 13 4
2313 4091 4
452 3305 17
316 1876 5
3875 437 14
1569 270 10
2755 3082 6
1001 2712 1
34 4072 16
1715 3148 6
1830 1607 2
4757 875 17
2048 2724 17
1833 2923 10
3487 2891 11
1186 3740 14
1490 540 4
251 1716 13
2614 897 16
4043 1529 19
2477 1265 6
423 603 6
1006 878 4
4765 666 5
2786 2854 19
335 1535 7
1697 2060 12
2890 2259 7
316 687 8
4391 608 10
213 2873 5
3259 3047 18
1258 4278 10
2434 4368 9
3145 3674 9
2185 2657 2
1919 178 15
4960 2570 12
2769 935 5
343 2540 4
4991 678 17
2303 4943 8
2484 2084 1
2087 203 12
2772 4850 8
3707 3144 6
752 2849 1
3998 268 2
1822 833 13
1955 2612 10
3092 4711 16
174 4341 2
4680 4576 5
1289 19 18
3692 175 16
2303 2065 1
4215 231 9
2462 3379 16
2570 81 15
4402 68 7
4942 1870 7
2008 3135 19
4880 310 5
4923 4090 18
3668 3926 1
1192 3591 1
4666 347 19
1826 4111 14
4662 506 3
2797 2514 7
1793 1627 8
469 3656 4
224 3513 2
1503 4711 2
811 2103 1
3756 4647 8
4718 706 13
3305 619 11
31 420 10
3697 1197 3
1057 2251 17
4934 2773 18
2645 298 20
1419 4417 1
2789 4911 16
1583 348 4
3002 901 1
4936 3845 20
2735 1075 12
4198 2434 14
2474 1546 6
4867 2271 14
331 4453 1
4154 122 6
4870 3543 2
3376 3214 10
243 377 17
2784 2924 13
4550 479 4
2114 3059 11
428 144 20
1658 2272 19
1568 162 16
3534 656 1
2762 222 15
4679 1569 12
4007 4413 18
4920 133 13
4299 615 3
87 977 4
2119 2155 6
1543 1997 8
976 222 8
2249 2386 14
2349 511 8
1182 1768 4
3951 4155 4
4763 508 13
1853 188 5
2305 2546 19
1062 2960 5
2157 2713 11
2460 3019 5
1529 1690 20
2305 4975 14
2730 1877 11
4644 1913 8
2429 309 8
1972 2523 2
197 2587 7
1406 2147 7
2095 3297 14
2005 3016 4
4588 1619 20
3914 3128 19
399 62 20
512 3497 16
1387 1623 3
2874 1689 5
4055 1519 3
1029 422 3
2168 3965 8
4686 3935 17
1155 679 14
3630 1318 13
2375 4782 5
705 2433 5
1179 3607 3
1850 599 19
3409 3564 4
3521 256 3
4912 1053 13
1399 600 4
110 474 7
2596 4954 19
4472 4527 10
931 281 19
1916 781 14
1798 527 7
2967 4981 9
3595 2024 11
3619 1808 19
4744 587 5
2595 3357 4
4228 1999 19
4838 253 18
2059 4977 14
2819 1608 13
303 1718 4
816 4055 10
4298 4296 13
4653 2290 11
3530 1233 8
3705 2435 1
806 3405 11
1425 4760 5
3928 375 17
1620 79 20
1596 1005 7
222 3026 2
4290 4936 3
3111 3466 7
801 3685 7
296 4841 4
4598 3425 5
4013 4691 16
654 3224 5
236 4699 7
309 3942 3
3979 86 7
2560 901 11
233 4769 9
4611 4091 1
998 3871 15
3271 2395 5
2852 714 12
1455 4273 11
1334 4354 16
758 4129 18
3575 2985 16
3994 569 9
3641 4755 5
2642 2438 15
4637 298 20
148 183 18
1246 3145 1
2660 3242 20
2318 3058 16
3953 2725 4
1428 4632 6
4842 2527 1
931 229 1
1515 1681 12
4455 2658 5
3995 3544 8
174 2290 18
1072 373 16
926 3062 9
3815 2388 18
2240 4377 18
3571 4547 10
3828 2547 2
997 3167 20
2152 1357 19
2873 4362 8
690 533 14
287 582 4
4020 1285 2
2817 4432 6
4437 1631 8
2160 1669 13
2046 1397 12
2854 2989 9
386 4201 13
2183 2766 10
1933 698 2
369 2673 5
746 4305 17
2748 4264 13
4845 2683 16
1382 1067 2
507 964 15
1855 4330 16
126 2068 13
1936 1222 16
1173 2816 5
4537 731 16
477 452 19
1225 4417 20
4726 2041 3
82 2352 7
3082 4487 13
713 506 4
3571 2448 10
1314 4633 3
4559 1462 8
544 312 20
3147 2884 17
2860 2592 18
992 3202 6
1422 4890 19
4258 1816 12
2221 4991 16
2188 3712 10
3655 2272 20
1607 3292 6
1579 3845 15
3159 4280 17
4899 3757 13
34 4543 17
2154 2509 8
155 1542 9
2875 2863 11
1437 937 20
1056 3515 11
4722 4538 17
2247 4596 1
2335 2822 9
3400 2404 10
4922 3532 4
4524 3497 6
175 4575 16
4884 2305 19
2948 1135 19
2307 4842 18
4187 1386 13
2915 4912 2
1522 3407 19
1701 3224 20
510 4417 14
3499 3231 6
4748 749 16
930 4699 11
3439 4432 10
4217 1621 16
142 4895 14
1551 4973 20
524 2071 15
1268 1071 18
2945 1222 13
4784 55 7
586 4024 17
2961 3844 6
1035 4000 14
4675 2363 2
1567 2778 4
4464 4022 11
1845 1412 1
4403 2534 6
1095 4051 19
4195 2206 18
1200 341 9
798 1585 2
1495 1451 4
4271 4819 3
1132 4702 1
4030 1076 15
4249 4333 14
3964 510 2
685 3916 9
539 4423 6
2533 5000 1
3847 141 20
1532 1225 5
2017 2830 8
2897 660 20
3344 4330 7
3295 4781 19
2109 2783 3
1533 2360 12
1542 1519 10
1901 4025 2
954 4986 11
4621 4679 5
2438 785 4
2121 1524 20
4130 3164 16
684 131 12
275 63 7
4977 2998 9
2528 1833 7
1145 3289 4
4696 3469 16
3403 3243 14
170 2925 12
1177 1715 2
2361 2617 18
4604 2568 9
1660 2759 3
4937 4052 4
1897 177 8
2886 4649 10
1630 2338 20
4606 2462 9
2636 1903 17
1340 1156 11
2031 1639 16
691 2751 19
4637 3850 15
4388 151 10
3627 2867 10
1702 4082 17
1659 291 4
1568 204 13
2399 1306 11
4344 841 5
2189 913 8
634 4590 7
4365 2695 9
2160 1319 11
4853 721 16
963 3332 9
1690 4920 17
2018 1084 9
3057 1389 12
56 4595 14
1037 2345 4
1945 4386 18
1317 4296 9
3873 440 1
3786 4500 15
1286 4724 20
1893 1876 18
1790 2475 2
4436 4363 11
620 213 14
1607 3680 1
4992 4480 4
480 1803 7
1138 910 8
4813 58 14
1664 4200 14
3205 1750 5
3964 1984 3
2889 1908 11
2614 637 9
1530 4660 5
3391 3985 5
2722 1542 15
1353 114 18
688 4518 5
1151 4684 9
299 2544 10
1824 1681 13
2413 1872 15
2494 569 8
4347 4115 18
930 1151 14
2754 2929 13
1131 1547 13
3280 3931 11
1183 435 20
2148 4881 2
957 528 2
3245 643 1
2275 1501 16
2159 4151 18
4819 1946 8
3387 1837 15
515 906 11
8 1365 15
2874 2188 9
2020 4804 2
1359 4419 12
3112 1722 4
4642 4168 2
2579 1457 7
1227 1318 13
2758 3619 20
3405 4636 4
1224 1126 14
1995 141 10
2982 3390 4
45 1429 3
1304 4378 19
1066 2355 10
302 219 17
1105 3459 14
706 2401 14
2046 3549 9
2182 984 12
2380 2332 18
1597 3823 9
1530 1942 13
222 337 4
3826 4125 15
981 1186 2
712 67 8
4323 4514 3
2967 1426 5
1932 698 20
819 430 16
1851 314 2
1878 2254 7
4790 2406 17
2998 2471 8
1296 4452 7
2804 4653 4
1214 2404 2
4299 4828 3
4217 4260 8
2951 2974 12
4220 836 11
2011 114 7
4299 19 13
3262 1838 8
2305 4649 18
94 3412 10
1935 4376 8
150 2479 15
586 2645 20
4863 3881 8
2644 1612 17
4766 2736 9
2776 2888 2
2502 1402 3
4445 3745 17
4096 4278 17
2145 830 3
2106 3146 12
1117 4400 4
3973 3535 6
2631 34 3
1618 311 19
837 1693 11
1435 247 1
4974 2187 1
672 3405 18
976 4816 1
1118 1403 8
2796 2529 5
4282 619 18
4854 817 14
201 2954 11
1675 4356 4
1381 1109 20
4084 872 13
935 2115 5
1496 3194 1
720 4625 3
749 1904 10
458 4073 3
3918 2666 16
2433 1046 3
3633 2511 8
63 1331 3
1261 482 19
4919 2310 15
4491 2100 14
1476 4320 4
4628 977 14
1972 3477 6
384 3372 6
295 2183 1
1726 642 1
246 1330 5
2571 3650 11
4885 3140 1
2586 2327 20
1722 2699 9
3717 170 15
3532 3390 11
923 3710 10
2172 1486 15
209 2769 12
3366 1485 19
2734 3266 15
4054 3131 14
1781 803 20
3010 1888 13
147 4184 4
3996 693 8
2428 2777 2
600 4020 5
2995 2628 11
561 959 18
2393 151 20
2546 4049 11
3576 1816 8
3777 749 14
2677 4303 14
1633 2870 10
3899 2977 13
475 1504 19
4217 164 17
2459 2700 9
2296 1998 1
3641 1499 12
4751 2894 16
2199 4128 6
3548 1174 8
455 468 5
1298 4310 17
2699 3521 7
4126 748 5
2997 4275 20
2214 3806 13
851 4354 6
4812 1042 18
1505 1294 12
4945 3015 5
3181 1113 17
2141 4000 12
4613 470 1
4336 4407 1
910 509 11
4941 471 15
2274 75 4
2727 1470 14
467 3509 14
4478 4623 12
3639 2626 5
528 461 9
2477 1341 10
3098 2913 6
2122 2415 2
4547 4011 8
1940 972 15
894 2057 16
1944 4998 2
1622 156 8
4630 1600 8
4609 3100 20
619 3901 16
2828 2815 2
37 4794 12
554 2714 2
4024 2988 7
3488 4532 10
3611 4381 17
655 2368 7
1763 2260 20
981 1439 10
3515 2386 11
1803 2094 13
4585 1030 2
1350 2365 12
3709 2407 7
3416 848 1
545 923 6
4207 241 14
4254 2829 15
2755 2946 4
4207 1458 14
4054 3466 12
786 2752 20
3325 797 16
3789 631 4
2803 316 20
1678 4889 14
4405 2912 13
1679 863 6
1076 1121 19
3310 1063 18
92 469 20
4267 928 4
118 3619 8
4320 3124 4
3682 82 19
347 4094 3
1197 2055 13
3715 3211 8
1869 3105 8
3143 4497 19
4732 2217 13
392 2375 6
599 3965 6
4123 2346 8
2488 247 16
3476 4583 3
4207 2905 1
4321 4749 3
4550 4372 12
4079 732 3
1049 4478 3
2347 3249 15
2020 203 2
1300 1516 11
4184 3281 2
1825 3971 9
4101 1677 2
3333 3481 18
1618 1575 5
1298 3657 20
1366 1528 15
1330 3058 5
2163 3262 11
2202 3059 2
725 3828 1
2767 2995 18
66 3977 19
3312 1404 16
2696 1540 13
927 1272 3
3664 4344 16
1690 2847 20
1587 4879 11
1145 12 19
903 3202 12
446 326 2
2595 3210 13
2269 1536 1
1000 4408 19
918 92 8
632 2459 20
2266 2622 5
2502 3543 9
3233 1514 11
3047 3395 11
4936 349 13
3574 769 6
3425 4455 4
1444 936 19
3798 534 12
2704 4449 11
1317 1193 12
3582 573 6
719 3341 14
4816 1698 11
693 801 5
1012 4072 10
254 3435 7
550 811 12
4036 3020 2
1557 471 2
1027 3543 10
2004 4417 18
3198 4100 1
1309 4934 12
648 4213 1
3095 4560 14
1624 1933 11
3467 2129 17
3613 910 10
3141 4703 16
3613 884 1
3488 3986 5
1956 1607 9
1821 3160 19
4827 3459 18
2457 2959 7
3514 854 20
2204 4810 18
4793 672 18
277 3786 6
2635 4134 20
316 1523 12
3292 4235 6
3745 3485 7
601 2035 19
32 981 3
4767 2431 6
2696 4633 18
1033 864 1
3387 1187 2
988 3104 13
4032 2170 8
2562 4029 13
2799 2568 20
1242 4283 15
623 4267 19
3083 2950 9
4185 4349 16
2803 436 1
2733 4136 14
3127 1543 7
1826 1324 6
1001 3610 1
3842 2829 8
3312 763 20
4650 2351 13
2830 1294 5
3784 3402 19
3078 1363 1
590 830 12
2758 4353 3
4395 4751 17
1074 3396 12
881 2769 20
3259 547 3
4844 99 6
2011 4648 13
3062 1875 3
3844 3336 9
3596 4516 7
3156 4566 8
2164 1094 6
4666 4653 17
1021 3516 20
3449 3741 16
4427 2593 9
3551 609 14
709 4824 2
2292 1316 9
859 3739 12
3828 1792 15
1771 540 11
1256 4221 6
989 4899 19
3855 2089 13
4323 3591 1
2874 3719 5
834 1037 14
1678 2416 2
678 4096 2
1151 617 20
2256 2099 11
340 1350 2
986 3531 18
38 3412 6
3739 4390 10
3606 1332 6
1057 2076 16
2674 4889 8
2992 1512 7
1937 3424 17
4165 1357 11
2580 385 15
237 1416 11
4467 3855 11
1704 1238 17
1131 4684 18
4205 1664 12
1571 4481 1
1026 1474 7
3385 2825 16
256 606 11
3431 3986 1
3147 1657 12
4508 4684 8
1600 1342 1
1986 1045 13
4911 3414 4
326 4589 4
4215 1137 3
4239 4852 7
1465 878 20
162 2348 1
109 4436 15
2126 1819 16
4608 1618 19
675 1041 10
2366 1207 2
4000 1612 6
2062 3539 20
4658 978 8
4448 1384 7
4369 1867 3
3631 3856 7
3211 4750 2
3210 676 2
2515 161 14
4973 2142 4
293 1814 13
3593 882 15
4186 3463 17
4938 2205 7
917 4306 7
3413 372 4
1976 1041 12
1671 3081 10
1495 4745 20
273 1546 9
3886 1227 8
4257 3500 8
3000 1642 14
4855 3077 15
677 4144 15
987 2815 14
1690 3943 8
90 3501 20
2784 4269 17
4878 2512 8
277 4321 3
2215 3608 1
4271 693 17
1277 2524 6
2526 1182 5
2571 1104 15
9 2614 11
973 2761 11
2175 3807 14
88 2455 19
3989 3769 17
1713 3672 3
3595 3829 3
4507 4377 17
4335 4719 1
3018 3436 13
1965 2955 1
1981 4294 12
3075 2800 10
3093 2522 11
3020 3479 16
738 3756 16
2040 2493 15
3166 4767 14
1980 850 7
206 2021 7
2900 4142 14
634 4080 19
2420 479 17
2051 2426 17
4438 2055 12
4594 1137 3
288 1367 9
4032 100 11
2821 635 10
4196 4500 7
2075 554 19
613 2866 15
4484 4532 4
3755 724 15
4947 4241 10
2474 2388 17
3351 4217 2
1102 1094 8
2257 4648 10
1798 4483 6
2918 4582 18
37 2677 19
4147 3049 19
588 4603 10
644 194 9
191 1184 14
80 2763 19
1919 199 16
4532 4273 6
425 4025 14
815 873 2
2759 879 18
4935 1667 16
1881 1268 19
252 3775 20
3724 1080 4
3533 1981 14
2248 3873 6
3761 2487 13
4872 1192 3
1055 348 18
653 4526 6
2269 1353 1
3498 2220 7
4855 3265 7
438 3541 10
1243 1776 10
3925 2544 5
300 582 5
601 983 7
2498 3577 20
487 3819 6
4644 1479 20
4512 755 15
173 2526 4
1254 4373 16
647 4540 8
2723 3542 12
2798 712 13
3478 1406 7
2732 4115 8
4039 4823 16
1364 4691 19
4230 2197 5
3892 363 13
1251 4063 10
1837 3708 1
3937 265 8
3321 220 7
2388 363 6
3010 2197 2
928 351 18
1041 3082 19
422 823 7
999 3856 9
3477 481 15
4860 4889 12
10 4600 1
4020 4320 11
867 2271 10
4335 3196 12
366 3068 10
1699 484 14
2146 4669 13
4404 1878 6
2471 1113 10
4629 4512 16
3039 4113 18
3815 2306 7
3419 1672 11
387 3115 9
4297 4512 19
3654 4013 6
1443 2877 12
367 909 14
527 2251 12
1029 3002 13
3390 534 17
4869 4417 3
957 2019 17
3669 2222 10
2680 941 11
4553 4444 5
238 3054 19
536 3619 3
2209 1698 6
2158 2610 5
523 3325 15
2442 465 2
1578 1376 20
3688 2670 20
4618 3181 1
3646 4662 12
2289 819 11
2711 2246 8
347 1222 11
1410 1759 10
4717 2613 4
4721 2609 20
4972 931 1
1170 4319 2
2965 4195 18
2043 1696 12
2909 3566 18
4070 3357 20
250 4400 9
2332 1297 8
830 4023 2
2344 819 5
2309 1996 7
2885 4659 4
3453 3081 15
4197 897 4
4635 1897 1
185 1386 5
981 1969 10
4486 3033 12
2332 235 16
2069 4020 19
1576 3861 19
4722 4276 2
4802 4603 15
4093 1260 10
4557 1957 5
3947 4289 6
1175 1080 5
2075 539 2
4726 576 8
1283 2455 17
1839 3041 16
1644 2766 19
3392 1702 4
1458 2336 13
1308 3546 5
1697 626 19
4638 1133 15
1719 4366 17
4864 777 4
3959 1940 17
3400 2771 3
1687 3875 4
3988 3454 16
3740 2645 18
3749 1759 14
142 3241 1
4671 1652 12
1974 2666 10
1809 2116 1
2951 320 4
4218 3159 16
754 4377 17
1696 931 11
1619 414 8
4879 299 6
3701 2959 16
3217 3780 6
171 873 5
3242 2558 16
3555 94 4
3982 2305 12
771 1201 6
544 2202 12
2922 2156 10
1632 3695 20
45 4514 13
371 978 1
1282 4206 12
4200 274 1
45 4965 10
2016 2503 1
3124 339 7
1032 3331 4
159 3982 5
4319 3735 16
3692 4900 19
2345 3377 18
603 768 20
3440 4362 11
4468 3248 1
1022 1218 9
3209 3902 14
4214 4345 2
2678 3686 8
143 549 7
2318 3844 7
1605 2845 20
1798 4316 11
3064 2909 2
1474 1066 13
2711 265 1
170 3708 10
2752 2444 15
4068 3761 11
853 4108 18
3088 3269 20
1814 673 5
125 2423 8
3920 422 4
1626 2383 8
22 4839 14
2725 1853 19
2430 4453 16
1696 4224 17
819 4477 5
2092 2304 19
1641 4187 12
978 3379 9
269 3171 11
1944 4220 14
4147 4015 7
2168 2568 9
473 2736 17
2863 109 11
3766 214 6
456 62 20
120 2557 3
1865 4145 16
4751 4438 6
1651 253 5
200 4549 15
2204 408 2
2067 29 3
3309 3120 15
4048 4556 9
2309 820 17
2857 2115 15
1544 847 1
4120 1457 18
4575 2787 12
2470 3602 9
3084 3921 3
2798 2586 1
3202 194 7
4927 951 16
1429 3096 4
35 3643 1
546 4932 15
1104 2199 15
1489 2423 1
2564 1954 5
746 1249 10
2227 1375 4
28 3718 7
3317 977 10
1197 482 9
189 713 17
730 3982 5
3856 2185 8
3191 4681 19
2986 4640 12
4089 2464 1
4213 1040 1
2005 3870 8
2696 1255 6
464 3126 9
1514 3880 14
4111 4557 11
1633 3163 7
3496 1037 2
4802 3835 8
2703 3060 20
1297 2251 13
2581 1338 17
3738 654 17
4296 3912 7
2062 4888 7
3825 2952 14
2686 1017 12
2101 1376 14
4303 1926 9
2446 2619 3
4739 577 4
1372 2433 10
1325 4654 1
2470 4359 14
3791 2410 3
1126 3345 9
3815 295 14
2193 273 19
2291 1956 12
3437 1336 15
2473 1448 14
3178 3599 4
1833 4329 1
2417 417 8
4619 4347 3
2214 84 15
897 3129 10
3896 4656 6
648 3888 13
227 18 6
846 3355 10
3705 4548 8
2140 3460 2
3497 4019 18
4486 2383 12
2948 3419 3
632 1910 15
2527 1842 11
3935 3996 7
3865 3190 1
4522 4717 11
605 1388 3
1574 2035 13
3755 690 7
1165 1552 4
3657 4013 10
3945 3775 6
207 1078 8
3199 2723 9
4312 1436 14
2805 2011 8
3422 1139 5
3889 26 7
3132 1512 5
1754 70 14
4500 3557 8
2537 1916 12
1892 3235 12
1338 4092 1
1667 3833 14
3043 2318 18
2444 3100 10
3930 4228 12
841 1960 5
173 4714 11
3723 4466 10
3496 1754 17
4090 2728 10
3993 1203 20
1571 4980 6
1139 56 14
3018 650 18
3197 4167 8
1977 2646 17
1312 3446 6
4722 895 4
2942 153 19
1153 4037 12
4297 1676 3
3725 3020 13
3587 2225 15
3724 4115 17
4385 3488 8
2351 1397 17
4118 1729 20
1905 645 17
2299 4344 9
530 3078 10
1372 1694 19
566 1378 13
4113 2238 20
149 1981 18
1813 4681 14
2162 573 17
4945 1467 12
1371 2388 13
1143 4888 4
344 955 8
410 3905 20
4652 3994 9
724 1636 16
1585 4321 15
2357 2289 16
1683 1330 11
4556 1688 4
2439 3724 13
3031 126 4
893 2900 3
4445 2949 11
34 4379 15
2379 3564 3
1298 424 20
734 4830 11
1337 4193 6
1116 3688 5
2427 74 18
1898 1211 13
1431 4420 10
3905 4318 18
2254 3312 5
4618 246 4
4983 3162 2
3770 1161 17
689 2127 7
4219 1316 13
1158 3099 15
4703 2835 15
3282 4355 1
3782 1282 13
1948 1842 6
2857 1114 9
3057 374 7
1870 2206 2
3598 2284 2
2281 650 18
1634 3473 11
4315 4005 8
387 3130 18
3445 1837 7
4841 4230 13
4045 2423 11
376 3955 20
2369 3980 2
571 150 13
4748 3341 13
3859 3691 8
530 928 13
3702 3567 5
324 35 14
2249 1119 11
1342 4218 3
4166 3398 13
3398 2439 13
1372 570 16
89 2883 5
36 4475 13
504 2293 11
3925 2089 9
3049 273 8
4412 4011 18
3614 1269 3
2970 4529 6
305 1735 16
3834 2383 1
1410 2955 1
924 363 1
1587 2632 7
3506 2754 10
1142 754 6
1632 1101 6
4319 4256 4
801 4408 10
2531 3949 17
1960 1465 2
4929 4223 7
2252 946 20
4289 4258 13
3333 748 2
2039 1171 14
4373 3295 5
174 924 7
2195 1180 13
4680 240 11
2796 3261 6
2923 3477 8
849 75 1
3657 3799 8
3713 94 3
2785 774 15
436 1379 10
2130 1137 16
1596 2326 11
395 1732 1
3911 4319 18
2622 2182 13
29 3921 7
3421 3320 6
1369 4568 1
4240 183 4
3830 1954 20
4345 3881 16
811 1809 15
4593 1380 1
2834 4910 1
4346 2817 7
1941 1586 1
942 2002 18
2513 768 6
4025 3874 8
4340 2352 1
4695 429 14
3475 3470 7
3748 564 3
2066 3518 3
1059 3494 8
2918 1049 13
1559 2637 8
3385 1452 10
919 129 7
3916 3906 18
3378 1500 18
3798 1604 19
3206 3374 2
4101 257 16
3177 420 12
3174 86 4
3403 4698 8
4382 4376 9
170 1 8
1432 4953 16
1739 1866 12
3595 4013 2
273 3224 2
568 657 11
942 3964 3
1183 3860 14
4374 64 18
3794 3896 2
4388 2625 8
4166 2499 9
4208 1720 1
4611 1636 18
4749 1106 11
1861 384 19
4003 2621 7
3984 3664 2
609 4694 11
1526 470 8
4444 2267 18
4737 3039 6
263 910 4
4826 4757 2
742 1612 12
2734 3698 11
3562 2405 3
1148 2336 5
4540 4680 18
597 1730 5
2190 464 13
4103 4704 10
3382 3201 13
141 489 9
1264 4510 12
3141 2998 15
4936 3347 14
2250 122 12
2116 4723 11
141 2295 7
1837 1078 2
3821 4072 20
1552 3815 17
1959 3952 3
2154 897 20
1423 1844 15
4710 3575 19
2741 2338 17
3367 4452 19
4987 5000 9
1712 829 3
4673 407 1
1616 4025 1
1933 4112 19
565 1296 8
4326 1539 2
121 1176 13
3010 3200 2
3176 2882 14
4525 3094 7
4208 2516 17
838 2160 13
4433 4722 16
2271 3518 15
2252 638 7
2060 2203 17
3059 94 12
880 4402 10
2643 3725 10
2902 1495 15
3997 4824 19
463 170 2
2433 2463 7
273 927 4
3821 3961 8
4352 4915 19
435 3992 18
1532 403 17
1254 3174 8
2402 1623 16
1915 662 7
605 2329 16
3355 3702 4
3435 377 3
4742 261 9
3608 1428 12
2660 3005 12
437 854 15
320 933 5
4214 2746 17
1631 4320 13
4069 3272 12
2777 1973 8
3869 2395 8
1016 3310 13
1455 3501 19
4633 4787 3
3034 2085 15
4009 775 11
3888 109 1
1798 4098 5
4431 709 8
3446 1460 16
3825 1641 16
1374 3983 16
1803 4767 13
2231 619 2
1708 1184 5
87 4938 18
3645 2374 16
1521 3389 12
3182 2147 1
1987 4525 10
3132 1663 4
4815 4094 12
2320 2856 6
2946 2755 14
1071 4751 4
4218 64 14
2674 3580 16
175 1631 19
4540 3612 11
2880 2556 4
4998 4930 2
2123 3654 16
3567 2153 2
1345 4318 12
1549 4850 20
4560 4379 13
2121 2946 11
2213 4965 13
3953 3227 7
4285 1559 12
3411 2231 11
978 3084 7
352 3329 8
2649 4298 6
1773 790 3
323 3520 18
3265 2402 9
2419 1458 16
3495 4000 16
3674 2966 17
277 2227 19
1348 3158 18
2587 1941 20
2438 4433 4
1276 912 18
3063 1470 12
3806 1020 13
3481 3053 8
2305 2961 3
3049 1521 8
2698 4082 13
2561 1554 20
3525 1624 4
386 3996 20
4752 4899 3
4094 624 13
4548 4727 7
654 4548 5
1959 3238 10
459 732 7
3863 704 20
797 3751 9
3180 3522 8
4111 1797 6
1423 1317 19
3357 1652 13
1485 550 7
371 3781 9
4161 662 20
1649 748 4
3334 3878 4
1383 2863 13
4867 1257 19
490 421 5
735 2961 5
766 3690 14
3787 949 19
1819 802 4
1648 2631 13
2638 1896 8
4423 2415 10
1843 2209 8
4290 3632 10
4516 4022 9
2557 3022 14
1467 1546 8
500 3799 11
1253 919 12
2993 4690 15
2214 2568 18
439 3645 12
2176 2143 4
1854 3511 5
4744 3527 2
4286 4321 15
1839 545 19
1090 3433 17
2111 3889 1
1837 3469 1
3877 2894 18
3417 2376 20
334 4805 11
789 43 10
1082 3611 6
653 1556 17
1592 3157 19
2138 4702 18
90 2958 14
1400 2514 17
4193 3948 17
458 1933 1
188 2013 8
544 2716 5
1616 4954 6
194 4882 14
4448 4803 2
676 3639 16
3968 3589 4
2622 369 9
2400 3239 5
1720 2495 10
1189 900 13
3517 3219 19
4391 3619 5
225 2038 16
1579 1754 3
3046 4201 4
3839 3846 1
1702 1745 18
1843 4772 10
4035 4653 3
4205 750 18
2510 372 11
3326 3984 8
1737 620 9
3696 4679 11
4015 1781 9
811 172 10
2858 696 11
2943 2712 20
1921 1996 17
1005 175 12
3519 1722 18
3345 1856 14
4502 4283 17
4077 2623 4
3597 2308 14
3190 2133 7
2557 609 18
2078 1719 9
1883 4020 7
3219 2125 8
2859 1616 9
79 2180 6
4341 4052 17
4932 1003 10
3190 3383 19
2235 4004 10
456 486 14
3915 607 19
1375 1970 17
1803 3691 7
3730 3572 7
3349 1690 20
834 1686 20
3573 4802 3
2942 1333 12
1844 1957 15
2452 1474 10
334 1429 16
1313 1851 5
2560 4942 6
4160 15 14
2691 3048 20
1029 1545 14
3487 1510 4
4823 1960 14
221 3862 12
1735 2242 18
3876 2489 1
1723 3270 16
361 2231 5
846 4725 15
1140 1387 6
2264 4875 11
175 2044 17
4451 1972 18
4468 4828 2
2535 1287 13
490 3098 17
3560 2954 19
2350 1824 7
799 1335 18
862 4496 9
23 1340 5
323 806 5
3530 2337 3
1456 4614 13
63 4281 4
4212 3723 20
3128 2989 8
654 803 19
1661 667 7
681 4258 19
4467 943 20
1759 610 5
4901 4471 10
4483 1322 5
255 984 12
1469 3849 19
3996 4760 8
1149 3019 4
692 3554 7
4950 4630 11
644 3863 7
1021 3215 1
3363 4827 1
1681 1480 18
3875 4295 1
4545 1930 10
1042 2017 14
534 3639 3
2705 3100 1
3454 2270 3
4477 780 3
678 1656 20
3436 339 16
274 2453 20
2546 3210 20
2849 1760 1
4209 1284 14
3642 4187 1
4696 1029 1
2070 1764 12
2985 4964 6
30 2928 13
1164 4895 3
3861 577 7
190 1551 14
2584 1600 12
553 2598 14
968 4573 13
3369 3210 2
2781 2439 3
3034 619 2
3367 3082 20
2265 3190 9
267 308 14
550 428 11
4170 4844 8
3962 4545 10
4121 2496 9
1009 1002 14
1969 1591 9
440 166 18
4581 4219 5
338 4950 18
840 672 7
102 20 20
503 2668 6
3301 2509 7
1133 1365 11
1840 4435 4
1859 523 18
983 915 15
1003 1730 2
1945 2538 1
4780 4358 4
2656 3484 3
3361 194 18
2354 270 5
2428 2212 11
3545 326 17
563 751 9
2904 1852 12
4289 864 19
2707 4251 1
2921 3279 2
4745 2936 18
4522 4630 2
2312 3835 20
270 4700 16
2627 1118 14
2088 3299 20
3369 2847 5
2721 311 9
2520 1204 4
4128 2469 8
3108 2056 15
4695 3914 4
3978 4634 2
860 1903 2
409 4318 9
4689 2544 3
1047 274 19
746 1126 19
3905 4341 3
1481 1530 12
3538 4385 12
2046 4261 1
2907 4930 13
3871 2576 3
3846 1759 13
17 1210 13
1500 2909 12
4281 3905 5
2823 2211 13
2300 3643 19
425 3599 16
1785 2640 20
303 719 10
2662 137 3
226 3755 13
1576 3140 18
2338 2786 12
3288 287 6
1374 3722 16
456 3507 9
2854 4804 16
2762 4223 8
3095 3422 16
2143 3971 17
2563 395 1
640 2609 17
2769 88 13
2519 1550 18
2131 3060 15
1069 1001 12
2299 4934 8
4954 3536 9
1126 2909 16
960 3404 7
4769 2525 15
579 4888 17
4253 111 17
588 4582 14
2013 2765 9
1671 4800 15
1153 1593 9
4570 3180 12
9 4139 3
121 665 6
32 415 9
2906 4953 6
2706 4064 18
2669 3167 2
4163 2329 17
2831 1135 12
276 3623 14
4892 1006 1
1094 4775 2
3625 140 8
2901 2772 3
4070 119 15
2005 370 13
2956 3087 19
3536 2585 10
773 4154 15
4016 3837 12
1398 678 17
3216 2106 11
2717 1376 6
1067 2346 9
1422 2085 8
2854 1921 3
1193 301 5
1237 2625 8
1441 4085 5
4552 1124 13
2528 920 20
2026 2491 17
4695 1110 5
295 3611 10
4719 1007 9
3159 4269 19
3227 1043 20
2860 1142 2
3832 211 15
1850 4711 8
3352 273 9
767 3300 18
2799 2268 7
4572 3739 14
4415 2555 14
109 3031 16
1437 1354 18
300 698 11
3045 1589 19
284 51 18
3333 2208 14
2257 4539 6
1370 1722 5
1845 1078 16
3812 4550 3
1068 2412 13
301 373 9
3846 9 16
2325 2731 13
4359 1874 4
3836 1737 12
2466 974 7
2953 820 3
494 4277 8
4288 3470 15
4439 4434 10
2317 3821 12
4417 356 8
2877 217 19
3251 3362 14
2694 4106 6
1971 680 13
703 622 10
2059 507 10
783 537 17
587 444 20
3449 4437 5
1800 2330 17
4675 4847 9
1636 1841 11
4336 3038 10
1639 1483 16
2365 261 3
187 3007 5
4613 1306 2
653 4013 10
4195 974 8
4493 3224 14
1088 3200 8
1893 2626 10
2603 767 19
4434 870 19
2688 2400 2
2814 1677 13
2262 2306 2
538 2540 3
1736 3512 17
1549 2669 14
3737 1728 3
2970 1409 12
2676 3049 5
3971 239 14
1458 3505 12
3155 320 17
3409 2541 6
2243 4585 9
3335 4330 18
3040 2389 20
1251 2831 5
596 361 12
3537 1908 2
1130 4666 11
1672 4247 19
751 3884 5
4279 2292 7
1650 4695 20
1947 3777 15
3636 4907 6
3687 4148 12
4882 1552 4
1412 257 13
366 1960 13
1759 724 10
2112 48 10
4667 1125 3
4905 3303 20
4466 3293 3
3776 714 13
723 1567 8
3412 472 5
349 1331 18
3093 3584 18
4659 62 8
4369 370 13
2649 349 14
2733 4732 15
1897 696 6
1533 3602 4
546 3899 14
4006 3947 6
4225 2910 10
2125 4753 5
2926 1124 19
3409 1161 2
146 4451 10
2526 3868 11
657 266 13
1873 1223 9
199 3595 13
2367 717 4
1468 1771 4
3991 2537 2
3059 4533 19
2887 4263 5
2798 375 19
3214 596 5
567 4532 7
4894 2895 19
4666 4200 15
302 1652 2
3446 3504 7
3554 4967 1
2703 2122 10
4655 4828 8
3320 828 18
4440 4285 20
3430 3928 19
717 2790 15
2035 4491 9
1963 1577 9
286 2047 6
1010 4913 13
3990 2973 20
4405 4140 6
3107 3602 17
1180 1058 13
2712 1104 4
3641 3941 12
1069 634 14
1693 1682 2
758 260 6
1866 293 11
1125 745 16
2881 1383 16
803 1871 3
2602 4435 7
3250 1675 1
1671 3655 12
680 202 14
1794 1530 7
4065 4513 18
2103 543 15
884 1230 3
3274 4262 10
3250 2706 10
348 1713 12
133 4807 1
1356 2318 15
454 1903 9
2135 4555 2
2908 620 8
3907 4220 18
2606 2626 17
3296 780 15
23 4663 11
1379 1801 16
4951 1747 16
353 1473 18
3544 1519 13
4972 4492 14
1137 4008 8
4505 141 1
2924 2312 15
4495 377 4
3839 505 16
578 4975 15
4679 1468 12
3309 3207 17
4104 4164 8
3136 2621 7
2556 3201 12
768 1426 4
3675 4386 11
903 61 7
3713 846 4
4479 4472 2
1761 350 14
15 3700 19
1975 4811 15
4178 496 17
1396 1854 9
1975 1111 8
4431 2269 3
1879 1093 13
502 3257 7
2443 327 14
2144 2522 7
4696 2329 2
1988 540 15
2843 2994 4
1518 2487 20
851 1405 7
1672 4009 5
754 3723 8
2813 620 8
3276 469 7
1525 2334 11
3496 3475 2
4180 3872 15
4362 4440 9
3764 199 8
2685 97 6
3101 3335 9
2556 2493 6
1925 1368 4
3594 3228 6
2977 4196 13
1798 650 2
3498 970 3
253 3977 14
4305 197 15
4110 1168 11
2021 1545 11
2265 2535 16
2320 1402 13
3100 1297 16
4258 2207 9
3336 471 15
3605 4954 12
2490 3346 18
1950 1535 19
1879 2969 12
2140 4786 6
2098 2075 10
4405 1705 12
4484 4185 4
1653 2090 1
4165 571 3
3 2421 15
3366 1976 17
901 3847 3
4726 426 6
2387 3967 10
2241 2823 5
1728 63 5
595 3519 16
1491 1759 19
1140 2142 17
457 3604 14
1484 608 3
3584 2979 19
2994 1379 15
817 4160 4
1306 4232 5
4933 3779 15
4058 4461 14
603 2696 14
4278 1932 18
3085 4496 1
11 4119 7
1601 753 10
3573 3486 17
3250 1537 8
4991 3354 5
4616 3909 14
1412 3411 12
2454 3282 18
4851 883 5
575 1320 14
2213 4577 1
3887 2650 10
3224 3355 13
2286 3572 13
4869 3656 16
3007 2337 1
209 2196 12
1081 3548 8
3320 2666 6
976 4787 17
1426 369 16
3388 2713 8
4187 2110 12
3318 4269 5
1249 4422 15
3921 351 8
3452 3230 18
1559 506 17
1956 1431 2
2965 4603 15
2217 3721 19
1701 3921 17
1320 2300 4
4458 2460 13
3204 1364 15
652 878 18
2209 4817 12
1405 3803 9
4711 3233 7
3718 74 14
3346 68 15
3856 2665 3
4528 298 20
4194 2026 9
26 3470 5
3699 1115 12
2795 4304 4
3581 2192 17
953 1004 18
564 677 6
2815 4100 6
3929 2240 6
2462 663 14
4822 384 15
2232 791 13
4994 2115 10
4655 1288 10
4278 1584 14
2240 558 7
3119 4217 16
3013 2071 10
4745 2071 4
761 3070 8
3661 4301 5
4178 650 7
2994 1752 13
643 3925 19
2519 3666 5
991 2698 4
3456 58 19
3061 545 20
369 997 4
1798 40 2
2708 2953 1
1579 4603 2
4171 831 15
1256 3111 6
4424 1538 17
628 2940 12
1226 136 2
2300 1570 5
156 2603 7
1349 3912 6
945 634 17
2654 1350 7
3211 412 6
631 1321 6
3111 2161 4
4472 154 16
2108 4871 14
801 2130 8
770 1299 9
1000 1467 11
531 4223 12
3858 3981 11
1113 2185 7
2165 1396 8
4917 3824 10
2326 3079 6
2383 3457 4
1495 3409 9
4283 2459 11
4212 2727 8
4923 3158 4
674 868 2
4815 2324 6
2593 1958 1
2699 4069 18
463 1744 19
4698 2859 7
4924 2897 2
1016 446 17
2895 2003 11
3511 4571 11
4382 2995 7
3165 1413 11
1013 3169 19
2760 2418 18
556 1174 15
2337 3435 2
679 1435 20
2670 2606 3
803 3472 12
140 2277 20
3697 4013 15
2944 3976 8
2664 58 6
773 3240 1
4415 2534 15
3401 1648 4
2363 4013 7
1145 1838 20
4804 2970 20
1892 2405 17
126 3486 14
2808 4881 14
459 3075 10
4956 2191 3
655 505 17
2809 2106 16
3546 2607 1
3428 2235 7
1182 2459 4
637 1742 17
4462 1554 10
263 1858 11
796 695 4
3857 573 12
3487 4235 7
1112 2614 10
1835 4539 8
2276 3518 8
1641 3060 16
162 1314 15
1851 2955 16
40 1172 12
964 4811 9
1602 1390 19
3767 1371 16
3205 1454 10
4314 4797 11
33 2740 20
1763 4483 16
1705 4327 17
1082 1113 12
1430 3866 14
3704 2324 2
2587 2971 3
93 82 12
4896 788 13
3784 2352 15
479 177 2
861 2302 3
1539 3069 1
200 2637 16
3235 4202 7
676 4084 4
456 1090 17
4734 1234 14
4095 2669 16
4241 3994 11
3752 3980 15
4791 59 18
2220 966 2
2346 780 2
4554 3552 17
140 3760 15
4219 1874 19
2590 2895 10
4919 3956 18
2394 3691 13
85 4856 15
2274 1221 2
3840 3632 16
4588 798 18
3002 935 15
1230 4819 18
3518 1375 13
3271 3275 12
3370 1727 6
1724 2725 3
4359 313 14
2880 453 19
4889 638 20
2780 3499 17
1002 446 20
4564 2077 17
592 4152 13
3654 3340 18
480 937 10
3829 3200 9
4366 4251 11
1285 3649 18
4386 3079 16
2462 595 4
413 3294 1
1029 2988 16
2667 3595 1
1179 4745 3
1344 1756 19
4345 2191 17
443 2255 12
2151 2061 9
1121 3506 15
485 4913 19
507 3617 9
4585 4361 4
2713 3105 13
2386 3642 5
1295 2103 19
1781 2055 8
1352 4441 4
4819 2527 18
2749 4073 7
1596 2014 13
4508 3956 5
1475 3209 16
437 3850 20
2528 2005 11
31 4188 5
2584 3231 12
4225 4930 6
1095 3691 16
1072 2617 16
3825 588 12
564 2227 6
266 1824 2
59 4234 16
3023 4627 8
4480 4527 7
2299 3284 1
1803 942 1
43 525 6
2080 1450 10
4736 1870 16
4493 358 2
373 2253 1
901 2545 20
631 3432 12
833 4914 9
3420 3659 6
973 3071 20
1911 3838 11
2193 3126 16
4166 2589 18
3718 632 5
2255 4950 12
2195 681 15
2102 387 11
4920 2796 14
6 4665 15
3939 2433 6
2677 2081 18
760 2305 2
4688 4065 16
1673 228 20
3951 4974 6
3642 190 4
4425 3796 20
378 3182 12
4876 2779 16
1511 3168 3
48 1061 16
4370 3812 13
2743 1903 18
748 4379 7
378 473 19
4117 4402 8
1238 1055 18
1148 2494 19
777 575 7
1791 1583 9
2503 90 15
1644 4339 19
3160 370 11
233 2890 2
3307 4802 12
1293 2434 18
1277 4802 17
3571 3503 16
2505 471 11
4783 2865 18
1971 1519 7
3850 579 1
730 4709 8
873 1515 12
498 4509 8
2974 105 11
3701 997 19
2502 2154 11
2165 803 6
3054 3103 15
2863 1464 18
3002 2346 9
3319 70 2
4270 3466 2
3441 488 20
4322 3588 16
417 1452 20
3262 4498 10
1877 4560 4
658 1187 3
4691 3027 12
2574 1714 14
1303 1116 11
4281 2326 5
782 1784 6
1244 1303 6
2260 3459 2
1279 1955 8
2539 244 19
3864 4891 5
25 4360 3
791 4237 19
3732 4258 17
366 4703 20
4243 3903 9
1608 1218 6
2100 4683 2
3035 1746 9
2406 284 3
4334 2420 14
1211 147 16
899 3329 11
1365 3135 19
1478 3305 17
539 1053 4
2606 1531 9
3245 1900 1
1423 2393 4
3305 3881 17
3098 2657 10
2150 4182 12
1172 2932 1
4298 919 16
3443 3736 3
2744 2667 7
655 1693 13
3892 4508 7
1614 1196 20
4742 1539 5
2736 984 9
2125 4050 12
725 633 1
473 4209 15
1011 1571 9
3771 1125 16
1301 2568 1
387 124 11
2657 4356 10
3383 4672 20
3531 4396 6
3870 3903 15
1989 959 14
1599 2446 7
149 4871 3
3874 180 19
3535 2626 15
585 3069 5
4340 1469 11
456 4870 8
4910 703 4
1534 589 1
1254 731 7
3485 653 6
1182 4021 7
386 3552 7
1825 533 10
4974 1429 13
4562 3956 19
2829 346 2
124 194 17
2916 559 9
1620 3779 15
1830 2111 9
655 3133 6
973 4208 4
1488 4504 10
3493 645 12
122 466 20
3943 1135 1
4927 772 9
2865 4167 6
4258 3123 5
3970 3954 2
1919 3096 18
293 3969 9
3216 757 12
4681 2722 18
4329 2112 11
3828 4155 19
3580 3570 17
1132 4268 14
2451 802 3
1852 1964 8
3950 725 18
4605 3504 10
1236 3347 7
2541 3928 9
4869 2461 9
2421 2612 17
2022 2238 9
4223 4773 19
1152 47 20
155 930 6
854 3234 13
4466 2632 9
321 4675 6
4153 4920 13
2536 4488 15
4213 1062 5
1385 730 19
899 2574 2
4207 3198 12
150 4260 2
4566 2779 7
4300 2801 13
4233 3467 11
1777 912 4
4536 3216 13
2791 3725 16
2431 2246 13
1904 417 11
3251 4272 2
383 1369 13
4506 4254 2
1943 4154 6
4487 274 17
1323 444 12
1921 1664 15
58 4453 1
2346 1260 9
3594 1605 10
1080 3169 16
2596 51 3
479 398 18
2407 1289 3
2972 2928 10
3989 2312 18
671 3143 14
1609 2205 3
729 1430 19
4425 4891 19
4998 3780 12
1146 3850 7
4173 4622 13
2576 3412 14
1928 3295 16
842 8 3
3326 395 5
3335 1767 19
521 4251 6
3807 802 16
3382 3619 9
1138 2973 4
420 1881 12
1732 3201 8
736 1878 9
4859 3226 12
315 3639 19
3851 749 20
4619 130 5
4274 3314 11
917 1813 1
1376 3509 8
4227 38 7
626 1198 4
757 4636 10
4739 4687 18
1072 297 12
3244 3643 1
943 5 18
4130 2411 17
2447 3847 11
1476 129 19
172 714 10
1841 1881 17
2324 2664 2
1046 1434 14
974 1509 7
2855 1099 8
3746 1029 11
363 161 10
2200 1178 3
3510 3565 20
4426 4616 12
1573 1026 12
4948 954 17
2743 896 20
2472 4566 15
4507 4258 20
2407 439 12
344 4213 14
4396 3708 11
1483 1900 9
4818 2638 15
3307 1951 16
4076 812 19
3643 2194 16
4038 732 4
2844 3345 14
1814 2865 2
3291 2437 1
866 3457 14
2670 790 15
3932 2463 10
817 2517 11
1577 3811 14
3379 1911 18
2434 208 18
4953 890 7
1132 3503 14
1663 3078 17
3521 2173 17
4073 1195 5
3719 4610 17
2648 385 6
1719 1682 16
4254 213 12
679 1456 15
4948 4002 4
2262 692 17
2133 1380 12
3208 2326 5
1207 2643 9
264 4514 3
4976 2493 5
892 569 13
4767 918 5
4765 4565 19
492 2877 14
327 1731 4
2550 2970 6
916 3013 19
3181 3227 3
4663 3422 5
963 3890 10
1158 1505 9
3318 1625 13
864 1488 18
2518 3455 11
3569 467 20
2783 3272 13
1077 2947 11
1966 1773 14
3128 2414 17
1524 3377 1
1779 582 19
1657 2459 16
2240 4902 14
4928 4665 15
2248 85 18
1919 155 13
830 3818 2
1019 3980 15
1752 2809 20
571 545 19
2045 1792 7
3598 1059 20
3287 2700 4
2552 1152 11
4452 2901 13
4169 2281 2
4258 4060 18
1868 3343 19
2436 3919 17
4430 840 3
3639 770 16
3060 3819 5
784 1562 11
1493 2185 12
4581 1719 4
2164 638 4
1702 1412 2
4924 3537 20
2214 891 15
3576 4052 5
1514 893 20
3050 3519 16
392 1355 9
3764 2814 12
3178 1142 10
2887 2986 6
2955 38 20
292 1119 1
1109 3077 18
4483 2232 17
2093 2715 16
3002 2955 18
4309 3050 1
4848 841 17
3976 4937 20
1482 2919 7
1644 617 5
2334 516 16
3492 899 15
1179 4412 2
3276 805 19
1475 2552 16
2337 679 19
213 133 5
4038 950 2
3395 4243 12
700 851 4
2777 759 9
1285 3287 11
3899 1175 19
2602 4677 2
146 3343 4
4115 1830 20
3357 3177 12
3051 484 7
4374 3031 12
1146 1176 5
4344 2132 13
2029 767 3
288 2426 3
3334 3312 2
3975 938 10
3353 3808 18
2909 4230 4
861 2901 12
435 516 1
3219 4573 5
2218 2281 8
2618 933 16
3143 2079 8
362 1613 10
7 4 13
3350 4418 9
3991 3712 4
2054 2931 2
2154 4540 13
3453 2952 18
1645 1657 13
993 2097 16
2866 1439 10
481 4544 14
2488 1129 19
4918 4779 19
4262 3674 19
2392 2580 13
970 3458 12
1038 1566 6
3962 849 18
2793 3007 13
3774 1964 3
2010 99 12
3238 736 20
3973 3832 18
2236 2304 18
4442 3989 4
955 854 7
889 3467 8
1378 1807 4
1923 2588 18
2106 1569 7
2680 3621 9
952 4881 15
230 701 20
3691 1107 9
1382 98 15
1142 4346 4
93 1752 4
3783 396 9
888 501 16
4837 1728 12
4728 508 18
555 4105 18
423 4099 17
2248 2992 3
2158 3466 4
4538 1 17
1836 3804 14
4462 1911 8
3207 2476 1
4421 1841 7
3094 527 11
2910 4053 5
4989 3784 3
498 2909 7
3551 1393 13
2910 3779 10
3634 1998 9
3158 1030 4
2949 3850 8
969 3542 9
3820 1442 17
3184 1058 15
833 452 9
4612 1221 16
2667 2188 14
286 26 9
2249 4581 4
2607 1376 15
3739 2481 5
906 2339 16
4436 2208 8
75 1989 1
3573 1008 18
1363 2180 8
2631 1270 18
4732 1021 14
1891 4473 9
4918 2851 18
3728 259 20
3464 264 14
2036 4859 10
4103 19 12
3196 4459 11
2839 4507 9
4640 1128 9
2549 471 2
3468 1153 14
2560 1335 18
3313 3883 10
4499 2381 5
3510 525 9
1705 3188 19
4740 503 6
4589 1930 15
1136 3513 10
3994 788 13
4221 4174 13
572 3892 12
3078 4191 18
3879 915 20
1769 4066 11
4015 1331 7
1253 3378 12
1392 3596 3
4405 1404 13
352 4633 20
984 302 6
1230 2503 19
3837 1143 8
1999 1330 13
2134 894 5
4077 2566 13
680 2199 5
2102 2702 19
2710 2249 18
3273 1303 17
3198 956 16
481 1569 12
586 3409 16
950 2427 17
4988 3701 8
4776 3036 4
1161 1641 13
2216 1156 15
975 1131 12
1004 252 14
3945 265 9
131 277 16
1397 572 15
3059 4081 1
1384 3529 14
1336 699 19
3611 3440 14
2561 1922 19
1851 406 2
3078 3481 2
4647 2587 11
964 3597 1
4783 4205 8
1617 705 20
3893 536 15
3075 467 14
3453 2939 5
4177 3494 12
4568 3943 1
547 177 6
4827 1917 3
626 2838 5
3847 2298 10
1575 833 19
3348 1418 4
4379 2084 7
4951 1665 5
1995 3255 15
3017 4762 13
3005 4203 6
4840 3609 4
1404 2160 8
4080 3842 6
498 3766 18
3736 1091 5
295 341 6
730 1246 10
1840 4436 16
3252 3462 2
4811 2878 7
1235 58 8
449 3609 19
2822 1507 15
340 611 17
1514 950 13
2336 3846 3
3369 1897 11
4247 388 16
776 2269 1
3106 387 11
464 1260 15
4436 2664 19
1861 1666 13
1806 2203 10
405 4935 11
3444 796 14
3918 263 19
3347 1701 9
3485 2459 3
4456 1562 11
1026 323 5
2493 4058 16
1545 4427 18
4994 3265 10
1298 1654 4
4348 1241 6
129 4238 2
2795 4596 2
1400 2082 13
3753 3073 19
4778 3512 11
993 3875 17
57 3249 7
1693 2574 9
1078 326 18
421 142 11
4676 4734 12
984 3907 19
1771 4124 2
3342 3880 20
3804 370 5
1603 4584 11
460 2365 19
3844 1673 13
1778 3573 8
1115 1211 18
2853 166 8
851 2629 2
1338 3078 13
2610 3825 7
4675 1071 18
1658 4032 10
1607 1080 2
132 2096 12
3719 3487 17
793 2292 15
315 3026 1
4235 516 5
1588 2771 11
3637 753 17
934 4378 20
3263 750 19
4127 4403 18
4880 4091 10
1800 1590 15
4966 4173 17
1660 793 16
3409 4715 3
4465 1376 13
964 1180 19
4168 3479 9
3428 1548 18
4941 2429 1
2400 3339 8
4153 1212 4
1398 2510 4
4628 4553 1
283 1521 2
4650 995 15
3857 1488 3
3575 601 13
4141 3846 20
1411 1936 17
3847 2607 2
4414 2958 15
893 2302 12
2102 1704 11
1742 1443 1
4878 1074 19
4277 786 6
141 1547 3
1335 2769 19
2840 4042 2
112 3952 6
4696 4857 13
4516 3380 5
4565 4767 19
1225 2226 18
339 3111 12
2773 2493 6
4757 3497 4
225 3924 5
2940 4285 5
3126 1059 10
3118 1601 13
3389 3814 12
3330 125 14
3352 1156 8
721 987 19
3490 3594 10
1633 4578 17
1617 690 12
4055 1454 9
3022 799 12
2803 1547 1
1178 1961 14
2018 2616 12
3077 619 10
3242 3001 15
764 212 14
824 530 7
2236 1806 14
1089 821 3
4191 3864 8
4771 316 7
902 147 10
361 2048 9
3095 2169 16
1035 3526 20
561 1441 17
3351 1421 10
1069 2794 10
4980 1092 18
3347 104 11
2250 2162 20
135 2697 15
3523 1828 20
4654 3143 2
459 3702 10
1204 839 10
4763 302 6
4053 1385 10
2423 2559 7
295 189 6
1302 3335 15
3363 4936 4
3230 1347 1
1222 4619 6
2759 3411 17
703 3809 19
3182 1161 5
4671 2027 18
4660 2518 13
4414 3774 19
3683 1651 2
3327 3714 12
4873 3134 19
2765 1386 17
1525 4642 15
3991 1239 12
3327 520 10
217 2647 16
1700 3655 3
189 2292 17
1658 1349 18
4469 579 18
2040 3626 16
3234 3577 8
3787 1448 5
2195 2393 1
1580 1647 3
1576 792 6
1355 2720 19
1330 2702 18
2163 4744 11
4657 4145 5
1004 663 12
2023 2857 5
2914 2856 4
2658 4929 6
3755 3817 4
11 3816 5
1297 2604 6
290 727 18
3288 2886 9
4000 4223 2
3661 2196 19
3368 4495 4
1603 3667 14
2877 1705 17
1253 1744 1
1552 1556 6
2769 2055 2
1270 1135 20
4027 2616 5
2186 1603 17
2036 997 2
4258 1088 17
4951 1711 3
878 3052 14
1770 901 7
2929 1111 3
4967 2469 15
2856 4427 20
2620 879 20
1538 602 8
4442 4295 8
3756 4884 8
1160 3382 9
237 4383 5
2276 2541 2
3286 2229 1
4345 2301 5
1771 4282 2
1819 4198 19
850 2812 6
3682 9 6
3414 2577 18
391 722 2
2283 4473 1
4697 1169 18
423 3490 8
1832 4085 19
986 1343 2
169 3862 3
1284 4619 17
3593 4980 6
4524 2891 19
2833 3012 16
4035 2303 20
1987 4575 3
4337 31 3
3873 1979 19
4615 1441 11
4755 4890 8
2709 3207 11
3115 4965 18
2749 1369 11
453 561 10
428 330 8
3958 4612 10
3579 1660 2
4353 1575 3
3175 2037 17
2791 3271 20
2525 3961 5
2491 3233 13
2958 4064 17
4121 4585 7
780 2062 6
4065 4021 20
2937 1827 9
4468 4326 19
1155 1513 12
3245 874 5
1615 35 1
4441 3355 11
2720 4124 6
4858 3556 2
3026 318 20
4380 3065 14
3701 3025 5
3194 3718 10
1972 1422 13
3179 3757 12
234 819 14
4558 2394 18
1227 2906 3
332 4839 8
1873 3125 5
750 1105 19
2813 2695 9
1147 1878 15
3524 4140 1
4600 3451 16
80 1718 13
2145 4556 20
206 3472 8
1573 4122 4
2865 2582 1
2202 4227 3
3283 857 15
1223 3593 17
4422 4226 5
4445 4436 4
1109 2797 19
3302 1236 15
1394 2405 14
4326 1968 16
1782 2494 19
2233 3011 20
1189 808 18
3505 2606 7
692 4721 6
2930 4440 9
1966 662 5
4813 1407 2
1973 618 8
3409 49 13
3406 31 17
1777 4713 16
3968 1923 17
1339 1475 11
602 521 3
3444 942 12
4277 3596 6
4819 829 13
708 2740 14
2636 2288 9
4449 3493 17
717 3469 1
4136 2195 4
1456 324 18
2073 3262 20
1971 2554 9
782 3912 4
1810 4336 6
1169 3817 19
1033 4086 2
904 3992 11
484 4451 12
105 2054 7
4755 4807 11
4730 3430 12
3604 559 16
628 1068 14
310 1361 3
3185 915 15
579 1045 5
4749 1273 12
3459 323 1
4370 2194 1
3408 3990 15
3824 3431 11
94 1348 20
4232 929 6
4874 1138 17
4273 3967 8
4150 1256 2
3201 1883 7
1795 2287 8
2868 634 15
1792 3525 3
446 4859 11
2465 4199 4
1209 3306 2
3724 4692 7
717 1570 3
270 4390 16
2819 2640 18
56 381 9
1805 4993 15
4903 2838 5
3301 991 18
547 2482 12
3990 2882 4
1866 2194 12
3961 2998 1
1921 790 20
122 872 6
209 2692 4
949 3572 11
1653 1683 5
3636 4671 13
3196 2419 12
427 2421 15
1853 383 20
923 4093 18
1860 1181 10
772 777 20
1494 1570 18
3883 799 13
554 20 13
578 2212 3
2256 2606 10
1128 3113 11
479 880 1
3432 896 1
3964 1746 4
2712 2077 12
405 1473 7
2103 4967 10
4457 1995 9
1228 2204 2
1019 3935 17
3159 1357 2
4798 657 11
4291 833 18
326 2417 4
3870 3075 3
3529 899 16
1164 1994 8
1731 1686 5
137 2391 12
3606 1807 18
1054 1586 20
3674 2044 15
1846 1192 10
1154 4953 14
1838 4969 6
2908 2859 11
1507 846 14
535 1038 10
2399 3742 8
4391 1694 14
2411 98 1
4187 1434 9
1234 1919 3
1672 3881 8
2044 352 6
4452 3098 3
3226 1468 6
1022 3744 14
854 2471 11
4805 3547 8
3483 3947 1
2770 2210 5
1777 1439 16
2503 3911 19
3630 2988 12
307 369 15
1693 1369 3
4748 932 8
3136 4516 5
371 262 3
4385 4415 1
1212 726 2
4443 1780 12
2294 3949 13
4518 3 9
1570 2726 20
2380 3584 8
4188 1306 7
3457 2964 7
1062 1217 15
1201 3970 10
111 1254 18
3636 3674 5
3573 2303 8
2453 1973 8
1871 3337 7
425 2563 6
4795 4543 13
75 4013 12
3610 4828 16
2546 1037 11
4969 4019 9
35 3316 13
2794 2490 2
4055 1579 3
1986 4181 9
885 2313 9
1206 2412 5
4173 2028 14
1663 134 19
3217 97 16
4258 4359 7
2408 3839 15
1379 2127 1
2896 2280 8
2066 4124 4
2245 1931 3
569 806 11
2530 2090 12
2697 643 15
3542 3490 7
146 111 18
1188 3314 11
3216 988 6
3555 3941 10
2196 3092 14
4468 2828 8
1233 1578 3
3241 1337 3
621 2475 20
771 750 17
1483 2693 18
3707 3041 3
4981 3059 20
4423 4322 9
184 4372 8
1834 509 6
4186 2609 1
1395 4472 6
2457 4052 6
2849 1792 12
693 4894 6
2813 1886 7
1778 2817 20
2681 1528 7
3266 4205 6
930 242 3
153 1951 9
3190 2837 16
3470 4324 5
2465 3646 3
938 3892 10
1805 3452 8
4738 697 11
1211 403 11
2983 525 11
3403 4165 9
3460 1509 2
43 3953 9
2482 395 6
4627 3983 2
1237 2338 14
294 3091 2
3100 225 5
1803 2710 11
2813 2245 17
2521 1385 3
3103 3235 15
1379 4298 1
740 2728 16
3459 3029 11
327 766 14
2380 3344 19
4354 4951 6
3326 4679 10
1663 319 20
1761 390 2
623 2100 9
3870 3972 10
3295 4058 11
3277 2319 3
3173 1329 7
1101 610 2
1436 3017 5
1569 4870 20
1473 2722 16
658 3407 14
4343 1909 13
3176 2567 5
1538 157 16
158 4361 9
86 1174 4
2129 1961 13
952 2616 9
3881 4823 2
4497 2930 19
144 4111 12
942 3381 15
2766 156 5
4317 1620 20
1801 4014 4
3419 4660 15
145 2332 10
1404 4004 17
3626 992 20
3667 389 10
2289 3752 14
4109 3222 9
3124 4486 8
1900 2369 6
1599 1076 17
4263 4449 12
3118 3532 1
59 316 1
4450 4088 16
4761 3261 19
1647 3510 1
44 1601 10
4134 4260 3
1885 1968 16
726 1088 7
1025 2994 9
4400 3269 11
3546 383 19
3912 3570 1
4658 3561 15
